# callgrind format
version: 1
creator: callgrind-3.26.0
pid: 62
cmd:  /tmp/nift-path-experiment/nift-experiment1 build
part: 1


desc: I1 cache: 
desc: D1 cache: 
desc: LL cache: 

desc: Timerange: Basic block 0 - 1628006068
desc: Trigger: Program termination

positions: line
events: Ir
summary: 6686776528


ob=(4) ???
fl=(192) ???
fn=(816) 0x0000000004d368a0
0 2
cob=(7) /usr/lib/x86_64-linux-gnu/libstdc++.so.6.0.35
cfi=(206) ???
cfn=(820) std::__cxx11::numpunct<char>::_M_initialize_numpunct(__locale_struct*)
calls=1 0 
0 416
cob=(1) /usr/lib/x86_64-linux-gnu/ld-linux-x86-64.so.2
cfi=(207) ./elf/../sysdeps/x86_64/dl-trampoline.h
cfn=(714) _dl_runtime_resolve_xsave
calls=1 39 
0 1022
0 5

fn=(912) 0x0000000004d33d50
0 2
cob=(7)
cfi=(206)
cfn=(916) std::__cxx11::numpunct<wchar_t>::_M_initialize_numpunct(__locale_struct*)
calls=1 0 
0 350
cob=(1)
cfi=(207)
cfn=(714)
calls=1 39 
0 998
0 5

fn=(936) 0x0000000004d35440
0 2
cob=(7)
cfi=(206)
cfn=(940) std::__timepunct<wchar_t>::_M_initialize_timepunct(__locale_struct*)
calls=1 0 
0 152
cob=(1)
cfi=(207)
cfn=(714)
calls=1 39 
0 984
0 5

fn=(1004) 0x0000000004d376f0
0 2
cob=(7)
cfi=(206)
cfn=(1008) std::messages<char>::messages(unsigned long)
calls=1 0 
0 47
cob=(1)
cfi=(207)
cfn=(714)
calls=1 39 
0 711
0 5

fn=(1046) 0x0000000004d36420
0 2
cob=(7)
cfi=(206)
cfn=(1050) std::moneypunct<wchar_t, true>::_M_initialize_moneypunct(__locale_struct*, char const*)
calls=1 0 
0 104
cob=(1)
cfi=(207)
cfn=(714)
calls=1 39 
0 1008
0 5

fn=(1140) 0x0000000004d35100
0 2
cob=(7)
cfi=(206)
cfn=(1144) std::ctype<char>::_M_widen_init() const
calls=1 0 
0 1672
cob=(1)
cfi=(207)
cfn=(714)
calls=1 39 
0 776
0 5

fn=(1156) 0x0000000004d37440
0 8
cob=(7)
cfi=(206)
cfn=(1160) std::basic_ios<wchar_t, std::char_traits<wchar_t> >::_M_cache_locale(std::locale const&)
calls=4 0 
0 224
cob=(1)
cfi=(207)
cfn=(714)
calls=1 39 
0 983
0 5

fn=(1210) 0x0000000004d34df0
0 2
cob=(2) /usr/lib/x86_64-linux-gnu/libc.so.6
cfi=(223) ./stdlib/./stdlib/secure-getenv.c
cfn=(1214) secure_getenv
calls=1 28 
0 1124
cob=(1)
cfi=(207)
cfn=(714)
calls=1 39 
0 872
0 5

fn=(1228) 0x0000000004d34320
0 24486116
cob=(2)
cfi=(195) ./malloc/./malloc/malloc.c
cfn=(1232) malloc
calls=12243058 3283 
0 421354727
cob=(1)
cfi=(207)
cfn=(714)
calls=1 39 
0 932
0 5

fn=(1446) 0x0000000004016120
0 2
cob=(7)
cfi=(206)
cfn=(1448) std::__cxx11::basic_string<char, std::char_traits<char>, std::allocator<char> >::rfind(char const*, unsigned long, unsigned long) const
calls=1 0 
0 6

fn=(1458) 0x00000000040157b0
0 6129634
cob=(2)
cfi=(221) ./string/../sysdeps/x86_64/multiarch/memcmp-avx2-movbe.S
cfn=(904) __memcmp_avx2_movbe
calls=3064817 73 
0 64804949

fn=(1490) 0x0000000004015c10
0 560500
cob=(2)
cfi=(237) ./io/../sysdeps/unix/sysv/linux/stat64.c
cfn=(1492) stat
calls=280250 28 
0 3923503

fn=(1534) 0x0000000004d36770
0 260606
cob=(7)
cfi=(206)
cfn=(1538) std::_V2::system_category()
calls=130303 0 
0 390909
cob=(1)
cfi=(207)
cfn=(714)
calls=1 39 
0 758
0 5

fn=(1656) 0x0000000004015ad0
0 2
cob=(7)
cfi=(206)
cfn=(1658) std::filesystem::absolute(std::filesystem::__cxx11::path const&, std::error_code&)
calls=1 0 
0 8688

fn=(1666) 0x0000000004d351c0
0 5125248
cob=(7)
cfi=(206)
cfn=(1670) std::filesystem::__cxx11::path::_List::begin() const
calls=2562624 0 
0 23063616
cob=(1)
cfi=(207)
cfn=(714)
calls=1 39 
0 856
0 5

fn=(1672) 0x0000000004d365c0
0 8548518
cob=(7)
cfi=(206)
cfn=(1676) std::filesystem::__cxx11::path::_List::end() const
calls=4274259 0 
0 51291108
cob=(1)
cfi=(207)
cfn=(714)
calls=1 39 
0 860
0 5

fn=(1702) 0x0000000004d35a50
0 4305292
cob=(8) /tmp/nift-path-experiment/nift-experiment1
cfi=(229) ???
cfn=(1452) void std::__cxx11::basic_string<char, std::char_traits<char>, std::allocator<char> >::_M_construct<true>(char const*, unsigned long)
calls=2152646 0 
0 149088211
cob=(1)
cfi=(207)
cfn=(714)
calls=1 39 
0 1061
0 5

fn=(1708) 0x0000000004d35600
0 4305292
cob=(7)
cfi=(206)
cfn=(1713) std::filesystem::__cxx11::path::_List::_List(std::filesystem::__cxx11::path::_List const&)'2
calls=2152328 0 
0 47351216
cob=(7)
cfi=(206)
cfn=(1712) std::filesystem::__cxx11::path::_List::_List(std::filesystem::__cxx11::path::_List const&)
calls=318 0 
0 6996
cob=(1)
cfi=(207)
cfn=(714)
calls=1 39 
0 840
0 5

fn=(1738) 0x0000000004d37340
0 13713976
cob=(7)
cfi=(206)
cfn=(1742) operator delete(void*, unsigned long)
calls=6856988 0 
0 287893492
cob=(1)
cfi=(207)
cfn=(714)
calls=1 39 
0 620
0 5

fn=(1744) 0x0000000004d34540
0 24486114
cob=(7)
cfi=(206)
cfn=(1748) operator delete(void*)
calls=12243057 0 
0 506195091
cob=(1)
cfi=(207)
cfn=(714)
calls=1 39 
0 604
0 5

fn=(1750) 0x0000000004015d70
0 5306786
cob=(7)
cfi=(206)
cfn=(1742)
calls=2653393 0 
0 149226083

fn=(1820) 0x0000000004016260
0 220244
cob=(2)
cfi=(243) ./nptl/./nptl/pthread_mutex_lock.c
cfn=(1822) pthread_mutex_lock@@GLIBC_2.2.5
calls=110122 71 
0 3303670

fn=(1844) 0x00000000040160a0
0 700622
cob=(7)
cfi=(206)
cfn=(1114) std::basic_ios<char, std::char_traits<char> >::init(std::basic_streambuf<char, std::char_traits<char> >*)
calls=350311 0 
0 62845569

fn=(1850) 0x0000000004d37150
0 80126
cob=(7)
cfi=(206)
cfn=(1854) std::__basic_file<char>::__basic_file(pthread_mutex_t*)
calls=40063 0 
0 160252
cob=(1)
cfi=(207)
cfn=(714)
calls=1 39 
0 889
0 5

fn=(1910) 0x0000000004d33eb0
0 80126
cob=(7)
cfi=(206)
cfn=(1914) std::basic_filebuf<char, std::char_traits<char> >::_M_allocate_internal_buffer()
calls=40063 0 
0 8543304
cob=(1)
cfi=(207)
cfn=(714)
calls=1 39 
0 1036
0 5

fn=(1978) 0x00000000050a83d0
0 80310
cob=(2)
cfi=(195)
cfn=(1648) free
calls=40155 3319 
0 1322931

fn=(2016) 0x0000000004d357d0
0 120192
cob=(7)
cfi=(206)
cfn=(2020) std::__basic_file<char>::seekoff(long, std::_Ios_Seekdir)
calls=60096 0 
0 2045700
cob=(1)
cfi=(207)
cfn=(714)
calls=1 39 
0 888
0 5

fn=(2132) 0x0000000004016020
0 120188
cob=(7)
cfi=(206)
cfn=(2134) std::__cxx11::basic_string<char, std::char_traits<char>, std::allocator<char> >::find(char, unsigned long) const
calls=60094 0 
0 2464049

fn=(2160) 0x0000000004015520
0 280382
cob=(7)
cfi=(206)
cfn=(2162) std::_Hash_bytes(void const*, unsigned long, unsigned long)
calls=140191 0 
0 8675098

fn=(738) 0x0000000004d34520
0 2
cob=(7)
cfi=(206)
cfn=(742) std::locale::_Impl::_Impl(unsigned long)
calls=1 0 
0 71409
cob=(1)
cfi=(207)
cfn=(714)
calls=1 39 
0 700
0 5

fn=(768) 0x0000000004d348b0
0 920828
cob=(2)
cfi=(210) ./nptl/./nptl/pthread_once.c
cfn=(772) pthread_once@@GLIBC_2.34
calls=460414 136 
0 2764538
cob=(1)
cfi=(207)
cfn=(714)
calls=1 39 
0 965
0 5

fn=(2328) 0x0000000004016410
0 2
cob=(2)
cfi=(235) ./string/../sysdeps/x86_64/multiarch/memmove-vec-unaligned-erms.S
cfn=(1430) __memcpy_avx_unaligned_erms
calls=1 255 
0 11

fn=(2360) 0x00000000040162a0
0 8
cob=(2)
cfi=(262) ./dirent/../sysdeps/unix/sysv/linux/opendir.c
cfn=(2362) opendir
calls=4 82 
0 920

fn=(2722) 0x0000000004015c50
0 20030
cob=(7)
cfi=(206)
cfn=(2724) std::filesystem::__cxx11::path::replace_extension(std::filesystem::__cxx11::path const&)
calls=10015 0 
0 7162079

fn=(2852) 0x0000000004015e50
0 4
cob=(7)
cfi=(206)
cfn=(2854) std::basic_ostream<char, std::char_traits<char> >& std::__ostream_insert<char, std::char_traits<char> >(std::basic_ostream<char, std::char_traits<char> >&, char const*, long)
calls=2 0 
0 2550

fn=(2946) 0x0000000004d33700
0 4
cob=(2)
cfi=(327) ./nptl/./nptl/pthread_cond_destroy.c
cfn=(2950) pthread_cond_destroy@@GLIBC_2.3.2
calls=2 42 
0 38
cob=(1)
cfi=(207)
cfn=(714)
calls=1 39 
0 1061
0 5

fn=(3114) 0x0000000004c6f294
0 4

fn=(3148) 0x0000000004d37690
0 20
cob=(2)
cfi=(350) ./libio/./libio/iofflush.c
cfn=(3152) fflush
calls=10 32 
0 918
cob=(1)
cfi=(207)
cfn=(714)
calls=1 39 
0 860
0 5

fn=(3180) 0x0000000004d35480
0 6
cob=(7)
cfi=(206)
cfn=(3184) std::basic_ostream<wchar_t, std::char_traits<wchar_t> >::sentry::sentry(std::basic_ostream<wchar_t, std::char_traits<wchar_t> >&)
calls=3 0 
0 200
cob=(1)
cfi=(207)
cfn=(714)
calls=1 39 
0 921
0 5

fn=(3181) 0x0000000004d35480'2
0 2
cob=(7)
cfi=(206)
cfn=(3185) std::basic_ostream<wchar_t, std::char_traits<wchar_t> >::sentry::sentry(std::basic_ostream<wchar_t, std::char_traits<wchar_t> >&)'2
calls=1 0 
0 15

fn=(3214) 0x0000000004fdd384
0 4

fn=(840) 0x0000000004d36030
0 2
cob=(7)
cfi=(206)
cfn=(844) std::__timepunct<char>::_M_initialize_timepunct(__locale_struct*)
calls=1 0 
0 156
cob=(1)
cfi=(207)
cfn=(714)
calls=1 39 
0 960
0 5

fn=(858) 0x0000000004d34bc0
0 2
cob=(7)
cfi=(206)
cfn=(862) std::ctype<wchar_t>::_M_initialize_ctype()
calls=1 0 
0 23900
cob=(1)
cfi=(207)
cfn=(714)
calls=1 39 
0 792
0 5

fn=(898) 0x00000000050a84f0
0 208
cob=(2)
cfi=(220) ./string/../sysdeps/x86_64/multiarch/strlen-avx2.S
cfn=(900) __strlen_avx2
calls=104 52 
0 1712

fn=(918) 0x0000000004d35ee0
0 2
cob=(7)
cfi=(206)
cfn=(922) std::__cxx11::moneypunct<wchar_t, false>::_M_initialize_moneypunct(__locale_struct*, char const*)
calls=1 0 
0 104
cob=(1)
cfi=(207)
cfn=(714)
calls=1 39 
0 1102
0 5

fn=(1166) 0x0000000004d34730
0 8
cob=(2)
cfi=(222) ./stdlib/./stdlib/cxa_atexit.c
cfn=(1170) __cxa_atexit
calls=4 67 
0 289
cob=(1)
cfi=(207)
cfn=(714)
calls=1 39 
0 999
0 5

fn=(1558) 0x00000000050a83e0
0 80202
cob=(2)
cfi=(195)
cfn=(1232)
calls=40101 3283 
0 1205509

fn=(1644) 0x0000000004d34da0
0 24486180
cob=(2)
cfi=(195)
cfn=(1648)
calls=12243090 3319 
0 457224259
cob=(1)
cfi=(207)
cfn=(714)
calls=1 39 
0 932
0 5

fn=(1678) 0x0000000004d355f0
0 1541624
cob=(7)
cfi=(206)
cfn=(1682) std::filesystem::__cxx11::path::operator=(std::filesystem::__cxx11::path const&)
calls=770812 0 
0 92881917
cob=(1)
cfi=(207)
cfn=(714)
calls=1 39 
0 812
0 5

fn=(1730) 0x0000000004d37330
0 1541624
cob=(7)
cfi=(206)
cfn=(1734) std::__cxx11::basic_string<char, std::char_traits<char>, std::allocator<char> >::_M_assign(std::__cxx11::basic_string<char, std::char_traits<char>, std::allocator<char> > const&)
calls=770812 0 
0 31934732
cob=(1)
cfi=(207)
cfn=(714)
calls=1 39 
0 1042
0 5

fn=(1766) 0x0000000004d357e0
0 15654338
cob=(7)
cfi=(206)
cfn=(1770) std::__cxx11::basic_string<char, std::char_traits<char>, std::allocator<char> >::_M_append(char const*, unsigned long)
calls=7827169 0 
0 298957854
cob=(1)
cfi=(207)
cfn=(714)
calls=1 39 
0 1037
0 5

fn=(1842) 0x0000000004015620
0 260250
cob=(7)
cfi=(206)
cfn=(1108) std::ios_base::ios_base()
calls=130125 0 
0 12722240

fn=(1860) 0x0000000004d36690
0 600948
cob=(7)
cfi=(206)
cfn=(1864) std::__basic_file<char>::is_open() const
calls=300474 0 
0 1201896
cob=(1)
cfi=(207)
cfn=(714)
calls=1 39 
0 776
0 5

fn=(2040) 0x0000000004016550
0 40064
cob=(7)
cfi=(206)
cfn=(2042) std::istream::tellg()
calls=20032 0 
0 3846848

fn=(2044) 0x0000000004d36c80
0 780590
cob=(7)
cfi=(206)
cfn=(2048) std::istream::sentry::sentry(std::istream&, bool)
calls=390295 0 
0 12099145
cob=(1)
cfi=(207)
cfn=(714)
calls=1 39 
0 699
0 5

fn=(2154) 0x0000000004015a80
0 10
cob=(7)
cfi=(206)
cfn=(2156) std::__detail::_Prime_rehash_policy::_M_next_bkt(unsigned long) const
calls=5 0 
0 378

fn=(722) 0x0000000004d34a00
0 1041042
cob=(7)
cfi=(206)
cfn=(726) std::locale::locale()
calls=520521 0 
0 18691116
cob=(1)
cfi=(207)
cfn=(714)
calls=1 39 
0 672
0 5

fn=(750) 0x0000000004d344f0
0 14
cob=(7)
cfi=(206)
cfn=(754) std::locale::facet::_S_get_c_name()
calls=7 0 
0 21
cob=(1)
cfi=(207)
cfn=(714)
calls=1 39 
0 788
0 5

fn=(680) 0x0000000005056000
0 7

fn=(2332) 0x0000000004015470
0 600598
cob=(7)
cfi=(206)
cfn=(1670)
calls=300299 0 
0 2702691

fn=(2334) 0x00000000040159d0
0 420394
cob=(7)
cfi=(206)
cfn=(1676)
calls=210197 0 
0 2522364

fn=(2412) 0x0000000004016710
0 180160
cob=(7)
cfi=(206)
cfn=(2414) std::filesystem::__cxx11::path::parent_path() const
calls=90080 0 
0 149964775

fn=(2454) 0x0000000004016770
0 6
cob=(2)
cfi=(271) ./io/../sysdeps/unix/sysv/linux/close.c
cfn=(2456) close
calls=3 26 
0 129

fn=(2468) 0x00000000040160d0
0 4
cob=(7)
cfi=(206)
cfn=(2470) std::thread::hardware_concurrency()
calls=2 0 
0 1731

fn=(2516) 0x00000000050a86f0
0 8
cob=(1)
cfi=(48) ./elf/../elf/dl-tls.c
cfn=(2518) _dl_allocate_tls
calls=4 719 
0 3322

fn=(2620) 0x0000000004d33720
0 1901990
cob=(7)
cfi=(206)
cfn=(2240) std::filesystem::__cxx11::path::compare(std::filesystem::__cxx11::path const&) const
calls=950995 0 
0 40820840
cob=(1)
cfi=(207)
cfn=(714)
calls=1 39 
0 846
0 5

fn=(2660) 0x00000000040163a0
0 64
cob=(7)
cfi=(206)
cfn=(2662) std::filesystem::absolute(std::filesystem::__cxx11::path const&)
calls=32 0 
0 34819

fn=(2820) 0x0000000004016500
0 20032
cob=(7)
cfi=(206)
cfn=(2822) std::condition_variable::notify_all()
calls=10016 0 
0 231331

fn=(2888) 0x0000000004015e90
0 4
cob=(7)
cfi=(206)
cfn=(2890) std::basic_ostream<char, std::char_traits<char> >& std::operator<< <std::char_traits<char> >(std::basic_ostream<char, std::char_traits<char> >&, char)
calls=2 0 
0 1803

fn=(2938) 0x0000000004d35c80
0 2
cob=(7)
cfi=(206)
cfn=(2854)
calls=1 0 
0 221
cob=(1)
cfi=(207)
cfn=(714)
calls=1 39 
0 1053
0 5

fn=(3234) 0x00000000050563c0
0 2
cob=(2)
cfi=(347) ./stdlib/./stdlib/cxa_finalize.c
cfn=(3080) __cxa_finalize
calls=1 45 
0 95

fn=(2440) 0x0000000004016480
0 4
cob=(2)
cfi=(264) ./io/../sysdeps/unix/sysv/linux/fstat64.c
cfn=(2366) fstat
calls=2 30 
0 12

fn=(2442) 0x00000000040166c0
0 6
cob=(2)
cfi=(269) ./io/../sysdeps/unix/syscall-template.S
cfn=(2444) flock
calls=3 120 
0 18

fn=(1428) 0x0000000004015b80
0 11874600
cob=(2)
cfi=(235)
cfn=(1430)
calls=5937300 255 
0 77462652

fn=(788) 0x0000000004d355d0
0 2
cob=(2)
cfi=(212) ./locale/./locale/newlocale.c
cfn=(792) newlocale
calls=1 43 
0 38
cob=(1)
cfi=(207)
cfn=(714)
calls=1 39 
0 864
0 5

fn=(924) 0x0000000004d34170
0 2
cob=(7)
cfi=(206)
cfn=(928) std::__cxx11::moneypunct<wchar_t, true>::_M_initialize_moneypunct(__locale_struct*, char const*)
calls=1 0 
0 104
cob=(1)
cfi=(207)
cfn=(714)
calls=1 39 
0 1077
0 5

fn=(930) 0x0000000004d36550
0 2
cob=(7)
cfi=(206)
cfn=(934) std::__timepunct<wchar_t>::__timepunct(std::__timepunct_cache<wchar_t>*, unsigned long)
calls=1 0 
0 1171
cob=(1)
cfi=(207)
cfn=(714)
calls=1 39 
0 883
0 5

fn=(950) 0x0000000004d34870
0 2
cob=(7)
cfi=(206)
cfn=(954) std::numpunct<char>::_M_initialize_numpunct(__locale_struct*)
calls=1 0 
0 416
cob=(1)
cfi=(207)
cfn=(714)
calls=1 39 
0 928
0 5

fn=(1146) 0x0000000004d367c0
0 1721840
cob=(2)
cfi=(221)
cfn=(904)
calls=860920 73 
0 15604898
cob=(1)
cfi=(207)
cfn=(714)
calls=1 39 
0 874
0 5

fn=(1436) 0x00000000040165e0
0 6426982
cob=(7)
cfi=(206)
cfn=(1438) std::__cxx11::basic_string<char, std::char_traits<char>, std::allocator<char> >::_M_create(unsigned long&, unsigned long)
calls=3213491 0 
0 205846586

fn=(1464) 0x0000000004d34e30
0 80192
cob=(2)
cfi=(220)
cfn=(900)
calls=40096 52 
0 561628
cob=(1)
cfi=(207)
cfn=(714)
calls=1 39 
0 854
0 5

fn=(1498) 0x00000000040155d0
0 3884300
cob=(7)
cfi=(206)
cfn=(1500) std::filesystem::__cxx11::path::_List::_Impl_deleter::operator()(std::filesystem::__cxx11::path::_List::_Impl*) const
calls=1942150 0 
0 419321435

fn=(1550) 0x0000000004d36390
0 2
cob=(2)
cfi=(240) ./io/../sysdeps/unix/sysv/linux/getcwd.c
cfn=(1554) getcwd
calls=1 49 
0 471
cob=(1)
cfi=(207)
cfn=(714)
calls=1 39 
0 833
0 5

fn=(1560) 0x00000000050a8400
0 2
cob=(2)
cfi=(195)
cfn=(1562) realloc
calls=1 3380 
0 258

fn=(1952) 0x0000000004d36950
0 80126
cob=(2)
cfi=(253) ./libio/./libio/iofclose.c
cfn=(1956) fclose@@GLIBC_2.2.5
calls=40063 34 
0 14542821
cob=(1)
cfi=(207)
cfn=(714)
calls=1 39 
0 824
0 5

fn=(1990) 0x0000000004d35610
0 260250
cob=(7)
cfi=(206)
cfn=(1994) std::ios_base::_M_call_callbacks(std::ios_base::event)
calls=130125 0 
0 1431375
cob=(1)
cfi=(207)
cfn=(714)
calls=1 39 
0 856
0 5

fn=(2204) 0x0000000004016350
0 740640
cob=(7)
cfi=(206)
cfn=(1688) std::__cxx11::basic_string<char, std::char_traits<char>, std::allocator<char> >::reserve(unsigned long)
calls=370320 0 
0 40270003

fn=(2460) 0x0000000004015f00
0 4
cob=(2)
cfi=(224) ./stdlib/./stdlib/getenv.c
cfn=(1216) getenv
calls=2 25 
0 1510

fn=(2544) 0x0000000004016520
0 16
cob=(7)
cfi=(206)
cfn=(2546) std::thread::join()
calls=8 0 
0 2184

fn=(2796) 0x0000000004015dc0
0 6
cob=(2)
cfi=(256) ./libio/./libio/fileno.c
cfn=(2032) fileno
calls=3 32 
0 21

fn=(2814) 0x00000000050a8770
0 8
cob=(1)
cfi=(48)
cfn=(590) _dl_allocate_tls_init
calls=4 612 
0 2016

fn=(2900) 0x0000000004d35cd0
0 4
cob=(2)
cfi=(326) ./libio/./libio/putc.c
cfn=(2904) putc
calls=2 25 
0 104
cob=(1)
cfi=(207)
cfn=(714)
calls=1 39 
0 874
0 5

fn=(2960) 0x0000000004015d10
0 2
cob=(7)
cfi=(206)
cfn=(2962) std::filesystem::remove(std::filesystem::__cxx11::path const&, std::error_code&)
calls=1 0 
0 966

fn=(3006) 0x0000000004d35e00
0 2
cob=(2)
cfi=(297) ./libio/./libio/vsnprintf.c
cfn=(3010) vsnprintf
calls=1 102 
0 2225
cob=(1)
cfi=(207)
cfn=(714)
calls=1 39 
0 850
0 5

fn=(3078) 0x0000000004015410
0 2
cob=(2)
cfi=(347)
cfn=(3080)
calls=1 45 
0 95

fn=(3168) 0x0000000004d35ff0
0 4
cob=(7)
cfi=(206)
cfn=(3172) __cxa_get_globals
calls=2 0 
0 44
cob=(1)
cfi=(207)
cfn=(714)
calls=1 39 
0 694
0 5

fn=(2422) 0x0000000004d35fc0
0 2
cob=(2)
cfi=(268) ./csu/./csu/errno-loc.c
cfn=(2426) __errno_location
calls=1 25 
0 4
cob=(1)
cfi=(207)
cfn=(714)
calls=1 39 
0 964
0 5

fn=(1382) 0x0000000004015bd0
0 10
cob=(2)
cfi=(222)
cfn=(1170)
calls=5 67 
0 365

fn=(804) 0x0000000004d34920
0 2182170
cob=(7)
cfi=(206)
cfn=(808) std::locale::id::_M_id() const
calls=1091085 0 
0 6546942
cob=(1)
cfi=(207)
cfn=(714)
calls=1 39 
0 712
0 5

fn=(810) 0x0000000004d34b10
0 2
cob=(7)
cfi=(206)
cfn=(814) std::codecvt<char, char, __mbstate_t>::codecvt(unsigned long)
calls=1 0 
0 40
cob=(1)
cfi=(207)
cfn=(714)
calls=1 39 
0 780
0 5

fn=(834) 0x0000000004d35b60
0 2
cob=(7)
cfi=(206)
cfn=(838) std::__timepunct<char>::__timepunct(std::__timepunct_cache<char>*, unsigned long)
calls=1 0 
0 1151
cob=(1)
cfi=(207)
cfn=(714)
calls=1 39 
0 875
0 5

fn=(1070) 0x0000000004d35de0
0 2
cob=(7)
cfi=(206)
cfn=(1074) std::messages<wchar_t>::messages(unsigned long)
calls=1 0 
0 47
cob=(1)
cfi=(207)
cfn=(714)
calls=1 39 
0 711
0 5

fn=(1460) 0x00000000040164b0
0 2
cob=(7)
cfi=(206)
cfn=(1462) std::__cxx11::basic_string<char, std::char_traits<char>, std::allocator<char> >::rfind(char const*, unsigned long) const
calls=1 0 
0 1890

fn=(1506) 0x00000000040154d0
0 160148
cob=(7)
cfi=(206)
cfn=(1508) std::_Rb_tree_insert_and_rebalance(bool, std::_Rb_tree_node_base*, std::_Rb_tree_node_base*, std::_Rb_tree_node_base&)
calls=80074 0 
0 3419469

fn=(1510) 0x0000000004015db0
0 10
cob=(7)
cfi=(206)
cfn=(1512) std::_Rb_tree_decrement(std::_Rb_tree_node_base*)
calls=5 0 
0 98

fn=(1530) 0x0000000004016360
0 2
cob=(7)
cfi=(206)
cfn=(1532) std::filesystem::current_path[abi:cxx11]()
calls=1 0 
0 10781

fn=(1660) 0x0000000004d36bd0
0 10750406
cob=(7)
cfi=(206)
cfn=(1664) std::filesystem::__cxx11::path::has_root_directory() const
calls=5375203 0 
0 114819468
cob=(1)
cfi=(207)
cfn=(714)
calls=1 39 
0 896
0 5

fn=(1684) 0x0000000004d36e10
0 9088594
cob=(7)
cfi=(206)
cfn=(1688)
calls=4544297 0 
0 363070183
cob=(1)
cfi=(207)
cfn=(714)
calls=1 39 
0 977
0 5

fn=(1812) 0x0000000004015960
0 280306
cob=(7)
cfi=(206)
cfn=(1814) std::__cxx11::basic_string<char, std::char_traits<char>, std::allocator<char> >::basic_string(std::__cxx11::basic_string<char, std::char_traits<char>, std::allocator<char> >&&)
calls=140153 0 
0 2763228

fn=(2054) 0x0000000004015fb0
0 40064
cob=(7)
cfi=(206)
cfn=(2056) std::istream::seekg(std::fpos<__mbstate_t>)
calls=20032 0 
0 4908776

fn=(2058) 0x0000000004d36fe0
0 580430
cob=(7)
cfi=(206)
cfn=(1922) std::basic_ios<char, std::char_traits<char> >::clear(std::_Ios_Iostate)
calls=290215 0 
0 2611935
cob=(1)
cfi=(207)
cfn=(714)
calls=1 39 
0 931
0 5

fn=(762) 0x0000000004d36560
0 30
cob=(7)
cfi=(206)
cfn=(766) std::locale::facet::_S_get_c_locale()
calls=15 0 
0 3247
cob=(1)
cfi=(207)
cfn=(714)
calls=1 39 
0 824
0 5

fn=(2238) 0x0000000004015ca0
0 200246
cob=(7)
cfi=(206)
cfn=(2240)
calls=100123 0 
0 13286077

fn=(2258) 0x0000000004016800
0 180124
cob=(7)
cfi=(206)
cfn=(726)
calls=90062 0 
0 3091998

fn=(2270) 0x0000000004016650
0 660398
cob=(7)
cfi=(206)
cfn=(2272) std::basic_istream<char, std::char_traits<char> >& std::getline<char, std::char_traits<char>, std::allocator<char> >(std::basic_istream<char, std::char_traits<char> >&, std::__cxx11::basic_string<char, std::char_traits<char>, std::allocator<char> >&, char)
calls=330199 0 
0 59615469

fn=(2368) 0x0000000004016310
0 40084
cob=(2)
cfi=(265) ./dirent/../sysdeps/unix/sysv/linux/readdir64.c
cfn=(2370) readdir
calls=20042 70 
0 561918

fn=(2374) 0x00000000040163c0
0 8
cob=(2)
cfi=(267) ./dirent/../sysdeps/unix/sysv/linux/closedir.c
cfn=(2376) closedir
calls=4 31 
0 584

fn=(2524) 0x00000000050a8730
0 16
cob=(2)
cfi=(209) ./string/../sysdeps/x86_64/multiarch/memset-vec-unaligned-erms.S
cfn=(748) __memset_avx2_unaligned_erms
calls=8 198 
0 288

fn=(2644) 0x0000000004015a70
0 180152
cob=(7)
cfi=(206)
cfn=(2646) std::_Rb_tree_increment(std::_Rb_tree_node_base*)
calls=90076 0 
0 1188267

fn=(2668) 0x00000000040166f0
0 64
cob=(7)
cfi=(206)
cfn=(2670) std::filesystem::weakly_canonical(std::filesystem::__cxx11::path const&, std::error_code&)
calls=32 0 
0 135631

fn=(2672) 0x0000000004d35cf0
0 64
cob=(7)
cfi=(206)
cfn=(1836) std::filesystem::status(std::filesystem::__cxx11::path const&, std::error_code&)
calls=32 0 
0 2080
cob=(1)
cfi=(207)
cfn=(714)
calls=1 39 
0 938
0 5

fn=(2676) 0x0000000004d34790
0 64
cob=(7)
cfi=(206)
cfn=(2680) std::filesystem::canonical(std::filesystem::__cxx11::path const&, std::error_code&)
calls=32 0 
0 129641
cob=(1)
cfi=(207)
cfn=(714)
calls=1 39 
0 946
0 5

fn=(2688) 0x00000000050a8420
0 256
cob=(2)
cfi=(235)
cfn=(2690) __mempcpy_avx_unaligned_erms
calls=128 242 
0 2042

fn=(2914) 0x0000000004d36fd0
0 2
cob=(7)
cfi=(206)
cfn=(2918) std::ostreambuf_iterator<char, std::char_traits<char> > std::num_put<char, std::ostreambuf_iterator<char, std::char_traits<char> > >::_M_insert_int<unsigned long>(std::ostreambuf_iterator<char, std::char_traits<char> >, std::ios_base&, char, unsigned long) const
calls=1 0 
0 346
cob=(1)
cfi=(207)
cfn=(714)
calls=1 39 
0 1197
0 5

fn=(2994) 0x0000000004d35310
0 2
cob=(7)
cfi=(206)
cfn=(2998) std::__num_base::_S_format_float(std::ios_base const&, char*, char)
calls=1 0 
0 30
cob=(1)
cfi=(207)
cfn=(714)
calls=1 39 
0 890
0 5

fn=(3104) 0x0000000004c6f030
0 2
cob=(2)
cfi=(347)
cfn=(3080)
calls=1 45 
0 95

fn=(3162) 0x0000000004d34aa0
0 4
cob=(7)
cfi=(206)
cfn=(3166) std::uncaught_exception()
calls=2 0 
0 765
cob=(1)
cfi=(207)
cfn=(714)
calls=1 39 
0 726
0 5

fn=(3204) 0x0000000004f3e310
0 2
cob=(2)
cfi=(347)
cfn=(3080)
calls=1 45 
0 95

fn=(2428) 0x0000000004d36b70
0 2
cob=(7)
cfi=(206)
cfn=(2432) std::_V2::generic_category()
calls=1 0 
0 3
cob=(1)
cfi=(207)
cfn=(714)
calls=1 39 
0 790
0 5

fn=(1426) 0x00000000040157a0
0 4565940
cob=(2)
cfi=(220)
cfn=(900)
calls=2282970 52 
0 32442996

fn=(906) 0x0000000004d346b0
0 2
cob=(7)
cfi=(206)
cfn=(910) std::codecvt<wchar_t, char, __mbstate_t>::codecvt(unsigned long)
calls=1 0 
0 40
cob=(1)
cfi=(207)
cfn=(714)
calls=1 39 
0 780
0 5

fn=(1016) 0x0000000004d351d0
0 2
cob=(7)
cfi=(206)
cfn=(1020) std::numpunct<wchar_t>::_M_initialize_numpunct(__locale_struct*)
calls=1 0 
0 350
cob=(1)
cfi=(207)
cfn=(714)
calls=1 39 
0 936
0 5

fn=(1454) 0x0000000004015f40
0 4385348
cob=(7)
cfi=(206)
cfn=(1456) std::__cxx11::basic_string<char, std::char_traits<char>, std::allocator<char> >::_M_dispose()
calls=2192674 0 
0 63520166

fn=(1478) 0x0000000004015b30
0 1181428
cob=(7)
cfi=(206)
cfn=(1480) std::filesystem::__cxx11::path::_M_split_cmpts()
calls=590714 0 
0 322262225

fn=(1520) 0x0000000004d33d20
0 4
cob=(2)
cfi=(239) ./time/../sysdeps/unix/sysv/linux/clock_gettime.c
cfn=(1524) clock_gettime@@GLIBC_2.17
calls=2 30 
0 22
cob=(1)
cfi=(207)
cfn=(714)
calls=1 39 
0 820
0 5

fn=(1540) 0x0000000004d33e80
0 2
cob=(7)
cfi=(206)
cfn=(1544) std::filesystem::current_path[abi:cxx11](std::error_code&)
calls=1 0 
0 9090
cob=(1)
cfi=(207)
cfn=(714)
calls=1 39 
0 892
0 5

fn=(1754) 0x0000000004016760
0 981020
cob=(7)
cfi=(206)
cfn=(1712)
calls=490510 0 
0 296554453

fn=(1756) 0x00000000040155a0
0 981020
cob=(7)
cfi=(206)
cfn=(1758) std::filesystem::__cxx11::path::operator/=(std::filesystem::__cxx11::path const&)
calls=490510 0 
0 572218076

fn=(1824) 0x0000000004015b00
0 220244
cob=(2)
cfi=(244) ./nptl/./nptl/pthread_mutex_unlock.c
cfn=(1826) pthread_mutex_unlock@@GLIBC_2.2.5
calls=110122 357 
0 2642898

fn=(1834) 0x0000000004016140
0 80128
cob=(7)
cfi=(206)
cfn=(1836)
calls=40064 0 
0 2446478

fn=(1916) 0x0000000004d33390
0 80126
cob=(7)
cfi=(206)
cfn=(1918) operator new[](unsigned long)
calls=40063 0 
0 7782107

fn=(1920) 0x00000000040164f0
0 80126
cob=(7)
cfi=(206)
cfn=(1922)
calls=40063 0 
0 360567

fn=(1934) 0x0000000004d34fa0
0 80126
cob=(7)
cfi=(206)
cfn=(1938) std::basic_filebuf<char, std::char_traits<char> >::_M_destroy_internal_buffer()
calls=40063 0 
0 7171903
cob=(1)
cfi=(207)
cfn=(714)
calls=1 39 
0 1019
0 5

fn=(1940) 0x0000000004d33320
0 80126
cob=(7)
cfi=(206)
cfn=(1942) operator delete[](void*)
calls=40063 0 
0 6130265

fn=(2070) 0x0000000004d35350
0 40022
cob=(7)
cfi=(206)
cfn=(2074) std::basic_streambuf<char, std::char_traits<char> >::xsgetn(char*, long)
calls=20011 0 
0 6214934
cob=(1)
cfi=(207)
cfn=(714)
calls=1 39 
0 899
0 5

fn=(2166) 0x0000000004016040
0 120230
cob=(7)
cfi=(206)
cfn=(2168) std::__detail::_Prime_rehash_policy::_M_need_rehash(unsigned long, unsigned long, unsigned long) const
calls=60115 0 
0 1464806

fn=(658) 0x0000000004c6f000
0 7

fn=(2288) 0x0000000004d35eb0
0 8087414
cob=(7)
cfi=(206)
cfn=(1758)
calls=4043707 0 
0 2572332116
cob=(1)
cfi=(207)
cfn=(714)
calls=1 39 
0 812
0 5

fn=(2312) 0x0000000004015900
0 2
cob=(7)
cfi=(206)
cfn=(2314) std::__cxx11::basic_string<char, std::char_traits<char>, std::allocator<char> >::reserve()
calls=1 0 
0 123

fn=(2416) 0x0000000004d34b50
0 180160
cob=(7)
cfi=(206)
cfn=(2420) std::filesystem::__cxx11::path::has_relative_path() const
calls=90080 0 
0 7746880
cob=(1)
cfi=(207)
cfn=(714)
calls=1 39 
0 880
0 5

fn=(2482) 0x00000000050a8470
0 4
cob=(2)
cfi=(236) ./string/../sysdeps/x86_64/multiarch/memchr-avx2.S
cfn=(1486) __memchr_avx2
calls=2 61 
0 38

fn=(2610) 0x0000000004015740
0 380398
cob=(7)
cfi=(206)
cfn=(2612) std::filesystem::__cxx11::path::lexically_relative(std::filesystem::__cxx11::path const&) const
calls=190199 0 
0 543490648

fn=(2650) 0x0000000004016220
0 40068
cob=(2)
cfi=(305) ./ctype/./ctype/ctype.c
cfn=(2652) tolower
calls=20034 45 
0 220374

fn=(2708) 0x0000000004015e80
0 180152
cob=(7)
cfi=(206)
cfn=(2710) std::filesystem::symlink_status(std::filesystem::__cxx11::path const&, std::error_code&)
calls=90076 0 
0 5585548

fn=(2790) 0x0000000004016160
0 4
cob=(7)
cfi=(206)
cfn=(2792) std::condition_variable::condition_variable()
calls=2 0 
0 12

fn=(2798) 0x0000000004016570
0 6
cob=(2)
cfi=(321) ./termios/../sysdeps/unix/sysv/linux/isatty.c
cfn=(2800) isatty
calls=3 25 
0 66

fn=(2824) 0x0000000004d372c0
0 20032
cob=(2)
cfi=(322) ./nptl/./nptl/pthread_cond_broadcast.c
cfn=(2828) pthread_cond_broadcast@@GLIBC_2.3.2
calls=10016 39 
0 190304
cob=(1)
cfi=(207)
cfn=(714)
calls=1 39 
0 958
0 5

fn=(2892) 0x0000000004d34200
0 4
cob=(7)
cfi=(206)
cfn=(2896) std::ostream::put(char)
calls=2 0 
0 1115
cob=(1)
cfi=(207)
cfn=(714)
calls=1 39 
0 649
0 5

fn=(3140) 0x0000000004d359e0
0 6
cob=(7)
cfi=(206)
cfn=(3144) std::ostream::flush()
calls=3 0 
0 3167
cob=(1)
cfi=(207)
cfn=(714)
calls=1 39 
0 693
0 5

fn=(3141) 0x0000000004d359e0'2
0 2
cob=(7)
cfi=(206)
cfn=(3145) std::ostream::flush()'2
calls=1 0 
0 137

fn=(3174) 0x0000000004d36b50
0 6
cob=(7)
cfi=(206)
cfn=(3178) std::basic_ostream<wchar_t, std::char_traits<wchar_t> >::flush()
calls=3 0 
0 1630
cob=(1)
cfi=(207)
cfn=(714)
calls=1 39 
0 877
0 5

fn=(3175) 0x0000000004d36b50'2
0 2
cob=(7)
cfi=(206)
cfn=(3179) std::basic_ostream<wchar_t, std::char_traits<wchar_t> >::flush()'2
calls=1 0 
0 137

fn=(1370) 0x0000000004014000
0 7

fn=(1408) 0x00000000050a8790
0 2
cob=(1)
cfi=(51) ./elf/./elf/dl-audit.c
cfn=(1410) _dl_audit_preinit
calls=1 118 
0 5

fn=(902) 0x00000000050a8570
0 98
cob=(2)
cfi=(221)
cfn=(904)
calls=49 73 
0 1048

fn=(1104) 0x0000000004d34410
0 16
cob=(7)
cfi=(206)
cfn=(1108)
calls=8 0 
0 696
cob=(1)
cfi=(207)
cfn=(714)
calls=1 39 
0 676
0 5

fn=(1110) 0x0000000004d36880
0 8
cob=(7)
cfi=(206)
cfn=(1114)
calls=4 0 
0 6257
cob=(1)
cfi=(207)
cfn=(714)
calls=1 39 
0 1023
0 5

fn=(1150) 0x0000000004d35cc0
0 8
cob=(7)
cfi=(206)
cfn=(1154) std::basic_ios<wchar_t, std::char_traits<wchar_t> >::init(std::basic_streambuf<wchar_t, std::char_traits<wchar_t> >*)
calls=4 0 
0 1672
cob=(1)
cfi=(207)
cfn=(714)
calls=1 39 
0 983
0 5

fn=(1440) 0x0000000004d33db0
0 23824226
cob=(7)
cfi=(206)
cfn=(1434) operator new(unsigned long)
calls=11912113 0 
0 606251851
cob=(1)
cfi=(207)
cfn=(714)
calls=1 39 
0 600
0 5

fn=(1474) 0x00000000040155e0
0 1181422
cob=(7)
cfi=(206)
cfn=(1476) std::filesystem::__cxx11::path::_List::_List()
calls=590711 0 
0 1772133

fn=(1878) 0x0000000004d34330
0 80126
cob=(2)
cfi=(245) ./libio/./libio/iofopen.c
cfn=(1882) fopen@@GLIBC_2.2.5
calls=40063 85 
0 21274046
cob=(1)
cfi=(207)
cfn=(714)
calls=1 39 
0 844
0 5

fn=(1980) 0x0000000004016670
0 80126
cob=(7)
cfi=(206)
cfn=(1982) std::__basic_file<char>::~__basic_file()
calls=40063 0 
0 1121764

fn=(1986) 0x00000000040156a0
0 260250
cob=(7)
cfi=(206)
cfn=(1988) std::ios_base::~ios_base()
calls=130125 0 
0 7418787

fn=(2022) 0x0000000004d341e0
0 160256
cob=(7)
cfi=(206)
cfn=(2026) std::__basic_file<char>::fd()
calls=80128 0 
0 962356
cob=(1)
cfi=(207)
cfn=(714)
calls=1 39 
0 748
0 5

fn=(2028) 0x0000000004d336a0
0 160256
cob=(2)
cfi=(256)
cfn=(2032)
calls=80128 32 
0 560896
cob=(1)
cfi=(207)
cfn=(714)
calls=1 39 
0 815
0 5

fn=(2050) 0x0000000004015e70
0 40064
cob=(7)
cfi=(206)
cfn=(2052) std::__cxx11::basic_string<char, std::char_traits<char>, std::allocator<char> >::_M_construct(unsigned long, char)
calls=20032 0 
0 3629620

fn=(2080) 0x0000000004d35140
0 40064
cob=(7)
cfi=(206)
cfn=(2084) std::__basic_file<char>::xsgetn(char*, long)
calls=20032 0 
0 2164200
cob=(1)
cfi=(207)
cfn=(714)
calls=1 39 
0 776
0 5

fn=(2086) 0x0000000004d342f0
0 40064
cob=(2)
cfi=(258) ./io/../sysdeps/unix/sysv/linux/read.c
cfn=(2090) read
calls=20032 25 
0 1302008
cob=(1)
cfi=(207)
cfn=(714)
calls=1 39 
0 811
0 5

fn=(2142) 0x0000000004016600
0 6
cob=(7)
cfi=(206)
cfn=(2144) __cxa_guard_acquire
calls=3 0 
0 57

fn=(2170) 0x0000000004d34720
0 20182
cob=(7)
cfi=(206)
cfn=(2156)
calls=10091 0 
0 398511
cob=(1)
cfi=(207)
cfn=(714)
calls=1 39 
0 880
0 5

fn=(2208) 0x0000000004016730
0 80122
cob=(7)
cfi=(206)
cfn=(2210) std::__cxx11::basic_string<char, std::char_traits<char>, std::allocator<char> >::append(char const*)
calls=40061 0 
0 3449558

fn=(2260) 0x0000000004016010
0 180122
cob=(7)
cfi=(206)
cfn=(2262) std::__cxx11::basic_stringbuf<char, std::char_traits<char>, std::allocator<char> >::_M_sync(char*, unsigned long, unsigned long)
calls=90061 0 
0 3363313

fn=(2352) 0x00000000040167a0
0 20030
cob=(7)
cfi=(206)
cfn=(2236) std::__cxx11::basic_string<char, std::char_traits<char>, std::allocator<char> >::rfind(char, unsigned long) const
calls=10015 0 
0 741140

fn=(2496) 0x0000000004d34ca0
0 16
cob=(2)
cfi=(277) ./nptl/./nptl/pthread_create.c
cfn=(2500) pthread_create@@GLIBC_2.34
calls=8 651 
0 10629
cob=(1)
cfi=(207)
cfn=(714)
calls=1 39 
0 1043
0 5

fn=(2548) 0x0000000004d336b0
0 16
cob=(2)
cfi=(291) ./nptl/./nptl/pthread_join.c
cfn=(2552) pthread_join@@GLIBC_2.34
calls=8 23 
0 1163
cob=(1)
cfi=(207)
cfn=(714)
calls=1 39 
0 864
0 5

fn=(2580) 0x00000000050a86a0
0 38
cob=(2)
cfi=(235)
cfn=(1430)
calls=19 255 
0 267

fn=(2664) 0x0000000004d36200
0 128
cob=(7)
cfi=(206)
cfn=(1658)
calls=64 0 
0 64108
cob=(1)
cfi=(207)
cfn=(714)
calls=1 39 
0 950
0 5

fn=(2698) 0x00000000050a86e0
0 64
cob=(2)
cfi=(235)
cfn=(2700) __memcpy_chk_avx_unaligned_erms
calls=32 249 
0 608

fn=(2730) 0x0000000004d36dd0
0 20030
cob=(7)
cfi=(206)
cfn=(2734) std::filesystem::__cxx11::path::operator+=(std::filesystem::__cxx11::path const&)
calls=10015 0 
0 5908490
cob=(1)
cfi=(207)
cfn=(714)
calls=1 39 
0 818
0 5

fn=(2742) 0x00000000040157c0
0 16
cob=(7)
cfi=(206)
cfn=(2744) std::thread::_State::~_State()
calls=8 0 
0 16

fn=(2908) 0x0000000004015a40
0 2
cob=(7)
cfi=(206)
cfn=(2910) std::ostream& std::ostream::_M_insert<unsigned long>(unsigned long)
calls=1 0 
0 1627

fn=(2934) 0x0000000004015d40
0 2
cob=(7)
cfi=(206)
cfn=(2936) std::basic_ostream<char, std::char_traits<char> >& std::operator<< <std::char_traits<char> >(std::basic_ostream<char, std::char_traits<char> >&, char const*)
calls=1 0 
0 1316

fn=(2982) 0x00000000040163d0
0 2
cob=(7)
cfi=(206)
cfn=(2984) std::ostream& std::ostream::_M_insert<double>(double)
calls=1 0 
0 5770

fn=(3094) 0x0000000004387bac
0 4

fn=(3122) 0x0000000004d333a0
0 2
cob=(2)
cfi=(347)
cfn=(3080)
calls=1 45 
0 7370

fn=(1432) 0x0000000004015d60
0 661888
cob=(7)
cfi=(206)
cfn=(1434)
calls=330944 0 
0 35477539

fn=(628) 0x00000000050a8710
0 30
cob=(1)
cfi=(11) ./elf/./elf/dl-tunables.c
cfn=(28) __tunable_get_val
calls=15 435 
0 260

fn=(782) 0x0000000004d34610
0 2
cob=(7)
cfi=(206)
cfn=(786) std::locale::facet::_S_create_c_locale(__locale_struct*&, char const*, __locale_struct*)
calls=1 0 
0 923
cob=(1)
cfi=(207)
cfn=(714)
calls=1 39 
0 968
0 5

fn=(846) 0x0000000004d33710
0 2
cob=(7)
cfi=(206)
cfn=(850) std::__cxx11::messages<char>::messages(unsigned long)
calls=1 0 
0 47
cob=(1)
cfi=(207)
cfn=(714)
calls=1 39 
0 765
0 5

fn=(852) 0x0000000004d33c50
0 2
cob=(7)
cfi=(206)
cfn=(856) std::ctype<wchar_t>::ctype(unsigned long)
calls=1 0 
0 24741
cob=(1)
cfi=(207)
cfn=(714)
calls=1 39 
0 684
0 5

fn=(876) 0x0000000004d36d50
0 512
cob=(2)
cfi=(216) ./wcsmbs/./wcsmbs/btowc.c
cfn=(880) btowc
calls=256 32 
0 10112
cob=(1)
cfi=(207)
cfn=(714)
calls=1 39 
0 827
0 5

fn=(980) 0x0000000004d37220
0 2
cob=(7)
cfi=(206)
cfn=(984) std::moneypunct<char, true>::_M_initialize_moneypunct(__locale_struct*, char const*)
calls=1 0 
0 107
cob=(1)
cfi=(207)
cfn=(714)
calls=1 39 
0 1016
0 5

fn=(1034) 0x0000000004d35830
0 2
cob=(7)
cfi=(206)
cfn=(1038) std::moneypunct<wchar_t, false>::_M_initialize_moneypunct(__locale_struct*, char const*)
calls=1 0 
0 104
cob=(1)
cfi=(207)
cfn=(714)
calls=1 39 
0 1032
0 5

fn=(1122) 0x0000000004d35b20
0 700638
cob=(7)
cfi=(206)
cfn=(1126) std::locale::operator=(std::locale const&)
calls=350319 0 
0 4904466
cob=(1)
cfi=(207)
cfn=(714)
calls=1 39 
0 692
0 5

fn=(1128) 0x0000000004d36010
0 960888
cob=(7)
cfi=(206)
cfn=(1132) std::locale::~locale()
calls=480444 0 
0 2882664
cob=(1)
cfi=(207)
cfn=(714)
calls=1 39 
0 704
0 5

fn=(1134) 0x0000000004d36af0
0 700630
cob=(7)
cfi=(206)
cfn=(1138) std::basic_ios<char, std::char_traits<char> >::_M_cache_locale(std::locale const&)
calls=350315 0 
0 19617640
cob=(1)
cfi=(207)
cfn=(714)
calls=1 39 
0 983
0 5

fn=(1184) 0x0000000004d351f0
0 4
cob=(7)
cfi=(206)
cfn=(1188) std::error_category::error_category()
calls=2 0 
0 10
cob=(1)
cfi=(207)
cfn=(714)
calls=1 39 
0 720
0 5

fn=(1200) 0x0000000004d34670
0 2
cob=(7)
cfi=(206)
cfn=(1204) std::future_category()
calls=1 0 
0 3
cob=(1)
cfi=(207)
cfn=(714)
calls=1 39 
0 716
0 5

fn=(1218) 0x00000000050a85f0
0 34
cob=(2)
cfi=(225) ./string/../sysdeps/x86_64/multiarch/strcmp-avx2.S
cfn=(1220) __strncmp_avx2
calls=17 206 
0 425

fn=(1482) 0x0000000004d33cb0
0 4244198
cob=(2)
cfi=(236)
cfn=(1486)
calls=2122099 61 
0 40320661
cob=(1)
cfi=(207)
cfn=(714)
calls=1 39 
0 874
0 5

fn=(1516) 0x0000000004016060
0 4
cob=(7)
cfi=(206)
cfn=(1518) std::chrono::_V2::steady_clock::now()
calls=2 0 
0 883

fn=(1580) 0x0000000004d35950
0 8488514
cob=(7)
cfi=(206)
cfn=(1438)
calls=4244257 0 
0 294892172
cob=(1)
cfi=(207)
cfn=(714)
calls=1 39 
0 1001
0 5

fn=(1586) 0x0000000004d37430
0 28506652
cob=(2)
cfi=(235)
cfn=(1430)
calls=14253326 255 
0 200457032
cob=(1)
cfi=(207)
cfn=(714)
calls=1 39 
0 1057
0 5

fn=(1654) 0x0000000004015920
0 600590
cob=(7)
cfi=(206)
cfn=(1538)
calls=300295 0 
0 900885

fn=(1760) 0x0000000004d33540
0 7526940
cob=(7)
cfi=(206)
cfn=(1764) std::filesystem::__cxx11::path::has_filename() const
calls=3763470 0 
0 92354039
cob=(1)
cfi=(207)
cfn=(714)
calls=1 39 
0 852
0 5

fn=(2034) 0x0000000004d358d0
0 120192
cob=(2)
cfi=(257) ./io/../sysdeps/unix/sysv/linux/lseek64.c
cfn=(2038) lseek
calls=60096 28 
0 360576
cob=(1)
cfi=(207)
cfn=(714)
calls=1 39 
0 858
0 5

fn=(2110) 0x0000000004015d30
0 60092
cob=(7)
cfi=(206)
cfn=(2112) std::from_chars(char const*, char const*, double&, std::chars_format)
calls=30046 0 
0 2944508

fn=(2148) 0x00000000040159e0
0 6
cob=(7)
cfi=(206)
cfn=(2150) __cxa_guard_release
calls=3 0 
0 18

fn=(2206) 0x0000000004015660
0 2822642
cob=(7)
cfi=(206)
cfn=(1770)
calls=1411321 0 
0 74681378

fn=(702) 0x0000000004d2f000
0 7

fn=(708) 0x0000000004d361b0
0 2
cob=(7)
cfi=(206)
cfn=(720) std::ios_base::Init::Init()
calls=1 0 
0 85333
cob=(1)
cfi=(207)
cfn=(714)
calls=1 39 
0 716
0 5

fn=(744) 0x0000000004d33960
0 1762018
cob=(2)
cfi=(209)
cfn=(748)
calls=881009 198 
0 89127276
cob=(1)
cfi=(207)
cfn=(714)
calls=1 39 
0 893
0 5

fn=(2228) 0x0000000004015780
0 20030
cob=(7)
cfi=(206)
cfn=(2230) std::filesystem::__cxx11::path::_M_find_extension() const
calls=10015 0 
0 611897

fn=(2492) 0x0000000004015c20
0 16
cob=(7)
cfi=(206)
cfn=(2494) std::thread::_M_start_thread(std::unique_ptr<std::thread::_State, std::default_delete<std::thread::_State> >, void (*)())
calls=8 0 
0 11821

fn=(2574) 0x00000000050a8580
0 36
cob=(2)
cfi=(252) ./string/../sysdeps/x86_64/multiarch/strchr-avx2.S
cfn=(2576) __strchrnul_avx2
calls=18 53 
0 342

fn=(2614) 0x0000000004d338a0
0 760796
cob=(7)
cfi=(206)
cfn=(2618) std::filesystem::__cxx11::path::root_name() const
calls=380398 0 
0 20921890
cob=(1)
cfi=(207)
cfn=(714)
calls=1 39 
0 834
0 5

fn=(2726) 0x0000000004d33fb0
0 20030
cob=(7)
cfi=(206)
cfn=(2230)
calls=10015 0 
0 761140
cob=(1)
cfi=(207)
cfn=(714)
calls=1 39 
0 886
0 5

fn=(2856) 0x0000000004d37530
0 20
cob=(7)
cfi=(206)
cfn=(2860) std::ostream::sentry::sentry(std::ostream&)
calls=10 0 
0 305
cob=(1)
cfi=(207)
cfn=(714)
calls=1 39 
0 713
0 5

fn=(2857) 0x0000000004d37530'2
0 2
cob=(7)
cfi=(206)
cfn=(2861) std::ostream::sentry::sentry(std::ostream&)'2
calls=1 0 
0 15

fn=(2864) 0x0000000004d36ed0
0 8
cob=(2)
cfi=(324) ./libio/./libio/iofwrite.c
cfn=(2868) fwrite
calls=4 31 
0 1089
cob=(1)
cfi=(207)
cfn=(714)
calls=1 39 
0 872
0 5

fn=(2942) 0x0000000004016610
0 4
cob=(7)
cfi=(206)
cfn=(2944) std::condition_variable::~condition_variable()
calls=2 0 
0 1112

fn=(672) 0x00000000050a8650
0 2
cob=(2)
cfi=(201) ./string/../sysdeps/x86_64/multiarch/strrchr-avx2.S
cfn=(674) __strrchr_avx2
calls=1 53 
0 33

fn=(822) 0x0000000004d34f70
0 2
cob=(7)
cfi=(206)
cfn=(826) std::__cxx11::moneypunct<char, false>::_M_initialize_moneypunct(__locale_struct*, char const*)
calls=1 0 
0 107
cob=(1)
cfi=(207)
cfn=(714)
calls=1 39 
0 1086
0 5

fn=(828) 0x0000000004d366d0
0 2
cob=(7)
cfi=(206)
cfn=(832) std::__cxx11::moneypunct<char, true>::_M_initialize_moneypunct(__locale_struct*, char const*)
calls=1 0 
0 107
cob=(1)
cfi=(207)
cfn=(714)
calls=1 39 
0 1155
0 5

fn=(886) 0x0000000004d35040
0 24
cob=(7)
cfi=(206)
cfn=(890) std::ctype<wchar_t>::_M_convert_to_wmask(unsigned short) const
calls=12 0 
0 4354
cob=(1)
cfi=(207)
cfn=(714)
calls=1 39 
0 812
0 5

fn=(892) 0x0000000004d34690
0 20
cob=(2)
cfi=(219) ./wctype/./wctype/wctype_l.c
cfn=(896) wctype_l
calls=10 26 
0 3300
cob=(1)
cfi=(207)
cfn=(714)
calls=1 39 
0 883
0 5

fn=(1116) 0x0000000004d36920
0 700638
cob=(7)
cfi=(206)
cfn=(1120) std::ios_base::_M_init()
calls=350319 0 
0 29918341
cob=(1)
cfi=(207)
cfn=(714)
calls=1 39 
0 720
0 5

fn=(1838) 0x0000000004d37360
0 80192
cob=(2)
cfi=(237)
cfn=(1492)
calls=40096 28 
0 561347
cob=(1)
cfi=(207)
cfn=(714)
calls=1 39 
0 801
0 5

fn=(1856) 0x0000000004015c00
0 80126
cob=(7)
cfi=(206)
cfn=(1858) std::basic_filebuf<char, std::char_traits<char> >::open(char const*, std::_Ios_Openmode)
calls=40063 0 
0 38298718

fn=(1906) 0x00000000050a8670
0 80126
cob=(2)
cfi=(252)
cfn=(1908) __strchr_avx2
calls=40063 53 
0 841323

fn=(1924) 0x0000000004015570
0 80126
cob=(7)
cfi=(206)
cfn=(1926) std::basic_filebuf<char, std::char_traits<char> >::close()
calls=40063 0 
0 26045114

fn=(1996) 0x0000000004d33940
0 260250
cob=(7)
cfi=(206)
cfn=(2000) std::ios_base::_M_dispose_callbacks()
calls=130125 0 
0 1691625
cob=(1)
cfi=(207)
cfn=(714)
calls=1 39 
0 796
0 5

fn=(756) 0x0000000004d33880
0 2
cob=(7)
cfi=(206)
cfn=(760) std::ctype<char>::ctype(unsigned short const*, bool, unsigned long)
calls=1 0 
0 3898
cob=(1)
cfi=(207)
cfn=(714)
calls=1 39 
0 700
0 5

fn=(2254) 0x00000000040165b0
0 180122
cob=(7)
cfi=(206)
cfn=(1664)
calls=90061 0 
0 5583782

fn=(2264) 0x0000000004d350f0
0 180124
cob=(7)
cfi=(206)
cfn=(2268) std::__cxx11::basic_stringbuf<char, std::char_traits<char>, std::allocator<char> >::_M_pbump(char*, char*, long)
calls=90062 0 
0 990682
cob=(1)
cfi=(207)
cfn=(714)
calls=1 39 
0 1021
0 5

fn=(2284) 0x0000000004015590
0 1161096
cob=(7)
cfi=(206)
cfn=(2286) std::filesystem::__cxx11::path::lexically_normal() const
calls=580548 0 
0 2429693706

fn=(2338) 0x0000000004015aa0
0 1408
cob=(7)
cfi=(206)
cfn=(2340) std::__cxx11::basic_string<char, std::char_traits<char>, std::allocator<char> >::swap(std::__cxx11::basic_string<char, std::char_traits<char>, std::allocator<char> >&)
calls=704 0 
0 23232

fn=(2472) 0x0000000004d36400
0 4
cob=(2)
cfi=(272) ./misc/../sysdeps/unix/sysv/linux/getsysstats.c
cfn=(2476) get_nprocs
calls=2 215 
0 834
cob=(1)
cfi=(207)
cfn=(714)
calls=1 39 
0 870
0 5

fn=(2682) 0x0000000004d35110
0 64
cob=(2)
cfi=(306) ./stdlib/./stdlib/canonicalize.c
cfn=(2686) realpath@@GLIBC_2.3
calls=32 428 
0 30768
cob=(1)
cfi=(207)
cfn=(714)
calls=1 39 
0 829
0 5

fn=(2712) 0x0000000004d36f90
0 180152
cob=(2)
cfi=(311) ./io/../sysdeps/unix/sysv/linux/lstat64.c
cfn=(2716) lstat
calls=90076 28 
0 1261064
cob=(1)
cfi=(207)
cfn=(714)
calls=1 39 
0 831
0 5

fn=(2838) 0x0000000004d35270
0 6
cob=(1)
cfi=(323) ./elf/../sysdeps/x86_64/tls_get_addr.S
cfn=(2842) __tls_get_addr
calls=3 29 
0 36
cob=(1)
cfi=(207)
cfn=(714)
calls=1 39 
0 874
0 5

fn=(3126) 0x0000000004d35460
0 4
cob=(7)
cfi=(206)
cfn=(3130) std::error_category::~error_category()
calls=2 0 
0 4
cob=(1)
cfi=(207)
cfn=(714)
calls=1 39 
0 742
0 5

fn=(3196) 0x0000000004e89364
0 4

fn=(3244) 0x0000000005079438
0 4

fn=(2438) 0x0000000004015ac0
0 6
cob=(2)
cfi=(249) ./io/../sysdeps/unix/sysv/linux/open64.c
cfn=(1900) open
calls=3 30 
0 142

fn=(2448) 0x0000000004015bb0
0 4
cob=(2)
cfi=(270) ./misc/../sysdeps/unix/sysv/linux/fsync.c
cfn=(2450) fsync
calls=2 26 
0 62

fn=(692) 0x0000000004f3e000
0 7

fn=(798) 0x0000000004d35210
0 64
cob=(7)
cfi=(206)
cfn=(802) std::locale::_Impl::_M_install_facet(std::locale::id const*, std::locale::facet const*)
calls=32 0 
0 13517
cob=(1)
cfi=(207)
cfn=(714)
calls=1 39 
0 940
0 5

fn=(864) 0x0000000004d36170
0 8
cob=(2)
cfi=(214) ./locale/./locale/uselocale.c
cfn=(868) uselocale
calls=4 30 
0 88
cob=(1)
cfi=(207)
cfn=(714)
calls=1 39 
0 816
0 5

fn=(870) 0x0000000004d35170
0 256
cob=(2)
cfi=(215) ./wcsmbs/./wcsmbs/wctob.c
cfn=(874) wctob
calls=128 30 
0 2432
cob=(1)
cfi=(207)
cfn=(714)
calls=1 39 
0 948
0 5

fn=(942) 0x0000000004d33d90
0 2
cob=(7)
cfi=(206)
cfn=(946) std::__cxx11::messages<wchar_t>::messages(unsigned long)
calls=1 0 
0 47
cob=(1)
cfi=(207)
cfn=(714)
calls=1 39 
0 765
0 5

fn=(968) 0x0000000004d33b30
0 2
cob=(7)
cfi=(206)
cfn=(972) std::moneypunct<char, false>::_M_initialize_moneypunct(__locale_struct*, char const*)
calls=1 0 
0 107
cob=(1)
cfi=(207)
cfn=(714)
calls=1 39 
0 1000
0 5

fn=(1096) 0x0000000004d33860
0 2
cob=(7)
cfi=(206)
cfn=(1100) std::locale::locale(std::locale::_Impl*)
calls=1 0 
0 3
cob=(1)
cfi=(207)
cfn=(714)
calls=1 39 
0 732
0 5

fn=(1468) 0x0000000004d33ab0
0 2
cob=(7)
cfi=(206)
cfn=(1448)
calls=1 0 
0 6
cob=(1)
cfi=(207)
cfn=(714)
calls=1 39 
0 985
0 5

fn=(1546) 0x0000000004d36d80
0 17036536
cob=(7)
cfi=(206)
cfn=(1476)
calls=8518268 0 
0 25554804
cob=(1)
cfi=(207)
cfn=(714)
calls=1 39 
0 808
0 5

fn=(1596) 0x0000000004d37670
0 19317772
cob=(7)
cfi=(206)
cfn=(1480)
calls=9658886 0 
0 365310640
cob=(1)
cfi=(207)
cfn=(714)
calls=1 39 
0 864
0 5

fn=(1640) 0x0000000004d35250
0 25044878
cob=(7)
cfi=(206)
cfn=(1501) std::filesystem::__cxx11::path::_List::_Impl_deleter::operator()(std::filesystem::__cxx11::path::_List::_Impl*) const'2
calls=9038925 0 
0 36155700
cob=(7)
cfi=(206)
cfn=(1500)
calls=3483514 0 
0 369046162
cob=(1)
cfi=(207)
cfn=(714)
calls=1 39 
0 980
0 5

fn=(1641) 0x0000000004d35250'2
0 18557206
cob=(7)
cfi=(206)
cfn=(1501)
calls=9278603 0 
0 37114412

fn=(1846) 0x0000000004015d90
0 80126
cob=(7)
cfi=(206)
cfn=(1848) std::basic_filebuf<char, std::char_traits<char> >::basic_filebuf()
calls=40063 0 
0 4207467

fn=(1866) 0x0000000004d34350
0 80126
cob=(7)
cfi=(206)
cfn=(1870) std::__basic_file<char>::open(char const*, std::_Ios_Openmode, int)
calls=40063 0 
0 23278045
cob=(1)
cfi=(207)
cfn=(714)
calls=1 39 
0 872
0 5

fn=(1928) 0x0000000004d34d60
0 160254
cob=(7)
cfi=(206)
cfn=(1932) std::basic_filebuf<char, std::char_traits<char> >::_M_terminate_output()
calls=80127 0 
0 1842921
cob=(1)
cfi=(207)
cfn=(714)
calls=1 39 
0 959
0 5

fn=(1946) 0x0000000004d36bf0
0 160252
cob=(7)
cfi=(206)
cfn=(1950) std::__basic_file<char>::close()
calls=80126 0 
0 16586863
cob=(1)
cfi=(207)
cfn=(714)
calls=1 39 
0 764
0 5

fn=(1984) 0x0000000004016180
0 260250
cob=(7)
cfi=(206)
cfn=(1132)
calls=130125 0 
0 780750

fn=(2010) 0x0000000004d36870
0 80128
cob=(7)
cfi=(206)
cfn=(2014) std::basic_filebuf<char, std::char_traits<char> >::_M_seek(long, std::_Ios_Seekdir, __mbstate_t)
calls=40064 0 
0 4490497
cob=(1)
cfi=(207)
cfn=(714)
calls=1 39 
0 1063
0 5

fn=(2064) 0x0000000004015f80
0 40064
cob=(7)
cfi=(206)
cfn=(2066) std::istream::read(char*, long)
calls=20032 0 
0 8442210

fn=(2128) 0x00000000040158b0
0 20046
cob=(7)
cfi=(206)
cfn=(1734)
calls=10023 0 
0 1352778

fn=(2174) 0x00000000040158d0
0 20220
cob=(2)
cfi=(209)
cfn=(748)
calls=10110 198 
0 957546

fn=(2212) 0x0000000004d37320
0 180260
cob=(7)
cfi=(206)
cfn=(2216) std::__cxx11::basic_string<char, std::char_traits<char>, std::allocator<char> >::_M_mutate(unsigned long, unsigned long, char const*, unsigned long)
calls=90130 0 
0 17783467
cob=(1)
cfi=(207)
cfn=(714)
calls=1 39 
0 1033
0 5

fn=(2232) 0x0000000004d367a0
0 40060
cob=(7)
cfi=(206)
cfn=(2236)
calls=20030 0 
0 530795
cob=(1)
cfi=(207)
cfn=(714)
calls=1 39 
0 977
0 5

fn=(2624) 0x0000000004015640
0 20030
cob=(7)
cfi=(206)
cfn=(2626) std::__cxx11::basic_string<char, std::char_traits<char>, std::allocator<char> >::resize(unsigned long, char)
calls=10015 0 
0 100150

fn=(2638) 0x0000000004015ba0
0 981482
cob=(7)
cfi=(206)
cfn=(2640) std::__cxx11::basic_string<char, std::char_traits<char>, std::allocator<char> >::push_back(char)
calls=490741 0 
0 13988083

fn=(2834) 0x0000000004015c80
0 4
cob=(2)
cfi=(210)
cfn=(772)
calls=2 136 
0 1028

fn=(2964) 0x0000000004d36960
0 2
cob=(2)
cfi=(329) ./stdio-common/../sysdeps/posix/remove.c
cfn=(2968) remove
calls=1 31 
0 18
cob=(1)
cfi=(207)
cfn=(714)
calls=1 39 
0 916
0 5

fn=(2988) 0x0000000004d356a0
0 2
cob=(7)
cfi=(206)
cfn=(2992) std::ostreambuf_iterator<char, std::char_traits<char> > std::num_put<char, std::ostreambuf_iterator<char, std::char_traits<char> > >::_M_insert_float<double>(std::ostreambuf_iterator<char, std::char_traits<char> >, std::ios_base&, char, char, double) const
calls=1 0 
0 4482
cob=(1)
cfi=(207)
cfn=(714)
calls=1 39 
0 1205
0 5

fn=(3054) 0x0000000004016320
0 4
cob=(7)
cfi=(206)
cfn=(3056) std::__cxx11::basic_string<char, std::char_traits<char>, std::allocator<char> >::_M_replace(unsigned long, unsigned long, char const*, unsigned long)
calls=2 0 
0 286

ob=(1)
fl=(56) ./io/../sysdeps/unix/sysv/linux/open64_nocancel.c
fn=(182) __open_nocancel
28 24
+3 12
-3 36
+3 72
+8 84
+2 12
-2 18
+2 12

fl=(31) ./elf/./elf/dl-load.c
fn=(170) _dl_map_object
2213 98
+1 14
-1 98
+1 28
cfn=(172) _dl_lookup_map
calls=14 1917 
* 8784
+1 42
+3 77
-1 25
+1 30
-1 5
cfn=(178) _dl_map_new_object
calls=5 1952 
* 19080

fn=(220) _dl_dst_count
228 26
+3 13
-3 26
+7 13
-7 39
+3 13
cfi=(43) ./string/../sysdeps/x86_64/multiarch/../multiarch/strchr-sse2.S
cfn=(122) index
calls=13 32 
* 408
+3 26
+20 91

fn=(210) _dl_notify_new_object
908 20
+2 5
-2 25
+2 5
cfi=(47) ./elf/./elf/dl-debug.c
cfn=(212) _dl_debug_update
calls=5 94 
* 35
* 5
+1 15
+21 25
-4 10
+7 5
-2 10
+2 20
-2 5
cfi=(51)
cfn=(214) _dl_audit_objopen
calls=5 77 
* 25

fn=(178)
1952 75
+10 10
+12 5
-5 5
-15 5
+20 10
+14 15
cfi=(43)
cfn=(122)
calls=5 32 
* 120
* 10
2140 2
-1 3
cfn=(138) expand_dynamic_string_token
calls=1 375 
* 159
+6 1
-6 1
+2 2
+4 7
cfn=(180) open_verify.constprop.0
calls=1 1511 
* 105
+3 2
-3 1
+3 1
+12 15
+46 55
cfn=(186) _dl_map_object_from_fd
calls=5 948 
* 10810
* 5
+2 40
1992 8
cfi=(22) ./string/../sysdeps/x86_64/multiarch/../multiarch/strlen-sse2.S
cfn=(60) strlen
calls=4 57 
* 68
* 8
+2 8
+7 16
+51 52
cfn=(224) open_path
calls=4 1760 
* 1275
+6 4
-6 4
+6 8
-53 4
+1 4
670 20
2010 12
656 12
2010 12
+15 8
+1 28
656 12
2051 8
+1 8
656 12
2073 8
cfi=(70) ./elf/./elf/dl-cache.c
cfn=(230) _dl_load_cache_lookup
calls=4 386 
* 5445
* 4
+2 8
+4 8
+31 4
-23 8
+23 28
cfn=(180)
calls=4 1511 
* 456
+4 8
-4 4
+4 4
+1 4
+17 8
-65 8
+2 12
-33 8

fn=(224)
1760 32
+1 8
+6 8
+5 52
+57 8
-57 24
-7 4
-1 4
+65 4
-20 8
-34 4
+8 4
-8 4
+8 8
+7 20
cfi=(29) ./string/../sysdeps/x86_64/multiarch/memmove-vec-unaligned-erms.S
cfn=(128) mempcpy
calls=4 197 
* 52
* 12
+1 44
+3 24
+5 42
cfi=(29)
cfn=(128)
calls=6 197 
* 78
* 24
cfi=(29)
cfn=(128)
calls=6 197 
* 78
+3 12
+6 12
+3 42
cfn=(180)
calls=6 1511 
* 354
* 6
+2 18
+2 6
+98 36
-74 12
-48 37
+99 32
+6 8
-2 4
+2 8
+3 12
1770 8
+71 6
-20 18
+6 6
+2 3
-2 3
+2 6
cfi=(68) ./io/../sysdeps/unix/sysv/linux/stat64.c
cfn=(226) stat
calls=3 28 
* 46
* 3
+3 3
-3 3
+1 1
+4 1
-4 2
+4 5
-43 2
+43 2
-43 4
-19 8

fn=(138)
375 14
231 2
375 2
231 4
cfi=(43)
cfn=(122)
calls=2 32 
* 72
+3 4
400 2
-11 2
+11 8
-11 2
cfi=(46) ./string/./string/strdup.c
cfn=(140) strdup
calls=2 40 
* 156

fn=(134) fillin_rpath.isra.0
442 9
+4 1
-4 9
+6 3
cfi=(7) ./elf/./elf/dl-minimal.c
cfn=(136) strsep
calls=1 239 
* 242
* 3
cfi=(7)
cfn=(136)
calls=1 239 
* 9
* 6
+7 2
+2 3
cfn=(138)
calls=1 -82 
* 109
* 1
+4 2
+5 2
cfi=(22)
cfn=(60)
calls=1 57 
* 17
* 1
+1 2
+7 4
+9 15
+1 8
fi=(28) ./elf/../include/rtld-malloc.h
50 2
cfi=(27) ./elf/./elf/dl-minimal-malloc.c
cfn=(144) __minimal_free
calls=1 +47 
* 5
+1 1
fe=(31)
502 4
+4 3
fi=(28)
56 1
cfi=(27)
cfn=(76) __minimal_malloc
calls=1 -20 
* 18
* 1
fe=(31)
508 2
+5 1
+1 2
-1 1
-1 1
+2 1
cfi=(29)
cfn=(128)
calls=1 197 
* 13
+3 1
-3 1
+1 1
+2 1
+7 3
-1 7
+2 1
-1 1
+1 1
-1 3
+1 1
-1 2
+1 1
+2 2
+1 3
+1 1
+6 2
+1 1
+3 3
-60 2
-22 2
+88 1
+3 8
-24 2

fn=(186)
948 55
+15 5
-15 10
+15 5
-15 5
+15 10
+85 20
+10 10
+7 35
cfi=(26) ./elf/./elf/dl-object.c
cfn=(70) _dl_new_object
calls=5 59 
* 1811
* 5
+1 10
+11 5
+1 5
-1 5
+2 5
+3 5
-1 5
-2 5
+3 15
+1 8
+19 8
-2 4
+2 30
-2 1
+2 52
+10 5
-10 10
+10 15
+27 5
-33 5
-3 5
+2 5
-1 5
+44 5
fi=(30) ./elf/../include/stackinfo.h
62 5
fe=(31)
1139 5
-41 5
+50 5
fi=(30)
62 15
fe=(31)
1113 230
+26 120
+10 40
-1 20
-1 20
+1 40
+1 20
+2 20
-3 20
+1 20
+2 20
+2 20
-4 20
+1 20
+3 20
-4 20
+4 100
+2 40
+13 85
fi=(30)
62 30
fe=(31)
1173 15
fi=(30)
62 105
fe=(31)
1147 30
-35 45
fi=(30)
62 10
fe=(31)
1173 5
fi=(30)
62 35
fe=(31)
1147 10
-35 135
+1 327
1214 5
1112 5
1214 10
1112 15
1219 20
1078 5
1229 5
1078 30
1230 5
-1 5
+1 5
-1 15
+1 15
-1 15
+1 15
-1 45
+7 10
+10 20
+7 20
fi=(62) ./elf/./dl-map-segments.h
29 5
fe=(31)
1253 15
fi=(62)
29 10
+1 35
cfi=(60) ./misc/../sysdeps/unix/sysv/linux/mmap64.c
cfn=(192) mmap
calls=5 +17 
* 140
+72 5
-72 5
+73 10
+3 10
+1 5
-1 5
+1 5
+2 10
+17 5
-44 5
fi=(63) ./elf/./dl-load.h
+9 40
fi=(62)
+59 80
+6 5
+2 5
-2 5
+3 5
-2 5
+2 5
-1 10
+3 15
+5 10
+3 15
+8 35
cfi=(45) ./string/../sysdeps/x86_64/multiarch/../multiarch/memset-vec-unaligned-erms.S
cfn=(132) memset
calls=5 -40 
* 756
* 10
+6 10
+41 20
-88 80
+2 60
+2 30
+1 15
-1 75
cfi=(60)
cfn=(192)
calls=15 -93 
* 315
* 30
fe=(31)
1054 5
fi=(59) ./elf/../sysdeps/posix/dl-fileid.h
37 10
cfi=(58) ./io/../sysdeps/unix/sysv/linux/fstat64.c
cfn=(188) fstat
calls=5 -7 
* 30
* 10
+3 5
fe=(31)
999 5
fi=(59)
40 5
+1 10
fe=(31)
999 90
+1 40
fi=(59)
49 60
fe=(31)
1458 45
1133 2
+1 1
-15 10
+7 5
+2 5
-2 5
+1 5
+1 5
-1 10
+1 40
fi=(30)
62 40
fe=(31)
1211 5
-34 9
+5 3
-1 6
+5 3
-5 6
-55 3
+60 12
+1 3
+3 3
-3 3
+8 12
1086 12
+1 2
-1 1
+1 1
-1 1
+1 1
cfi=(72) ./io/../sysdeps/unix/sysv/linux/pread64_nocancel.c
cfn=(242) __pread64_nocancel
calls=1 25 
* 7
* 2
-69 10
1269 20
+1 15
fi=(64) ./elf/./elf/get-dynamic-info.h
39 10
+6 5
-2 5
+2 10
+8 6
+15 6
-23 24
+23 132
-23 528
+4 276
+3 37
-1 74
+3 124
+1 104
fi=(63)
+37 16
+2 4
-1 4
+1 4
-1 8
+1 4
-1 8
+3 16
fi=(64)
-40 25
+3 20
+13 20
+12 17
+1 20
+1 20
+1 20
+1 17
+1 19
+1 19
+1 20
+12 5
+7 5
-7 35
+7 10
+5 8
+7 8
+1 15
+6 15
+1 6
+17 15
+5 4
+2 4
+2 4
+2 4
+1 2
+3 15
+2 9
+1 6
+9 6
+6 6
+1 4
+3 10
fe=(31)
1276 10
+1 10
+2 10
+10 15
+19 15
+2 25
+20 15
+1 6
+6 30
+1 100
+6 20
cfn=(88) _dl_process_pt_gnu_property
calls=5 842 
* 360
-7 135
+1 65
+6 65
-6 130
fi=(32) ./elf/../sysdeps/x86/dl-prop.h
149 30
fe=(31)
984 10
1086 2
1276 4
+73 10
cfi=(65) ./io/../sysdeps/unix/sysv/linux/close_nocancel.c
cfn=(206) __GI___close_nocancel
calls=5 25 
* 30
* 10
+13 10
+2 20
+2 10
+16 10
cfi=(8) ./elf/./elf/dl-setup_hash.c
cfn=(14) _dl_setup_hash
calls=5 25 
* 135
+4 10
+1 10
+17 10
+1 1
+3 4
+5 2
-5 16
+5 8
+5 10
+10 20
+8 10
+1 12
+5 6
cfi=(48)
cfn=(240) _dl_assign_tls_modid
calls=3 161 
* 36
+7 15
cfi=(26)
cfn=(82) _dl_add_to_namespace_list
calls=5 31 
* 255
+3 10
+3 20
cfn=(210)
calls=5 908 
* 210
+2 5
fi=(62)
189 8
-3 2
+3 8
-3 12
+3 2
cfi=(60)
cfn=(192)
calls=2 47 
* 42
+3 4
+2 2
cfi=(61) ./misc/../sysdeps/unix/sysv/linux/setvmaname.c
cfn=(238) __is_decorate_maps_enabled
calls=2 33 
* 12
* 4
fi=(4) ./elf/../sysdeps/generic/ldsodefs.h
-98 23
+3 8
+1 4
-1 8
+1 4
fe=(31)
1429 20
cfi=(34) ./string/../sysdeps/x86_64/multiarch/../multiarch/strcmp-sse2.S
cfn=(98) strcmp
calls=4 98 
* 191
* 8
+1 3
fi=(64)
62 20
+2 20
fe=(31)

fn=(180)
1511 110
+32 11
-32 22
+32 22
+19 44
cfi=(56)
cfn=(182)
calls=11 28 
* 249
* 11
+2 22
+8 5
+1 10
+6 5
-1 10
+1 5
-1 5
cfi=(57) ./io/../sysdeps/unix/sysv/linux/read_nocancel.c
cfn=(184) __read_nocancel
calls=5 25 
* 30
* 5
+4 5
-2 10
+2 10
+2 10
+6 10
+15 65
+83 10
+5 10
+8 20
+6 10
+6 5
+1 5
-1 5
+1 15
+33 99
-29 12
+1 2
-1 1
+1 1
cfi=(72)
cfn=(242)
calls=1 25 
* 7
* 2
1548 12
+57 9
1718 2
+24 12

fn=(172)
1917 84
+1 28
+1 28
+3 237
+5 420
+2 180
cfi=(55) ./elf/./elf/dl-misc.c
cfn=(174) _dl_name_match_p
calls=60 68 
* 5923
* 120
+2 102
fi=(4)
96 153
+4 28
-1 140
+1 28
fe=(31)
1931 56
+1 84
cfi=(34)
cfn=(98)
calls=28 98 
* 1028
* 56
+13 59
-1 5
+1 25

fn=(88)
842 6
+8 12
-6 6
+12 12
-13 6
+13 6
-13 12
+13 12
+3 18
+1 12
+1 12
+3 18
+1 18
+4 6
+1 12
+22 18
+2 24
-20 18
+4 18
-3 9
+6 9
+1 27
fi=(32)
95 36
+7 18
+16 9
-3 18
252 6
+5 3
-4 3
+4 9
+3 3
-6 12
+1 6
+2 24
+3 9
fe=(31)

fn=(110) _dl_init_paths
680 11
+14 1
-14 2
+14 2
cfi=(39) ./elf/./elf/dl-hwcaps.c
cfn=(112) _dl_important_hwcaps
calls=1 171 
* 1202
fi=(28)
56 1
fe=(31)
694 1
fi=(28)
56 1
cfi=(27)
cfn=(76)
calls=1 -20 
* 18
fe=(31)
699 1
+2 2
+7 2
+1 1
-1 3
+5 3
fi=(28)
56 1
cfi=(27)
cfn=(76)
calls=1 -20 
* 18
fe=(31)
713 1
+2 5
+7 1
+8 2
+5 1
-14 1
+16 1
-7 1
+11 1
-6 1
+9 3
-2 1
+2 1
-8 1
+6 1
+2 2
-12 1
+9 2
+1 16
cfi=(45)
cfn=(132)
calls=4 137 
* 56
+2 18
-14 3
+10 3
-8 3
+12 3
-8 3
-6 3
+5 3
+1 3
-4 3
+8 9
+1 6
+15 1
+3 1
-15 1
+7 1
-1 1
+9 2
+2 4
+2 3
+36 5
+2 2
cfi=(22)
cfn=(60)
calls=1 57 
* 17
* 8
-19 1
-2 1
+2 2
+19 9
cfi=(29)
cfn=(80) memcpy
calls=1 210 
* 11
* 1
+5 4
-1 4
+2 1
+1 2
-2 4
+1 13
+1 26
-2 52
+5 1
fi=(28)
56 1
cfi=(27)
cfn=(76)
calls=1 -20 
* 18
fe=(31)
810 1
+2 2
+6 7
cfn=(134)
calls=1 442 
* 555
+3 3
+6 1
+4 8
-35 2
+5 2

fl=(184) ./elf/./elf/dl-lookup-direct.c
fn=(604) _dl_lookup_direct
74 39
+2 6
+2 9
+37 3
-37 9
+1 6
+2 15
+3 25
-52 3
+54 6
-54 3
+54 3
-54 9
+1 9
+2 6
+1 6
+12 9
+3 3
+2 6
-2 3
+2 9
cfi=(34)
cfn=(98)
calls=3 +45 
* 214
* 6
+4 6
+1 3
-1 3
+1 15
+1 9
cfi=(34)
cfn=(98)
calls=3 +39 
* 217
* 6
+57 27
-23 6

fl=(82) ./elf/./elf/dl-lookup.c
fn=(294) _dl_lookup_symbol_x
767 27816
fi=(83) ./elf/../sysdeps/generic/dl-new-hash.h
74 2318
fe=(82)
767 6954
fi=(83)
77 4636
-8 2318
+1 4636
+10 2318
+1 4636
-1 45281
+1 90562
+20 46443
-2 46443
+6 46443
-3 92886
+2 46443
-30 46443
+3 92886
fe=(82)
769 2318
+1 2318
+3 2318
-4 2318
+1 2318
+7 9232
+5 4636
-2 4636
+6 6954
-15 6954
+15 18624
+1 32452
cfn=(298) do_lookup_x
calls=2318 344 
* 902924
* 6954
+5 9272
+23 2302
+1 13792
+7 2302
-7 2302
+35 9208
+14 6906
+3 4604
+17 4604
+2 20862
fi=(83)
87 1156
+1 1156
+1 2312
+1 1156
fe=(82)
794 112
+17 16
+1 32
+54 2

fn=(298)
344 34770
+6 2318
+59 2318
-58 2318
fi=(84) ./elf/../sysdeps/generic/dl-protected.h
29 2318
fe=(82)
409 2318
fi=(84)
29 2318
fe=(82)
409 16226
-26 15394
+4 15394
+6 23091
+8 7697
-4 7697
+1 7697
+3 30788
+1 15394
+3 7697
-3 7697
+4 15394
+7 7697
-3 15394
-2 7697
+5 23091
+3 53879
+99 16185
355 23091
+3 15394
+4 15826
515 93
355 62
+3 62
518 32
fi=(4)
151 4604
+1 6906
fe=(82)
473 4604
fi=(84)
29 4604
fe=(82)
480 12556
+16 4440
+1 2220
+1 2220
+21 17760
-21 82
+21 784
-99 7674
-1 5116
+2 5116
+2 2489
+6 7467
-6 2489
+6 19912
+7 11439
-10 30545
+2 2320
+1 6960
-1 2320
+1 4640
-1 2320
+1 6960
+1 2320
-1 2320
+1 2320
-1 13920
cfn=(300) check_match
calls=2320 70 
* 260928
+4 25328
219 82
+2 82
-2 164
+2 82
-2 82
+2 82
+2 82
-2 246
cfi=(24) ./elf/../sysdeps/nptl/dl-tls_init_tp.c
cfn=(84) rtld_mutex_dummy
calls=82 43 
* 246
+2 82
+2 328
-1 81
+3 405
+1 81
-1 81
+1 81
-1 162
+1 162
-1 81
+1 162
-1 1745
+24 372
+3 105
+1 315
-23 186
-1 372
484 4272
+4 1
fi=(28)
44 4
cfi=(27)
cfn=(72) __minimal_calloc
calls=1 +36 
* 29
* 1
fe=(82)
299 2
+3 1
-75 1
+70 1
+7 1
-7 1
+6 1
-76 1
+77 1
167 12
+1 6
308 5
-1 2
+1 405
-1 170
171 2
+1 6
-3 6
+9 1
-2 1
+1 1
+1 1
+1 2
326 3
+2 1
-2 1
+2 1
cfi=(24)
cfn=(84)
calls=1 43 
* 3
-2 243
+2 81
-2 81
+2 81
cfi=(24)
cfn=(84)
calls=81 43 
* 243
+2 164
+1 82
-1 82
+1 82
173 549
-2 93
+1 279
-3 348
+7 81
+1 81
+1 81
+1 81
315 324
467 392
+2 12
259 1134
+7 12
cfi=(55)
cfn=(584) _dl_higher_prime_number
calls=2 85 
* 159
fi=(28)
44 2
fe=(82)
266 2
fi=(28)
44 4
cfi=(27)
cfn=(72)
calls=2 +36 
* 58
* 2
fe=(82)
269 4
168 4
276 6
168 6
276 282
+1 276
+1 140
167 70
278 210
167 70
+1 70
-1 70
+1 210
+1 444
+2 15
+1 45
-3 170
+7 70
+3 70
-2 70
+3 70
+76 371
-83 2
445 1351
173 12
282 14
cfi=(27)
cfn=(144)
calls=2 97 
* 10
+4 2
167 2
285 6
-2 2
+3 2
167 2
285 2
-1 2
167 2
+1 2
-1 2
+1 8

fn=(300)
70 4640
+3 18532
+13 11565
-16 20817
+19 7141
cfi=(34)
cfn=(98)
calls=503 +9 
* 37268
* 1006
+4 4626
+1 4626
+4 4618
+4 4618
+1 20781
+1 11465
cfi=(34)
cfn=(98)
calls=2293 -6 
* 81279
* 4586
+54 2293
-54 4586
+55 16191
-1 4
-17 8
+2 8
+1 4
-1 8
+1 12
-1 8
+4 2
-35 42
+3 12
-37 34
+31 48
+1 16
+1 42
-38 28
+86 14

fl=(52) ./string/../string/strcspn.c
fn=(160) strcspn
32 5
+1 3
+1 2
+5 6
+1 4
+1 4
+1 4
+2 1
+3 3
+1 2
-1 6
+1 4
+3 4
+1 4
+1 4
+1 4
+2 3
+6 1
-1 1
+1 1
+2 2
-1 2
+2 1
+2 6
-5 11
-1 11
+1 11
+2 22
-1 22
+2 11
+2 66
+2 1
+1 2
+1 1
-1 2
+1 1

fl=(16) ./elf/../sysdeps/x86/cpu-features.c
fn=(42) update_active.constprop.0
90 7
+4 1
+28 1
+9 1
-18 1
-10 1
-1 1
+25 1
-23 1
-1 1
-1 2
+19 1
-18 1
+24 1
+8 1
-31 1
+23 1
+3 1
-18 1
+9 1
+9 2
-18 1
+15 1
+3 2
+4 1
-13 1
+13 2
-22 1
+22 2
+5 1
-18 1
+18 1
-4 1
+4 3
+1 1
+2 1
+5 1
-7 2
+1 1
+1 1
-1 2
+5 1
+2 1
-2 4
+1 1
+1 1
-1 2
+1 1
-1 1
+3 2
+1 4
+14 2
+4 2
+1 2
-1 4
+1 2
+2 3
+91 1
-1 2
+17 4
+16 2
+5 1
-1 2
+4 4
+4 2
fi=(18) ./elf/../sysdeps/x86/get-isa-level.h
30 1
fe=(16)
389 2
+4 3
fi=(19) ./elf/../sysdeps/unix/sysv/linux/x86/dl-hwcap2.h
25 2
fi=(18)
+6 1
-3 1
+3 2
fe=(16)
402 1
+1 7
-92 3
+1 2
+5 1
-1 1
+10 1
-6 1
+2 1
-2 1
+3 1
+3 1
fi=(18)
32 3
+7 4
+1 3
+8 1
-1 1
+1 2
+3 4
+3 2
+9 5
fe=(16)
176 4
+6 2
+14 1
+12 3
-12 1
+12 1
-12 1
+2 1
+10 1
-10 2
-2 1
+2 1
+6 2
+4 1
-4 1
+2 1
-2 1
+2 3
+7 5
-24 1
-5 2
+4 1

fn=(36) init_cpu_features.constprop.0
728 1
+23 1
-23 7
+3 1
+9 1
-8 1
+1 1
+9 1
+9 2
+3 6
+6 6
cfn=(38) get_common_indices.constprop.0
calls=1 431 
* 71
409 3
+1 2
+1 6
+5 2
+1 6
+5 2
+1 8
765 1
cfn=(42)
calls=1 90 
* 202
+4 1
+42 1
-38 1
+15 1
-18 1
+41 1
-36 1
-5 1
+39 1
-39 1
+3 2
901 2
+7 2
+60 2
+7 2
+2 2
+4 2
+6 2
1156 1
758 1
1156 1
fi=(20) ./elf/../sysdeps/x86/dl-cacheinfo.h
1010 6
fe=(16)
755 1
1148 3
+1 2
+3 2
+1 2
+3 2
+7 1
+1 1
+1 1
+1 1
fi=(20)
861 2
964 1
+5 1
+11 1
-9 1
+4 1
+5 1
-16 1
+1 1
+15 1
-9 1
+2 1
-8 1
+1 1
+4 1
-4 1
+1 1
+5 1
-5 1
+1 1
+5 1
-5 1
+6 1
+37 2
-17 3
+8 2
+29 6
+9 2
+20 2
+13 2
-13 1
+6 1
+20 1
-20 1
+7 1
-7 1
+7 1
cfi=(11)
cfn=(28)
calls=1 435 
* 17
* 1
+3 1
+2 2
-3 1
+1 3
+2 1
-2 1
+2 1
cfi=(11)
cfn=(28)
calls=1 435 
* 17
* 1
+12 1
+68 1
-68 1
-10 1
+78 2
-72 2
+72 1
-68 1
+68 1
-68 1
cfi=(11)
cfn=(28)
calls=1 435 
* 17
* 1
+5 1
-4 1
+4 1
-4 2
+55 1
-51 1
+51 1
-51 1
cfi=(11)
cfn=(28)
calls=1 435 
* 17
* 1
+5 1
-4 1
+4 1
-4 2
+37 1
-33 1
+33 1
-33 1
cfi=(11)
cfn=(28)
calls=1 435 
* 17
* 1
+7 1
-6 1
+6 1
+42 1
-42 2
cfi=(11)
cfn=(28)
calls=1 435 
* 17
+2 1
-2 1
+42 1
-40 1
-2 1
+26 10
cfi=(11)
cfn=(58) __GI___tunable_set_val
calls=1 162 
* 40
+6 3
+3 9
cfi=(11)
cfn=(58)
calls=1 162 
* 40
+2 10
cfi=(11)
cfn=(58)
calls=1 162 
* 40
+1 10
cfi=(11)
cfn=(58)
calls=1 162 
* 40
+1 11
cfi=(11)
cfn=(58)
calls=1 162 
* 40
+3 10
cfi=(11)
cfn=(58)
calls=1 162 
* 40
+8 1
fe=(16)
+13 2
fi=(20)
-10 1
fe=(16)
+10 1
fi=(20)
-9 1
-4 1
+1 1
+2 1
+2 1
-4 1
+1 1
+3 1
-3 1
+4 1
fe=(16)
+7 1
cfi=(11)
cfn=(28)
calls=1 435 
* 16
+3 4
cfi=(11)
cfn=(28)
calls=1 435 
* 18
+9 1
+4 1
-4 2
+55 1
-1 1
+1 1
+45 4
cfi=(11)
cfn=(28)
calls=1 435 
* 16
+2 4
cfi=(11)
cfn=(28)
calls=1 435 
* 16
+4 2
+3 4
+3 1
+35 3
-32 1
+32 1
cfi=(11)
cfn=(28)
calls=1 435 
* 18
+7 8
fi=(20)
1046 3
+3 1
+1 2
fe=(16)
1195 1
+1 1
-1 1
+1 2
+45 3
+27 2
-10 3
+1 3
+6 1
-3 2
fi=(20)
863 3
cfn=(50) handle_intel.constprop.0
calls=1 266 
* 443
+1 1
-1 1
+1 1
cfn=(50)
calls=1 266 
* 521
+4 1
-4 1
+1 2
+3 1
cfn=(50)
calls=1 266 
* 471
+2 1
-2 1
+2 1
cfn=(50)
calls=1 266 
* 463
+3 1
-3 1
+1 2
+2 1
cfn=(50)
calls=1 266 
* 433
+2 1
-2 1
+2 1
cfn=(50)
calls=1 266 
* 435
+2 1
-2 1
+2 1
cfn=(50)
calls=1 266 
* 496
+2 1
-2 1
+2 1
cfn=(50)
calls=1 266 
* 486
+2 1
-2 1
+2 1
cfn=(50)
calls=1 266 
* 488
+1 1
+2 1
-3 1
+1 1
+2 1
cfn=(50)
calls=1 266 
* 511
+2 1
-2 1
+2 1
cfn=(50)
calls=1 266 
* 513
+2 1
-2 1
+2 1
cfn=(50)
calls=1 266 
* 514
+2 4
-2 1
+2 2
cfn=(56) get_common_cache_info.constprop.0
calls=1 624 
* 206
1001 1
-6 3
+6 1
-6 2
+6 2
-6 2
+6 3
-1 2
fe=(16)
775 3
565 4
781 5
+37 2
+3 2
926 1
+1 2

fn=(38)
431 3
+4 4
+3 3
+5 2
-5 1
+5 1
-5 1
+4 1
+1 1
+1 4
+1 4
+1 3
+1 2
+7 2
+2 4
+5 1
-5 1
+5 1
-5 2
+5 1
+7 1
-7 4
+7 1
+1 3
+6 1
-6 4
+6 1
fi=(17) ./elf/../sysdeps/unix/sysv/linux/x86/dl-minsigstacksize.h
24 2
+3 2
+1 2
+37 3
+9 2
fe=(16)
490 3

fl=(14) ./elf/../sysdeps/unix/sysv/linux/brk.c
fn=(30) brk
36 1
fi=(353) ./elf/../sysdeps/unix/sysv/linux/brk_call.h
-12 2
fe=(14)
+13 1
+1 2
+6 1
+1 1

fl=(7)
fn=(12) __rtld_malloc_init_stubs
42 1
+1 2
+1 2
+1 2
+1 2
+1 1

fn=(136)
239 2
+3 6
+2 2
+1 4
+4 3
-2 3
+4 28
+5 84
-2 56
+13 1
+4 4
-22 14
+15 14
-15 30

fn=(608) lookup_malloc_symbol
61 8
+3 4
-3 12
+3 4
-3 4
+3 20
-1 4
+1 4
cfi=(82)
cfn=(294)
calls=4 767 
* 2977
+4 32
+1 24
+2 4
fi=(185) ./elf/./dl-sym-post.h
-30 8
+12 12
fe=(7)
+19 12

fn=(606) __rtld_malloc_init_real
76 2
+10 1
+5 1
-15 3
+15 1
-15 5
+10 1
+2 1
+1 1
+2 1
cfn=(608)
calls=1 -30 
* 743
+1 3
-1 1
+1 1
cfn=(608)
calls=1 -31 
* 828
+1 3
-1 1
+1 1
cfn=(608)
calls=1 -32 
* 800
+1 3
-1 1
+1 1
cfn=(608)
calls=1 -33 
* 758
+5 1
+1 1
+1 1
+1 1
+1 8

fl=(65)
fn=(206)
25 6
+1 24
+1 6

fl=(11)
fn=(28)
435 34
+3 68
-3 34
+3 170
+9 31
-9 62
+19 21
+7 102
+2 34
-19 13
+1 13
+9 6

fn=(22) __GI___tunables_init
294 1
+6 3
-6 1
+10 2
-10 3
-39 1
+39 1
+10 1
-10 2
+10 1
-10 3
+10 28
+2 1
43 460
+6 91
-3 91
+3 10612
+4 182
+4 91
fi=(12) ./elf/./elf/dl-tunables.h
161 224
fe=(11)
+27 91
319 364
+1 91
+2 273
-3 2912
+1 728
+2 2184
-5 2548
fi=(12)
160 885
+1 3540
-1 330
fe=(11)
337 6
+6 27
-3 27
+12 8

fn=(58)
162 6
-89 6
+89 18
-89 48
+21 6
-11 6
+12 6
-1 18
+1 24
+4 12
+2 12
+4 6
-4 12
+11 12
+1 12
+3 12
+1 6
+1 6
+1 6
+47 6

fl=(33) ./elf/./elf/dl-execstack-tunable.c
fn=(94) _dl_handle_execstack_tunable
24 2
+1 2
-1 2
+1 2
cfi=(11)
cfn=(28)
calls=1 435 
* 18
* 5
+14 2

fl=(45)
fn=(132)
137 46
+1 230
+5 46
+1 46
+3 31
+1 31
+2 10
+1 10
+1 10
+84 21
+1 21
+12 21
+3 21
+1 21
+12 21
+1 21
+13 21
+1 21
+2 21
+3 12
+3 24
+3 12
+1 12
+1 12
+1 12
+1 12
+1 12
+1 12
-6 143
+1 143
+1 143
+1 143
+1 143
+1 143
+1 143
+3 21
+1 21
+1 21
+1 21
+5 21
+46 15
+2 15
+1 15
+39 15
+1 15
+2 15

fl=(2) ./elf/./elf/rtld.c
fn=(2) _dl_start
519 10
84 1
fi=(6) ./elf/../sysdeps/x86_64/dl-machine.h
-29 1
fe=(2)
549 1
-4 1
fi=(6)
55 1
fe=(2)
+29 3
548 2
fi=(3) ./elf/./get-dynamic-info.h
45 4
+23 20
-23 72
+4 36
+3 5
-1 10
+3 20
+1 16
+1 5
fi=(4)
+23 1
fi=(3)
+31 1
-38 3
+12 4
+1 3
+1 4
+1 4
+1 5
+1 3
+1 4
+1 4
+12 7
+7 2
+13 3
+6 3
+1 3
+3 2
+1 3
+5 5
+3 5
fe=(2)
565 140
fi=(3)
59 4
fe=(2)
565 12
fi=(4)
79 1
fe=(2)
565 1
fi=(4)
79 2
fe=(2)
565 27
fi=(5) ./elf/./elf/do-rel.h
49 1
+4 1
-4 1
-1 1
+1 1
+4 4
+3 2
fe=(2)
565 1
fi=(5)
49 1
+4 1
-4 1
-1 1
+1 1
+4 4
+3 2
-6 8
+11 5
+2 1
fi=(6)
273 3
fi=(5)
63 1
+2 1
-1 2
fi=(6)
282 10
+4 2
+26 4
fi=(5)
61 3
fe=(2)
565 8
fi=(5)
51 1
fi=(4)
+28 2
fe=(2)
567 1
454 1
cfi=(7)
cfn=(12)
calls=1 42 
* 10
+4 5
84 1
476 1
84 3
476 1
cfi=(8)
cfn=(14)
calls=1 25 
* 27
+1 1
+4 1
+9 1
-13 1
+19 1
-17 1
+2 1
+15 2
cfi=(9) ./elf/../sysdeps/unix/sysv/linux/dl-sysdep.c
cfn=(16) _dl_sysdep_start
calls=1 102 
* 2165191
* 1
+2 2
+87 9
fi=(3)
62 4
+2 4
+39 3
fe=(2)

fn=(158) handle_preload_list
852 11
+5 3
-58 2
+54 3
-54 4
-2 1
+2 3
+71 1
182 1
872 2
182 2
874 2
-14 3
cfi=(52)
cfn=(160)
calls=1 32 
* 238
* 1
+1 3
+2 4
cfi=(29)
cfn=(80)
calls=1 210 
* 19
+1 2
-71 1
+6 4
-2 1
+2 1
-10 1
+6 1
-2 1
+6 1
cfi=(53) ./elf/./elf/dl-catch.c
cfn=(162) _dl_catch_error
calls=1 258 
* 2743
+1 3
+8 3
+67 1
-18 2
+21 9

fn=(262) init_tls
734 1
+6 1
-6 3
+2 2
+4 1
fi=(28)
44 1
fe=(2)
751 1
fi=(28)
44 1
fe=(2)
746 1
+4 1
fi=(28)
44 1
cfi=(27)
cfn=(72)
calls=1 +36 
* 29
fe=(2)
759 1
-10 1
-3 1
+10 1
+3 1
cfi=(48)
cfn=(266) _dl_tls_static_surplus_init
calls=1 133 
* 73
+3 1
cfi=(48)
cfn=(268) _dl_determine_tlsoffset
calls=1 251 
* 257
+7 1
cfi=(48)
cfn=(272) _dl_allocate_tls_storage
calls=1 517 
* 462
* 1
+1 2
+6 1
fi=(78) ./elf/../sysdeps/generic/dl-call_tls_init_tp.h
31 2
fe=(2)
776 1
fi=(78)
31 6
+2 1
cfi=(24)
cfn=(278) __tls_init_tp
calls=1 +36 
* 96
fe=(2)
783 1
-3 1
+3 4

fn=(64) dl_main
1356 2
196 1
1356 11
198 1
301 1
+1 1
196 1
+99 3
1368 1
cfi=(24)
cfn=(66) __tls_pre_init_tp
calls=1 54 
* 17
2745 1
2513 1
2745 3
2584 1
+2 1
+15 2
-13 2
cfi=(25) ./elf/./elf/dl-environ.c
cfn=(68) _dl_next_ld_env_entry
calls=1 28 
* 97
* 4
cfi=(25)
cfn=(68)
calls=2 28 
* 491
* 9
+4 6
-2 2
+2 8
+1 2
-1 6
+1 17
-1 89
+9 12
2712 2
+10 3
1378 1
+1 2
-1 2
+1 2
2673 3
-47 2
+10 2
1646 8
cfi=(26)
cfn=(70)
calls=1 59 
* 197
* 1
+2 2
+1 3
+6 1
-5 2
+1 3
+4 1
cfi=(26)
cfn=(82)
calls=1 31 
* 33
+1 2
1095 1
-1 1
1361 1
1122 1
-21 2
+21 1
-19 1
+1 1
+18 1
-21 1
+21 2
+1 1
-1 1
-25 1
+22 1
+4 125
+33 8
-1 4
+1 16
-1 4
+2 8
+1 1
+2 12
+1 14
+4 8
+1 8
+1 4
+4 8
-49 31
+88 24
+6 4
cfi=(31)
cfn=(88)
calls=1 842 
* 87
-7 30
+1 15
+6 15
-6 30
fi=(32)
149 6
fe=(2)
1177 3
+7 1
-1 2
+6 1
-6 2
-56 1
+62 3
-67 2
+68 1
+1 1
-1 1
+4 2
-72 2
+5 1
-5 1
+5 2
-5 2
+21 1
-21 1
+21 1
+2 1
-3 1
+5 1
-2 1
-23 2
+10 2
-10 1
+10 1
+1 9
-11 2
+1 14
+80 1
-81 1
+81 2
-81 3
fi=(30)
62 2
fe=(2)
1122 1
fi=(30)
62 6
fe=(2)
1122 4
1222 4
+2 3
+1 3
+2 2
1679 1
cfi=(33)
cfn=(94)
calls=1 24 
* 33
fi=(4)
96 3
+3 4
+1 1
fe=(2)
1685 3
+1 4
cfi=(34)
cfn=(98)
calls=1 98 
* 25
* 2
+13 2
+2 2
fi=(3)
39 4
+6 1
-2 1
+2 2
+23 29
-23 116
+4 58
+3 6
-1 12
+3 24
+1 20
+17 4
+43 2
+7 3
+1 4
+6 3
+18 4
+5 2
+2 2
+2 2
+2 2
+1 2
+3 4
+2 3
+1 2
+9 2
+6 2
+1 3
+3 3
fi=(4)
-88 4
fe=(2)
1714 2
cfi=(8)
cfn=(14)
calls=1 25 
* 27
+3 2
fi=(35) ./elf/./setup-vdso.h
24 2
fi=(38) ./elf/./dl-main.h
+85 2
fi=(37) ./elf/../sysdeps/unix/sysv/linux/dl-vdso-setup.h
-55 1
fi=(38)
+55 3
cfi=(31)
cfn=(110)
calls=1 680 
* 2207
fe=(2)
1742 3
cfi=(47)
cfn=(146) _dl_debug_initialize
calls=1 120 
* 21
+7 1
-5 1
-2 1
+7 1
+4 1
+1 1
+2 1
-3 3
+1 2
+3 1
1252 1
1755 1
1252 1
+1 2
+5 1
-3 2
+2 1
+11 1
-10 1
+3 1
+7 3
+4 1
-5 1
+5 3
-3 7
-1 14
+2 22
+2 4
+1 8
-1 8
+2 8
+5 4
-10 4
+10 8
-11 10
+18 1
+1 2
-1 2
223 1
fi=(4)
79 1
fe=(2)
224 1
-1 1
+1 1
fi=(4)
79 1
fe=(2)
224 3
1771 2
+4 1
1362 1
1776 2
+24 1
cfi=(48)
cfn=(148) _dl_count_modids
calls=1 228 
* 6
* 1
fi=(49) ./elf/../sysdeps/generic/dl-debug.h
29 4
+1 1
fe=(2)
1806 3
cfi=(47)
cfn=(152) _dl_debug_change_state
calls=1 104 
* 11
+1 1
+4 3
cfi=(51)
cfn=(156) _dl_audit_activity_map
calls=1 29 
* 5
+5 3
+2 1
+2 2
+9 2
+16 3
cfi=(66) ./io/../sysdeps/unix/sysv/linux/access.c
cfn=(216) access
calls=1 25 
* 9
* 2
+76 4
+16 3
84 1
1947 1
84 2
1947 1
84 1
1947 7
cfi=(67) ./elf/./elf/dl-deps.c
cfn=(218) _dl_map_object_deps
calls=1 143 
* 30730
91 1
1957 2
-4 1
+16 1
91 2
+9 2
1953 7
+1 1
-1 1
+1 1
-1 2
+1 6
-1 6
+1 6
-1 12
+4 1
+1 2
+1 1
+2 26
+1 18
+7 2
+1 1
-1 1
+1 2
+2 1
+2 2
+16 4
+1 2
+1 3
+10 1
+2 1
-1 3
+1 3
-1 1
+1 1
cfi=(53)
cfn=(252) _dl_receive_error
calls=1 190 
* 33697
+10 1
+1 2
+3 2
820 1
fi=(354) ./elf/../sysdeps/unix/sysv/linux/dl-osinfo.h
39 2
fe=(2)
822 1
fi=(354)
52 1
fe=(2)
831 1
+2 1
+5 1
2023 3
2222 2
+4 1
-4 1
+10 1
-6 1
+6 1
+3 2
+8 2
fi=(32)
36 2
+1 4
+16 11
-13 6
+9 12
-9 1
+9 28
+4 24
-16 14
+34 2
fe=(2)
2247 1
fi=(32)
71 1
cfi=(80) ./elf/../sysdeps/x86_64/dl-cet.c
cfn=(282) _dl_cet_check
calls=1 361 
* 45
fe=(2)
2247 2
+3 1
+5 2
84 1
2260 1
-1 2
84 3
2259 5
cfi=(81) ./elf/./elf/dl-reloc.c
cfn=(284) _dl_relocate_object
calls=1 343 
* 82138
91 3
+9 2
-16 2
2268 1
84 2
2268 1
+1 18
+2 14
+5 14
+2 14
+6 7
+2 56
cfi=(81)
cfn=(284)
calls=7 343 
* 1967210
+4 22
+1 8
-22 4
+22 4
cfi=(48)
cfn=(464) _dl_add_to_slotinfo
calls=4 1177 
* 108
-22 10
91 3
+1 2
2298 1
cfi=(48)
cfn=(588) _dl_tls_initial_modid_limit_setup
calls=1 1138 
* 53
+6 2
+4 4
+2 1
+7 4
cfi=(48)
cfn=(590)
calls=1 612 
* 466
+3 2
+4 3
+3 1
cfi=(181) ./elf/./elf/dl-find_object.c
cfn=(592) _dl_find_object_init
calls=1 578 
* 1557
+5 2
84 1
2336 4
84 3
2336 2
cfi=(81)
cfn=(286) _dl_relocate_object_no_relro
calls=1 207 
* 257
91 3
+9 2
2339 1
cfi=(183) ./elf/../sysdeps/nptl/dl-mutex.c
cfn=(602) __rtld_mutex_init
calls=1 30 
* 523
+1 2
cfi=(7)
cfn=(606)
calls=1 76 
* 3173
+3 2
cfi=(47)
cfn=(612) _dl_debug_post_relocate
calls=1 46 
* 718
+4 2
cfi=(81)
cfn=(614) _dl_protect_relro
calls=1 352 
* 35
+5 3
cfi=(186) ./elf/./elf/dl-call-libc-early-init.c
cfn=(616) _dl_call_libc_early_init
calls=1 27 
* 1514
+7 1
cfi=(9)
cfn=(638) _dl_sysdep_start_cleanup
calls=1 147 
* 2
+4 2
cfi=(47)
cfn=(212)
calls=1 94 
* 7
+1 2
-1 1
+1 1
cfi=(47)
cfn=(152)
calls=1 104 
* 11
+1 1
+3 3
cfi=(51)
cfn=(640) _dl_audit_activity_nsid
calls=1 41 
* 10
+4 1
cfi=(70)
cfn=(642) _dl_unload_cache
calls=1 508 
* 19
+5 8
225 2
-2 2
+2 2
2280 1
+1 1
-3 2
1762 1
1289 3
1762 1
fi=(3)
56 5
+3 4
fe=(2)
1976 1
-4 1
+4 2
+14 3
fi=(36) ./elf/../sysdeps/unix/sysv/linux/dl-vdso.h
40 2
+1 5
fi=(37)
-11 1
+3 1
+3 1
+3 1
+6 1
fi=(36)
+10 2
fe=(2)
1689 1
+1 1
+1 1
+2 2
+1 3
fi=(3)
72 3
+12 3
+1 5
+1 5
+1 5
+1 4
+1 5
+1 5
+1 5
+12 2
+7 1
-7 7
+7 2
fe=(2)
1752 4
2673 2
+2 1
+1 1
-1 1
+1 1
+1 1
2016 2
cfn=(262)
calls=1 734 
* 958
* 2
fi=(3)
62 4
+2 4
fe=(2)
2636 2
+2 2
+1 1
1925 10
84 1
1824 2
84 3
1824 2
cfn=(158)
calls=1 852 
* 3077
* 1
91 3
+9 3
1925 6
+1 1
-1 1
+4 3
+1 1
+1 2
+1 2
-7 2

fn=(254) version_check_doit
674 2
+2 1
-2 4
+2 3
cfi=(75) ./elf/./elf/dl-version.c
cfn=(256) _dl_check_all_versions
calls=1 399 
* 33661
* 2
+4 3

fn=(168) map_doit
641 2
+2 1
-2 4
+2 1
+1 2
-1 2
+1 3
cfi=(31)
cfn=(170)
calls=1 2213 
* 2628
* 1
+2 3

fl=(58)
fn=(188)
30 6
+9 24
+33 6

fl=(67)
fn=(222) openaux
61 78
+7 13
-4 39
+1 13
-1 91
cfi=(31)
cfn=(170)
calls=13 2213 
* 25653
* 13
+5 39

fn=(218)
143 5
+1 2
-1 1
+1 1
-1 2
+1 1
-1 1
+1 1
-1 4
+1 3
-1 1
+1 7
-8 1
+8 2
-8 1
-6 1
-2 1
+16 1
-8 1
-7 1
+1 1
+6 1
+24 4
-28 3
-2 1
+31 1
-33 1
+32 1
-30 2
+30 1
-30 1
-1 4
+7 4
+24 3
+28 3
-6 1
-18 1
+22 1
fi=(74) ./elf/../include/scratch_buffer.h
77 3
+1 1
fe=(67)
184 1
+48 3
-35 1
-4 1
+4 8
-4 6
+4 12
+11 18
-18 2
+18 4
417 14
+2 5
+3 5
-3 15
+3 10
fi=(28)
56 5
cfi=(27)
cfn=(76)
calls=5 -20 
* 90
fe=(67)
423 10
fi=(28)
56 5
fe=(67)
423 5
+6 5
+1 15
cfi=(29)
cfn=(80)
calls=5 210 
* 63
+1 30
cfi=(29)
cfn=(80)
calls=5 210 
* 63
+3 5
+1 5
+4 21
188 12
442 18
-1 7
+1 14
183 5
+27 20
+7 5
+4 5
-6 5
+1 5
+1 5
+4 5
-3 10
+3 10
+7 5
-38 10
+38 5
-9 5
-29 5
+38 5
-38 10
+32 300
+6 52
cfi=(31)
cfn=(220)
calls=13 * 
* 655
* 39
+4 26
-2 13
+2 26
cfi=(53)
cfn=(164) _dl_catch_exception
calls=13 -24 
* 26823
+1 26
+9 13
+2 26
+5 25
+6 5
+2 5
-8 10
+3 5
+1 5
+1 5
+1 5
+4 5
-3 5
+3 15
+4 39
+1 27
-43 620
+7 26
+38 411
fi=(74)
85 3
fe=(67)
448 5
+1 1
+3 4
+11 5
fi=(28)
56 1
cfi=(27)
cfn=(76)
calls=1 -20 
* 18
fe=(67)
465 3
fi=(28)
56 1
fe=(67)
465 1
+5 3
+1 1
-1 2
+4 3
-2 2
+13 6
-7 6
+7 6
-1 6
+1 6
-1 6
+6 6
-16 18
+4 1
+7 1
-1 1
+1 1
-1 1
+6 1
-16 3
+21 3
+37 2
+15 1
+1 1
-15 2
+20 1
-1 4
+1 2
-1 5
cfi=(13) ./elf/./elf/dl-sort-maps.c
cfn=(248) _dl_sort_maps
calls=1 298 
* 439
+5 1
+2 1
+1 1
+1 2
-2 1
+2 1
+7 3
+3 2
+3 8
198 46
+3 5
fi=(74)
-70 15
cfi=(73) ./malloc/./malloc/scratch_buffer_set_array_size.c
cfn=(244) __libc_scratch_buffer_set_array_size
calls=5 30 
* 125
fe=(67)
+70 10
+4 10
547 5
cfi=(29)
cfn=(80)
calls=1 210 
* 19
* 3
-53 2
144 2

fl=(81)
fn=(614)
352 1
+1 3
+3 5
+3 1
-3 1
+3 1
+4 2
-11 1
+12 3
-12 3
+12 1
-12 1
+12 1
cfi=(144) ./misc/../sysdeps/unix/syscall-template.S
cfn=(462) mprotect
calls=1 117 
* 6
* 2
+6 3

fn=(284)
343 8
+1 18
-1 30
+3 6
cfn=(286)
calls=6 207 
* 2049118
+7 18
+3 30
+3 6
-3 6
+3 6
+4 12
-15 18
+16 24
cfi=(144)
cfn=(462)
calls=6 117 
* 36
* 12

fn=(286)
207 56
+13 7
-13 28
+16 7
-16 7
+16 7
+3 21
+20 21
+1 14
-30 8
+33 8
+7 16
fi=(6)
78 12
+6 8
+4 6
+6 2
+9 4
+23 4
fi=(4)
-47 2
fe=(81)
296 4
fi=(4)
79 4
fe=(81)
296 4
fi=(4)
79 5
fe=(81)
296 10
fi=(4)
79 10
fe=(81)
296 11187
fi=(4)
79 2
fe=(81)
296 2
fi=(4)
79 4
fe=(81)
296 282
190 16
296 2
fi=(5)
53 2
fe=(81)
296 2
fi=(5)
49 2
+31 2
-32 2
+1 2
+1 2
-1 2
+4 2
-3 4
+3 2
-3 4
+3 4
+27 4
fe=(81)
296 5
190 40
296 5
fi=(5)
53 5
fe=(81)
296 5
fi=(5)
49 5
+31 5
-32 5
+1 5
+1 5
-1 5
+4 5
-3 10
+3 5
-3 10
+3 10
+27 10
fe=(81)
296 7
fi=(5)
53 7
fe=(81)
296 7
fi=(5)
49 7
+31 7
-32 7
+1 7
+1 7
-1 7
+4 7
-3 14
+3 7
-3 14
+3 14
+27 14
+3 4
-11 14
fi=(6)
509 2254
+4 2254
+3 3381
+1 1127
fi=(5)
83 3381
+2 4508
-2 4
+13 4
fe=(81)
296 56
fi=(6)
725 42
+4 8
fe=(81)
298 28
+23 7
+3 14
+14 56
fi=(5)
105 36
+9 28
fi=(6)
493 11079
+5 7386
+1 7386
fi=(5)
114 3693
fi=(6)
499 7386
fi=(5)
114 7386
+3 48
+3 40
+2 20
-49 18
fe=(81)
190 42
fi=(5)
-66 12
+1 6
-1 6
+5 6
-5 12
+1 18
+4 12
-5 8108
+1 4054
-1 4054
+5 4054
-5 8108
+1 12162
+4 8108
-2 3978
-1 11934
+1 7956
-1 3978
+1 3978
fi=(6)
262 7956
+7 7956
+4 7956
fe=(81)
170 15912
fi=(4)
-18 11886
fe=(81)
+19 7924
+3 7924
+8 4324
-8 19329
+12 4250
-3 2125
+1 2125
+2 8574
-3 37
+1 37
+2 2310
+1 2162
-1 2162
+2 4324
-1 8648
+3 12972
cfi=(82)
cfn=(294)
calls=2162 767 
* 1583383
+4 2162
-4 2162
+3 2162
+1 12972
fi=(6)
+88 39545
+4 7960
+26 23868
418 8934
fi=(5)
141 8934
fi=(6)
418 1890
fi=(5)
141 2976
-19 12198
+33 12
+1 72
+1 291
+3 164
+2 82
+2 82
-4 82
+2 82
+1 82
-1 164
fe=(81)
+8 328
fi=(6)
286 164
471 164
+2 82
cfi=(15) ./elf/../sysdeps/x86/dl-get-cpu-features.c
cfn=(600) __x86_cpu_features
calls=1 76 
* 6
cob=(3) /usr/lib/x86_64-linux-gnu/libm.so.6
cfi=(179) ./math/../sysdeps/x86_64/fpu/multiarch/s_trunc.c
cfn=(580) trunc
calls=1 33 
* 7
cob=(3)
cfi=(178) ./math/../sysdeps/x86_64/fpu/multiarch/s_sincos.c
cfn=(576) sincos
calls=1 29 
* 8
cob=(3)
cfi=(177) ./math/../sysdeps/x86_64/fpu/multiarch/s_fmaf.c
cfn=(574) fmaf
calls=1 44 
* 6
cob=(3)
cfi=(150) ./math/../sysdeps/x86_64/fpu/multiarch/s_sin.c
cfn=(570) sin
calls=1 29 
* 9
cob=(3)
cfi=(176) ./math/../sysdeps/x86_64/fpu/multiarch/e_atan2.c
cfn=(566) __atan2_finite@GLIBC_2.15
calls=1 28 
* 9
cob=(3)
cfi=(175) ./math/../sysdeps/x86_64/fpu/multiarch/s_roundevenf.c
cfn=(564) roundevenf
calls=1 32 
* 7
cob=(3)
cfi=(174) ./math/../sysdeps/x86_64/fpu/multiarch/e_atanh.c
cfn=(560) __atanh_finite@GLIBC_2.15
calls=1 28 
* 10
cob=(3)
cfi=(173) ./math/../sysdeps/x86_64/fpu/multiarch/e_sinh.c
cfn=(556) __sinh_finite@GLIBC_2.15
calls=1 28 
* 10
cob=(3)
cfi=(172) ./math/../sysdeps/x86_64/fpu/multiarch/s_truncf.c
cfn=(554) truncf
calls=1 33 
* 7
cob=(3)
cfi=(171) ./math/../sysdeps/x86_64/fpu/multiarch/e_exp2f.c
cfn=(550) exp2f@@GLIBC_2.27
calls=1 29 
* 10
cob=(3)
cfi=(170) ./math/../sysdeps/x86_64/fpu/multiarch/s_expm1.c
cfn=(546) expm1
calls=1 28 
* 10
cob=(3)
cfi=(164) ./math/../sysdeps/x86_64/fpu/multiarch/e_asin.c
cfn=(542) __asin_finite@GLIBC_2.15
calls=1 29 
* 8
cob=(3)
cfi=(169) ./math/../sysdeps/x86_64/fpu/multiarch/s_roundeven.c
cfn=(540) roundeven
calls=1 32 
* 7
cob=(3)
cfi=(168) ./math/../sysdeps/x86_64/fpu/multiarch/s_floor.c
cfn=(538) floor
calls=1 33 
* 7
cob=(3)
cfi=(167) ./math/../sysdeps/x86_64/fpu/multiarch/s_floorf.c
cfn=(536) floorf
calls=1 33 
* 7
cob=(3)
cfi=(166) ./math/../sysdeps/x86_64/fpu/multiarch/s_fma.c
cfn=(534) fma
calls=1 49 
* 6
cob=(3)
cfi=(165) ./math/../sysdeps/x86_64/fpu/multiarch/s_sinf.c
cfn=(530) sinf
calls=1 28 
* 10
cob=(3)
cfi=(164)
cfn=(526) __acos_finite@GLIBC_2.15
calls=1 37 
* 8
cob=(3)
cfi=(163) ./math/../sysdeps/x86_64/fpu/multiarch/s_atan.c
cfn=(522) atan
calls=1 28 
* 9
cob=(3)
cfi=(162) ./math/../sysdeps/x86_64/fpu/multiarch/e_log.c
cfn=(518) __log_finite@GLIBC_2.15
calls=1 29 
* 9
cob=(3)
cfi=(161) ./math/../sysdeps/x86_64/fpu/multiarch/s_log1p.c
cfn=(514) __log1p
calls=1 28 
* 10
cob=(3)
cfi=(160) ./math/../sysdeps/x86_64/fpu/multiarch/e_log2f.c
cfn=(510) log2f@@GLIBC_2.27
calls=1 29 
* 10
cob=(3)
cfi=(158) ./math/../sysdeps/x86_64/fpu/multiarch/e_pow.c
cfn=(506) __pow_finite@GLIBC_2.15
calls=1 29 
* 8
cob=(3)
cfi=(157) ./math/../sysdeps/x86_64/fpu/multiarch/s_ceil.c
cfn=(504) ceil
calls=1 33 
* 7
cob=(3)
cfi=(156) ./math/../sysdeps/x86_64/fpu/multiarch/s_ceilf.c
cfn=(502) ceilf
calls=1 33 
* 7
cob=(3)
cfi=(155) ./math/../sysdeps/x86_64/fpu/multiarch/e_powf.c
cfn=(498) powf@@GLIBC_2.27
calls=1 32 
* 10
cob=(3)
cfi=(154) ./math/../sysdeps/x86_64/fpu/multiarch/s_sincosf.c
cfn=(494) sincosf
calls=1 28 
* 10
cob=(3)
cfi=(153) ./math/../sysdeps/x86_64/fpu/multiarch/e_log2.c
cfn=(490) log2@@GLIBC_2.29
calls=1 29 
* 10
cob=(3)
cfi=(152) ./math/../sysdeps/x86_64/fpu/multiarch/s_tan.c
cfn=(486) tan
calls=1 28 
* 9
cob=(3)
cfi=(151) ./math/../sysdeps/x86_64/fpu/multiarch/e_logf.c
cfn=(482) logf@@GLIBC_2.27
calls=1 29 
* 10
cob=(3)
cfi=(150)
cfn=(478) cos
calls=1 36 
* 9
cob=(3)
cfi=(148) ./math/../sysdeps/x86_64/fpu/multiarch/e_exp.c
cfn=(474) __exp_finite@GLIBC_2.15
calls=1 29 
* 9
cob=(3)
cfi=(147) ./math/../sysdeps/x86_64/fpu/multiarch/s_cosf.c
cfn=(470) cosf
calls=1 28 
* 10
cob=(3)
cfi=(145) ./math/../sysdeps/x86_64/fpu/multiarch/e_expf.c
cfn=(466) expf@@GLIBC_2.27
calls=2 29 
* 20
cob=(2)
cfi=(143) ./string/../sysdeps/x86_64/multiarch/strncase.c
cfn=(458) strncasecmp
calls=1 31 
* 22
cob=(2)
cfi=(142) ./string/../sysdeps/x86_64/multiarch/mempcpy.c
cfn=(454) mempcpy
calls=1 33 
* 22
cob=(2)
cfi=(141) ./wcsmbs/../sysdeps/x86_64/multiarch/wcpncpy.c
cfn=(450) wcpncpy
calls=1 31 
* 18
cob=(2)
cfi=(140) ./string/../sysdeps/x86_64/multiarch/strspn.c
cfn=(448) strspn
calls=1 29 
* 7
cob=(2)
cfi=(138) ./string/../sysdeps/x86_64/multiarch/memchr.c
cfn=(444) memchr
calls=1 29 
* 21
cob=(2)
cfi=(137) ./string/../sysdeps/x86_64/multiarch/memmove.c
cfn=(440) memmove
calls=1 29 
* 22
cob=(2)
cfi=(136) ./string/../sysdeps/x86_64/multiarch/stpcpy.c
cfn=(436) stpcpy
calls=1 33 
* 19
cob=(2)
cfi=(135) ./debug/../sysdeps/x86_64/multiarch/memmove_chk.c
cfn=(432) __memmove_chk
calls=1 29 
* 22
cob=(2)
cfi=(133) ./wcsmbs/../sysdeps/x86_64/multiarch/wmemcmp.c
cfn=(428) wmemcmp
calls=1 29 
* 25
cob=(2)
cfi=(132) ./string/../sysdeps/x86_64/multiarch/strncpy.c
cfn=(424) strncpy
calls=1 29 
* 21
cob=(2)
cfi=(131) ./string/../sysdeps/x86_64/multiarch/strlen.c
cfn=(420) strlen
calls=1 29 
* 25
cob=(2)
cfi=(130) ./wcsmbs/../sysdeps/x86_64/multiarch/wcscat.c
cfn=(416) wcscat
calls=1 31 
* 18
cob=(2)
cfi=(129) ./string/../sysdeps/x86_64/multiarch/strcasecmp_l.c
cfn=(412) strcasecmp_l
calls=1 31 
* 22
cob=(2)
cfi=(128) ./string/../sysdeps/x86_64/multiarch/strcpy.c
cfn=(408) strcpy
calls=1 29 
* 19
cob=(2)
cfi=(126) ./wcsmbs/../sysdeps/x86_64/multiarch/wmemset.c
cfn=(404) wmemset
calls=2 31 
* 38
cob=(2)
cfi=(124) ./string/../sysdeps/x86_64/multiarch/memcmp.c
cfn=(400) bcmp
calls=1 29 
* 25
cob=(2)
cfi=(123) ./string/../sysdeps/x86_64/multiarch/strchrnul.c
cfn=(396) strchrnul
calls=1 31 
* 25
cob=(2)
cfi=(122) ./string/../sysdeps/x86_64/multiarch/strncase_l.c
cfn=(392) strncasecmp_l
calls=1 31 
* 22
cob=(2)
cfi=(120) ./string/../sysdeps/x86_64/multiarch/strcat.c
cfn=(388) strcat
calls=1 29 
* 19
cob=(2)
cfi=(119) ./wcsmbs/../sysdeps/x86_64/multiarch/wcscpy.c
cfn=(386) wcscpy
calls=1 60 
* 17
cob=(2)
cfi=(118) ./string/../sysdeps/x86_64/multiarch/strcspn.c
cfn=(384) strcspn
calls=1 29 
* 7
cob=(2)
cfi=(111) ./string/../sysdeps/x86_64/multiarch/stpncpy.c
cfn=(378) strcasecmp
calls=1 31 
* 22
cob=(2)
cfi=(115) ./string/../sysdeps/x86_64/multiarch/strncmp.c
cfn=(376) strncmp
calls=1 67 
* 22
cob=(2)
cfi=(113) ./wcsmbs/../sysdeps/x86_64/multiarch/wmemchr.c
cfn=(372) wmemchr
calls=2 31 
* 42
cob=(2)
cfi=(111)
cfn=(368) stpncpy
calls=1 31 
* 21
cob=(2)
cfi=(110) ./wcsmbs/../sysdeps/x86_64/multiarch/wcscmp.c
cfn=(364) wcscmp
calls=1 30 
* 25
cob=(2)
cfi=(109) ./string/../sysdeps/x86_64/multiarch/strrchr.c
cfn=(360) rindex
calls=1 28 
* 25
cob=(2)
cfi=(107) ./debug/../sysdeps/x86_64/multiarch/memset_chk.c
cfn=(356) __memset_chk
calls=1 29 
* 23
cob=(2)
cfi=(106) ./string/../sysdeps/x86_64/multiarch/strchr.c
cfn=(354) index
calls=1 65 
* 21
cob=(2)
cfi=(104) ./wcsmbs/../sysdeps/x86_64/multiarch/wcschr.c
cfn=(350) wcschr
calls=2 31 
* 50
cob=(2)
cfi=(102) ./string/../sysdeps/x86_64/multiarch/memcpy.c
cfn=(346) memcpy@@GLIBC_2.14
calls=1 29 
* 22
cob=(2)
cfi=(100) ./wcsmbs/../sysdeps/x86_64/multiarch/wcsncpy.c
cfn=(342) wcsncpy
calls=1 31 
* 18
cob=(2)
cfi=(99) ./string/../sysdeps/x86_64/multiarch/memrchr.c
cfn=(338) memrchr
calls=1 29 
* 25
cob=(2)
cfi=(98) ./debug/../sysdeps/x86_64/multiarch/memcpy_chk.c
cfn=(334) __memcpy_chk
calls=1 29 
* 22
cob=(2)
cfi=(96) ./debug/../sysdeps/x86_64/multiarch/mempcpy_chk.c
cfn=(330) __mempcpy_chk
calls=1 29 
* 22
cob=(2)
cfi=(95) ./wcsmbs/../sysdeps/x86_64/multiarch/wcslen.c
cfn=(326) wcslen
calls=1 29 
* 20
cob=(2)
cfi=(93) ./string/../sysdeps/x86_64/multiarch/memset.c
cfn=(322) memset
calls=1 29 
* 23
cob=(2)
cfi=(91) ./wcsmbs/../sysdeps/x86_64/multiarch/wcsnlen.c
cfn=(318) wcsnlen
calls=1 30 
* 20
cob=(2)
cfi=(90) ./string/../sysdeps/x86_64/multiarch/strcmp.c
cfn=(316) strcmp
calls=1 79 
* 20
cob=(2)
cfi=(89) ./string/../sysdeps/x86_64/multiarch/strpbrk.c
cfn=(314) strpbrk
calls=1 29 
* 7
cob=(2)
cfi=(87) ./string/../sysdeps/x86_64/multiarch/strnlen.c
cfn=(310) strnlen
calls=2 31 
* 50
cob=(2)
cfi=(85) ./string/../sysdeps/x86/cacheinfo.c
cfn=(306) __x86_cacheinfo
calls=1 86 
* 30
fi=(5)
156 82
fi=(6)
474 82
fi=(5)
156 170
-14 1032
fi=(6)
395 54
+2 72
+4 18
+9 18
-9 36
+9 18
fi=(5)
141 36
fi=(6)
315 344
+3 344
+29 6
+11 2
-9 4
+9 2
fi=(5)
141 4
fi=(6)
341 8
+1 12
fi=(5)
141 8
fi=(6)
455 93
+5 62
-1 93
+1 62
-1 31
cfi=(29)
cfn=(80)
calls=31 210 
* 688
+2 155
+1 62
fi=(5)
132 82
+1 82
-1 246
+2 82
fi=(6)
282 80
+3 30
+24 15
cob=(3)
cfi=(168)
cfn=(538)
calls=1 33 
* 7
cob=(2)
cfi=(98)
cfn=(334)
calls=1 29 
* 22
cob=(2)
cfi=(137)
cfn=(440)
calls=1 29 
* 22
cob=(2)
cfi=(90)
cfn=(316)
calls=1 79 
* 20
cob=(2)
cfi=(107)
cfn=(356)
calls=1 29 
* 23
cob=(2)
cfi=(138)
cfn=(444)
calls=1 29 
* 21
cob=(2)
cfi=(180) ./time/../sysdeps/unix/sysv/linux/time.c
cfn=(586) time
calls=1 37 
* 7
cob=(2)
cfi=(102)
cfn=(346)
calls=1 29 
* 22
cob=(2)
cfi=(115)
cfn=(376)
calls=1 67 
* 22
cob=(2)
cfi=(124)
cfn=(400)
calls=1 29 
* 25
cob=(2)
cfi=(131)
cfn=(420)
calls=1 29 
* 25
cob=(2)
cfi=(106)
cfn=(354)
calls=1 65 
* 21
cob=(3)
cfi=(157)
cfn=(504)
calls=1 33 
* 7
cob=(2)
cfi=(93)
cfn=(322)
calls=2 29 
* 46
* 60
fi=(5)
51 7
fi=(4)
+28 14
fe=(81)
296 79
fi=(6)
-14 410
fe=(81)
175 16198
+3 1800
-1 1800
+19 1800
-18 3600
fi=(6)
290 30
+1 45
fi=(5)
171 4
-98 3
fe=(81)
190 5
fi=(5)
-17 3
+3 1
-3 4
+3 2
-3 15
+3 5
-3 20
+3 10
-2 12
+10 6
fi=(6)
+78 12
+7 12
+4 12
fe=(81)
170 24
fi=(4)
-18 18
fe=(81)
+19 12
+3 12
+8 12
-8 54
+12 12
-3 6
+1 6
+2 36
+4 24
-4 6
+4 18
cfi=(82)
cfn=(294)
calls=6 767 
* 3785
+4 6
-4 6
+3 6
+1 36
fi=(6)
+88 39
+4 6
+26 36
418 6
fi=(5)
187 18
-16 18
+31 5
fe=(81)
+48 6
+7 12
-9 6
fi=(6)
+54 1798
fe=(81)
175 5394

fl=(323)
fn=(2842)
29 3
+1 3
+1 3
+2 3
+1 3
+1 3
+3 3
+1 3
+4 3
+1 3
+1 3
+1 3

fl=(46)
fn=(140)
40 36
+1 6
cfi=(22)
cfn=(60)
calls=6 +16 
* 192
* 6
fi=(355) ./string/../include/rtld-malloc.h
+15 12
cfi=(27)
cfn=(76)
calls=6 -20 
* 108
fe=(46)
-12 12
+3 12
+1 6
-1 6
+1 12
-1 6
cfi=(29)
cfn=(80)
calls=6 210 
* 106

fl=(54) ./setjmp/../sysdeps/x86_64/setjmp.S
fn=(166) __sigsetjmp
31 14
+2 14
+9 14
+1 28
+1 14
+4 14
+1 14
+1 14
+1 14
+1 14
+2 28
+2 14
+1 14
+1 14
+2 28
+2 14
+8 14
+3 14
+1 14
+7 14
+1 14

fl=(40) ./elf/../sysdeps/x86_64/dl-hwcaps-subdirs.c
fn=(114) _dl_hwcaps_subdirs_active
29 1
fi=(18)
+2 1
fe=(40)
+7 1
fi=(18)
-7 3
fe=(40)
+21 2
fi=(18)
-20 3
+7 1
fe=(40)
-1 1
fi=(18)
+1 4
+1 4
+8 1
fe=(40)
-5 1
fi=(18)
+5 2
+3 4
+3 2
fe=(40)
-3 5

fl=(181)
fn=(598) _dlfo_sort_mappings
553 1
+1 2
-1 2
+4 2
-4 2
+4 1
-4 3
+8 1
+1 1
-1 1
+1 2
-1 4
+1 4
-1 4
+1 28
+1 10
+2 10
-3 20
+1 20
+2 20
-3 40
+8 15
+1 15
-1 10
+1 25
+1 15
-15 15
+17 4

fn=(596) _dlfo_process_initial
505 14
+3 2
-3 2
+1 2
+3 4
+5 10
+10 10
-9 6
+1 14
-1 28
+3 52
+3 48
-7 10
+34 2
-2 2
+2 16
-24 24
+5 36
+3 6
-1 18
cfi=(182) ./elf/./dl-find_object.h
cfn=(594) _dl_find_object_from_map
calls=6 105 
* 746
+2 24

fn=(592)
578 6
+3 1
+2 2
+13 1
cfn=(596)
calls=1 -91 
* 153
* 1
+1 3
fi=(28)
56 1
cfi=(27)
cfn=(76)
calls=1 -20 
* 18
fe=(181)
597 1
+2 2
+3 3
+5 1
+1 1
cfn=(596)
calls=1 505 
* 923
+3 4
+10 5
-37 2
cfi=(182)
cfn=(594)
calls=1 105 
* 143
* 1
+29 1
cfn=(598)
calls=1 -60 
* 277
+3 6
+2 1

fl=(15)
fn=(34) _dl_x86_init_cpu_features
37 1
+2 3
+2 1
cfi=(16)
cfn=(36)
calls=1 728 
* 7121

fn=(600)
76 1
-37 3
+37 2

fl=(8)
fn=(14)
25 7
+3 21
+3 21
+1 14
+2 7
-1 7
+3 21
+1 7
+1 14
+2 7
-2 7
+3 14
+4 14
-2 7
+2 14
+5 7

fl=(55)
fn=(174)
68 931
+1 266
cfi=(34)
cfn=(98)
calls=133 +29 
* 3833
* 133
+1 133
-1 133
+3 133
+2 266
+4 129
-4 258
+1 453
cfi=(34)
cfn=(98)
calls=151 +23 
* 4975
* 302
-5 22
+11 199
-1 111
+1 333

fn=(232) _dl_sysdep_read_whole_file
36 2
+3 1
-3 5
+3 1
-3 1
+3 1
cfi=(56)
cfn=(182)
calls=1 -11 
* 21
+1 3
+2 4
cfi=(58)
cfn=(188)
calls=1 -12 
* 6
* 3
+2 2
+3 2
+13 3
cfi=(65)
cfn=(206)
calls=1 -35 
* 6
* 1
+3 6
-14 6
cfi=(60)
cfn=(192)
calls=1 -2 
* 26
* 3

fn=(584)
85 2
+38 2
-1 2
+3 2
+2 80
+1 30
+3 7
-6 24
+18 2
+1 2
-15 6

fl=(1) ???
fn=(0) 0x0000000000023340
0 2
cfi=(2)
cfn=(2)
calls=1 519 
0 2165811
0 8
cfi=(80)
cfn=(650) _dl_cet_setup_features
calls=1 331 
0 4
0 10
cfi=(197) ./elf/./elf/dl-init.c
cfn=(654) _dl_init
calls=1 81 
0 93687
0 3
cob=(8)
cfi=(229)
cfn=(1366) (below main)
calls=1 0 
0 984207559

fl=(61)
fn=(238)
33 2
+1 6
+9 4

fn=(194) __set_vma_name
60 3
-26 9
+26 6
-26 2
+36 1
-33 6
cfi=(11)
cfn=(28)
calls=1 435 
* 18
* 6
+5 1
+28 4

fl=(144)
fn=(644) munmap
117 5
+5 1

fn=(462)
117 35
+5 7

fl=(43)
fn=(122)
32 29
+1 29
+1 29
+1 29
+1 29
+1 29
+1 29
+1 29
+1 29
+1 29
+1 29
+1 29
+1 29
+1 29
+1 29
+1 29
+1 29
+1 29
+1 24
+4 24
+1 24
+1 24
+1 24
+2 24
+4 5
+1 5
+1 5
+1 5
+1 5
+1 5
+1 5
+1 5
+1 5
+1 5
+1 5
+1 5
+1 5
+1 5
+1 5
+1 5
+1 5
+1 5
+1 5
+1 5
+1 5
+1 5
+1 5
+1 5
+52 5
+4 5
+1 5
+1 5
+1 5
+2 5

fl=(9)
fn=(638)
147 1
+1 1

fn=(16)
102 5
+4 1
-4 1
+1 1
+3 1
cfn=(18) _dl_sysdep_parse_arguments
calls=1 -28 
* 586
+4 2
cfi=(11)
cfn=(22)
calls=1 294 
* 25813
+3 1
cfi=(13)
cfn=(26) _dl_sort_maps_init
calls=1 289 
* 32
+2 2
cfi=(14)
cfn=(30)
calls=1 -79 
* 8
fi=(6)
+94 1
cfi=(15)
cfn=(34)
calls=1 37 
* 7126
fe=(9)
-87 3
+1 1
cfi=(22)
cfn=(60)
calls=1 -66 
* 17
* 1
+2 2
cfi=(23) ./elf/../misc/sbrk.c
cfn=(62) sbrk
calls=1 -88 
* 13
* 3
+12 3
+3 5
cfi=(2)
cfn=(64)
calls=1 1356 
* 2131559
+3 4

fn=(18)
78 1
+2 1
-2 7
+1 1
+1 1
-1 1
+2 3
+2 3
-1 1
+1 2
-1 90
+1 180
+7 56
fi=(10) ./elf/../sysdeps/unix/sysv/linux/dl-parse_auxv.h
-48 1
fe=(9)
+44 1
fi=(10)
-53 1
fe=(9)
+53 1
fi=(10)
-53 1
+1 1
+1 1
+7 3
+1 44
+1 22
-2 22
+2 22
-2 66
+13 1
+10 1
fe=(9)
+29 1
fi=(10)
-27 1
fe=(9)
+26 1
+2 1
fi=(10)
-40 1
+2 1
fe=(9)
+37 1
fi=(10)
-47 1
+10 1
+8 1
-17 1
+1 1
+16 1
-15 1
+1 1
+14 1
+2 1
-15 1
+1 1
+1 2
+13 3
-18 1
+6 1
-5 1
+5 1
+2 1
-6 1
+6 1
fe=(9)
+37 1
fi=(10)
-42 1
-4 1
+5 1
+1 1
-8 1
+21 1
-20 1
+18 1
fe=(9)
+28 1
+1 1
+1 1
+1 8

fl=(39)
fn=(112)
171 6
+3 1
-3 3
+3 1
-3 6
+2 1
cfi=(40)
cfn=(114)
calls=1 29 
* 36
fi=(41) ./elf/./dl-hwcaps.h
43 1
fe=(39)
173 1
fi=(41)
45 1
+32 1
+1 1
+1 1
fe=(39)
-28 2
cfi=(42) ./elf/./elf/dl-hwcaps_split.c
cfn=(120) _dl_hwcaps_split_masked
calls=1 * 
* 22
* 2
fi=(41)
-8 1
+2 1
-2 1
+34 2
+1 2
+1 1
fe=(39)
-25 2
-1 2
+1 2
+2 4
-5 4
cfi=(42)
cfn=(120)
calls=2 * 
* 128
* 2
cfi=(42)
cfn=(120)
calls=1 * 
* 125
* 6
+48 4
fi=(28)
-43 2
cfi=(27)
cfn=(76)
calls=1 -20 
* 18
fe=(39)
+45 2
-2 1
+2 1
fi=(41)
-58 3
fe=(39)
+61 1
fi=(41)
-59 1
fe=(39)
+66 1
fi=(41)
-65 1
fe=(39)
+65 2
cfi=(42)
cfn=(124) _dl_hwcaps_split
calls=1 -86 
* 7
* 2
fi=(41)
-68 2
+2 1
-2 3
+34 2
+1 2
fe=(39)
+46 3
fi=(41)
-45 1
fe=(39)
+47 10
+1 4
+1 2
+1 2
-1 2
-4 4
cfi=(42)
cfn=(120)
calls=2 -73 
* 128
* 2
cfi=(42)
cfn=(120)
calls=1 -73 
* 125
* 6
+8 4
+9 3
+3 1
-3 9
+1 7
+8 2
+4 2
-4 2
+4 3
cfi=(44) ./string/../sysdeps/x86_64/multiarch/../multiarch/memcmp-sse2.S
cfn=(126) bcmp
calls=1 -95 
* 19
+1 2
+1 1
+4 1
+1 2
+1 1
-20 2
+19 1
+1 1
-20 3
-1 8
+47 4
-3 1
+7 1
-7 1
+7 1
fi=(28)
56 1
cfi=(27)
cfn=(76)
calls=1 -20 
* 18
fe=(39)
193 2
fi=(28)
56 1
fe=(39)
193 1
-9 1
fi=(41)
43 1
fe=(39)
+36 1
200 1
-16 1
+17 1
79 1
fi=(41)
-34 1
fe=(39)
201 1
fi=(41)
77 1
+1 1
fe=(39)
201 3
fi=(41)
79 1
fe=(39)
-3 2
cfi=(42)
cfn=(120)
calls=1 -25 
* 22
* 2
fi=(41)
-33 1
+2 1
fe=(39)
+34 2
fi=(41)
-36 1
+34 2
+1 2
+1 1
fe=(39)
-1 2
+1 4
+7 2
-7 8
cfi=(29)
cfn=(128)
calls=2 197 
* 26
+4 2
+2 2
+2 2
-2 4
-9 4
cfi=(42)
cfn=(120)
calls=2 -25 
* 128
* 2
cfi=(42)
cfn=(120)
calls=1 -25 
* 125
* 6
212 2
-5 2
+1 1
+4 1
+3 9

fl=(29)
fn=(128)
197 60
+1 60
+1 60
+1 60
+17 60
+1 60
+2 16
+1 16
+1 16
+2 2
+1 2
+1 2
+2 2
+80 44
+1 44
+2 31
+4 31
+1 31
+1 31
+8 31
+39 13
+1 13
+1 13
+1 13
+1 13
+7 14
+1 14
+1 14
+1 14
+1 14
+1 14
+1 14
+11 14
+1 14
+2 14
+1 14
+1 14

fn=(80)
210 62
+1 62
+6 62
+1 62
+2 47
+1 47
+1 47
+2 18
+1 18
+1 18
+2 18
+80 15
+1 15
+2 2
+4 2
+1 2
+1 2
+1 2
+1 2
+4 2
+2 2
+39 13
+1 13
+1 13
+1 13
+1 13
+7 17
+1 17
+1 17
+1 17
+1 17
+1 17
+1 17
+11 29
+1 29
+2 26
+1 26
+1 26
+2 9
+1 9
+1 9
+1 9
+1 9
+1 9
+1 9
+1 9
+1 9
+1 9
+1 9
+1 9
+1 9
+1 9
+1 9
+4 3
+1 3
+4 3
+2 3
+16 3
+3 3
+2 3
+2 3
+4 3
+1 3
+9 3
+1 3
+2 3
+2 3
+1 3
+1 3
+3 3
+2 3
+2 3
+2 3
+6 3
+1 3
+1 3
+1 3
+1 3
+1 3
+1 3
+1 3
+1 3
+1 3
+1 3
+1 3
-11 7
+1 7
+1 7
+1 7
+1 7
+1 7
+1 7
+1 7
+1 7
+1 7
+1 7
+1 7
+2 3
+1 3
+1 3
+1 3
+2 3
+4 3

fl=(34)
fn=(98)
98 3194
+33 3194
+1 3194
+2 3194
+1 3194
+21 3194
+1 3194
+1 2304
+1 2304
+1 2057
+1 2057
+1 2057
+1 2057
+17 2057
+1 2057
+1 2057
+1 2057
+1 2057
+1 2057
+1 2057
+5 174
+1 522
+9 174
+1 174
+1 174
+1 174
+1 174
+1 174
+1 174
+1 174
-7 1137
+1 1137
+1 1137
+1 1137
+1 1137
+1 1137
+1 1137
+1 1137
+1 734
+1 422
+1 422
+1 422
+2 422
+1 422
+1 422
+1 422
+1 422
+1 422
-5 312
+1 312
+1 312
+1 312
+1 312
+1 312
+10 577
+1 577
+1 577
+2 577
+6 577
+1 577
+1 577
+1 577
+1 577
+5 577
+2 566
+1 566
+1 1132
+8 566
+1 566
+3 566
+1 566
+1 566
+1 566
+1 566
+1 566
-9 12
+1 12
+3 12
+1 12
+1 12
+1 12
+1 12
+1 12
+6 24
+1 24
+1 24
+3 24
+1 24
+1 24
+1 24
+1 24
+1 24
+5 12
+1 12
+9 2
+1 2
+1 2
+1 2
+1 2
+2 2
+1 2
+1 2
+1 2
+1 2
+1 2
+1 2
+1 2
+3 2
+1 2
+1 2
+6 2
+1 2
+1 4
+4 2
+1 2
+3 2
+1 2
+1 2
+2 2
+1 2
+1 2
+4 2
+1 2
+1 2
+1 2
+1 2
+1 2
+6 2
+1 2
+2 2
+1 2
+2 2
+1 2
+1 2
+2 2
+1 2
+1 2
+4 2
+1 2
+1 2
+1 2
+1 2
+1 2
+48 6
+1 6
+1 6
+1 6
+1 6
+2 6
+1 6
+1 6
+1 6
+1 6
+1 6
+1 6
+1 6
+3 6
+1 6
+1 6
+6 6
+1 6
+1 12
+4 6
+1 6
-1 3
+1 3
+3 9
+1 9
+1 9
+2 9
+1 9
+1 9
+4 9
+1 9
+1 9
+1 9
+1 9
+1 9
+7 6
+1 6
+2 6
+1 6
+2 6
+1 6
+1 6
+2 6
+1 6
+1 6
+4 6
+1 6
+1 6
+1 6
+1 6
+1 6
+7 3
+1 3
+1 3
+32 18
+1 18
+1 18
+1 18
+1 18
+2 18
+1 18
+1 18
+1 18
+1 18
+1 18
+1 18
+1 17
+4 17
+1 17
+1 17
+6 17
+1 17
+1 34
+4 17
+1 17
-1 3
+1 3
+3 20
+1 20
+1 20
+2 20
+1 20
+1 20
+4 20
+1 20
+1 20
+1 20
+1 20
+1 20
+7 8
+1 8
+2 8
+1 8
+2 8
+1 8
+1 8
+2 8
+1 8
+1 8
+4 8
+1 8
+1 8
+1 8
+1 8
+1 8
+7 3
+1 3
+1 3
+32 16
+1 16
+1 16
+1 16
+1 16
+2 16
+1 16
+1 16
+1 16
+1 16
+1 16
+1 16
+1 15
+4 15
+1 15
+1 15
+6 15
+1 15
+1 30
+4 15
+1 15
-1 5
+1 5
+3 20
+1 20
+1 20
+2 20
+1 20
+1 20
+4 20
+1 20
+1 20
+1 20
+1 20
+1 20
+7 9
+1 9
+2 9
+1 9
+2 9
+1 9
+1 9
+2 9
+1 9
+1 9
+4 9
+1 9
+1 9
+1 9
+1 9
+1 9
+7 5
+1 5
+1 5
+32 12
+1 12
+1 12
+1 12
+1 12
+2 12
+1 12
+1 12
+1 12
+1 12
+1 12
+1 12
+1 11
+4 11
+1 11
+1 11
+6 11
+1 11
+1 22
+4 11
+1 11
-1 6
+1 6
+3 17
+1 17
+1 17
+2 17
+1 17
+1 17
+4 17
+1 17
+1 17
+1 17
+1 17
+1 17
+7 10
+1 10
+2 10
+1 10
+2 10
+1 10
+1 10
+2 10
+1 10
+1 10
+4 10
+1 10
+1 10
+1 10
+1 10
+1 10
+7 6
+1 6
+1 6
+32 13
+1 13
+1 13
+1 13
+1 13
+2 13
+1 13
+1 13
+1 13
+1 13
+1 13
+1 13
+1 13
+4 13
+1 13
+1 13
+6 13
+1 13
+1 26
+4 13
+1 13
-1 6
+1 6
+3 19
+1 19
+1 19
+2 19
+1 19
+1 19
+4 19
+1 19
+1 19
+1 19
+1 19
+1 19
+7 14
+1 14
+2 14
+1 14
+2 14
+1 14
+1 14
+2 14
+1 14
+1 14
+4 14
+1 14
+1 14
+1 14
+1 14
+1 14
+7 6
+1 6
+1 6
+32 29
+1 29
+1 29
+1 29
+1 29
+2 29
+1 29
+1 29
+1 29
+1 29
+1 29
+1 29
+1 26
+4 26
+1 26
+1 26
+6 26
+1 26
+1 52
+4 26
+1 26
-1 17
+1 17
+3 43
+1 43
+1 43
+2 43
+1 43
+1 43
+4 43
+1 43
+1 43
+1 43
+1 43
+1 43
+7 28
+1 28
+2 28
+1 28
+2 28
+1 28
+1 28
+2 28
+1 28
+1 28
+4 28
+1 28
+1 28
+1 28
+1 28
+1 28
+7 17
+1 17
+1 17
+32 48
+1 48
+1 48
+1 48
+1 48
+2 48
+1 48
+1 48
+1 48
+1 48
+1 48
+1 48
+1 29
+4 29
+1 29
+1 29
+6 29
+1 29
+1 58
+4 29
+1 29
-1 15
+1 15
+3 43
+1 43
+1 43
+2 43
+1 43
+1 43
+4 43
+1 43
+1 43
+1 43
+1 43
+1 43
+7 20
+1 20
+2 20
+1 20
+2 20
+1 20
+1 20
+2 20
+1 20
+1 20
+4 20
+1 20
+1 20
+1 20
+1 20
+1 20
+7 15
+1 15
+1 15
+4 2
+1 2
+1 2
+1 2
+7 1
+1 1
+1 1
+4 1
+1 1
+1 1
+1 1
+9 245
+1 245
+1 245
+1 245
+1 245
+2 245
+1 245
+1 245
+1 245
+1 245
+1 245
+1 245
+1 228
+4 228
+1 228
+1 228
+6 228
+1 228
+1 456
+4 228
+1 228
-1 9
+1 9
+3 237
+1 237
+1 237
+2 237
+1 237
+1 237
+4 237
+1 237
+1 237
+1 237
+1 237
+1 237
+7 16
+1 16
+2 16
+1 16
+2 16
+1 16
+1 16
+2 16
+1 16
+1 16
+4 16
+1 16
+1 16
+1 16
+1 16
+1 16
+7 9
+1 9
+1 9
+32 32
+1 32
+1 32
+1 32
+1 32
+2 32
+1 32
+1 32
+1 32
+1 32
+1 32
+1 32
+1 30
+4 30
+1 30
+1 30
+6 30
+1 30
+1 60
+4 30
+1 30
-1 9
+1 9
+3 40
+1 40
+1 40
+2 40
+1 40
+1 40
+4 40
+1 40
+1 40
+1 40
+1 40
+1 40
+7 15
+1 15
+2 15
+1 15
+2 14
+1 14
+1 14
+2 14
+1 14
+1 14
+4 14
+1 14
+1 14
+1 14
+1 14
+1 14
+7 9
+1 9
+1 9
+4 1
+1 1
+1 1
+1 1
+7 1
+1 1
+1 1
+16 56
+1 56
+1 56
+1 56
+1 56
+2 56
+1 56
+1 56
+1 56
+1 56
+1 56
+1 56
+1 39
+4 39
+1 39
+1 39
+6 39
+1 39
+1 78
+4 39
+1 39
-1 8
+1 8
+3 47
+1 47
+1 47
+2 47
+1 47
+1 47
+4 47
+1 47
+1 47
+1 47
+1 47
+1 47
+7 18
+1 18
+2 18
+1 18
+2 18
+1 18
+1 18
+2 18
+1 18
+1 18
+4 18
+1 18
+1 18
+1 18
+1 18
+1 18
+7 8
+1 8
+1 8
+32 43
+1 43
+1 43
+1 43
+1 43
+2 43
+1 43
+1 43
+1 43
+1 43
+1 43
+1 43
+1 35
+4 35
+1 35
+1 35
+6 35
+1 35
+1 70
+4 35
+1 35
-1 14
+1 14
+3 50
+1 50
+1 50
+2 50
+1 50
+1 50
+4 50
+1 50
+1 50
+1 50
+1 50
+1 50
+7 24
+1 24
+2 24
+1 24
+2 23
+1 23
+1 23
+2 23
+1 23
+1 23
+4 23
+1 23
+1 23
+1 23
+1 23
+1 23
+7 14
+1 14
+1 14
+4 1
+1 1
+1 1
+1 1
+7 1
+1 1
+1 1
+16 50
+1 50
+1 50
+1 50
+1 50
+2 50
+1 50
+1 50
+1 50
+1 50
+1 50
+1 50
+1 33
+4 33
+1 33
+1 33
+6 33
+1 33
+1 66
+4 33
+1 33
-1 16
+1 16
+3 49
+1 49
+1 49
+2 49
+1 49
+1 49
+4 49
+1 49
+1 49
+1 49
+1 49
+1 49
+7 22
+1 22
+2 22
+1 22
+2 22
+1 22
+1 22
+2 22
+1 22
+1 22
+4 22
+1 22
+1 22
+1 22
+1 22
+1 22
+7 16
+1 16
+1 16
+4 1
+1 1
+1 1
+1 1
+7 1
+1 1
+1 1
+16 57
+1 57
+1 57
+1 57
+1 57
+2 57
+1 57
+1 57
+1 57
+1 57
+1 57
+1 57
+1 40
+4 40
+1 40
+1 40
+6 40
+1 40
+1 80
+4 40
+1 40
-1 18
+1 18
+3 58
+1 58
+1 58
+2 58
+1 58
+1 58
+4 58
+1 58
+1 58
+1 58
+1 58
+1 58
+7 29
+1 29
+2 29
+1 29
+2 29
+1 29
+1 29
+2 29
+1 29
+1 29
+4 29
+1 29
+1 29
+1 29
+1 29
+1 29
+7 18
+1 18
+1 18
+32 107
+1 107
+1 107
+1 107
+1 107
+2 107
+1 107
+1 107
+1 107
+1 107
+1 107
+1 107
+2 84
+4 84
+1 84
+1 84
+6 84
+1 84
+2 168
+4 84
+1 84
-1 21
+1 21
+3 105
+1 105
+1 105
+2 105
+1 105
+1 105
+4 105
+1 105
+1 105
+1 105
+1 105
+1 105
+7 38
+1 38
+2 38
+1 38
+2 38
+1 38
+1 38
+2 38
+1 38
+1 38
+4 38
+1 38
+1 38
+1 38
+1 38
+1 38
+7 21
+1 21
+1 21
+4 1
+1 1
+1 1
+1 1
+7 1
+1 1
+1 1
+11 1
+1 1
+1 1
+1 2
+4 1
+2 1
+1 1
+1 1
+1 1
-5 1173
+2 1173
+1 1173
+1 1173
+1 1173
-3 137
+1 137
+1 137
+1 137
+1 844
+5 422
+6 422
+1 422
+8 422
+1 422
-16 2772
+6 2772
+1 2772
+8 2772
+1 2772

fn=(260) strncmp
98 1
+27 1
+1 1
+1 1
+1 1
+1 1
+2 1
+1 1
+2 1
+1 1
+21 1
+1 1
+44 1
+1 1
+1 1
+1 1
+1 1
+1 1
+1 1
+1 1
+1 1
+1 1
+1 1
+1 1
+2 1
+1 1
+1 1
+1 1
+1 1
+1 1
1613 1
+1 1
+1 1
+1 1
+1 1
+2 1
+1 1
+1 1
+1 1
+1 1
+1 1
+1 1
2095 1
+1 1
+1 1
+1 1
+1 2
+5 1
+3 1
+1 1
+2 1
+1 1
+8 1
+1 1

fl=(27)
fn=(144)
97 3
+2 12

fn=(76)
36 42
+1 126
+11 123
+3 41
-3 41
+3 82
-3 2
+3 1
-3 1
+3 158
+5 12
+1 6
-21 3
+24 9
-24 9
+24 3
-24 3
+23 3
+1 6
-24 3
+24 3
cfi=(60)
cfn=(192)
calls=3 -13 
* 78
+2 6
+2 15
cfi=(61)
cfn=(194)
calls=3 -4 
* 56
+1 12
+2 3
+4 3
-1 3
-3 3
+4 3
+2 15
-3 39
+1 39
+2 39
-30 1
-1 1
+1 1
+1 2
-2 2
+28 2

fn=(72)
80 17
+4 17
-4 68
+7 17
+1 51
fi=(28)
-32 17
cfi=(27)
cfn=(76)
calls=17 -20 
* 483
fe=(27)

fl=(345) ./elf/./elf/dl-fini.c
fn=(3068) _dl_fini
26 6
+17 1
-17 4
+20 8
+3 2
cob=(2)
cfi=(243)
cfn=(1822)
calls=1 +22 
* 36
+2 1
+3 2
+2 5
-10 4
+95 2
+13 8
-13 2
+2 1
-2 2
+6 2
-84 3
-2 1
+2 1
cfi=(51)
cfn=(640)
calls=1 -22 
* 10
+5 16
+6 1
-6 1
+4 1
+2 3
+2 14
+2 14
+2 14
+1 7
+1 7
+4 7
-12 21
+19 6
+1 4
+6 6
cfi=(13)
cfn=(248)
calls=1 298 
* 505
+9 2
cob=(2)
cfi=(244)
cfn=(1826)
calls=1 357 
* 31
+5 6
+2 1
+2 2
-2 6
+2 12
+13 2
+4 3
cfi=(51)
cfn=(640)
calls=1 -94 
* 10
* 2
-15 28
cfi=(346) ./elf/./elf/dl-call_fini.c
cfn=(3070) _dl_call_fini
calls=7 -96 
* 8152
+3 14
cfi=(51)
cfn=(3096) _dl_audit_objclose
calls=7 -26 
* 35
-9 14
+14 7
-14 22

fl=(72)
fn=(242)
25 4
+1 8
+1 2

fl=(68)
fn=(226)
28 6
+1 12
cfi=(69) ./io/../sysdeps/unix/sysv/linux/fstatat64.c
cfn=(228) fstatat
calls=3 146 
* 28

fl=(60)
fn=(192)
47 26
+3 52
-3 156
+6 52
+5 156
+2 104
-7 55

fl=(75)
fn=(258) _dl_check_map_versions
155 63
+15 21
+2 21
+2 21
+1 7
+2 14
+3 10
+4 10
-20 5
-8 5
+69 35
36 10
200 10
36 31
200 16
36 63
+1 60
-1 120
+2 219
cfi=(55)
cfn=(174)
calls=73 +30 
* 6687
* 172
208 26
+5 13
99 52
213 26
+4 26
+1 26
-1 13
+4 26
-3 52
-1 122
+1 122
-1 61
+4 122
-3 414
56 296
+8 148
+6 222
+16 74
+1 148
+2 74
+5 666
+14 2900
+12 4128
+4 1376
-30 2752
231 296
+3 222
+5 61
-24 61
110 74
+3 296
cfi=(34)
cfn=(98)
calls=74 -15 
* 3127
* 296
224 222
+1 3
cfi=(34)
cfn=(98)
calls=1 98 
* 68
* 2
+3 41
+15 39
+5 8
-50 8
+59 25
+3 10
+3 35
+3 25
+4 5
-7 20
+3 15
+4 136
-7 544
+3 413
+8 15
+6 12
fi=(28)
44 6
fe=(75)
280 12
fi=(28)
44 6
cfi=(27)
cfn=(72)
calls=6 +36 
* 239
fe=(75)
281 12
-2 6
fi=(28)
44 6
fe=(75)
281 6
+13 6
-3 6
+3 24
+2 12
+3 20
+4 39
+7 74
+1 74
-1 148
+1 74
+1 74
-2 74
+2 148
+1 222
+3 222
+5 61
-15 61
+2 61
-2 61
+2 61
-2 61
+2 122
-2 13
+2 13
-2 13
+2 13
-2 13
+2 26
+16 39
+5 8
-28 8
+71 12
+1 10
+1 10
+1 4
+19 63
164 2
-8 2
257 5
+77 10
+3 10
+4 141
+6 141
+1 141
+1 141
-1 282
+1 141
-1 141
+1 141
+1 141
+3 423
+4 141
-14 292
+10 39
+11 681
+1 454
+1 36
-32 2
-40 2
-20 3
377 4
+2 124
+1 60
+2 1
+1 2
-1 1
+1 1
cfi=(34)
cfn=(260)
calls=1 98 
* 55
* 2

fn=(256)
399 7
+4 5
-2 3
+4 42
cfn=(258)
calls=7 155 
* 33569
-2 7
+1 7
-1 14
+5 7

fl=(48)
fn=(464)
1177 4
+1 20
-1 16
+9 4
+3 4
+1 4
+4 12
+36 8
+3 8
+1 12
+5 4
-3 4
+4 8

fn=(588)
1138 1
+1 1
+3 4
+6 8
-6 12
+2 15
+1 10
+6 1
+1 1

fn=(266)
133 2
+3 1
-3 3
+3 1
-3 1
+3 1
-3 2
+3 1
cfi=(11)
cfn=(28)
calls=1 435 
* 17
* 1
+1 4
cfi=(11)
cfn=(28)
calls=1 435 
* 17
+1 1
+2 1
-3 1
+1 2
+2 3
+3 1
+2 1
-26 3
+28 3
+1 6

fn=(148)
228 1
+2 2
+1 1
+15 2

fn=(268)
251 7
+35 1
-35 1
+37 3
-34 1
-1 1
-1 2
+63 9
+3 3
-3 15
+5 3
+7 3
-7 12
+3 3
-34 3
-1 6
+1 3
-1 6
+3 21
+4 4
-1 4
+5 4
-5 4
+1 4
-1 4
+3 8
+2 12
+2 8
+3 2
+6 1
-21 1
+17 1
-18 2
fi=(76) ./elf/../sysdeps/unix/sysv/linux/dl-extra_tls.h
32 3
+12 1
-12 1
cfi=(11)
cfn=(28)
calls=1 435 
* 18
+1 3
+4 10
+14 4
cfi=(11)
cfn=(28)
calls=1 435 
* 18
+1 3
fe=(48)
350 6
455 1
-94 1
+2 1
-2 2
+3 7
+2 2
+90 7
fi=(76)
54 1
fe=(48)
344 3
+6 3

fn=(272)
517 7
fi=(77) ./elf/./dl-tls_block_align.h
23 1
fe=(48)
+74 1
523 2
fi=(28)
56 1
cfi=(27)
cfn=(76)
calls=1 -20 
* 85
fe=(48)
525 2
fi=(77)
41 2
+6 4
+5 1
fi=(28)
-8 1
fi=(77)
+3 1
+1 1
+4 304
fe=(48)
535 1
-70 1
+5 1
fi=(28)
44 1
cfi=(27)
cfn=(72)
calls=1 +36 
* 29
fe=(48)
471 2
-2 1
+11 1
-11 1
+11 1
+60 2
-23 1
103 1
545 6

fn=(590)
612 50
+1 10
+4 5
+9 10
-3 10
cob=(2)
cfi=(243)
cfn=(1822)
calls=4 71 
* 144
cfi=(24)
cfn=(84)
calls=1 43 
* 3
+3 15
+12 15
-19 4
+43 12
-19 36
+9 48
+1 32
+6 48
+3 16
-2 16
+6 16
-6 16
+2 32
+4 16
-4 48
+3 32
+4 32
+1 64
+2 32
+1 16
+21 32
-21 16
+21 16
-12 16
+12 32
cfi=(29)
cfn=(128)
calls=16 197 
* 240
* 80
cfi=(45)
cfn=(132)
calls=16 137 
* 516
-51 16
+59 16
-59 64
+6 48
+59 8
cob=(2)
cfi=(244)
cfn=(1826)
calls=4 357 
* 124
* 2
cfi=(24)
cfn=(84)
calls=1 43 
* 3
+3 5
+3 45
-52 1
-42 1
-1 1
+43 2
-19 11
+26 8
+1 16
+2 8
+1 8
+9 4
+10 8
+2 24
cfi=(29)
cfn=(128)
calls=4 197 
* 60
* 20
cfi=(45)
cfn=(132)
calls=4 137 
* 129
-51 4
+55 4
+4 8
-59 16
+6 10
+3 12
+1 8
+6 12
+3 4
-2 4
+6 4
-6 4
+2 8
+4 4
-4 12
+3 8
+41 2

fn=(240)
161 3
+16 3
-13 3
-3 9
+3 3
+55 3
-2 3
+5 3
+1 6

fn=(2518)
719 36
+1 8
465 8
fi=(28)
44 4
fe=(48)
470 4
fi=(28)
44 4
cob=(2)
cfi=(195)
cfn=(2520) calloc
calls=4 3739 
* 1258
fe=(48)
471 8
-2 4
+11 8
-11 4
+11 8
623 4
+3 4
-3 4
cob=(2)
cfi=(243)
cfn=(1822)
calls=4 71 
* 144
+3 16
-7 4
+19 4
-18 12
+23 36
+9 48
+1 32
+6 48
+3 16
-2 16
+6 16
-6 16
+2 32
+4 16
-4 48
+3 32
+4 32
+1 64
+2 32
+1 32
+21 16
-21 16
+21 16
-12 16
+12 32
cfi=(29)
cfn=(128)
calls=16 197 
* 240
* 96
cfi=(45)
cfn=(132)
calls=16 137 
* 516
-51 16
+59 16
-59 64
+6 40
+59 8
cob=(2)
cfi=(244)
cfn=(1826)
calls=4 357 
* 124
+3 8
+12 36

fl=(13)
fn=(26)
289 2
+1 2
-1 2
+1 2
cfi=(11)
cfn=(28)
calls=1 435 
* 18
+2 3
-1 1
+2 2

fn=(248)
298 24
+8 2
-8 2
+8 4
-95 2
-28 2
-2 2
+1 2
+29 2
-28 8
+1 2
-1 2
+1 2
-1 4
+1 12
-1 12
+1 12
-1 24
+28 28
+8 10
-3 8
+2 8
+3 44
+2 14
-83 70
cfn=(250) dfs_traversal.part.0
calls=14 -5 
* 502
+86 56
+18 14
+19 6
cfi=(29)
cfn=(80)
calls=2 -53 
* 38
+13 8
+7 2
+27 16

fn=(250)
135 70
+10 14
-2 14
+2 28
+2 44
-7 22
+7 129
-7 48
+16 28
+15 42
+1 14
+1 28
-17 21

fl=(24)
fn=(66)
54 4
+3 9
+5 2
+1 1
+2 1

fn=(278)
69 2
fi=(356) ./elf/../include/list.h
-25 1
fe=(24)
+25 2
fi=(356)
-26 1
fe=(24)
+27 1
+3 1
fi=(356)
-30 1
fe=(24)
+33 1
fi=(356)
-32 1
+1 1
+2 1
fe=(24)
+29 3
+13 1
+6 1
-18 2
+12 1
-11 1
+11 1
-10 1
+5 2
+11 1
-3 1
-3 1
+6 1
+16 4
cfi=(11)
cfn=(28)
calls=1 435 
* 18
fi=(79) ./elf/../sysdeps/unix/sysv/linux/rseq-internal.h
-11 1
-7 1
+7 2
+24 1
fe=(24)
-11 1
+6 2
+1 2
fi=(79)
-12 2
-15 2
+15 2
+4 1
-19 1
+19 3
cfi=(45)
cfn=(132)
calls=1 +25 
* 13
+4 1
+2 2
-6 1
+6 1
-2 1
+2 2
+1 2
fe=(24)

fn=(84)
43 178
+2 356

fl=(25)
fn=(68)
28 3
+1 3
+3 99
+13 89
-13 178
+2 182
+1 26
+5 2
-3 2
+3 2
+2 2

fl=(66)
fn=(216)
25 1
+2 7
+4 1

fl=(186)
fn=(616)
27 1
+2 2
-2 1
+6 3
-6 3
+6 1
-6 1
+6 2
cfi=(184)
cfn=(604)
calls=1 +41 
* 220
* 1
+4 3
+2 3
+1 1
-1 1
+2 2
-1 1
cob=(2)
cfi=(187) ./elf/./elf/libc_early_init.c
cfn=(618) __libc_early_init
calls=1 -6 
* 1268

fl=(22)
fn=(60)
57 30
+44 30
+1 30
+1 30
+1 30
+1 30
+1 30
+1 30
+2 30
+2 30
+31 29
+1 29
+1 29
+1 29
+1 29
+1 15
+2 15
+4 14
+1 14
+1 14
+1 14
+1 14
+1 14
+1 14
+1 14
+1 14
+1 14
+1 14
+1 14
+5 112
+4 1
+1 14
+1 6
+15 1
+1 1
+1 2
+51 1
+1 1
+1 1
+1 1
+1 1
+1 1
+1 1
+1 1
+16 1
+2 1
+1 14
+2 1
+1 1
+1 1
+2 1

fl=(47)
fn=(146)
120 1
-44 2
+46 2
+5 3
+1 1
+26 1
-26 1
+29 2
-37 1
+49 2
-9 2
+2 3

fn=(152)
104 2
+3 2
-2 2
+2 4
+4 2
cfi=(50) ./elf/./elf/dl-debug_state.c
cfn=(154) _dl_debug_state
calls=2 -83 
* 4
-4 6

fn=(612)
46 2
+6 3
-6 2
+6 5
-1 1
+1 1
cfi=(82)
cfn=(294)
calls=1 767 
* 686
+2 2
-2 1
+2 3
+2 7
+1 3
+13 2

fn=(212)
94 6
-17 6
-1 12
+20 12
+4 6

fl=(53)
fn=(162)
258 6
+2 1
-2 1
+2 1
-2 2
+2 1
-2 1
+2 1
cfn=(164)
calls=1 -52 
* 2715
* 1
+1 2
+1 1
+1 1
-1 1
+3 1
-2 1
+2 6

fn=(164)
208 84
58 14
208 28
+3 28
+21 70
58 28
239 42
cfi=(54)
cfn=(166)
calls=14 31 
* 336
* 42
+2 42
cfi=(67)
cfn=(222)
calls=13 61 
* 25939
cfi=(2)
cfn=(168)
calls=1 641 
* 2647
69 14
+1 14
-1 14
+1 14
243 56
-25 14
+34 42
59 28
+11 42

fn=(252)
190 2
58 1
190 3
+2 1
58 1
+1 1
+11 1
196 1
+2 2
cfi=(2)
cfn=(254)
calls=1 674 
* 33676
69 2
+1 1
201 1
+1 4

fl=(197)
fn=(656) call_init.part.0
26 84
+17 7
+3 7
-3 14
+3 14
+5 12
+8 18
+1 24
cob=(4)
cfi=(192)
cfn=(702)
calls=1 -60 
* 7
cob=(4)
cfi=(192)
cfn=(692)
calls=1 -60 
* 7
cob=(4)
cfi=(192)
cfn=(680)
calls=1 -60 
* 7
cob=(4)
cfi=(192)
cfn=(658)
calls=1 -60 
* 7
+3 6
+1 12
+6 15
+3 10
-1 45
+2 60
cob=(7)
cfi=(206)
cfn=(1338) 0x00000000000bfdd0
calls=1 -74 
* 50
cob=(7)
cfi=(206)
cfn=(1312) 0x00000000000bfd10
calls=1 -74 
* 50
cob=(7)
cfi=(206)
cfn=(1294) 0x00000000000bfc90
calls=1 -74 
* 34
cob=(7)
cfi=(206)
cfn=(1276) 0x00000000000bfc10
calls=1 -74 
* 34
cob=(7)
cfi=(206)
cfn=(1274) 0x00000000000bfab0
calls=1 -74 
* 47
cob=(7)
cfi=(206)
cfn=(1256) 0x00000000000bf990
calls=1 -74 
* 57
cob=(7)
cfi=(206)
cfn=(1208) 0x00000000000bf740
calls=1 -74 
* 3363
cob=(7)
cfi=(206)
cfn=(1198) 0x00000000000bf720
calls=1 -74 
* 734
cob=(7)
cfi=(206)
cfn=(1196) 0x00000000000bf710
calls=1 -74 
* 3
cob=(7)
cfi=(206)
cfn=(1182) 0x00000000000bf680
calls=1 -74 
* 911
cob=(7)
cfi=(206)
cfn=(1176) 0x00000000000bff60
calls=1 -74 
* 12
cob=(7)
cfi=(206)
cfn=(1174) 0x00000000000bfe90
calls=1 -74 
* 80
cob=(6) /usr/lib/x86_64-linux-gnu/libgcc_s.so.1
cfi=(204) ???
cfn=(686) 0x0000000000005d10
calls=1 -74 
* 12
cob=(2)
cfi=(203) ./libio/./libio/stdfiles.c
cfn=(678) _IO_stdfiles_init
calls=1 -10 
* 22
cob=(2)
cfi=(202) ./libio/./libio/vtables.c
cfn=(676) check_stdfiles_vtables
calls=1 545 
* 12
* 20
cob=(7)
cfi=(206)
cfn=(706) 0x00000000000bfa80
calls=1 -74 
* 87142
cob=(3)
cfi=(205) ???
cfn=(696) 0x0000000000012930
calls=1 -74 
* 12
cob=(6)
cfi=(204)
cfn=(684) __cpu_indicator_init
calls=1 -74 
* 368
cob=(2)
cfi=(199) ./csu/./csu/init-first.c
cfn=(668) _init_first
calls=1 -28 
* 80
cob=(5) /usr/libexec/valgrind/vgpreload_core-amd64-linux.so
cfi=(198) ???
cfn=(662) 0x0000000000001110
calls=1 -74 
* 12
-1 60
+3 56
-29 2

fn=(654)
81 13
+1 1
+1 1
+3 3
+8 2
+25 1
+1 8
+1 14
-92 14
+6 21
+2 32
+83 12
cfn=(656)
calls=6 -94 
* 93452
* 12
+7 8
-98 2
+60 2
-54 3
+2 7
cfn=(656)
calls=1 -11 
* 77
* 2

fl=(23)
fn=(62)
37 5
+3 1
+18 2
+4 2
+16 3

fl=(207)
fn=(714)
39 145
+5 145
+3 145
+2 145
+10 145
+6 145
+1 145
+1 145
+1 145
+1 145
+1 145
+1 145
+4 145
+1 145
+3 145
+1 145
+2 145
+1 145
+1 145
+1 145
+1 145
+1 145
+2 145
+7 145
+1 145
+1 145
cfi=(208) ./elf/./elf/dl-runtime.c
cfn=(716) _dl_fixup
calls=145 -52 
* 120794
+1 145
+5 145
+1 145
+1 145
+2 145
+1 145
+1 145
+1 145
+1 145
+1 145
+1 145
+2 145
+2 145
+4 145
+2 145

fl=(44)
fn=(126)
59 1
+12 1
+1 1
+22 1
+1 1
+45 1
+1 1
+2 1
+1 1
+2 1
+1 1
+2 1
+1 1
+47 1
+1 1
+1 1
+1 1
+1 1
+1 1

fl=(346)
fn=(3070)
24 56
+4 14
+6 7
-2 7
+3 14
+4 10
+3 10
-4 25
+5 5
cob=(6)
cfi=(204)
cfn=(3216) 0x00000000000049b0
calls=1 -43 
* 42
cob=(3)
cfi=(205)
cfn=(3198) 0x00000000000128f0
calls=1 -43 
* 115
cob=(7)
cfi=(206)
cfn=(3116) 0x00000000000bff20
calls=1 -43 
* 7390
cob=(5)
cfi=(198)
cfn=(3098) 0x00000000000010d0
calls=1 -43 
* 115
cob=(8)
cfi=(229)
cfn=(3072) 0x000000000005c3e0
calls=1 -43 
* 115
* 1
cob=(6)
cfi=(204)
cfn=(3228) 0x0000000000005cd0
calls=1 -43 
* 115
-1 18
+5 7
+1 14
+1 10
+1 25
-1 5
cob=(4)
cfi=(192)
cfn=(3244)
calls=1 -49 
* 4
cob=(4)
cfi=(192)
cfn=(3214)
calls=1 -49 
* 4
cob=(4)
cfi=(192)
cfn=(3196)
calls=1 -49 
* 4
cob=(4)
cfi=(192)
cfn=(3114)
calls=1 -49 
* 4
cob=(4)
cfi=(192)
cfn=(3094)
calls=1 -49 
* 4
+1 12

fl=(182)
fn=(594)
105 7
+10 7
+1 7
-11 7
+1 14
+1 7
+8 7
+1 7
+5 28
+1 14
-19 14
+21 168
-2 273
+2 273
+3 7
+5 7
-5 14
+16 14
+5 7
+1 7

fl=(69)
fn=(228)
146 6
-55 6
+70 7
+1 1
-2 4
+1 4

fl=(208)
fn=(716)
46 1015
+9 145
-9 290
fi=(357) ./elf/../sysdeps/x86_64/dl-runtime.h
-18 145
fe=(208)
+18 145
+2 1160
+1 290
+5 145
+1 435
+1 145
+2 145
-2 870
+7 290
+4 290
+4 145
-22 145
+20 145
+2 290
+4 435
+1 580
-7 580
+16 145
-1 145
+1 290
+2 30
+1 30
+7 270
cfi=(82)
cfn=(294)
calls=30 767 
* 21897
* 1035
cfi=(82)
cfn=(294)
calls=115 767 
* 83786
+4 435
-4 145
+4 290
+10 1450
+15 580
+9 435
+26 435
fi=(6)
+64 145
fe=(208)
-60 1160
-63 120
+23 5
fi=(358) ./elf/../sysdeps/x86_64/dl-irel.h
-91 5
cob=(2)
cfi=(102)
cfn=(346)
calls=1 -3 
* 22
cob=(2)
cfi=(138)
cfn=(444)
calls=1 -3 
* 21
cob=(2)
cfi=(131)
cfn=(420)
calls=1 -3 
* 25
cob=(2)
cfi=(124)
cfn=(400)
calls=1 -3 
* 25
cob=(2)
cfi=(93)
cfn=(322)
calls=1 -3 
* 23
fe=(208)
+93 15

fl=(51)
fn=(640)
41 3
+4 6
+1 3
-1 3
+2 15

fn=(1410)
118 1
+1 4

fn=(214)
77 5
+1 20

fn=(3096)
97 7
+1 28

fn=(156)
29 1
+2 4

fl=(183)
fn=(602)
30 2
+10 4
-10 3
+7 1
+3 2
cfi=(184)
cfn=(604)
calls=1 +34 
* 262
+4 2
+1 9
+2 5
-2 1
+2 1
cfi=(184)
cfn=(604)
calls=1 +27 
* 217
* 1
+4 2
+1 6
+1 2
-1 1
+1 2

fl=(70)
fn=(642)
508 1
+1 4
-1 1
+3 1
-3 1
+3 1
cfi=(144)
cfn=(644)
calls=1 117 
* 6
+7 1
-6 1
+4 1
+2 1

fn=(236) _dl_cache_libcmp
340 43
+1 43
-1 43
+1 86
+22 440
+2 440
-12 181
+16 181
+1 181
-29 362
+4 224
-2 448
+2 224
-2 448
+2 8
+6 4
+2 4
-2 4
+1 4
-1 4
+1 4
+1 12
+2 16
+2 8
-16 12
+32 12
-7 117

fn=(230)
386 40
+2 8
+3 12
+69 9
+5 12
206 12
468 8
199 8
332 20
206 40
+2 195
+1 39
-23 39
+23 39
+4 78
+4 117
cfn=(236)
calls=39 340 
* 3196
+1 78
329 35
+1 15
206 30
499 28
228 4
+3 8
+2 16
cfn=(236)
calls=4 340 
* 357
* 8
-7 12
+9 24
fi=(359) ./elf/../sysdeps/x86/dl-isa-level.h
28 24
fe=(70)
245 8
+10 12
+1 16
+16 4
fi=(71) ./elf/../sysdeps/generic/dl-cache.h
125 4
fe=(70)
272 16
+9 8
+5 8
+27 8
483 8
+12 8
cfi=(22)
cfn=(60)
calls=4 57 
* 140
+1 4
-1 4
+1 40
+1 4
-1 4
+1 4
-1 4
+1 4
cfi=(29)
cfn=(80)
calls=4 210 
* 76
* 4
+1 4
cfi=(46)
cfn=(140)
calls=4 40 
* 364
+1 32
-3 8
394 4
cfi=(55)
cfn=(232)
calls=1 36 
* 103
* 1
+8 5
+1 8
+3 3
+1 1
-1 4
fi=(71)
194 1
+1 5
fe=(70)
414 1
+1 2

fl=(42)
fn=(120)
51 110
-25 33
+36 5
-7 5
+7 35
-26 24
+5 27
cfi=(43)
cfn=(122)
calls=9 -9 
* 216
+1 18
+3 18
+11 6
+1 18
+1 12
-13 6
+11 3
+1 9
+1 6
-28 24
+4 54
+1 12
-1 30
+24 6
+9 12
-5 6
-2 6
+2 42
-19 6
cfi=(22)
cfn=(60)
calls=3 +14 
* 51
* 3

fn=(124)
25 2
+1 3
+1 1
+20 1

fl=(26)
fn=(82)
31 30
+2 6
-2 12
+2 6
cfi=(24)
cfn=(84)
calls=6 +10 
* 18
+2 40
+3 80
+2 5
+2 5
+4 5
+1 5
+3 5
-4 5
+1 5
+1 5
+3 5
-3 5
+3 10
-1 5
cfi=(24)
cfn=(84)
calls=5 -7 
* 15
-4 1
+1 1
+3 1
-4 1
+1 1
+1 1
+3 1
-3 1
+3 2
-1 1
cfi=(24)
cfn=(84)
calls=1 -7 
* 3
-5 2

fn=(70)
59 90
+3 12
+18 5
+3 10
cfi=(22)
cfn=(60)
calls=5 -26 
* 103
+4 5
-4 5
+4 5
+5 5
-9 15
fi=(28)
-39 10
cfi=(27)
cfn=(72)
calls=5 +36 
* 251
fe=(26)
+39 1
fi=(28)
-39 2
cfi=(27)
cfn=(72)
calls=1 +36 
* 35
* 6
fe=(26)
+51 12
+4 6
-1 6
+6 6
-5 6
+5 6
-5 6
+4 6
+1 6
-1 6
+1 12
cfi=(29)
cfn=(80)
calls=6 210 
* 77
* 6
+15 6
-15 6
+2 6
+13 12
+6 1
+2 7
+3 2
-3 35
+3 10
+6 6
-4 6
+4 6
+3 16
+2 12
-2 8
+2 8
-2 16
+16 12
-5 6
-1 12
+6 18
+2 10
+3 10
-3 10
+7 20
+4 15
+8 1
+13 1
-10 2
+10 8
-10 10
+10 15
+2 5
cfi=(22)
cfn=(60)
calls=5 57 
* 203
+21 5
-21 15
+17 5
-13 15
+50 15
cfi=(29)
cfn=(128)
calls=5 -48 
* 105
* 5
+5 10
+1 10
-1 158
+1 158
+4 10
+1 5
+3 5
+4 54
131 12
-8 5
-4 10
+34 1
+7 4
+8 20
fi=(28)
56 10
cfi=(27)
cfn=(76)
calls=5 -20 
* 90
* 5
fe=(26)
200 10
-1 10
64 2
+2 3
+1 6
+10 1
-6 2

fl=(80)
fn=(650)
331 1
+3 2
+16 1

fn=(282)
361 5
-86 2
+2 2
-1 1
+6 1
+3 1
-3 1
+1 1
-1 1
+1 1
-1 1
+1 1
+5 2
+5 2
+3 1
+4 2
+5 2
-1 1
+9 2
157 1
-12 2
+12 2
-7 1
+24 2
+5 1
363 2
-61 2
+1 2

fl=(57)
fn=(184)
25 5
+1 20
+1 5

fl=(73)
fn=(244)
30 65
+4 5
+1 10
+10 10
+18 5
-17 5
+17 25

fl=(20)
fn=(52) intel_check_word.constprop.0
133 48
-4 48
+10 72
+87 24
-97 72
+90 24
-90 48
+10 48
-10 24
+10 24
+73 72
-73 24
+73 48
-69 24
+2 48
-10 12
257 144
-31 144
fi=(21) ./elf/../bits/stdlib-bsearch.h
28 144
fe=(20)
+92 96
fi=(21)
-92 108
fe=(20)
+92 72
+3 324
fi=(21)
-97 768
+2 720
fe=(20)
+92 480
+21 144
+2 36
+2 132
+8 120
+51 96
fi=(21)
44 60
-18 120
+17 72
fe=(20)
165 36
+3 60
+9 18
+1 18
+1 18
+1 18
-18 18
+12 18
+23 21
-32 63
+3 63
+4 58
+2 116
+3 58
+1 50
+1 38
+1 24
+2 11
+2 22
+6 14
+3 8
+1 12
-3 9
-5 4
+2 4
+1 4
-2 4
-1 4
+2 8
-2 4
+3 4
-2 12
+2 12
+11 2
-38 6
+12 15

fn=(50)
266 24
-5 12
+17 12
-17 96
+11 12
+6 36
+4 24
+34 96
-29 12
+3 24
-3 12
+3 12
cfn=(52)
calls=12 133 
* 4008
+2 24
+3 60
cfn=(52)
calls=12 133 
* 1286
+2 24

fn=(56)
624 11
+47 1
-29 1
-3 1
+32 1
-17 2
-11 1
+28 2
+4 2
-26 1
+31 1
-14 1
-15 4
+32 1
-32 9
+75 4
+8 1
+2 1
-2 5
+2 2
-2 1
-4 3
+31 2
-21 4
+2 1
+2 2
-4 3
+2 1
+2 6
+2 4
+3 2
+5 1
+2 2
+1 1
+1 1
-2 2
+1 1
-19 4
+46 2
+2 1
-1 1
+1 2
+1 1
+25 3
+11 4
+1 5
+4 2
+7 1
+1 1
+1 1
+1 7
693 6
+14 2
+4 1
+3 1
+1 1
-4 2
+3 3
+6 4
-37 12
+7 6
-7 3
+7 2
+3 20
+5 2
+4 1
+1 1
-1 2
+1 1
+61 2
+7 1
+2 2
-16 1
+22 1
-6 2
+1 2
+5 1

fl=(50)
fn=(154)
28 2
+1 2

ob=(6)
fl=(204)
fn=(3228)
0 9
cob=(4)
cfi=(192)
cfn=(3234)
calls=1 0 
0 97
0 1
cfn=(3238) 0x0000000000005c60
calls=1 0 
0 5
0 3

fn=(684)
0 368

fn=(686)
0 12

fn=(3216)
0 5
cfn=(3218) 0x0000000000004960
calls=1 0 
0 16
0 2
cfn=(3218)
calls=1 0 
0 16
0 3

fn=(3238)
0 5

fn=(3218)
0 32

ob=(5)
fl=(198)
fn=(3098)
0 9
cob=(4)
cfi=(192)
cfn=(3104)
calls=1 0 
0 97
0 1
cfn=(3108) 0x0000000000001060
calls=1 0 
0 5
0 3

fn=(662)
0 12

fn=(3108)
0 5

ob=(8)
fl=(229)
fn=(2446) (anonymous namespace)::populate_lock_if_empty(void*, std::filesystem::__cxx11::path const&)
0 14
cob=(4)
cfi=(192)
cfn=(2440)
calls=1 0 
0 8
0 16

fn=(2452) (anonymous namespace)::durable_sync_parent(std::filesystem::__cxx11::path const&)
0 10
cob=(4)
cfi=(192)
cfn=(2412)
calls=1 0 
0 1456
0 7
cob=(4)
cfi=(192)
cfn=(1498)
calls=1 0 
0 260
0 7
cob=(4)
cfi=(192)
cfn=(1750)
calls=1 0 
0 43
0 12
cob=(4)
cfi=(192)
cfn=(2438)
calls=1 0 
0 48
0 5
cob=(4)
cfi=(192)
cfn=(2448)
calls=1 0 
0 33
0 4
cob=(4)
cfi=(192)
cfn=(2454)
calls=1 0 
0 33
0 1

fn=(1420) main
0 2
cfn=(1422) run_cli(int, char**)
calls=1 0 
0 984190159

fn=(1452)
0 42680638
cob=(4)
cfi=(192)
cfn=(1428)
calls=3213722 0 
0 48837072
0 24257811
cob=(4)
cfi=(192)
cfn=(1436)
calls=1801931 0 
0 118573421
0 19821241

fn=(1752) void std::__cxx11::basic_string<char, std::char_traits<char>, std::allocator<char> >::_M_construct<char const*>(char const*, char const*, std::forward_iterator_tag) [clone .isra.0]
0 280420
cob=(4)
cfi=(192)
cfn=(1428)
calls=10015 0 
0 200300
0 30069
cob=(4)
cfi=(192)
cfn=(1436)
calls=1 0 
0 64
0 9
cob=(4)
cfi=(192)
cfn=(1428)
calls=1 0 
0 13
0 3364623
cob=(4)
cfi=(192)
cfn=(1428)
calls=120165 0 
0 1902627
0 360519
cob=(4)
cfi=(192)
cfn=(1436)
calls=1 0 
0 64
0 9
cob=(4)
cfi=(192)
cfn=(1428)
calls=1 0 
0 13
0 3

fn=(2140) std::_Rb_tree<std::__cxx11::basic_string<char, std::char_traits<char>, std::allocator<char> >, std::__cxx11::basic_string<char, std::char_traits<char>, std::allocator<char> >, std::_Identity<std::__cxx11::basic_string<char, std::char_traits<char>, std::allocator<char> > >, std::less<std::__cxx11::basic_string<char, std::char_traits<char>, std::allocator<char> > >, std::allocator<std::__cxx11::basic_string<char, std::char_traits<char>, std::allocator<char> > > >::_M_erase(std::_Rb_tree_node<std::__cxx11::basic_string<char, std::char_traits<char>, std::allocator<char> > >*) [clone .isra.0]
0 9
cfn=(2141) std::_Rb_tree<std::__cxx11::basic_string<char, std::char_traits<char>, std::allocator<char> >, std::__cxx11::basic_string<char, std::char_traits<char>, std::allocator<char> >, std::_Identity<std::__cxx11::basic_string<char, std::char_traits<char>, std::allocator<char> > >, std::less<std::__cxx11::basic_string<char, std::char_traits<char>, std::allocator<char> > >, std::allocator<std::__cxx11::basic_string<char, std::char_traits<char>, std::allocator<char> > > >::_M_erase(std::_Rb_tree_node<std::__cxx11::basic_string<char, std::char_traits<char>, std::allocator<char> > >*) [clone .isra.0]'2
calls=1 0 
0 1691
0 6
cfn=(2141)
calls=2 0 
0 462
0 24
cob=(4)
cfi=(192)
cfn=(1750)
calls=3 0 
0 577
0 90147
cfn=(2141)
calls=10015 0 
0 4141695
0 90261
cfn=(2141)
calls=30087 0 
0 2231475
0 320816
cob=(4)
cfi=(192)
cfn=(1750)
calls=40102 0 
0 1737999
0 120306
cob=(4)
cfi=(192)
cfn=(1750)
calls=40102 0 
0 1737374
0 120283

fn=(2141)
0 68
cfn=(2141)
calls=6 0 
0 833
0 12
cfn=(2141)
calls=4 0 
0 227
0 80
cob=(4)
cfi=(192)
cfn=(1750)
calls=10 0 
0 1942
0 315290
cfn=(2141)
calls=25021 0 
0 10273576
0 14769
cfn=(2141)
calls=4923 0 
0 5202930
0 239552
cob=(4)
cfi=(192)
cfn=(1750)
calls=29944 0 
0 2757728
0 89832
cob=(4)
cfi=(192)
cfn=(1750)
calls=29944 0 
0 2751053
0 204997

fn=(2180) ProjectInfo::invalidate_hierarchy() const
0 8
cob=(4)
cfi=(192)
cfn=(1820)
calls=1 0 
0 33
0 10
cob=(4)
cfi=(192)
cfn=(1824)
calls=1 0 
0 23
0 2
cob=(4)
cfi=(192)
cfn=(1820)
calls=1 0 
0 33
0 15
cob=(4)
cfi=(192)
cfn=(1824)
calls=1 0 
0 23

fn=(2182) std::filesystem::__cxx11::operator/(std::filesystem::__cxx11::path const&, std::filesystem::__cxx11::path const&)
0 4343234
cfn=(1452)
calls=310231 0 
0 33816123
0 930693
cob=(4)
cfi=(192)
cfn=(1754)
calls=310231 0 
0 180427719
0 930693
cob=(4)
cfi=(192)
cfn=(1756)
calls=310231 0 
0 361134861
0 2171617

fn=(2220) json::Document::Parser<true>::parse_object(unsigned long)
0 170255
cfn=(1424) std::__cxx11::basic_string<char, std::char_traits<char>, std::allocator<char> >::basic_string<std::allocator<char> >(char const*, std::allocator<char> const&) [clone .constprop.0]
calls=10015 0 
0 711065
0 280420
cfn=(2098) std::vector<std::pair<std::__cxx11::basic_string<char, std::char_traits<char>, std::allocator<char> >, json::Document>, std::allocator<std::pair<std::__cxx11::basic_string<char, std::char_traits<char>, std::allocator<char> >, json::Document> > >::reserve(unsigned long)
calls=10015 0 
0 971455
0 20030
cfn=(2196) json::Document::Parser<true>::skip_whitespace()
calls=10015 0 
0 981470
0 1101650
cfn=(2198) json::Document::Parser<true>::parse_string[abi:cxx11]()
calls=60090 0 
0 17866760
0 961440
cfn=(1424)
calls=60090 0 
0 8296421
0 841260
cob=(4)
cfi=(192)
cfn=(1750)
calls=60090 0 
0 2587110
0 300450
cfn=(2219) json::Document::Parser<true>::parse_value(unsigned long)'2
calls=60090 0 
0 44347176
0 1582350
cfn=(2114) json::Document::~Document()
calls=10014 0 
0 250350
0 681037
cfn=(2114)
calls=40061 0 
0 1001525
0 20030
cfn=(2114)
calls=10015 0 
0 250375
0 1342010
cfn=(1424)
calls=50075 0 
0 7364023
0 751125
cob=(4)
cfi=(192)
cfn=(1750)
calls=50075 0 
0 2155865
0 5137695
cfn=(2116) void std::vector<std::pair<std::__cxx11::basic_string<char, std::char_traits<char>, std::allocator<char> >, json::Document>, std::allocator<std::pair<std::__cxx11::basic_string<char, std::char_traits<char>, std::allocator<char> >, json::Document> > >::_M_realloc_append<std::__cxx11::basic_string<char, std::char_traits<char>, std::allocator<char> >, json::Document>(std::__cxx11::basic_string<char, std::char_traits<char>, std::allocator<char> >&&, json::Document&&)
calls=10015 0 
0 7342529
0 480723
cob=(4)
cfi=(192)
cfn=(1454)
calls=10015 0 
0 80120
0 921404

fn=(2406) filesystem::begin_recovery_epoch()
0 3

fn=(2786) BuildProgress::BuildProgress(unsigned long, std::atomic<unsigned long>&)
0 12
cfn=(2788) BuildProgress::BuildProgress(unsigned long, std::atomic<unsigned long>&, BuildProgress::Options)
calls=1 0 
0 102
0 2

fn=(2788)
0 27
cob=(4)
cfi=(192)
cfn=(2790)
calls=1 0 
0 8
0 15
cfn=(2794) BuildProgress::enabled() const
calls=1 0 
0 50
0 2

fn=(2830) std::thread::_State_impl<std::thread::_Invoker<std::tuple<ProjectInfo::build_many(std::vector<ProjectInfo::BuildJob, std::allocator<ProjectInfo::BuildJob> > const&, bool, bool, unsigned long)::{lambda()#1}> > >::~_State_impl()
0 24
cob=(4)
cfi=(192)
cfn=(2742)
calls=4 0 
0 16
0 16
cob=(4)
cfi=(192)
cfn=(1750)
calls=4 0 
0 2758

fn=(2956) ProjectInfo::finish_if_epoch_complete(ProjectOwnership&, int, bool)
0 8
cfn=(2958) ProjectOwnership::finish()
calls=1 0 
0 1070
0 3

fn=(2980) (anonymous namespace)::CommandTimer::~CommandTimer() [clone .part.0]
0 14
cob=(4)
cfi=(192)
cfn=(1516)
calls=1 0 
0 31
0 7
cob=(4)
cfi=(192)
cfn=(1820)
calls=1 0 
0 32
0 4
cob=(4)
cfi=(192)
cfn=(1842)
calls=1 0 
0 103
0 16
cob=(4)
cfi=(192)
cfn=(1844)
calls=1 0 
0 185
0 13
cob=(4)
cfi=(192)
cfn=(2258)
calls=1 0 
0 41
0 9
cob=(4)
cfi=(192)
cfn=(1844)
calls=1 0 
0 185
0 11
cob=(4)
cfi=(192)
cfn=(2982)
calls=1 0 
0 5772
0 20
cob=(4)
cfi=(192)
cfn=(3054)
calls=1 0 
0 71
0 19
cob=(4)
cfi=(192)
cfn=(1984)
calls=1 0 
0 8
0 8
cob=(4)
cfi=(192)
cfn=(1986)
calls=1 0 
0 59
0 7
cob=(4)
cfi=(192)
cfn=(3054)
calls=1 0 
0 219
0 22
cob=(4)
cfi=(192)
cfn=(2206)
calls=1 0 
0 49
0 19
cob=(4)
cfi=(192)
cfn=(2852)
calls=1 0 
0 223
0 3
cob=(4)
cfi=(192)
cfn=(2888)
calls=1 0 
0 137
0 7
cob=(4)
cfi=(192)
cfn=(1750)
calls=1 0 
0 43
0 6
cob=(4)
cfi=(192)
cfn=(1750)
calls=1 0 
0 43
0 18
cob=(4)
cfi=(192)
cfn=(1824)
calls=1 0 
0 26
0 4
cob=(4)
cfi=(192)
cfn=(2796)
calls=1 0 
0 9
0 2
cob=(4)
cfi=(192)
cfn=(2798)
calls=1 0 
0 24
0 7
cfn=(2850) console::paint(std::__cxx11::basic_string<char, std::char_traits<char>, std::allocator<char> > const&, char const*, bool)
calls=1 0 
0 139
0 2

fn=(1386) _GLOBAL__sub_I__ZN15ExecutionOutput12write_stdoutERKNSt7__cxx1112basic_stringIcSt11char_traitsIcESaIcEEE
0 4

fn=(1396) _GLOBAL__sub_I__ZN11ProjectInfoC2Ev
0 4

fn=(1422)
0 19
cfn=(1424)
calls=1 0 
0 73
0 45
cfn=(1424)
calls=1 0 
0 73
0 5
cob=(4)
cfi=(192)
cfn=(1454)
calls=1 0 
0 8
0 6
cob=(4)
cfi=(192)
cfn=(1750)
calls=1 0 
0 187
0 5
cob=(4)
cfi=(192)
cfn=(1432)
calls=1 0 
0 186
0 11
cfn=(1424)
calls=1 0 
0 888
0 16
cfn=(1450) std::vector<std::__cxx11::basic_string<char, std::char_traits<char>, std::allocator<char> >, std::allocator<std::__cxx11::basic_string<char, std::char_traits<char>, std::allocator<char> > > >::push_back(std::__cxx11::basic_string<char, std::char_traits<char>, std::allocator<char> > const&)
calls=1 0 
0 52
0 2
cob=(4)
cfi=(192)
cfn=(1454)
calls=1 0 
0 8
0 6
cfn=(1424)
calls=1 0 
0 73
0 5
cfn=(1444) bool std::operator==<char, std::char_traits<char>, std::allocator<char> >(std::__cxx11::basic_string<char, std::char_traits<char>, std::allocator<char> > const&, char const*)
calls=1 0 
0 32
0 8
cob=(4)
cfi=(192)
cfn=(1446)
calls=1 0 
0 8
0 4
cfn=(2380) std::vector<std::__cxx11::basic_string<char, std::char_traits<char>, std::allocator<char> >, std::allocator<std::__cxx11::basic_string<char, std::char_traits<char>, std::allocator<char> > > >::~vector()
calls=1 0 
0 411
0 2
cob=(4)
cfi=(192)
cfn=(1454)
calls=1 0 
0 8
0 16
cob=(4)
cfi=(192)
cfn=(1432)
calls=1 0 
0 186
0 9
cfn=(1444)
calls=1 0 
0 62
0 7
cfn=(1444)
calls=1 0 
0 32
0 4
cfn=(1444)
calls=1 0 
0 32
0 6
cfn=(1444)
calls=1 0 
0 32
0 7
cfn=(1444)
calls=1 0 
0 32
0 5
cfn=(1444)
calls=1 0 
0 32
0 7
cob=(4)
cfi=(192)
cfn=(1460)
calls=1 0 
0 1892
0 5
cfn=(1444)
calls=1 0 
0 32
0 5
cfn=(1444)
calls=1 0 
0 65
0 6
cfn=(1444)
calls=1 0 
0 32
0 5
cfn=(1444)
calls=1 0 
0 32
0 5
cfn=(1444)
calls=1 0 
0 32
0 5
cfn=(1444)
calls=1 0 
0 32
0 6
cfn=(1444)
calls=1 0 
0 32
0 5
cfn=(1444)
calls=1 0 
0 32
0 5
cfn=(1444)
calls=1 0 
0 32
0 5
cfn=(1444)
calls=1 0 
0 32
0 5
cfn=(1444)
calls=1 0 
0 32
0 5
cfn=(1444)
calls=1 0 
0 32
0 5
cfn=(1444)
calls=1 0 
0 32
0 5
cfn=(1444)
calls=1 0 
0 32
0 5
cfn=(1444)
calls=1 0 
0 32
0 5
cfn=(1444)
calls=1 0 
0 32
0 5
cfn=(1444)
calls=1 0 
0 32
0 6
cfn=(1444)
calls=1 0 
0 32
0 9
cfn=(1472) std::filesystem::__cxx11::path::path<std::__cxx11::basic_string<char, std::char_traits<char>, std::allocator<char> >, std::filesystem::__cxx11::path>(std::__cxx11::basic_string<char, std::char_traits<char>, std::allocator<char> > const&, std::filesystem::__cxx11::path::format) [clone .constprop.0] [clone .isra.0]
calls=1 0 
0 1166
0 2
cfn=(1488) filesystem::file_exists(std::filesystem::__cxx11::path const&)
calls=1 0 
0 57
0 4
cfn=(1496) std::unique_ptr<std::filesystem::__cxx11::path::_List::_Impl, std::filesystem::__cxx11::path::_List::_Impl_deleter>::~unique_ptr()
calls=1 0 
0 11
0 2
cob=(4)
cfi=(192)
cfn=(1454)
calls=1 0 
0 8
0 35
cfn=(1444)
calls=8 0 
0 256
0 46
cfn=(1502) std::set<std::__cxx11::basic_string<char, std::char_traits<char>, std::allocator<char> >, std::less<std::__cxx11::basic_string<char, std::char_traits<char>, std::allocator<char> > >, std::allocator<std::__cxx11::basic_string<char, std::char_traits<char>, std::allocator<char> > > >::set<char const* const*>(char const* const*, char const* const*)
calls=1 0 
0 6976
0 5
cfn=(1514) std::_Rb_tree<std::__cxx11::basic_string<char, std::char_traits<char>, std::allocator<char> >, std::__cxx11::basic_string<char, std::char_traits<char>, std::allocator<char> >, std::_Identity<std::__cxx11::basic_string<char, std::char_traits<char>, std::allocator<char> > >, std::less<std::__cxx11::basic_string<char, std::char_traits<char>, std::allocator<char> > >, std::allocator<std::__cxx11::basic_string<char, std::char_traits<char>, std::allocator<char> > > >::find(std::__cxx11::basic_string<char, std::char_traits<char>, std::allocator<char> > const&) const [clone .isra.0]
calls=1 0 
0 192
0 6
cfn=(1444)
calls=1 0 
0 62
0 2
cob=(4)
cfi=(192)
cfn=(1516)
calls=1 0 
0 856
0 3
cfn=(1526) ProjectInfo::ProjectInfo()
calls=1 0 
0 1245
0 2
cfn=(1528) ProjectInfo::open()
calls=1 0 
0 939983884
0 6
cfn=(1444)
calls=1 0 
0 62
0 22
cob=(4)
cfi=(192)
cfn=(2128)
calls=1 0 
0 60
0 16
cfn=(2380)
calls=1 0 
0 15
0 3
cfn=(2974) ProjectInfo::~ProjectInfo()
calls=1 0 
0 11128075
0 4
cfn=(2980)
calls=1 0 
0 7617
0 2
cfn=(2140)
calls=1 0 
0 2779
0 5
cfn=(2404) ProjectInfo::build_all(bool, bool, bool)
calls=1 0 
0 33051459
0 1

fn=(1528)
0 13
cob=(4)
cfi=(192)
cfn=(1530)
calls=1 0 
0 10783
0 2
cob=(4)
cfi=(192)
cfn=(1654)
calls=1 0 
0 5
0 7
cob=(4)
cfi=(192)
cfn=(1656)
calls=1 0 
0 8690
0 3
cfn=(1736) std::__cxx11::basic_string<char, std::char_traits<char>, std::allocator<char> >::operator=(std::__cxx11::basic_string<char, std::char_traits<char>, std::allocator<char> >&&) [clone .isra.0]
calls=1 0 
0 23
0 10
cob=(4)
cfi=(192)
cfn=(1498)
calls=1 0 
0 1476
0 5
cob=(4)
cfi=(192)
cfn=(1478)
calls=1 0 
0 24
0 5
cob=(4)
cfi=(192)
cfn=(1498)
calls=1 0 
0 6
0 7
cob=(4)
cfi=(192)
cfn=(1750)
calls=1 0 
0 43
0 10
cfn=(1752)
calls=1 0 
0 113
0 2
cob=(4)
cfi=(192)
cfn=(1474)
calls=1 0 
0 5
0 2
cob=(4)
cfi=(192)
cfn=(1478)
calls=1 0 
0 714
0 5
cfn=(1452)
calls=1 0 
0 109
0 4
cob=(4)
cfi=(192)
cfn=(1754)
calls=1 0 
0 715
0 3
cob=(4)
cfi=(192)
cfn=(1756)
calls=1 0 
0 3263
0 2
cfn=(1810) filesystem::path_exists(std::filesystem::__cxx11::path const&)
calls=1 0 
0 53
0 8
cob=(4)
cfi=(192)
cfn=(1498)
calls=1 0 
0 278
0 6
cob=(4)
cfi=(192)
cfn=(1750)
calls=1 0 
0 43
0 5
cob=(4)
cfi=(192)
cfn=(1498)
calls=1 0 
0 114
0 6
cob=(4)
cfi=(192)
cfn=(1750)
calls=1 0 
0 43
0 13
cob=(4)
cfi=(192)
cfn=(1436)
calls=1 0 
0 200
0 15
cob=(4)
cfi=(192)
cfn=(1474)
calls=1 0 
0 5
0 2
cob=(4)
cfi=(192)
cfn=(1478)
calls=1 0 
0 714
0 8
cfn=(1452)
calls=1 0 
0 109
0 5
cob=(4)
cfi=(192)
cfn=(1754)
calls=1 0 
0 851
0 3
cob=(4)
cfi=(192)
cfn=(1756)
calls=1 0 
0 1364
0 2
cfn=(1810)
calls=1 0 
0 53
0 6
cob=(4)
cfi=(192)
cfn=(1498)
calls=1 0 
0 278
0 6
cob=(4)
cfi=(192)
cfn=(1750)
calls=1 0 
0 43
0 5
cob=(4)
cfi=(192)
cfn=(1498)
calls=1 0 
0 114
0 6
cob=(4)
cfi=(192)
cfn=(1750)
calls=1 0 
0 43
0 3
cob=(4)
cfi=(192)
cfn=(1812)
calls=1 0 
0 18
0 8
cob=(4)
cfi=(192)
cfn=(1478)
calls=1 0 
0 24
0 18
cob=(4)
cfi=(192)
cfn=(1498)
calls=1 0 
0 6
0 5
cob=(4)
cfi=(192)
cfn=(1478)
calls=1 0 
0 24
0 5
cob=(4)
cfi=(192)
cfn=(1498)
calls=1 0 
0 6
0 8
cob=(4)
cfi=(192)
cfn=(1498)
calls=1 0 
0 6
0 9
cfn=(1816) ProjectInfo::load_config()
calls=1 0 
0 69228
0 4
cfn=(2178) ProjectInfo::load_tracking()
calls=1 0 
0 939880171
0 15
cfn=(2402) WatchList::load(std::filesystem::__cxx11::path const&)
calls=1 0 
0 3865
0 11

fn=(2104) std::__cxx11::basic_string<char, std::char_traits<char>, std::allocator<char> >::basic_string(char const*, unsigned long, std::allocator<char> const&) [clone .isra.0]
0 15059282
cob=(4)
cfi=(192)
cfn=(1436)
calls=240242 0 
0 15377215
0 2162178
cob=(4)
cfi=(192)
cfn=(1428)
calls=240242 0 
0 3123146
0 781170
cob=(4)
cfi=(192)
cfn=(1428)
calls=260390 0 
0 4176270
0 1772413
cob=(4)
cfi=(192)
cfn=(1436)
calls=4 0 
0 256
0 36
cob=(4)
cfi=(192)
cfn=(1428)
calls=4 0 
0 56
0 30045
cob=(4)
cfi=(192)
cfn=(1428)
calls=10015 0 
0 200300
0 30057

fn=(2114)
0 8986845
cfn=(2115) json::Document::~Document()'2
calls=20032 0 
0 7028080
0 340520
cfn=(2115)
calls=170260 0 
0 20835182
0 971483
cob=(4)
cfi=(192)
cfn=(1750)
calls=70105 0 
0 9608681
0 2654758
cob=(4)
cfi=(192)
cfn=(1750)
calls=20032 0 
0 2285233
0 4017504
cfn=(2115)
calls=10012 0 
0 250300
0 29973
cfn=(2115)
calls=9991 0 
0 249775
0 2073796
cob=(4)
cfi=(192)
cfn=(1750)
calls=10014 0 
0 433128
0 4027528
cob=(4)
cfi=(192)
cfn=(1750)
calls=10014 0 
0 430602
0 3927388

fn=(2115)
0 3243801
cfn=(2115)
calls=1 0 
0 25
0 14
cfn=(2115)
calls=7 0 
0 222
0 38
cob=(4)
cfi=(192)
cfn=(1750)
calls=2 0 
0 86
0 720873
cob=(4)
cfi=(192)
cfn=(1750)
calls=1 0 
0 139
0 1541843
cfn=(2115)
calls=20031 0 
0 2948807
0 390264
cfn=(2115)
calls=130088 0 
0 16574639
0 1161301
cob=(4)
cfi=(192)
cfn=(1750)
calls=30047 0 
0 1295354
0 2522594
cob=(4)
cfi=(192)
cfn=(1750)
calls=180151 0 
0 16765946
0 721084

fn=(2118) json::Document::Parser<false>::parse_array(unsigned long)
0 510782
cfn=(1424)
calls=30046 0 
0 2133266
0 841288
cfn=(2120) std::vector<json::Document, std::allocator<json::Document> >::reserve(unsigned long)
calls=30046 0 
0 2916500
0 1251888
cfn=(2095) json::Document::Parser<false>::parse_value(unsigned long)'2
calls=20030 0 
0 15704472
0 520308
cfn=(2095)
calls=130077 0 
0 112576983
0 3967517
cfn=(2114)
calls=109912 0 
0 2747800
0 17
cfn=(2114)
calls=1 0 
0 25
0 80388
cfn=(2114)
calls=40194 0 
0 1004850
0 2792415
cob=(4)
cfi=(192)
cfn=(1436)
calls=130077 0 
0 8324928
0 3512079
cob=(4)
cfi=(192)
cfn=(1750)
calls=130077 0 
0 5593311
0 10247044
cfn=(2308) void std::vector<json::Document, std::allocator<json::Document> >::_M_realloc_append<json::Document>(json::Document&&)
calls=40194 0 
0 16267416
0 440820

fn=(2122) json::Document::operator[](std::__cxx11::basic_string<char, std::char_traits<char>, std::allocator<char> > const&)
0 49719438
cob=(4)
cfi=(192)
cfn=(1458)
calls=710949 0 
0 15355257
0 8871782
cfn=(1452)
calls=10015 0 
0 1081620
0 290435
cfn=(2114)
calls=10015 0 
0 250375
0 1461958

fn=(2138) project_read::load_config(std::filesystem::__cxx11::path const&, Config&, std::__cxx11::basic_string<char, std::char_traits<char>, std::allocator<char> >&)::{lambda(char const*, std::vector<std::__cxx11::basic_string<char, std::char_traits<char>, std::allocator<char> >, std::allocator<std::__cxx11::basic_string<char, std::char_traits<char>, std::allocator<char> > > >&, char const*)#1}::operator()(char const*, std::vector<std::__cxx11::basic_string<char, std::char_traits<char>, std::allocator<char> >, std::allocator<std::__cxx11::basic_string<char, std::char_traits<char>, std::allocator<char> > > >&, char const*) const
0 46
cfn=(1424)
calls=2 0 
0 144
0 38
cfn=(2106) json::Document::has(std::__cxx11::basic_string<char, std::char_traits<char>, std::allocator<char> > const&) const [clone .part.0]
calls=2 0 
0 190
0 10

fn=(2146) std::vector<std::__cxx11::basic_string<char, std::char_traits<char>, std::allocator<char> >, std::allocator<std::__cxx11::basic_string<char, std::char_traits<char>, std::allocator<char> > > >::vector<char const* const*, void>(char const* const*, char const* const*, std::allocator<std::__cxx11::basic_string<char, std::char_traits<char>, std::allocator<char> > > const&)
0 26
cob=(4)
cfi=(192)
cfn=(1432)
calls=1 0 
0 191
0 138
cob=(4)
cfi=(192)
cfn=(1426)
calls=8 0 
0 128
0 68
cob=(4)
cfi=(192)
cfn=(1436)
calls=4 0 
0 538
0 32
cob=(4)
cfi=(192)
cfn=(1428)
calls=4 0 
0 52
0 16
cob=(4)
cfi=(192)
cfn=(1428)
calls=4 0 
0 60
0 37

fn=(2198)
0 1952715
cfn=(1424)
calls=130181 0 
0 9242851
0 22731726
cfn=(2104)
calls=130181 0 
0 7089879
0 1562172

fn=(2256) filesystem::has_parent_component(std::__cxx11::basic_string<char, std::char_traits<char>, std::allocator<char> >)
0 1891281
cfn=(1452)
calls=90061 0 
0 7535897
0 11486637
cob=(4)
cfi=(192)
cfn=(1750)
calls=60031 0 
0 2581333
0 720488
cob=(4)
cfi=(192)
cfn=(1842)
calls=90061 0 
0 8855863
0 1621098
cob=(4)
cfi=(192)
cfn=(1844)
calls=90061 0 
0 16240865
0 720488
cob=(4)
cfi=(192)
cfn=(1844)
calls=90061 0 
0 16240865
0 1621098
cob=(4)
cfi=(192)
cfn=(2258)
calls=90061 0 
0 3272081
0 2371645
cob=(4)
cfi=(192)
cfn=(2260)
calls=90061 0 
0 3543435
0 270183
cob=(4)
cfi=(192)
cfn=(1844)
calls=90061 0 
0 16240865
0 720488
cob=(4)
cfi=(192)
cfn=(2270)
calls=90061 0 
0 19092939
0 960552
cob=(4)
cfi=(192)
cfn=(2270)
calls=240138 0 
0 41182928
0 1801078
cob=(4)
cfi=(192)
cfn=(1750)
calls=2 0 
0 86
0 990642
cob=(4)
cfi=(192)
cfn=(1750)
calls=60031 0 
0 2581333
0 360244
cob=(4)
cfi=(192)
cfn=(1984)
calls=90061 0 
0 720488
0 1621098
cob=(4)
cfi=(192)
cfn=(1986)
calls=90061 0 
0 5313599
0 1741129
cob=(4)
cfi=(192)
cfn=(1436)
calls=60031 0 
0 3841984
0 480248
cob=(4)
cfi=(192)
cfn=(1428)
calls=60031 0 
0 780403
0 90090
cob=(4)
cfi=(192)
cfn=(1428)
calls=30030 0 
0 450452
0 2122058

fn=(2336) void std::__introsort_loop<__gnu_cxx::__normal_iterator<std::__cxx11::basic_string<char, std::char_traits<char>, std::allocator<char> >*, std::vector<std::__cxx11::basic_string<char, std::char_traits<char>, std::allocator<char> >, std::allocator<std::__cxx11::basic_string<char, std::char_traits<char>, std::allocator<char> > > > >, long, __gnu_cxx::__ops::_Iter_less_iter>(__gnu_cxx::__normal_iterator<std::__cxx11::basic_string<char, std::char_traits<char>, std::allocator<char> >*, std::vector<std::__cxx11::basic_string<char, std::char_traits<char>, std::allocator<char> >, std::allocator<std::__cxx11::basic_string<char, std::char_traits<char>, std::allocator<char> > > > >, __gnu_cxx::__normal_iterator<std::__cxx11::basic_string<char, std::char_traits<char>, std::allocator<char> >*, std::vector<std::__cxx11::basic_string<char, std::char_traits<char>, std::allocator<char> >, std::allocator<std::__cxx11::basic_string<char, std::char_traits<char>, std::allocator<char> > > > >, long, __gnu_cxx::__ops::_Iter_less_iter) [clone .isra.0]
0 72
cfn=(2322) std::__cxx11::basic_string<char, std::char_traits<char>, std::allocator<char> >::compare(std::__cxx11::basic_string<char, std::char_traits<char>, std::allocator<char> > const&) const [clone .isra.0]
calls=2 0 
0 80
0 98
cob=(4)
cfi=(192)
cfn=(1458)
calls=6 0 
0 138
0 240328
cob=(4)
cfi=(192)
cfn=(1458)
calls=20026 0 
0 460599
0 40070
cob=(4)
cfi=(192)
cfn=(2338)
calls=2 0 
0 70
0 16
cfn=(2337) void std::__introsort_loop<__gnu_cxx::__normal_iterator<std::__cxx11::basic_string<char, std::char_traits<char>, std::allocator<char> >*, std::vector<std::__cxx11::basic_string<char, std::char_traits<char>, std::allocator<char> >, std::allocator<std::__cxx11::basic_string<char, std::char_traits<char>, std::allocator<char> > > > >, long, __gnu_cxx::__ops::_Iter_less_iter>(__gnu_cxx::__normal_iterator<std::__cxx11::basic_string<char, std::char_traits<char>, std::allocator<char> >*, std::vector<std::__cxx11::basic_string<char, std::char_traits<char>, std::allocator<char> >, std::allocator<std::__cxx11::basic_string<char, std::char_traits<char>, std::allocator<char> > > > >, __gnu_cxx::__normal_iterator<std::__cxx11::basic_string<char, std::char_traits<char>, std::allocator<char> >*, std::vector<std::__cxx11::basic_string<char, std::char_traits<char>, std::allocator<char> >, std::allocator<std::__cxx11::basic_string<char, std::char_traits<char>, std::allocator<char> > > > >, long, __gnu_cxx::__ops::_Iter_less_iter) [clone .isra.0]'2
calls=2 0 
0 44319325
0 10
cfn=(2322)
calls=2 0 
0 80
0 14
cfn=(2322)
calls=2 0 
0 80
0 10
cob=(4)
cfi=(192)
cfn=(2338)
calls=2 0 
0 70
0 24

fn=(2337)
0 1838
cfn=(2322)
calls=50 0 
0 2000
0 10850
cob=(4)
cfi=(192)
cfn=(1458)
calls=750 0 
0 23945
0 5893000
cob=(4)
cfi=(192)
cfn=(1458)
calls=490900 0 
0 11557799
0 986450
cob=(4)
cfi=(192)
cfn=(2338)
calls=650 0 
0 22750
0 1000
cfn=(2337)
calls=50 0 
0 865695925
0 110
cfn=(2342) void std::__heap_select<__gnu_cxx::__normal_iterator<std::__cxx11::basic_string<char, std::char_traits<char>, std::allocator<char> >*, std::vector<std::__cxx11::basic_string<char, std::char_traits<char>, std::allocator<char> >, std::allocator<std::__cxx11::basic_string<char, std::char_traits<char>, std::allocator<char> > > > >, __gnu_cxx::__ops::_Iter_less_iter>(__gnu_cxx::__normal_iterator<std::__cxx11::basic_string<char, std::char_traits<char>, std::allocator<char> >*, std::vector<std::__cxx11::basic_string<char, std::char_traits<char>, std::allocator<char> >, std::allocator<std::__cxx11::basic_string<char, std::char_traits<char>, std::allocator<char> > > > >, __gnu_cxx::__normal_iterator<std::__cxx11::basic_string<char, std::char_traits<char>, std::allocator<char> >*, std::vector<std::__cxx11::basic_string<char, std::char_traits<char>, std::allocator<char> >, std::allocator<std::__cxx11::basic_string<char, std::char_traits<char>, std::allocator<char> > > > >, __gnu_cxx::__normal_iterator<std::__cxx11::basic_string<char, std::char_traits<char>, std::allocator<char> >*, std::vector<std::__cxx11::basic_string<char, std::char_traits<char>, std::allocator<char> >, std::allocator<std::__cxx11::basic_string<char, std::char_traits<char>, std::allocator<char> > > > >, __gnu_cxx::__ops::_Iter_less_iter)
calls=2 0 
0 3363928
0 770902
cfn=(2344) void std::__adjust_heap<__gnu_cxx::__normal_iterator<std::__cxx11::basic_string<char, std::char_traits<char>, std::allocator<char> >*, std::vector<std::__cxx11::basic_string<char, std::char_traits<char>, std::allocator<char> >, std::allocator<std::__cxx11::basic_string<char, std::char_traits<char>, std::allocator<char> > > > >, long, std::__cxx11::basic_string<char, std::char_traits<char>, std::allocator<char> >, __gnu_cxx::__ops::_Iter_less_iter>(__gnu_cxx::__normal_iterator<std::__cxx11::basic_string<char, std::char_traits<char>, std::allocator<char> >*, std::vector<std::__cxx11::basic_string<char, std::char_traits<char>, std::allocator<char> >, std::allocator<std::__cxx11::basic_string<char, std::char_traits<char>, std::allocator<char> > > > >, long, long, std::__cxx11::basic_string<char, std::char_traits<char>, std::allocator<char> >, __gnu_cxx::__ops::_Iter_less_iter) [clone .isra.0]
calls=19272 0 
0 21407485
0 269958
cfn=(2322)
calls=50 0 
0 2000
0 350
cfn=(2322)
calls=50 0 
0 2338
0 250
cob=(4)
cfi=(192)
cfn=(2338)
calls=50 0 
0 1750
0 622

fn=(2354) std::pair<std::__detail::_Node_iterator<std::basic_string_view<char, std::char_traits<char> >, true, true>, bool> std::_Hashtable<std::basic_string_view<char, std::char_traits<char> >, std::basic_string_view<char, std::char_traits<char> >, std::allocator<std::basic_string_view<char, std::char_traits<char> > >, std::__detail::_Identity, std::equal_to<std::basic_string_view<char, std::char_traits<char> > >, std::hash<std::basic_string_view<char, std::char_traits<char> > >, std::__detail::_Mod_range_hashing, std::__detail::_Default_ranged_hash, std::__detail::_Prime_rehash_policy, std::__detail::_Hashtable_traits<true, true, true> >::_M_emplace_uniq<std::basic_string_view<char, std::char_traits<char> > >(std::basic_string_view<char, std::char_traits<char> >&&)
0 290428
cob=(4)
cfi=(192)
cfn=(1458)
calls=10014 0 
0 190281
0 9
cob=(4)
cfi=(192)
cfn=(1458)
calls=3 0 
0 72
0 170302
cob=(4)
cfi=(192)
cfn=(2160)
calls=4 0 
0 552
0 24
cob=(4)
cfi=(192)
cfn=(1432)
calls=4 0 
0 364
0 40
cfn=(2356) std::_Hashtable<std::basic_string_view<char, std::char_traits<char> >, std::basic_string_view<char, std::char_traits<char> >, std::allocator<std::basic_string_view<char, std::char_traits<char> > >, std::__detail::_Identity, std::equal_to<std::basic_string_view<char, std::char_traits<char> > >, std::hash<std::basic_string_view<char, std::char_traits<char> > >, std::__detail::_Mod_range_hashing, std::__detail::_Default_ranged_hash, std::__detail::_Prime_rehash_policy, std::__detail::_Hashtable_traits<true, true, true> >::_M_insert_unique_node(unsigned long, unsigned long, std::__detail::_Hash_node<std::basic_string_view<char, std::char_traits<char> >, true>*, unsigned long)
calls=4 0 
0 422
0 12

fn=(2380)
0 250550
cob=(4)
cfi=(192)
cfn=(1750)
calls=10024 0 
0 1943678
0 70207
cob=(4)
cfi=(192)
cfn=(1750)
calls=4 0 
0 447
0 80136

fn=(2458) (anonymous namespace)::test_hold_after_acquire()
0 11
cob=(4)
cfi=(192)
cfn=(2460)
calls=1 0 
0 757
0 13

fn=(2718) ProjectInfo::dependency_changed(std::filesystem::__cxx11::path const&, filesystem::DependencyStatus const&, filesystem::DependencyStatus const&, json::Document const&, std::__cxx11::basic_string<char, std::char_traits<char>, std::allocator<char> > const&) const
0 4643538
cfn=(1444)
calls=160122 0 
0 9927564
0 3202904

fn=(2806) std::vector<unsigned char, std::allocator<unsigned char> >::_M_default_append(unsigned long)
0 105
cob=(4)
cfi=(192)
cfn=(1432)
calls=3 0 
0 1083
0 51
cob=(4)
cfi=(192)
cfn=(2174)
calls=3 0 
0 30105
0 57

fn=(2844) std::once_flag::_Prepare_execution::_Prepare_execution<std::call_once<BuildProgress::finish()::{lambda()#1}>(std::once_flag&, BuildProgress::finish()::{lambda()#1}&&)::{lambda()#1}>(BuildProgress::finish()::{lambda()#1}&)::{lambda()#1}::_FUN()
0 10
cob=(4)
cfi=(192)
cfn=(2820)
calls=1 0 
0 25
0 8

fn=(2846) std::mutex::lock()
0 3
cob=(4)
cfi=(192)
cfn=(1820)
calls=1 0 
0 32
0 4

fn=(1390) _GLOBAL__sub_I__ZN4nift6detail17nift_binding_typeERKNS_12RuntimeValueE
0 4

fn=(1496)
0 2952975
cob=(4)
cfi=(192)
cfn=(1498)
calls=590595 0 
0 147165695

fn=(1502)
0 84
cob=(4)
cfi=(192)
cfn=(1506)
calls=1 0 
0 18
0 60
cob=(4)
cfi=(192)
cfn=(1506)
calls=12 0 
0 591
0 65
cob=(4)
cfi=(192)
cfn=(1432)
calls=13 0 
0 2418
0 130
cob=(4)
cfi=(192)
cfn=(1426)
calls=13 0 
0 208
0 182
cfn=(1504) std::_Rb_tree<std::__cxx11::basic_string<char, std::char_traits<char>, std::allocator<char> >, std::__cxx11::basic_string<char, std::char_traits<char>, std::allocator<char> >, std::_Identity<std::__cxx11::basic_string<char, std::char_traits<char>, std::allocator<char> > >, std::less<std::__cxx11::basic_string<char, std::char_traits<char>, std::allocator<char> > >, std::allocator<std::__cxx11::basic_string<char, std::char_traits<char>, std::allocator<char> > > >::_M_get_insert_unique_pos(std::__cxx11::basic_string<char, std::char_traits<char>, std::allocator<char> > const&) [clone .isra.0]
calls=13 0 
0 2327
0 141
cob=(4)
cfi=(192)
cfn=(1428)
calls=13 0 
0 233
0 159
cob=(4)
cfi=(192)
cfn=(1458)
calls=12 0 
0 288
0 72

fn=(1514)
0 54
cob=(4)
cfi=(192)
cfn=(1458)
calls=3 0 
0 69
0 29
cob=(4)
cfi=(192)
cfn=(1458)
calls=1 0 
0 21
0 200319

fn=(2098)
0 781222
cob=(4)
cfi=(192)
cfn=(1432)
calls=30047 0 
0 1504238
0 630987

fn=(2102) json::Document::Parser<false>::parse_string[abi:cxx11]()
0 6888672
cfn=(1424)
calls=430542 0 
0 30568482
0 117469037
cfn=(2104)
calls=420527 0 
0 35091278
0 5246624
cob=(4)
cfi=(192)
cfn=(2204)
calls=10015 0 
0 180270
0 7761709
cob=(4)
cfi=(192)
cfn=(2638)
calls=390591 0 
0 8916426
0 5738619
cob=(4)
cfi=(192)
cfn=(1812)
calls=10015 0 
0 180270
0 20030
cob=(4)
cfi=(192)
cfn=(1454)
calls=10015 0 
0 80120
0 190285
cob=(4)
cfi=(192)
cfn=(2638)
calls=60090 0 
0 3211847
0 60090

fn=(2152) std::_Hashtable<std::__cxx11::basic_string<char, std::char_traits<char>, std::allocator<char> >, std::__cxx11::basic_string<char, std::char_traits<char>, std::allocator<char> >, std::allocator<std::__cxx11::basic_string<char, std::char_traits<char>, std::allocator<char> > >, std::__detail::_Identity, std::equal_to<std::__cxx11::basic_string<char, std::char_traits<char>, std::allocator<char> > >, std::hash<std::__cxx11::basic_string<char, std::char_traits<char>, std::allocator<char> > >, std::__detail::_Mod_range_hashing, std::__detail::_Default_ranged_hash, std::__detail::_Prime_rehash_policy, std::__detail::_Hashtable_traits<true, true, true> >::_Hashtable(unsigned long, std::hash<std::__cxx11::basic_string<char, std::char_traits<char>, std::allocator<char> > > const&, std::equal_to<std::__cxx11::basic_string<char, std::char_traits<char>, std::allocator<char> > > const&, std::allocator<std::__cxx11::basic_string<char, std::char_traits<char>, std::allocator<char> > > const&)
0 16
cob=(4)
cfi=(192)
cfn=(2154)
calls=1 0 
0 11
0 8

fn=(2184) project_read::load_tracking(std::filesystem::__cxx11::path const&, Config const&, std::vector<TrackedInfo, std::allocator<TrackedInfo> >&, std::__cxx11::basic_string<char, std::char_traits<char>, std::allocator<char> >&)
0 20
cob=(4)
cfi=(192)
cfn=(2142)
calls=1 0 
0 21
0 14
cob=(4)
cfi=(192)
cfn=(1436)
calls=1 0 
0 203
0 15
cob=(4)
cfi=(192)
cfn=(1474)
calls=1 0 
0 5
0 2
cob=(4)
cfi=(192)
cfn=(1478)
calls=1 0 
0 585
0 8
cfn=(1452)
calls=1 0 
0 109
0 5
cob=(4)
cfi=(192)
cfn=(1754)
calls=1 0 
0 857
0 3
cob=(4)
cfi=(192)
cfn=(1756)
calls=1 0 
0 1092
0 2
cfn=(1496)
calls=1 0 
0 119
0 2
cob=(4)
cfi=(192)
cfn=(1454)
calls=1 0 
0 48
0 2
cfn=(1810)
calls=1 0 
0 53
0 8
cfn=(2002) filesystem::read_file(std::filesystem::__cxx11::path const&)
calls=1 0 
0 133371
0 3
cfn=(2192) std::vector<TrackedInfo, std::allocator<TrackedInfo> >::_M_erase_at_end(TrackedInfo*)
calls=1 0 
0 19
0 20
cob=(4)
cfi=(192)
cfn=(1432)
calls=1 0 
0 288
0 35
cfn=(1424)
calls=1 0 
0 73
0 11
cfn=(2194) bool json::Document::for_each_array_item<project_read::load_tracking(std::filesystem::__cxx11::path const&, Config const&, std::vector<TrackedInfo, std::allocator<TrackedInfo> >&, std::__cxx11::basic_string<char, std::char_traits<char>, std::allocator<char> >&)::{lambda(json::Document&&)#1}>(std::__cxx11::basic_string<char, std::char_traits<char>, std::allocator<char> > const&, std::__cxx11::basic_string<char, std::char_traits<char>, std::allocator<char> > const&, project_read::load_tracking(std::filesystem::__cxx11::path const&, Config const&, std::vector<TrackedInfo, std::allocator<TrackedInfo> >&, std::__cxx11::basic_string<char, std::char_traits<char>, std::allocator<char> >&)::{lambda(json::Document&&)#1}&&, std::__cxx11::basic_string<char, std::char_traits<char>, std::allocator<char> >&, json::ParseOptions const&) [clone .constprop.0]
calls=1 0 
0 599613896
0 3
cob=(4)
cfi=(192)
cfn=(1454)
calls=1 0 
0 8
0 8
cob=(4)
cfi=(192)
cfn=(1454)
calls=1 0 
0 8
0 2
cob=(4)
cfi=(192)
cfn=(1454)
calls=1 0 
0 8
0 2
cob=(4)
cfi=(192)
cfn=(1454)
calls=1 0 
0 8
0 2
cfn=(1496)
calls=1 0 
0 283
0 2
cob=(4)
cfi=(192)
cfn=(1454)
calls=1 0 
0 48
0 23
cob=(4)
cfi=(192)
cfn=(1432)
calls=1 0 
0 189
0 18
cfn=(1424)
calls=1 0 
0 71
0 14
cfn=(1424)
calls=7 0 
0 765
0 53
cob=(4)
cfi=(192)
cfn=(1382)
calls=1 0 
0 75
0 2
cob=(4)
cfi=(192)
cfn=(2148)
calls=1 0 
0 8
0 6
cob=(4)
cfi=(192)
cfn=(2312)
calls=1 0 
0 125
0 70140
cob=(4)
cfi=(192)
cfn=(1432)
calls=1 0 
0 311
0 8
cfn=(2350) __gnu_cxx::__normal_iterator<std::__cxx11::basic_string<char, std::char_traits<char>, std::allocator<char> >*, std::vector<std::__cxx11::basic_string<char, std::char_traits<char>, std::allocator<char> >, std::allocator<std::__cxx11::basic_string<char, std::char_traits<char>, std::allocator<char> > > > > std::__adjacent_find<__gnu_cxx::__normal_iterator<std::__cxx11::basic_string<char, std::char_traits<char>, std::allocator<char> >*, std::vector<std::__cxx11::basic_string<char, std::char_traits<char>, std::allocator<char> >, std::allocator<std::__cxx11::basic_string<char, std::char_traits<char>, std::allocator<char> > > > >, __gnu_cxx::__ops::_Iter_equal_to_iter>(__gnu_cxx::__normal_iterator<std::__cxx11::basic_string<char, std::char_traits<char>, std::allocator<char> >*, std::vector<std::__cxx11::basic_string<char, std::char_traits<char>, std::allocator<char> >, std::allocator<std::__cxx11::basic_string<char, std::char_traits<char>, std::allocator<char> > > > >, __gnu_cxx::__normal_iterator<std::__cxx11::basic_string<char, std::char_traits<char>, std::allocator<char> >*, std::vector<std::__cxx11::basic_string<char, std::char_traits<char>, std::allocator<char> >, std::allocator<std::__cxx11::basic_string<char, std::char_traits<char>, std::allocator<char> > > > >, __gnu_cxx::__ops::_Iter_equal_to_iter) [clone .isra.0]
calls=1 0 
0 510356
0 100168
cfn=(2354)
calls=10015 0 
0 652506
0 70105
cob=(4)
cfi=(192)
cfn=(2352)
calls=10015 0 
0 761170
0 20036
cob=(4)
cfi=(192)
cfn=(1432)
calls=1 0 
0 337
0 12
cfn=(2320) void std::__introsort_loop<__gnu_cxx::__normal_iterator<std::__cxx11::basic_string<char, std::char_traits<char>, std::allocator<char> > const**, std::vector<std::__cxx11::basic_string<char, std::char_traits<char>, std::allocator<char> > const*, std::allocator<std::__cxx11::basic_string<char, std::char_traits<char>, std::allocator<char> > const*> > >, long, __gnu_cxx::__ops::_Iter_comp_iter<project_read::load_tracking(std::filesystem::__cxx11::path const&, Config const&, std::vector<TrackedInfo, std::allocator<TrackedInfo> >&, std::__cxx11::basic_string<char, std::char_traits<char>, std::allocator<char> >&)::{lambda(std::__cxx11::basic_string<char, std::char_traits<char>, std::allocator<char> > const*, std::__cxx11::basic_string<char, std::char_traits<char>, std::allocator<char> > const*)#1}> >(__gnu_cxx::__normal_iterator<std::__cxx11::basic_string<char, std::char_traits<char>, std::allocator<char> > const**, std::vector<std::__cxx11::basic_string<char, std::char_traits<char>, std::allocator<char> > const*, std::allocator<std::__cxx11::basic_string<char, std::char_traits<char>, std::allocator<char> > const*> > >, __gnu_cxx::__normal_iterator<std::__cxx11::basic_string<char, std::char_traits<char>, std::allocator<char> > const**, std::vector<std::__cxx11::basic_string<char, std::char_traits<char>, std::allocator<char> > const*, std::allocator<std::__cxx11::basic_string<char, std::char_traits<char>, std::allocator<char> > const*> > >, long, __gnu_cxx::__ops::_Iter_comp_iter<project_read::load_tracking(std::filesystem::__cxx11::path const&, Config const&, std::vector<TrackedInfo, std::allocator<TrackedInfo> >&, std::__cxx11::basic_string<char, std::char_traits<char>, std::allocator<char> >&)::{lambda(std::__cxx11::basic_string<char, std::char_traits<char>, std::allocator<char> > const*, std::__cxx11::basic_string<char, std::char_traits<char>, std::allocator<char> > const*)#1}>) [clone .isra.0]
calls=1 0 
0 17427605
0 6
cfn=(2326) void std::__insertion_sort<__gnu_cxx::__normal_iterator<std::__cxx11::basic_string<char, std::char_traits<char>, std::allocator<char> > const**, std::vector<std::__cxx11::basic_string<char, std::char_traits<char>, std::allocator<char> > const*, std::allocator<std::__cxx11::basic_string<char, std::char_traits<char>, std::allocator<char> > const*> > >, __gnu_cxx::__ops::_Iter_comp_iter<project_read::load_tracking(std::filesystem::__cxx11::path const&, Config const&, std::vector<TrackedInfo, std::allocator<TrackedInfo> >&, std::__cxx11::basic_string<char, std::char_traits<char>, std::allocator<char> >&)::{lambda(std::__cxx11::basic_string<char, std::char_traits<char>, std::allocator<char> > const*, std::__cxx11::basic_string<char, std::char_traits<char>, std::allocator<char> > const*)#1}> >(__gnu_cxx::__normal_iterator<std::__cxx11::basic_string<char, std::char_traits<char>, std::allocator<char> > const**, std::vector<std::__cxx11::basic_string<char, std::char_traits<char>, std::allocator<char> > const*, std::allocator<std::__cxx11::basic_string<char, std::char_traits<char>, std::allocator<char> > const*> > >, __gnu_cxx::__normal_iterator<std::__cxx11::basic_string<char, std::char_traits<char>, std::allocator<char> > const**, std::vector<std::__cxx11::basic_string<char, std::char_traits<char>, std::allocator<char> > const*, std::allocator<std::__cxx11::basic_string<char, std::char_traits<char>, std::allocator<char> > const*> > >, __gnu_cxx::__ops::_Iter_comp_iter<project_read::load_tracking(std::filesystem::__cxx11::path const&, Config const&, std::vector<TrackedInfo, std::allocator<TrackedInfo> >&, std::__cxx11::basic_string<char, std::char_traits<char>, std::allocator<char> >&)::{lambda(std::__cxx11::basic_string<char, std::char_traits<char>, std::allocator<char> > const*, std::__cxx11::basic_string<char, std::char_traits<char>, std::allocator<char> > const*)#1}>) [clone .isra.0]
calls=1 0 
0 4470
0 65244
cfn=(2322)
calls=655 0 
0 27149
0 59994
cfn=(2322)
calls=9999 0 
0 414311
0 141410
cfn=(2302) bool std::operator==<char, std::char_traits<char>, std::allocator<char> >(std::__cxx11::basic_string<char, std::char_traits<char>, std::allocator<char> > const&, std::__cxx11::basic_string<char, std::char_traits<char>, std::allocator<char> > const&)
calls=10014 0 
0 404756
0 60093
cob=(4)
cfi=(192)
cfn=(1812)
calls=10015 0 
0 180270
0 30045
cob=(4)
cfi=(192)
cfn=(1454)
calls=10015 0 
0 80120
0 20030
cfn=(1496)
calls=10015 0 
0 3014515
0 20030
cob=(4)
cfi=(192)
cfn=(1454)
calls=10015 0 
0 480720
0 20030
cfn=(1496)
calls=10015 0 
0 3014515
0 20030
cob=(4)
cfi=(192)
cfn=(1454)
calls=10015 0 
0 481440
0 70105
cfn=(2276) project_read::content_path_of(std::filesystem::__cxx11::path const&, Config const&, TrackedInfo const&)
calls=10015 0 
0 60331789
0 40060
cob=(4)
cfi=(192)
cfn=(2284)
calls=10015 0 
0 49725234
0 40060
cfn=(2330) std::__cxx11::basic_string<char, std::char_traits<char>, std::allocator<char> > std::filesystem::__cxx11::path::generic_string<char, std::char_traits<char>, std::allocator<char> >(std::allocator<char> const&) const [clone .isra.0]
calls=10015 0 
0 8774798
0 20033
cob=(4)
cfi=(192)
cfn=(1750)
calls=1 0 
0 135
0 17
cfn=(2336)
calls=1 0 
0 22931162
0 6
cfn=(2346) void std::__insertion_sort<__gnu_cxx::__normal_iterator<std::__cxx11::basic_string<char, std::char_traits<char>, std::allocator<char> >*, std::vector<std::__cxx11::basic_string<char, std::char_traits<char>, std::allocator<char> >, std::allocator<std::__cxx11::basic_string<char, std::char_traits<char>, std::allocator<char> > > > >, __gnu_cxx::__ops::_Iter_less_iter>(__gnu_cxx::__normal_iterator<std::__cxx11::basic_string<char, std::char_traits<char>, std::allocator<char> >*, std::vector<std::__cxx11::basic_string<char, std::char_traits<char>, std::allocator<char> >, std::allocator<std::__cxx11::basic_string<char, std::char_traits<char>, std::allocator<char> > > > >, __gnu_cxx::__normal_iterator<std::__cxx11::basic_string<char, std::char_traits<char>, std::allocator<char> >*, std::vector<std::__cxx11::basic_string<char, std::char_traits<char>, std::allocator<char> >, std::allocator<std::__cxx11::basic_string<char, std::char_traits<char>, std::allocator<char> > > > >, __gnu_cxx::__ops::_Iter_less_iter) [clone .isra.0]
calls=1 0 
0 7073
0 7
cfn=(2348) void std::__unguarded_linear_insert<__gnu_cxx::__normal_iterator<std::__cxx11::basic_string<char, std::char_traits<char>, std::allocator<char> >*, std::vector<std::__cxx11::basic_string<char, std::char_traits<char>, std::allocator<char> >, std::allocator<std::__cxx11::basic_string<char, std::char_traits<char>, std::allocator<char> > > > >, __gnu_cxx::__ops::_Val_less_iter>(__gnu_cxx::__normal_iterator<std::__cxx11::basic_string<char, std::char_traits<char>, std::allocator<char> >*, std::vector<std::__cxx11::basic_string<char, std::char_traits<char>, std::allocator<char> >, std::allocator<std::__cxx11::basic_string<char, std::char_traits<char>, std::allocator<char> > > > >, __gnu_cxx::__ops::_Val_less_iter) [clone .isra.0]
calls=1 0 
0 262
0 29994
cfn=(2348)
calls=9998 0 
0 1085250
0 20014
cfn=(2104)
calls=1 0 
0 118
0 30
cfn=(2104)
calls=3 0 
0 354
0 8
cob=(4)
cfi=(192)
cfn=(2360)
calls=4 0 
0 928
0 16
cob=(4)
cfi=(192)
cfn=(1454)
calls=4 0 
0 192
0 20
cob=(4)
cfi=(192)
cfn=(2368)
calls=4 0 
0 224
0 40076
cob=(4)
cfi=(192)
cfn=(2368)
calls=20038 0 
0 601778
0 100198
cob=(4)
cfi=(192)
cfn=(1426)
calls=20038 0 
0 321304
0 100190
cob=(4)
cfi=(192)
cfn=(2374)
calls=4 0 
0 592
0 29
cob=(4)
cfi=(192)
cfn=(1750)
calls=1 0 
0 43
0 12
cob=(4)
cfi=(192)
cfn=(1750)
calls=3 0 
0 129
0 16
cob=(4)
cfi=(192)
cfn=(2174)
calls=1 0 
0 21
0 9
cob=(4)
cfi=(192)
cfn=(1454)
calls=1 0 
0 48
0 30042
cob=(4)
cfi=(192)
cfn=(1454)
calls=10014 0 
0 1994232
0 60100
cob=(4)
cfi=(192)
cfn=(1812)
calls=10015 0 
0 180270
0 30045
cob=(4)
cfi=(192)
cfn=(1454)
calls=10015 0 
0 80120
0 20030
cfn=(1496)
calls=10015 0 
0 3014515
0 20030
cob=(4)
cfi=(192)
cfn=(1454)
calls=10015 0 
0 480720
0 20030
cfn=(1496)
calls=10015 0 
0 3014515
0 20030
cob=(4)
cfi=(192)
cfn=(1454)
calls=10015 0 
0 480720
0 70105
cfn=(2296) project_read::output_path_of(std::filesystem::__cxx11::path const&, Config const&, TrackedInfo const&)
calls=10015 0 
0 58888411
0 30045
cob=(4)
cfi=(192)
cfn=(2284)
calls=10015 0 
0 51162026
0 30045
cfn=(2330)
calls=10015 0 
0 7401488
0 20046
cfn=(2336)
calls=1 0 
0 22129922
0 6
cfn=(2346)
calls=1 0 
0 7073
0 6
cfn=(2348)
calls=1 0 
0 266
0 29994
cfn=(2348)
calls=9998 0 
0 1065829
0 20001
cfn=(2350)
calls=1 0 
0 497486
0 4
cfn=(2390) std::_Hashtable<std::__cxx11::basic_string<char, std::char_traits<char>, std::allocator<char> >, std::pair<std::__cxx11::basic_string<char, std::char_traits<char>, std::allocator<char> > const, std::unordered_set<std::__cxx11::basic_string<char, std::char_traits<char>, std::allocator<char> >, std::hash<std::__cxx11::basic_string<char, std::char_traits<char>, std::allocator<char> > >, std::equal_to<std::__cxx11::basic_string<char, std::char_traits<char>, std::allocator<char> > >, std::allocator<std::__cxx11::basic_string<char, std::char_traits<char>, std::allocator<char> > > > >, std::allocator<std::pair<std::__cxx11::basic_string<char, std::char_traits<char>, std::allocator<char> > const, std::unordered_set<std::__cxx11::basic_string<char, std::char_traits<char>, std::allocator<char> >, std::hash<std::__cxx11::basic_string<char, std::char_traits<char>, std::allocator<char> > >, std::equal_to<std::__cxx11::basic_string<char, std::char_traits<char>, std::allocator<char> > >, std::allocator<std::__cxx11::basic_string<char, std::char_traits<char>, std::allocator<char> > > > > >, std::__detail::_Select1st, std::equal_to<std::__cxx11::basic_string<char, std::char_traits<char>, std::allocator<char> > >, std::hash<std::__cxx11::basic_string<char, std::char_traits<char>, std::allocator<char> > >, std::__detail::_Mod_range_hashing, std::__detail::_Default_ranged_hash, std::__detail::_Prime_rehash_policy, std::__detail::_Hashtable_traits<true, false, true> >::~_Hashtable()
calls=1 0 
0 20
0 3
cfn=(2378) std::_Hashtable<std::basic_string_view<char, std::char_traits<char> >, std::basic_string_view<char, std::char_traits<char> >, std::allocator<std::basic_string_view<char, std::char_traits<char> > >, std::__detail::_Identity, std::equal_to<std::basic_string_view<char, std::char_traits<char> > >, std::hash<std::basic_string_view<char, std::char_traits<char> > >, std::__detail::_Mod_range_hashing, std::__detail::_Default_ranged_hash, std::__detail::_Prime_rehash_policy, std::__detail::_Hashtable_traits<true, true, true> >::~_Hashtable()
calls=1 0 
0 61
0 7
cfn=(2380)
calls=1 0 
0 2042347
0 30104
cob=(4)
cfi=(192)
cfn=(2154)
calls=1 0 
0 112
0 5
cfn=(2382) std::_Hashtable<std::__cxx11::basic_string<char, std::char_traits<char>, std::allocator<char> >, std::pair<std::__cxx11::basic_string<char, std::char_traits<char>, std::allocator<char> > const, unsigned long>, std::allocator<std::pair<std::__cxx11::basic_string<char, std::char_traits<char>, std::allocator<char> > const, unsigned long> >, std::__detail::_Select1st, std::equal_to<std::__cxx11::basic_string<char, std::char_traits<char>, std::allocator<char> > >, std::hash<std::__cxx11::basic_string<char, std::char_traits<char>, std::allocator<char> > >, std::__detail::_Mod_range_hashing, std::__detail::_Default_ranged_hash, std::__detail::_Prime_rehash_policy, std::__detail::_Hashtable_traits<true, false, true> >::_M_rehash(unsigned long, std::integral_constant<bool, true>) [clone .isra.0]
calls=1 0 
0 83936
0 39986
cob=(4)
cfi=(192)
cfn=(2160)
calls=9994 0 
0 659659
0 89946
cfn=(2384) std::_Hashtable<std::__cxx11::basic_string<char, std::char_traits<char>, std::allocator<char> >, std::pair<std::__cxx11::basic_string<char, std::char_traits<char>, std::allocator<char> > const, unsigned long>, std::allocator<std::pair<std::__cxx11::basic_string<char, std::char_traits<char>, std::allocator<char> > const, unsigned long> >, std::__detail::_Select1st, std::equal_to<std::__cxx11::basic_string<char, std::char_traits<char>, std::allocator<char> > >, std::hash<std::__cxx11::basic_string<char, std::char_traits<char>, std::allocator<char> > >, std::__detail::_Mod_range_hashing, std::__detail::_Default_ranged_hash, std::__detail::_Prime_rehash_policy, std::__detail::_Hashtable_traits<true, false, true> >::_M_find_before_node(unsigned long, std::__cxx11::basic_string<char, std::char_traits<char>, std::allocator<char> > const&, unsigned long) const [clone .isra.0]
calls=9994 0 
0 156452
0 172356
cob=(4)
cfi=(192)
cfn=(1458)
calls=171 0 
0 4203
0 597
cob=(4)
cfi=(192)
cfn=(2160)
calls=21 0 
0 1392
0 189
cob=(4)
cfi=(192)
cfn=(1432)
calls=21 0 
0 1382
0 49970
cob=(4)
cfi=(192)
cfn=(1432)
calls=9994 0 
0 1913581
0 80120
cfn=(1452)
calls=10015 0 
0 350525
0 80120
cob=(4)
cfi=(192)
cfn=(2166)
calls=10015 0 
0 120180
0 134637
cob=(4)
cfi=(192)
cfn=(1432)
calls=1 0 
0 384
0 5
cob=(4)
cfi=(192)
cfn=(2174)
calls=1 0 
0 10036
0 450518
cob=(4)
cfi=(192)
cfn=(2160)
calls=20015 0 
0 1261035
0 140105
cfn=(2384)
calls=20015 0 
0 1752616
0 897607
cfn=(2386) std::_Vector_base<std::pair<unsigned long, unsigned long>, std::allocator<std::pair<unsigned long, unsigned long> > >::~_Vector_base()
calls=1 0 
0 51
0 6
cob=(4)
cfi=(192)
cfn=(1750)
calls=1 0 
0 174
0 2
cfn=(2388) std::_Hashtable<std::__cxx11::basic_string<char, std::char_traits<char>, std::allocator<char> >, std::pair<std::__cxx11::basic_string<char, std::char_traits<char>, std::allocator<char> > const, unsigned long>, std::allocator<std::pair<std::__cxx11::basic_string<char, std::char_traits<char>, std::allocator<char> > const, unsigned long> >, std::__detail::_Select1st, std::equal_to<std::__cxx11::basic_string<char, std::char_traits<char>, std::allocator<char> > >, std::hash<std::__cxx11::basic_string<char, std::char_traits<char>, std::allocator<char> > >, std::__detail::_Mod_range_hashing, std::__detail::_Default_ranged_hash, std::__detail::_Prime_rehash_policy, std::__detail::_Hashtable_traits<true, false, true> >::~_Hashtable()
calls=1 0 
0 1969524
0 3
cob=(4)
cfi=(192)
cfn=(1432)
calls=1 0 
0 50
0 9

fn=(2200) std::pair<std::__detail::_Node_iterator<std::__cxx11::basic_string<char, std::char_traits<char>, std::allocator<char> >, true, true>, bool> std::_Hashtable<std::__cxx11::basic_string<char, std::char_traits<char>, std::allocator<char> >, std::__cxx11::basic_string<char, std::char_traits<char>, std::allocator<char> >, std::allocator<std::__cxx11::basic_string<char, std::char_traits<char>, std::allocator<char> > >, std::__detail::_Identity, std::equal_to<std::__cxx11::basic_string<char, std::char_traits<char>, std::allocator<char> > >, std::hash<std::__cxx11::basic_string<char, std::char_traits<char>, std::allocator<char> > >, std::__detail::_Mod_range_hashing, std::__detail::_Default_ranged_hash, std::__detail::_Prime_rehash_policy, std::__detail::_Hashtable_traits<true, true, true> >::_M_emplace_uniq<std::__cxx11::basic_string<char, std::char_traits<char>, std::allocator<char> > const&>(std::__cxx11::basic_string<char, std::char_traits<char>, std::allocator<char> > const&)
0 909886
cob=(4)
cfi=(192)
cfn=(2160)
calls=39799 0 
0 2566834
0 358191
cfn=(2310) std::_Hashtable<std::__cxx11::basic_string<char, std::char_traits<char>, std::allocator<char> >, std::__cxx11::basic_string<char, std::char_traits<char>, std::allocator<char> >, std::allocator<std::__cxx11::basic_string<char, std::char_traits<char>, std::allocator<char> > >, std::__detail::_Identity, std::equal_to<std::__cxx11::basic_string<char, std::char_traits<char>, std::allocator<char> > >, std::hash<std::__cxx11::basic_string<char, std::char_traits<char>, std::allocator<char> > >, std::__detail::_Mod_range_hashing, std::__detail::_Default_ranged_hash, std::__detail::_Prime_rehash_policy, std::__detail::_Hashtable_traits<true, true, true> >::_M_find_before_node(unsigned long, std::__cxx11::basic_string<char, std::char_traits<char>, std::allocator<char> > const&, unsigned long) const [clone .isra.0]
calls=39799 0 
0 1621601
0 782192
cob=(4)
cfi=(192)
cfn=(1458)
calls=2316 0 
0 56583
0 14971
cob=(4)
cfi=(192)
cfn=(2160)
calls=215 0 
0 14190
0 40128
cob=(4)
cfi=(192)
cfn=(2160)
calls=10032 0 
0 602173
0 92223
cob=(4)
cfi=(192)
cfn=(1432)
calls=10247 0 
0 521034
0 98920
cob=(4)
cfi=(192)
cfn=(1432)
calls=19784 0 
0 3992433
0 240248
cfn=(1452)
calls=30031 0 
0 1051085
0 180186
cfn=(2164) std::_Hashtable<std::__cxx11::basic_string<char, std::char_traits<char>, std::allocator<char> >, std::__cxx11::basic_string<char, std::char_traits<char>, std::allocator<char> >, std::allocator<std::__cxx11::basic_string<char, std::char_traits<char>, std::allocator<char> > >, std::__detail::_Identity, std::equal_to<std::__cxx11::basic_string<char, std::char_traits<char>, std::allocator<char> > >, std::hash<std::__cxx11::basic_string<char, std::char_traits<char>, std::allocator<char> > >, std::__detail::_Mod_range_hashing, std::__detail::_Default_ranged_hash, std::__detail::_Prime_rehash_policy, std::__detail::_Hashtable_traits<true, true, true> >::_M_insert_unique_node(unsigned long, unsigned long, std::__detail::_Hash_node<std::__cxx11::basic_string<char, std::char_traits<char>, std::allocator<char> >, true>*, unsigned long)
calls=30031 0 
0 4439764
0 90093

fn=(2242) std::map<std::__cxx11::basic_string<char, std::char_traits<char>, std::allocator<char> >, std::__cxx11::basic_string<char, std::char_traits<char>, std::allocator<char> >, std::less<std::__cxx11::basic_string<char, std::char_traits<char>, std::allocator<char> > >, std::allocator<std::pair<std::__cxx11::basic_string<char, std::char_traits<char>, std::allocator<char> > const, std::__cxx11::basic_string<char, std::char_traits<char>, std::allocator<char> > > > >::operator[](std::__cxx11::basic_string<char, std::char_traits<char>, std::allocator<char> >&&)
0 400600
cfn=(2244) std::_Rb_tree<std::__cxx11::basic_string<char, std::char_traits<char>, std::allocator<char> >, std::pair<std::__cxx11::basic_string<char, std::char_traits<char>, std::allocator<char> > const, std::__cxx11::basic_string<char, std::char_traits<char>, std::allocator<char> > >, std::_Select1st<std::pair<std::__cxx11::basic_string<char, std::char_traits<char>, std::allocator<char> > const, std::__cxx11::basic_string<char, std::char_traits<char>, std::allocator<char> > > >, std::less<std::__cxx11::basic_string<char, std::char_traits<char>, std::allocator<char> > >, std::allocator<std::pair<std::__cxx11::basic_string<char, std::char_traits<char>, std::allocator<char> > const, std::__cxx11::basic_string<char, std::char_traits<char>, std::allocator<char> > > > >::_M_get_insert_hint_unique_pos(std::_Rb_tree_const_iterator<std::pair<std::__cxx11::basic_string<char, std::char_traits<char>, std::allocator<char> > const, std::__cxx11::basic_string<char, std::char_traits<char>, std::allocator<char> > > >, std::__cxx11::basic_string<char, std::char_traits<char>, std::allocator<char> > const&) [clone .isra.0]
calls=10015 0 
0 460690
0 140210
cob=(4)
cfi=(192)
cfn=(1506)
calls=10015 0 
0 180270
0 60090
cob=(4)
cfi=(192)
cfn=(1432)
calls=10015 0 
0 500750
0 190285

fn=(2246) std::_Rb_tree<std::__cxx11::basic_string<char, std::char_traits<char>, std::allocator<char> >, std::pair<std::__cxx11::basic_string<char, std::char_traits<char>, std::allocator<char> > const, std::__cxx11::basic_string<char, std::char_traits<char>, std::allocator<char> > >, std::_Select1st<std::pair<std::__cxx11::basic_string<char, std::char_traits<char>, std::allocator<char> > const, std::__cxx11::basic_string<char, std::char_traits<char>, std::allocator<char> > > >, std::less<std::__cxx11::basic_string<char, std::char_traits<char>, std::allocator<char> > >, std::allocator<std::pair<std::__cxx11::basic_string<char, std::char_traits<char>, std::allocator<char> > const, std::__cxx11::basic_string<char, std::char_traits<char>, std::allocator<char> > > > >::_M_get_insert_unique_pos(std::__cxx11::basic_string<char, std::char_traits<char>, std::allocator<char> > const&) [clone .isra.0]
0 240360

fn=(2302)
0 931263
cob=(4)
cfi=(192)
cfn=(1458)
calls=60084 0 
0 1301131
0 240336

fn=(2324) void std::__adjust_heap<__gnu_cxx::__normal_iterator<std::__cxx11::basic_string<char, std::char_traits<char>, std::allocator<char> > const**, std::vector<std::__cxx11::basic_string<char, std::char_traits<char>, std::allocator<char> > const*, std::allocator<std::__cxx11::basic_string<char, std::char_traits<char>, std::allocator<char> > const*> > >, long, std::__cxx11::basic_string<char, std::char_traits<char>, std::allocator<char> > const*, __gnu_cxx::__ops::_Iter_comp_iter<project_read::load_tracking(std::filesystem::__cxx11::path const&, Config const&, std::vector<TrackedInfo, std::allocator<TrackedInfo> >&, std::__cxx11::basic_string<char, std::char_traits<char>, std::allocator<char> >&)::{lambda(std::__cxx11::basic_string<char, std::char_traits<char>, std::allocator<char> > const*, std::__cxx11::basic_string<char, std::char_traits<char>, std::allocator<char> > const*)#1}> >(__gnu_cxx::__normal_iterator<std::__cxx11::basic_string<char, std::char_traits<char>, std::allocator<char> > const**, std::vector<std::__cxx11::basic_string<char, std::char_traits<char>, std::allocator<char> > const*, std::allocator<std::__cxx11::basic_string<char, std::char_traits<char>, std::allocator<char> > const*> > >, long, long, std::__cxx11::basic_string<char, std::char_traits<char>, std::allocator<char> > const*, __gnu_cxx::__ops::_Iter_comp_iter<project_read::load_tracking(std::filesystem::__cxx11::path const&, Config const&, std::vector<TrackedInfo, std::allocator<TrackedInfo> >&, std::__cxx11::basic_string<char, std::char_traits<char>, std::allocator<char> >&)::{lambda(std::__cxx11::basic_string<char, std::char_traits<char>, std::allocator<char> > const*, std::__cxx11::basic_string<char, std::char_traits<char>, std::allocator<char> > const*)#1}>) [clone .isra.0]
0 2983449
cob=(4)
cfi=(192)
cfn=(1458)
calls=117775 0 
0 2842868
0 877234
cob=(4)
cfi=(192)
cfn=(1458)
calls=15145 0 
0 363211
0 228568

fn=(2358) std::_Hashtable<std::basic_string_view<char, std::char_traits<char> >, std::basic_string_view<char, std::char_traits<char> >, std::allocator<std::basic_string_view<char, std::char_traits<char> > >, std::__detail::_Identity, std::equal_to<std::basic_string_view<char, std::char_traits<char> > >, std::hash<std::basic_string_view<char, std::char_traits<char> > >, std::__detail::_Mod_range_hashing, std::__detail::_Default_ranged_hash, std::__detail::_Prime_rehash_policy, std::__detail::_Hashtable_traits<true, true, true> >::_M_rehash(unsigned long, std::integral_constant<bool, true>) [clone .isra.0]
0 14
cob=(4)
cfi=(192)
cfn=(1432)
calls=1 0 
0 50
0 5
cob=(4)
cfi=(192)
cfn=(2174)
calls=1 0 
0 21
0 16

fn=(2400) std::_Hashtable<std::__cxx11::basic_string<char, std::char_traits<char>, std::allocator<char> >, std::__cxx11::basic_string<char, std::char_traits<char>, std::allocator<char> >, std::allocator<std::__cxx11::basic_string<char, std::char_traits<char>, std::allocator<char> > >, std::__detail::_Identity, std::equal_to<std::__cxx11::basic_string<char, std::char_traits<char>, std::allocator<char> > >, std::hash<std::__cxx11::basic_string<char, std::char_traits<char>, std::allocator<char> > >, std::__detail::_Mod_range_hashing, std::__detail::_Default_ranged_hash, std::__detail::_Prime_rehash_policy, std::__detail::_Hashtable_traits<true, true, true> >::clear()
0 32
cob=(4)
cfi=(192)
cfn=(2174)
calls=2 0 
0 30
0 12

fn=(2404)
0 19
cfn=(2406)
calls=1 0 
0 3
0 8
cob=(4)
cfi=(192)
cfn=(1436)
calls=1 0 
0 64
0 12
cob=(4)
cfi=(192)
cfn=(1474)
calls=1 0 
0 5
0 2
cob=(4)
cfi=(192)
cfn=(1478)
calls=1 0 
0 585
0 5
cfn=(2182)
calls=1 0 
0 1807
0 5
cfn=(2408) ProjectOwnership::ProjectOwnership(std::filesystem::__cxx11::path)
calls=1 0 
0 51
0 5
cob=(4)
cfi=(192)
cfn=(1498)
calls=1 0 
0 6
0 9
cob=(4)
cfi=(192)
cfn=(1498)
calls=1 0 
0 114
0 6
cob=(4)
cfi=(192)
cfn=(1750)
calls=1 0 
0 43
0 2
cfn=(2410) ProjectOwnership::acquire()
calls=1 0 
0 18833
0 8
cfn=(2972) ProjectOwnership::~ProjectOwnership()
calls=1 0 
0 622
0 16
cfn=(2462) WatchList::reconcile(ProjectInfo&)
calls=1 0 
0 30
0 4
cfn=(2464) ProjectInfo::reset_build_caches()
calls=1 0 
0 545
0 7
cfn=(1444)
calls=1 0 
0 32
0 10
cfn=(1424)
calls=1 0 
0 76
0 8
cfn=(2466) nift_hooks::run_project_hooks(std::filesystem::__cxx11::path const&, Config const&, std::__cxx11::basic_string<char, std::char_traits<char>, std::allocator<char> > const&, std::__cxx11::basic_string<char, std::char_traits<char>, std::allocator<char> > const&, std::__cxx11::basic_string<char, std::char_traits<char>, std::allocator<char> >&)
calls=1 0 
0 30
0 3
cob=(4)
cfi=(192)
cfn=(1454)
calls=1 0 
0 8
0 4
cob=(4)
cfi=(192)
cfn=(1454)
calls=1 0 
0 8
0 3
cob=(4)
cfi=(192)
cfn=(1454)
calls=1 0 
0 8
0 3
cob=(4)
cfi=(192)
cfn=(2128)
calls=1 0 
0 60
0 23
cob=(4)
cfi=(192)
cfn=(1432)
calls=1 0 
0 327
0 11
cob=(4)
cfi=(192)
cfn=(2468)
calls=1 0 
0 1305
0 24
cob=(4)
cfi=(192)
cfn=(1432)
calls=1 0 
0 423
0 50091
cfn=(2490) std::vector<std::thread, std::allocator<std::thread> >::reserve(unsigned long)
calls=1 0 
0 95
0 25
cob=(4)
cfi=(192)
cfn=(1432)
calls=4 0 
0 200
0 48
cob=(4)
cfi=(192)
cfn=(2492)
calls=4 0 
0 6676
0 39
cfn=(1424)
calls=1 0 
0 73
0 9
cob=(4)
cfi=(192)
cfn=(2544)
calls=1 0 
0 1096
0 6
cob=(4)
cfi=(192)
cfn=(2544)
calls=3 0 
0 390
0 140264
cob=(4)
cfi=(192)
cfn=(1750)
calls=1 0 
0 43
0 9
cfn=(2380)
calls=1 0 
0 15
0 30042
cfn=(2380)
calls=10014 0 
0 150210
0 20039
cob=(4)
cfi=(192)
cfn=(1750)
calls=1 0 
0 147
0 12
cfn=(2778) ProjectInfo::build_many(std::vector<ProjectInfo::BuildJob, std::allocator<ProjectInfo::BuildJob> > const&, bool, bool, unsigned long)
calls=1 0 
0 32625352
0 9
cfn=(1424)
calls=1 0 
0 73
0 6
cfn=(2466)
calls=1 0 
0 30
0 3
cob=(4)
cfi=(192)
cfn=(1454)
calls=1 0 
0 8
0 12
cob=(4)
cfi=(192)
cfn=(1750)
calls=1 0 
0 156
0 3
cob=(4)
cfi=(192)
cfn=(1454)
calls=1 0 
0 8
0 5
cfn=(2956)
calls=1 0 
0 1081
0 2

fn=(2464)
0 11
cob=(4)
cfi=(192)
cfn=(1820)
calls=1 0 
0 33
0 4
cfn=(2394) std::_Hashtable<std::__cxx11::basic_string<char, std::char_traits<char>, std::allocator<char> >, std::pair<std::__cxx11::basic_string<char, std::char_traits<char>, std::allocator<char> > const, unsigned long>, std::allocator<std::pair<std::__cxx11::basic_string<char, std::char_traits<char>, std::allocator<char> > const, unsigned long> >, std::__detail::_Select1st, std::equal_to<std::__cxx11::basic_string<char, std::char_traits<char>, std::allocator<char> > >, std::hash<std::__cxx11::basic_string<char, std::char_traits<char>, std::allocator<char> > >, std::__detail::_Mod_range_hashing, std::__detail::_Default_ranged_hash, std::__detail::_Prime_rehash_policy, std::__detail::_Hashtable_traits<true, false, true> >::clear()
calls=1 0 
0 37
0 2
cfn=(2400)
calls=1 0 
0 37
0 2
cob=(4)
cfi=(192)
cfn=(1824)
calls=1 0 
0 23
0 2
cob=(4)
cfi=(192)
cfn=(1820)
calls=1 0 
0 33
0 13
cob=(4)
cfi=(192)
cfn=(2174)
calls=1 0 
0 15
0 13
cob=(4)
cfi=(192)
cfn=(2174)
calls=1 0 
0 15
0 8
cob=(4)
cfi=(192)
cfn=(1824)
calls=1 0 
0 23
0 2
cob=(4)
cfi=(192)
cfn=(1820)
calls=1 0 
0 33
0 13
cob=(4)
cfi=(192)
cfn=(2174)
calls=1 0 
0 15
0 13
cob=(4)
cfi=(192)
cfn=(2174)
calls=1 0 
0 15
0 4
cob=(4)
cfi=(192)
cfn=(1824)
calls=1 0 
0 23
0 9
cfn=(1818) ProjectInfo::invalidate_content_model() const
calls=1 0 
0 147

fn=(2596) ProjectInfo::build_reasons[abi:cxx11](TrackedInfo const&) const
0 250375
cfn=(2296)
calls=10015 0 
0 59042069
0 60090
cfn=(2608) ProjectInfo::info_path[abi:cxx11](TrackedInfo const&) const
calls=10015 0 
0 238520677
0 20030
cfn=(1810)
calls=10015 0 
0 530795
0 40060
cfn=(1810)
calls=10015 0 
0 530795
0 50075
cfn=(1496)
calls=10015 0 
0 7660839
0 20030
cob=(4)
cfi=(192)
cfn=(1454)
calls=10015 0 
0 480720
0 20030
cfn=(1496)
calls=10015 0 
0 5749096
0 20030
cob=(4)
cfi=(192)
cfn=(1454)
calls=10015 0 
0 480720
0 330495
cfn=(1830) load_json_file(std::filesystem::__cxx11::path const&, json::Document&, std::__cxx11::basic_string<char, std::char_traits<char>, std::allocator<char> >&)
calls=10015 0 
0 462051611
0 190285
cob=(4)
cfi=(192)
cfn=(1454)
calls=10015 0 
0 80120
0 20030
cfn=(2114)
calls=10015 0 
0 34691201
0 70105
cfn=(1424)
calls=10015 0 
0 711065
0 70105
cfn=(2642) (anonymous namespace)::build_script_signature(TrackedInfo const&)
calls=10015 0 
0 10545699
0 40060
cfn=(1424)
calls=10015 0 
0 711065
0 40060
cob=(4)
cfi=(192)
cfn=(1454)
calls=10015 0 
0 80120
0 30045
cfn=(2302)
calls=10015 0 
0 350525
0 50075
cfn=(1424)
calls=10015 0 
0 731095
0 30045
cfn=(2122)
calls=10015 0 
0 620938
0 30045
cfn=(2302)
calls=10015 0 
0 376707
0 30045
cob=(4)
cfi=(192)
cfn=(1454)
calls=10015 0 
0 80120
0 50075
cfn=(1424)
calls=10015 0 
0 731095
0 30045
cfn=(2122)
calls=10015 0 
0 681020
0 30045
cfn=(2302)
calls=10015 0 
0 377379
0 30045
cob=(4)
cfi=(192)
cfn=(1454)
calls=10015 0 
0 80120
0 50075
cfn=(1424)
calls=10015 0 
0 711065
0 30045
cfn=(2122)
calls=10015 0 
0 741110
0 30045
cfn=(2302)
calls=10015 0 
0 90135
0 30045
cob=(4)
cfi=(192)
cfn=(1454)
calls=10015 0 
0 80120
0 80120
cfn=(2276)
calls=10015 0 
0 60472341
0 60090
cfn=(2648) project_read::relative_of(std::filesystem::__cxx11::path const&, std::filesystem::__cxx11::path const&)
calls=10015 0 
0 117556772
0 30045
cfn=(1424)
calls=10015 0 
0 731095
0 30045
cfn=(2122)
calls=10015 0 
0 801200
0 30045
cfn=(2302)
calls=10015 0 
0 374545
0 30045
cob=(4)
cfi=(192)
cfn=(1454)
calls=10015 0 
0 80120
0 20030
cob=(4)
cfi=(192)
cfn=(1454)
calls=10015 0 
0 480850
0 40060
cfn=(1496)
calls=10015 0 
0 3014645
0 20030
cob=(4)
cfi=(192)
cfn=(1454)
calls=10015 0 
0 480720
0 80120
cfn=(2296)
calls=10015 0 
0 59028621
0 50075
cfn=(2648)
calls=10015 0 
0 117599087
0 30045
cfn=(1424)
calls=10015 0 
0 731095
0 30045
cfn=(2122)
calls=10015 0 
0 861298
0 30045
cfn=(2302)
calls=10015 0 
0 378559
0 30045
cob=(4)
cfi=(192)
cfn=(1454)
calls=10015 0 
0 80120
0 20030
cob=(4)
cfi=(192)
cfn=(1454)
calls=10015 0 
0 480850
0 20030
cfn=(1496)
calls=10015 0 
0 3014515
0 20030
cob=(4)
cfi=(192)
cfn=(1454)
calls=10015 0 
0 480720
0 70105
cfn=(1424)
calls=10015 0 
0 711065
0 30045
cfn=(2122)
calls=10015 0 
0 1041568
0 30045
cob=(4)
cfi=(192)
cfn=(1454)
calls=10015 0 
0 80120
0 50075
cfn=(1424)
calls=10015 0 
0 1382070
0 30045
cfn=(2122)
calls=10015 0 
0 1285754
0 40060
cob=(4)
cfi=(192)
cfn=(1454)
calls=10015 0 
0 480720
0 460690
cfn=(1452)
calls=10015 0 
0 400594
0 90135
cob=(4)
cfi=(192)
cfn=(2650)
calls=10015 0 
0 130195
0 30057
cob=(4)
cfi=(192)
cfn=(2650)
calls=10019 0 
0 130247
0 110177
cfn=(1424)
calls=10015 0 
0 731095
0 30045
cfn=(2122)
calls=10015 0 
0 1231868
0 30045
cob=(4)
cfi=(192)
cfn=(1454)
calls=10015 0 
0 80120
0 60090
cfn=(2654) filesystem::dependency_status(std::filesystem::__cxx11::path const&)
calls=10015 0 
0 791185
0 120180
cfn=(1424)
calls=10015 0 
0 711065
0 30045
cfn=(2122)
calls=10015 0 
0 981474
0 80120
cfn=(1424)
calls=10015 0 
0 711065
0 30045
cfn=(2122)
calls=10015 0 
0 1522280
0 30045
cob=(4)
cfi=(192)
cfn=(1454)
calls=10015 0 
0 80120
0 1040911
cfn=(1472)
calls=90076 0 
0 77503591
0 360304
cfn=(2182)
calls=90076 0 
0 170463778
0 270228
cob=(4)
cfi=(192)
cfn=(2284)
calls=90076 0 
0 447764096
0 180152
cfn=(1496)
calls=90076 0 
0 27573296
0 180152
cob=(4)
cfi=(192)
cfn=(1454)
calls=90076 0 
0 4323648
0 360304
cfn=(1496)
calls=90076 0 
0 12800832
0 180152
cob=(4)
cfi=(192)
cfn=(1454)
calls=90076 0 
0 4323608
0 270228
cfn=(2656) ProjectInfo::metadata_path_is_safe(std::filesystem::__cxx11::path const&) const
calls=90076 0 
0 1326218172
0 450380
cfn=(1444)
calls=90076 0 
0 3212795
0 540456
cfn=(1444)
calls=90076 0 
0 2882432
0 300273
cfn=(2106)
calls=10015 0 
0 1151725
0 80120
cfn=(1424)
calls=10015 0 
0 711065
0 30045
cfn=(2122)
calls=10015 0 
0 1342014
0 40060
cob=(4)
cfi=(192)
cfn=(1454)
calls=10015 0 
0 80120
0 40060
cfn=(1424)
calls=10015 0 
0 1382070
0 30045
cfn=(2122)
calls=10015 0 
0 1104314
0 60090
cob=(4)
cfi=(192)
cfn=(1454)
calls=10015 0 
0 80120
0 20030
cob=(4)
cfi=(192)
cfn=(1454)
calls=10015 0 
0 480720
0 20030
cob=(4)
cfi=(192)
cfn=(1454)
calls=10015 0 
0 482020
0 30045
cob=(4)
cfi=(192)
cfn=(1454)
calls=10015 0 
0 80120
0 40060
cob=(4)
cfi=(192)
cfn=(1454)
calls=10015 0 
0 80120
0 40060
cob=(4)
cfi=(192)
cfn=(1454)
calls=10015 0 
0 80120
0 40060
cob=(4)
cfi=(192)
cfn=(1454)
calls=10015 0 
0 80120
0 40060
cob=(4)
cfi=(192)
cfn=(1454)
calls=10015 0 
0 80120
0 40060
cob=(4)
cfi=(192)
cfn=(1454)
calls=10015 0 
0 80120
0 40060
cob=(4)
cfi=(192)
cfn=(1454)
calls=10015 0 
0 80120
0 40060
cob=(4)
cfi=(192)
cfn=(1454)
calls=10015 0 
0 80120
0 40060
cob=(4)
cfi=(192)
cfn=(1454)
calls=10015 0 
0 80120
0 40060
cob=(4)
cfi=(192)
cfn=(1454)
calls=10015 0 
0 80120
0 40060
cob=(4)
cfi=(192)
cfn=(1454)
calls=10015 0 
0 80120
0 40060
cob=(4)
cfi=(192)
cfn=(1454)
calls=10015 0 
0 80120
0 40060
cob=(4)
cfi=(192)
cfn=(1454)
calls=10015 0 
0 80120
0 30045
cob=(4)
cfi=(192)
cfn=(1454)
calls=10015 0 
0 80120
0 30045
cob=(4)
cfi=(192)
cfn=(1454)
calls=10015 0 
0 80120
0 30045
cob=(4)
cfi=(192)
cfn=(1454)
calls=10015 0 
0 80120
0 30045
cob=(4)
cfi=(192)
cfn=(1454)
calls=10015 0 
0 80120
0 30045
cob=(4)
cfi=(192)
cfn=(1454)
calls=10015 0 
0 80120
0 60090
cfn=(1514)
calls=10015 0 
0 200300
0 310288
cfn=(2654)
calls=90076 0 
0 7116004
0 630532
cfn=(1496)
calls=90076 0 
0 27577024
0 180152
cob=(4)
cfi=(192)
cfn=(1454)
calls=90076 0 
0 4323648
0 120121
cfn=(1424)
calls=10015 0 
0 731095
0 30045
cfn=(2122)
calls=10015 0 
0 1892842
0 30045
cob=(4)
cfi=(192)
cfn=(1454)
calls=10015 0 
0 80120
0 190285
cfn=(2720) ProjectInfo::load_user_dependencies(TrackedInfo const&, std::set<std::__cxx11::basic_string<char, std::char_traits<char>, std::allocator<char> >, std::less<std::__cxx11::basic_string<char, std::char_traits<char>, std::allocator<char> > >, std::allocator<std::__cxx11::basic_string<char, std::char_traits<char>, std::allocator<char> > > >&, BuildError*) const
calls=10015 0 
0 1898622941
0 130195
cfn=(2202) std::__cxx11::basic_string<char, std::char_traits<char>, std::allocator<char> > std::operator+<char, std::char_traits<char>, std::allocator<char> >(char const*, std::__cxx11::basic_string<char, std::char_traits<char>, std::allocator<char> > const&) [clone .isra.0]
calls=10015 0 
0 2563840
0 300155
cfn=(2202)
calls=60031 0 
0 15367936
0 350230
cfn=(2202)
calls=70046 0 
0 17932094
0 700460
cfn=(1472)
calls=70046 0 
0 60398034
0 350230
cfn=(2182)
calls=70046 0 
0 132687144
0 140092
cfn=(1496)
calls=70046 0 
0 10056722
0 140092
cob=(4)
cfi=(192)
cfn=(1454)
calls=70046 0 
0 3362208
0 210138
cfn=(2654)
calls=70046 0 
0 5533634
0 490322
cfn=(1496)
calls=70046 0 
0 21544266
0 140092
cob=(4)
cfi=(192)
cfn=(1454)
calls=70046 0 
0 3362208
0 210138
cob=(4)
cfi=(192)
cfn=(1454)
calls=70046 0 
0 3362208
0 140092
cob=(4)
cfi=(192)
cfn=(1454)
calls=70046 0 
0 3362208
0 140092
cob=(4)
cfi=(192)
cfn=(2644)
calls=70046 0 
0 1007879
0 230168
cfn=(2140)
calls=10015 0 
0 10590325
0 40060
cfn=(2106)
calls=10015 0 
0 1311822
0 60090
cfn=(1424)
calls=10015 0 
0 711065
0 30045
cfn=(2122)
calls=10015 0 
0 1522284
0 290258
cfn=(1424)
calls=90076 0 
0 12430488
0 270228
cfn=(2122)
calls=90076 0 
0 16434309
0 630532
cfn=(2718)
calls=90076 0 
0 9998668
0 270228
cob=(4)
cfi=(192)
cfn=(1454)
calls=90076 0 
0 4323648
0 390290
cfn=(1424)
calls=70046 0 
0 9666348
0 210138
cfn=(2122)
calls=70046 0 
0 11513176
0 490322
cfn=(2718)
calls=70046 0 
0 7775338
0 210138
cob=(4)
cfi=(192)
cfn=(1454)
calls=70046 0 
0 3362208
0 180152
cfn=(1424)
calls=10015 0 
0 1382070
0 30045
cfn=(2122)
calls=10015 0 
0 1165064
0 50075
cfn=(1424)
calls=10015 0 
0 711065
0 30045
cfn=(2122)
calls=10015 0 
0 1011626
0 220330
cfn=(1424)
calls=10015 0 
0 711065
0 30045
cfn=(2122)
calls=10015 0 
0 981486
0 70105
cfn=(1424)
calls=10015 0 
0 1382070
0 30045
cfn=(2122)
calls=10015 0 
0 1225538
0 70105
cfn=(1424)
calls=10015 0 
0 711065
0 30045
cfn=(2122)
calls=10015 0 
0 1001014
0 60090
cob=(4)
cfi=(192)
cfn=(1454)
calls=10015 0 
0 80120
0 20030
cob=(4)
cfi=(192)
cfn=(1454)
calls=10015 0 
0 80120
0 20030
cob=(4)
cfi=(192)
cfn=(1454)
calls=10015 0 
0 80120
0 20030
cob=(4)
cfi=(192)
cfn=(1454)
calls=10015 0 
0 80120
0 80120
cfn=(1424)
calls=10015 0 
0 711065
0 30045
cfn=(2122)
calls=10015 0 
0 1342010
0 70105
cfn=(1452)
calls=10015 0 
0 1092271
0 20030
cob=(4)
cfi=(192)
cfn=(1454)
calls=10015 0 
0 80120
0 20030
cob=(4)
cfi=(192)
cfn=(1454)
calls=10015 0 
0 480720
0 20030
cob=(4)
cfi=(192)
cfn=(1454)
calls=10015 0 
0 480720
0 20030
cob=(4)
cfi=(192)
cfn=(1454)
calls=10015 0 
0 480720
0 60090
cfn=(1424)
calls=10015 0 
0 731095
0 50075
cfn=(2106)
calls=10015 0 
0 1662549
0 60090
cfn=(1424)
calls=10015 0 
0 731095
0 30045
cfn=(2122)
calls=10015 0 
0 1927075
0 50075
cfn=(1424)
calls=10015 0 
0 731095
0 50075
cfn=(2106)
calls=10015 0 
0 619990
0 60090
cfn=(1424)
calls=10015 0 
0 731095
0 30045
cfn=(2122)
calls=10015 0 
0 620954
0 50075
cfn=(1424)
calls=10015 0 
0 731095
0 50075
cfn=(2106)
calls=10015 0 
0 641016
0 60090
cfn=(1424)
calls=10015 0 
0 731095
0 30045
cfn=(2122)
calls=10015 0 
0 720132
0 50075
cfn=(1424)
calls=10015 0 
0 711065
0 50075
cfn=(2106)
calls=10015 0 
0 710603
0 60090
cfn=(1424)
calls=10015 0 
0 711065
0 30045
cfn=(2122)
calls=10015 0 
0 741110
0 50075
cfn=(1424)
calls=10015 0 
0 731095
0 50075
cfn=(2106)
calls=10015 0 
0 731095
0 60090
cfn=(1424)
calls=10015 0 
0 731095
0 30045
cfn=(2122)
calls=10015 0 
0 801200
0 50075
cfn=(1424)
calls=10015 0 
0 731095
0 50075
cfn=(2106)
calls=10015 0 
0 771155
0 60090
cfn=(1424)
calls=10015 0 
0 731095
0 30045
cfn=(2122)
calls=10015 0 
0 861290
0 50075
cfn=(1424)
calls=10015 0 
0 731095
0 50075
cfn=(2106)
calls=10015 0 
0 1151725
0 60090
cfn=(1424)
calls=10015 0 
0 731095
0 30045
cfn=(2122)
calls=10015 0 
0 1268775
0 70105
cfn=(1424)
calls=10015 0 
0 711065
0 50075
cfn=(2106)
calls=10015 0 
0 881324
0 80120
cfn=(1424)
calls=10015 0 
0 711065
0 30045
cfn=(2122)
calls=10015 0 
0 981470
0 90135
cfn=(1424)
calls=10015 0 
0 711065
0 70105
cob=(4)
cfi=(192)
cfn=(1454)
calls=10015 0 
0 80120
0 50075
cfn=(2106)
calls=10015 0 
0 921384
0 80120
cfn=(1424)
calls=10015 0 
0 711065
0 30045
cfn=(2122)
calls=10015 0 
0 1041580
0 80120
cob=(4)
cfi=(192)
cfn=(1454)
calls=10015 0 
0 80120
0 90135
cfn=(1424)
calls=10015 0 
0 1382070
0 90135
cob=(4)
cfi=(192)
cfn=(1454)
calls=10015 0 
0 480850
0 70105
cfn=(2106)
calls=10015 0 
0 964104
0 80120
cfn=(1424)
calls=10015 0 
0 1384131
0 30045
cfn=(2122)
calls=10015 0 
0 1106978
0 100150
cob=(4)
cfi=(192)
cfn=(1454)
calls=10015 0 
0 480850
0 220330
cfn=(1424)
calls=10015 0 
0 1382070
0 50075
cfn=(2106)
calls=10015 0 
0 1024950
0 80120
cfn=(1424)
calls=10015 0 
0 4097093
0 30045
cfn=(2122)
calls=10015 0 
0 1165064
0 40060
cob=(4)
cfi=(192)
cfn=(1454)
calls=10015 0 
0 480720
0 20030
cob=(4)
cfi=(192)
cfn=(1454)
calls=10015 0 
0 480720
0 50075
cfn=(1424)
calls=10015 0 
0 1384996
0 50075
cfn=(2106)
calls=10015 0 
0 1076315
0 60090
cfn=(1424)
calls=10015 0 
0 1385493
0 30045
cfn=(2122)
calls=10015 0 
0 1225316
0 40060
cob=(4)
cfi=(192)
cfn=(1454)
calls=10015 0 
0 480720
0 20030
cob=(4)
cfi=(192)
cfn=(1454)
calls=10015 0 
0 480720
0 60090
cfn=(1424)
calls=10015 0 
0 1388619
0 50075
cfn=(2106)
calls=10015 0 
0 1116561
0 60090
cob=(4)
cfi=(192)
cfn=(1454)
calls=10015 0 
0 480720
0 50075
cfn=(1424)
calls=10015 0 
0 1596334
0 30045
cfn=(2122)
calls=10015 0 
0 1285994
0 60090
cob=(4)
cfi=(192)
cfn=(1454)
calls=10015 0 
0 480720
0 10015

fn=(2740) std::thread::_State_impl<std::thread::_Invoker<std::tuple<ProjectInfo::build_all(bool, bool, bool)::{lambda()#1}> > >::~_State_impl()
0 24
cob=(4)
cfi=(192)
cfn=(2742)
calls=4 0 
0 16
0 16
cob=(4)
cfi=(192)
cfn=(1750)
calls=4 0 
0 728

fn=(3062) std::unordered_set<std::__cxx11::basic_string<char, std::char_traits<char>, std::allocator<char> >, std::hash<std::__cxx11::basic_string<char, std::char_traits<char>, std::allocator<char> > >, std::equal_to<std::__cxx11::basic_string<char, std::char_traits<char>, std::allocator<char> > >, std::allocator<std::__cxx11::basic_string<char, std::char_traits<char>, std::allocator<char> > > >::~unordered_set()
0 142
cob=(4)
cfi=(192)
cfn=(1750)
calls=6 0 
0 1130
0 57
cob=(4)
cfi=(192)
cfn=(1750)
calls=19 0 
0 3657
0 48
cob=(4)
cfi=(192)
cfn=(1750)
calls=1 0 
0 43

fn=(3066) ItemBuildPipeline::~ItemBuildPipeline()
0 7
cfn=(2136) std::_Rb_tree<std::__cxx11::basic_string<char, std::char_traits<char>, std::allocator<char> >, std::pair<std::__cxx11::basic_string<char, std::char_traits<char>, std::allocator<char> > const, std::__cxx11::basic_string<char, std::char_traits<char>, std::allocator<char> > >, std::_Select1st<std::pair<std::__cxx11::basic_string<char, std::char_traits<char>, std::allocator<char> > const, std::__cxx11::basic_string<char, std::char_traits<char>, std::allocator<char> > > >, std::less<std::__cxx11::basic_string<char, std::char_traits<char>, std::allocator<char> > >, std::allocator<std::pair<std::__cxx11::basic_string<char, std::char_traits<char>, std::allocator<char> > const, std::__cxx11::basic_string<char, std::char_traits<char>, std::allocator<char> > > > >::_M_erase(std::_Rb_tree_node<std::pair<std::__cxx11::basic_string<char, std::char_traits<char>, std::allocator<char> > const, std::__cxx11::basic_string<char, std::char_traits<char>, std::allocator<char> > > >*) [clone .isra.0]
calls=1 0 
0 3
0 10

fn=(3072)
0 9
cob=(4)
cfi=(192)
cfn=(3078)
calls=1 0 
0 97
0 1
cfn=(3088) 0x000000000005c370
calls=1 0 
0 5
0 3

fn=(1388) _GLOBAL__sub_I__ZN6Parser18FfiLibraryInstanceD2Ev
0 4

fn=(1402) _GLOBAL__sub_I__ZN9WatchList4loadERKNSt10filesystem7__cxx114pathE
0 4

fn=(1736)
0 999133
cob=(4)
cfi=(192)
cfn=(1428)
calls=20030 0 
0 370549
0 220330

fn=(1818)
0 16
cob=(4)
cfi=(192)
cfn=(1820)
calls=2 0 
0 66
0 20
cob=(4)
cfi=(192)
cfn=(1824)
calls=2 0 
0 46
0 4
cob=(4)
cfi=(192)
cfn=(1820)
calls=2 0 
0 66
0 30
cob=(4)
cfi=(192)
cfn=(1824)
calls=2 0 
0 46

fn=(1830)
0 220341
cfn=(1810)
calls=20031 0 
0 1061643
0 80124
cfn=(1832) filesystem::file_readable(std::filesystem::__cxx11::path const&)
calls=20031 0 
0 47691808
0 320496
cfn=(2002)
calls=20031 0 
0 73346024
0 260403
cfn=(2092) auto json::Document::parse(std::basic_string_view<char, std::char_traits<char> >, json::Document&, std::__cxx11::basic_string<char, std::char_traits<char>, std::allocator<char> >&, json::ParseOptions const&)::{lambda(auto:1)#1}::operator()<std::integral_constant<bool, false> >(std::integral_constant<bool, false>) const [clone .isra.0]
calls=20031 0 
0 489398398
0 160248
cob=(4)
cfi=(192)
cfn=(1750)
calls=20031 0 
0 863910
0 180279

fn=(2130) filesystem::valid_extension(std::__cxx11::basic_string<char, std::char_traits<char>, std::allocator<char> > const&)
0 220352
cob=(4)
cfi=(192)
cfn=(2132)
calls=20032 0 
0 861376
0 120192
cob=(4)
cfi=(192)
cfn=(2132)
calls=20032 0 
0 861376
0 80128

fn=(2176) std::_Hashtable<std::__cxx11::basic_string<char, std::char_traits<char>, std::allocator<char> >, std::__cxx11::basic_string<char, std::char_traits<char>, std::allocator<char> >, std::allocator<std::__cxx11::basic_string<char, std::char_traits<char>, std::allocator<char> > >, std::__detail::_Identity, std::equal_to<std::__cxx11::basic_string<char, std::char_traits<char>, std::allocator<char> > >, std::hash<std::__cxx11::basic_string<char, std::char_traits<char>, std::allocator<char> > >, std::__detail::_Mod_range_hashing, std::__detail::_Default_ranged_hash, std::__detail::_Prime_rehash_policy, std::__detail::_Hashtable_traits<true, true, true> >::find(std::__cxx11::basic_string<char, std::char_traits<char>, std::allocator<char> > const&) const
0 866
cob=(4)
cfi=(192)
cfn=(1458)
calls=16 0 
0 365
0 64

fn=(2250) std::_Hashtable<std::__cxx11::basic_string<char, std::char_traits<char>, std::allocator<char> >, std::__cxx11::basic_string<char, std::char_traits<char>, std::allocator<char> >, std::allocator<std::__cxx11::basic_string<char, std::char_traits<char>, std::allocator<char> > >, std::__detail::_Identity, std::equal_to<std::__cxx11::basic_string<char, std::char_traits<char>, std::allocator<char> > >, std::hash<std::__cxx11::basic_string<char, std::char_traits<char>, std::allocator<char> > >, std::__detail::_Mod_range_hashing, std::__detail::_Default_ranged_hash, std::__detail::_Prime_rehash_policy, std::__detail::_Hashtable_traits<true, true, true> >::~_Hashtable()
0 370461
cob=(4)
cfi=(192)
cfn=(1750)
calls=30031 0 
0 4261520
0 160228
cob=(4)
cfi=(192)
cfn=(1750)
calls=10015 0 
0 432186
0 16

fn=(2296)
0 1051575
cfn=(2278) project_read::mapped_name[abi:cxx11](TrackedInfo const&)
calls=50075 0 
0 2904350
0 400600
cob=(4)
cfi=(192)
cfn=(2206)
calls=50075 0 
0 2756078
0 801270
cob=(4)
cfi=(192)
cfn=(1474)
calls=5 0 
0 25
0 400560
cob=(4)
cfi=(192)
cfn=(1474)
calls=50070 0 
0 250350
0 200300
cob=(4)
cfi=(192)
cfn=(1478)
calls=50075 0 
0 29377618
0 550825
cfn=(1752)
calls=50075 0 
0 2403600
0 200300
cob=(4)
cfi=(192)
cfn=(1474)
calls=50075 0 
0 250375
0 100150
cob=(4)
cfi=(192)
cfn=(1478)
calls=50075 0 
0 25869627
0 400600
cfn=(1452)
calls=50075 0 
0 5458791
0 200300
cob=(4)
cfi=(192)
cfn=(1754)
calls=50075 0 
0 28995273
0 150225
cob=(4)
cfi=(192)
cfn=(1756)
calls=50075 0 
0 53784607
0 300450
cfn=(1452)
calls=50075 0 
0 5458175
0 250375
cob=(4)
cfi=(192)
cfn=(1754)
calls=50075 0 
0 36107433
0 150225
cob=(4)
cfi=(192)
cfn=(1756)
calls=50075 0 
0 63397424
0 250375
cob=(4)
cfi=(192)
cfn=(1498)
calls=50075 0 
0 13920850
0 300450
cob=(4)
cfi=(192)
cfn=(1750)
calls=50075 0 
0 2153225
0 250375
cob=(4)
cfi=(192)
cfn=(1498)
calls=50075 0 
0 5708790
0 400600
cob=(4)
cfi=(192)
cfn=(1498)
calls=50075 0 
0 5708550
0 150240
cob=(4)
cfi=(192)
cfn=(1750)
calls=5 0 
0 215
0 4005965

fn=(2342)
0 173518
cfn=(2344)
calls=9636 0 
0 3055472
0 134938

fn=(2382)
0 28
cob=(4)
cfi=(192)
cfn=(1432)
calls=2 0 
0 2158
0 10
cob=(4)
cfi=(192)
cfn=(2174)
calls=2 0 
0 164410
0 46
cob=(4)
cfi=(192)
cfn=(1432)
calls=1 0 
0 1696
0 5
cob=(4)
cfi=(192)
cfn=(2174)
calls=1 0 
0 82205
0 16

fn=(2386)
0 8
cob=(4)
cfi=(192)
cfn=(1750)
calls=1 0 
0 43

fn=(2388)
0 270443
cob=(4)
cfi=(192)
cfn=(1750)
calls=30045 0 
0 5719875
0 60124
cob=(4)
cfi=(192)
cfn=(1750)
calls=3 0 
0 536
0 4

fn=(2394)
0 32
cob=(4)
cfi=(192)
cfn=(2174)
calls=2 0 
0 30
0 12

fn=(2462)
0 30

fn=(2648)
0 1261064
cob=(4)
cfi=(192)
cfn=(2284)
calls=90076 0 
0 449579805
0 270228
cob=(4)
cfi=(192)
cfn=(2284)
calls=90076 0 
0 239957449
0 450380
cob=(4)
cfi=(192)
cfn=(2610)
calls=90076 0 
0 257049499
0 450380
cob=(4)
cfi=(192)
cfn=(1498)
calls=90076 0 
0 21798392
0 630532
cob=(4)
cfi=(192)
cfn=(1750)
calls=90076 0 
0 3873268
0 630532
cob=(4)
cfi=(192)
cfn=(1498)
calls=90076 0 
0 12350452
0 630532
cob=(4)
cfi=(192)
cfn=(1750)
calls=90076 0 
0 3873268
0 450380
cob=(4)
cfi=(192)
cfn=(1498)
calls=90076 0 
0 27123176
0 630532
cob=(4)
cfi=(192)
cfn=(1750)
calls=90076 0 
0 3873268
0 1170988
cfn=(2330)
calls=90076 0 
0 40523370
0 90076

fn=(2654)
0 2552055
cob=(4)
cfi=(192)
cfn=(1654)
calls=170137 0 
0 850685
0 4423562
cob=(4)
cfi=(192)
cfn=(1490)
calls=170137 0 
0 2722192
0 2892329

fn=(2782) void std::vector<ProjectInfo::BuildJob, std::allocator<ProjectInfo::BuildJob> >::_M_realloc_append<ProjectInfo::BuildJob>(ProjectInfo::BuildJob&&)
0 480
cob=(4)
cfi=(192)
cfn=(1432)
calls=15 0 
0 4534
0 164279
cob=(4)
cfi=(192)
cfn=(1750)
calls=14 0 
0 1684
0 196

fn=(2972)
0 11
cob=(4)
cfi=(192)
cfn=(1498)
calls=1 0 
0 560
0 8
cob=(4)
cfi=(192)
cfn=(1750)
calls=1 0 
0 43

fn=(2974)
0 21
cob=(4)
cfi=(192)
cfn=(1750)
calls=1 0 
0 170
0 148
cob=(4)
cfi=(192)
cfn=(1750)
calls=16 0 
0 3289
0 48
cob=(4)
cfi=(192)
cfn=(1750)
calls=16 0 
0 3495
0 39
cob=(4)
cfi=(192)
cfn=(1750)
calls=1 0 
0 43
0 40
cfn=(2250)
calls=1 0 
0 16
0 2
cfn=(2388)
calls=1 0 
0 16
0 2
cfn=(2250)
calls=1 0 
0 16
0 2
cfn=(2388)
calls=1 0 
0 2042227
0 15
cfn=(2380)
calls=1 0 
0 15
0 360550
cfn=(2136)
calls=10015 0 
0 4562065
0 20037
cob=(4)
cfi=(192)
cfn=(1750)
calls=1 0 
0 96
0 2
cfn=(2136)
calls=1 0 
0 3
0 2
cfn=(2380)
calls=1 0 
0 15
0 2
cfn=(2380)
calls=1 0 
0 15
0 2
cfn=(2136)
calls=1 0 
0 3
0 2
cfn=(2140)
calls=1 0 
0 3
0 11
cob=(4)
cfi=(192)
cfn=(1750)
calls=1 0 
0 192
0 21
cob=(4)
cfi=(192)
cfn=(1498)
calls=1 0 
0 524
0 14
cob=(4)
cfi=(192)
cfn=(1750)
calls=1 0 
0 198
0 40052
cfn=(2976) std::_Sp_counted_ptr_inplace<ItemBuildPipeline, std::allocator<void>, (__gnu_cxx::_Lock_policy)2>::_M_dispose()
calls=10013 0 
0 2102103
0 30039
cfn=(2978) std::_Sp_counted_ptr_inplace<ItemBuildPipeline, std::allocator<void>, (__gnu_cxx::_Lock_policy)2>::_M_destroy()
calls=10013 0 
0 1952507
0 10013

fn=(2434) (anonymous namespace)::lock_path(std::filesystem::__cxx11::path const&)
0 38
cob=(4)
cfi=(192)
cfn=(1474)
calls=2 0 
0 10
0 6
cob=(4)
cfi=(192)
cfn=(1478)
calls=2 0 
0 464
0 10
cob=(4)
cfi=(192)
cfn=(2412)
calls=2 0 
0 2912
0 20
cob=(4)
cfi=(192)
cfn=(1428)
calls=2 0 
0 28
0 14
cob=(4)
cfi=(192)
cfn=(1754)
calls=2 0 
0 1318
0 6
cob=(4)
cfi=(192)
cfn=(1756)
calls=2 0 
0 2237
0 10
cob=(4)
cfi=(192)
cfn=(1498)
calls=2 0 
0 520
0 14
cob=(4)
cfi=(192)
cfn=(1750)
calls=2 0 
0 86
0 10
cob=(4)
cfi=(192)
cfn=(1498)
calls=2 0 
0 12
0 38
cob=(4)
cfi=(192)
cfn=(1436)
calls=2 0 
0 128
0 22

fn=(1380) _GLOBAL__sub_I__Z7run_cliiPPc
0 22
cob=(4)
cfi=(192)
cfn=(1382)
calls=1 0 
0 75

fn=(1450)
0 12
cfn=(1452)
calls=1 0 
0 37
0 3

fn=(1472)
0 22
cob=(4)
cfi=(192)
cfn=(1474)
calls=1 0 
0 5
0 2
cob=(4)
cfi=(192)
cfn=(1478)
calls=1 0 
0 1104
0 13
cob=(4)
cfi=(192)
cfn=(1428)
calls=1 0 
0 17
0 4403065
cob=(4)
cfi=(192)
cfn=(1474)
calls=220153 0 
0 1100765
0 440306
cob=(4)
cfi=(192)
cfn=(1478)
calls=220153 0 
0 161116614
0 2641834
cob=(4)
cfi=(192)
cfn=(1436)
calls=220152 0 
0 14089728
0 1761216
cob=(4)
cfi=(192)
cfn=(1428)
calls=220152 0 
0 2861976
0 3
cob=(4)
cfi=(192)
cfn=(1428)
calls=1 0 
0 15
0 660459

fn=(2092)
0 520806
cfn=(2094) json::Document::Parser<false>::parse_value(unsigned long)
calls=20031 0 
0 486533965
0 1021581
cfn=(2114)
calls=20031 0 
0 500775
0 821271

fn=(2106)
0 11377410
cob=(4)
cfi=(192)
cfn=(1458)
calls=20031 0 
0 481240
0 60098
cob=(4)
cfi=(192)
cfn=(1458)
calls=1 0 
0 24
0 50088
cob=(4)
cfi=(192)
cfn=(1458)
calls=10017 0 
0 240436
0 30056
cob=(4)
cfi=(192)
cfn=(1458)
calls=1 0 
0 24
0 10255363
cob=(4)
cfi=(192)
cfn=(1458)
calls=30045 0 
0 634421
0 210315
cob=(4)
cfi=(192)
cfn=(1458)
calls=30045 0 
0 655227
0 260390
cob=(4)
cfi=(192)
cfn=(1458)
calls=40060 0 
0 856032
0 330495
cob=(4)
cfi=(192)
cfn=(1458)
calls=50075 0 
0 1084308
0 260390
cob=(4)
cfi=(192)
cfn=(1458)
calls=30045 0 
0 700145
0 12048858
cob=(4)
cfi=(192)
cfn=(1458)
calls=10017 0 
0 210360
0 120195
cob=(4)
cfi=(192)
cfn=(1458)
calls=20032 0 
0 450720
0 200320
cob=(4)
cfi=(192)
cfn=(1458)
calls=30048 0 
0 691107
0 130219
cob=(4)
cfi=(192)
cfn=(1458)
calls=10018 0 
0 210475
0 120194
cob=(4)
cfi=(192)
cfn=(1458)
calls=20031 0 
0 450696
0 150227
cob=(4)
cfi=(192)
cfn=(1458)
calls=20030 0 
0 450675
0 50075

fn=(2108) json::Document::Parser<false>::parse_number()
0 1772724
cob=(4)
cfi=(192)
cfn=(2110)
calls=30046 0 
0 3004600
0 1502296

fn=(2116)
0 1362074
cob=(4)
cfi=(192)
cfn=(1432)
calls=40061 0 
0 9948569
0 9073691
cfn=(2114)
calls=70104 0 
0 1752600
0 4566916
cfn=(2114)
calls=240364 0 
0 6009100
0 180288
cfn=(2114)
calls=10016 0 
0 250400
0 8232442
cob=(4)
cfi=(192)
cfn=(1750)
calls=40061 0 
0 4226019
0 5097742

fn=(2192)
0 19

fn=(2194)
0 25
cfn=(2196)
calls=1 0 
0 28
0 4
cfn=(1424)
calls=1 0 
0 138
0 10
cob=(4)
cfi=(192)
cfn=(1454)
calls=1 0 
0 48
0 2
cfn=(2196)
calls=1 0 
0 58
0 37
cfn=(2198)
calls=1 0 
0 298
0 5
cfn=(2200)
calls=1 0 
0 461
0 19
cfn=(1424)
calls=1 0 
0 138
0 17
cob=(4)
cfi=(192)
cfn=(1750)
calls=1 0 
0 43
0 61
cob=(4)
cfi=(192)
cfn=(1458)
calls=1 0 
0 21
0 10
cfn=(2202)
calls=1 0 
0 260
0 3
cob=(4)
cfi=(192)
cfn=(2208)
calls=1 0 
0 1530
0 3
cob=(4)
cfi=(192)
cfn=(1812)
calls=1 0 
0 18
0 14
cob=(4)
cfi=(192)
cfn=(1750)
calls=1 0 
0 43
0 40107
cfn=(2218) json::Document::Parser<true>::parse_value(unsigned long)
calls=10015 0 
0 109318903
0 20032
cfn=(2250)
calls=1 0 
0 237
0 30081
cfn=(1424)
calls=10015 0 
0 731095
0 50075
cfn=(2106)
calls=10015 0 
0 751125
0 70105
cfn=(1424)
calls=10015 0 
0 731095
0 30045
cfn=(2122)
calls=10015 0 
0 801200
0 60090
cfn=(1424)
calls=10015 0 
0 731095
0 50075
cfn=(2106)
calls=10015 0 
0 1151813
0 80120
cfn=(1424)
calls=10015 0 
0 731095
0 30045
cfn=(2122)
calls=10015 0 
0 1231933
0 20032
cob=(4)
cfi=(192)
cfn=(1454)
calls=1 0 
0 8
0 2
cfn=(2196)
calls=1 0 
0 33
0 50084
cfn=(1424)
calls=10015 0 
0 711065
0 50075
cfn=(2106)
calls=10015 0 
0 580870
0 50075
cob=(4)
cfi=(192)
cfn=(1454)
calls=10015 0 
0 80120
0 20030
cob=(4)
cfi=(192)
cfn=(1454)
calls=10015 0 
0 80120
0 20030
cob=(4)
cfi=(192)
cfn=(1454)
calls=10015 0 
0 80120
0 20030
cob=(4)
cfi=(192)
cfn=(1454)
calls=10015 0 
0 80120
0 20030
cob=(4)
cfi=(192)
cfn=(1454)
calls=10015 0 
0 80120
0 580870
cfn=(1424)
calls=10015 0 
0 731095
0 30045
cfn=(2122)
calls=10015 0 
0 801200
0 30045
cob=(4)
cfi=(192)
cfn=(1812)
calls=10015 0 
0 310465
0 30045
cfn=(1424)
calls=10015 0 
0 731095
0 30045
cfn=(2122)
calls=10015 0 
0 1231933
0 30045
cob=(4)
cfi=(192)
cfn=(1812)
calls=10015 0 
0 310465
0 40060
cfn=(1424)
calls=10015 0 
0 711065
0 50075
cfn=(2106)
calls=10015 0 
0 580870
0 180270
cfn=(1424)
calls=10015 0 
0 480720
0 40060
cfn=(1424)
calls=10015 0 
0 480720
0 120180
cob=(4)
cfi=(192)
cfn=(1454)
calls=10015 0 
0 80120
0 20030
cob=(4)
cfi=(192)
cfn=(1454)
calls=10015 0 
0 80120
0 20030
cob=(4)
cfi=(192)
cfn=(1454)
calls=10015 0 
0 80120
0 30045
cfn=(1424)
calls=10015 0 
0 731095
0 50075
cfn=(2106)
calls=10015 0 
0 901350
0 30045
cob=(4)
cfi=(192)
cfn=(1454)
calls=10015 0 
0 80120
0 50075
cfn=(1424)
calls=10015 0 
0 711065
0 50075
cfn=(2106)
calls=10015 0 
0 901350
0 30045
cob=(4)
cfi=(192)
cfn=(1454)
calls=10015 0 
0 80120
0 721080
cfn=(2106)
calls=80120 0 
0 4967440
0 230345
cfn=(1424)
calls=10015 0 
0 711065
0 50075
cfn=(2106)
calls=10015 0 
0 640960
0 30045
cob=(4)
cfi=(192)
cfn=(1454)
calls=10015 0 
0 80120
0 50075
cfn=(1424)
calls=10015 0 
0 711065
0 30045
cfn=(2122)
calls=10015 0 
0 681020
0 30045
cob=(4)
cfi=(192)
cfn=(1454)
calls=10015 0 
0 80120
0 50075
cfn=(1424)
calls=10015 0 
0 711065
0 30045
cfn=(2122)
calls=10015 0 
0 681020
0 30045
cfn=(1736)
calls=10015 0 
0 490735
0 20030
cob=(4)
cfi=(192)
cfn=(1454)
calls=10015 0 
0 80120
0 30045
cfn=(1424)
calls=10015 0 
0 711065
0 50075
cfn=(2106)
calls=10015 0 
0 791185
0 30045
cob=(4)
cfi=(192)
cfn=(1454)
calls=10015 0 
0 80120
0 50075
cfn=(1424)
calls=10015 0 
0 711065
0 30045
cfn=(2122)
calls=10015 0 
0 861290
0 30045
cob=(4)
cfi=(192)
cfn=(1454)
calls=10015 0 
0 80120
0 80120
cfn=(1424)
calls=10015 0 
0 711065
0 60090
cfn=(1424)
calls=20030 0 
0 1442160
0 150225
cfn=(2106)
calls=30045 0 
0 2083120
0 90135
cob=(4)
cfi=(192)
cfn=(1454)
calls=30045 0 
0 240360
0 90135
cfn=(1424)
calls=10015 0 
0 731095
0 30045
cfn=(2122)
calls=10015 0 
0 620930
0 70105
cfn=(1424)
calls=10015 0 
0 731095
0 30045
cfn=(2122)
calls=10015 0 
0 620930
0 70105
cfn=(1424)
calls=10015 0 
0 731095
0 30045
cfn=(2122)
calls=10015 0 
0 620930
0 40060
cob=(4)
cfi=(192)
cfn=(2132)
calls=10015 0 
0 430645
0 60090
cfn=(2104)
calls=10015 0 
0 530795
0 40060
cob=(4)
cfi=(192)
cfn=(1474)
calls=10015 0 
0 50075
0 20030
cob=(4)
cfi=(192)
cfn=(1478)
calls=10015 0 
0 2253375
0 50075
cfn=(1424)
calls=10015 0 
0 731095
0 30045
cfn=(2122)
calls=10015 0 
0 620930
0 40060
cfn=(2224) std::filesystem::__cxx11::path::path<std::__cxx11::basic_string<char, std::char_traits<char>, std::allocator<char> >, std::filesystem::__cxx11::path>(std::__cxx11::basic_string<char, std::char_traits<char>, std::allocator<char> > const&, std::filesystem::__cxx11::path::format)
calls=10015 0 
0 8563030
0 30045
cfn=(2226) std::filesystem::__cxx11::path::extension() const
calls=10015 0 
0 4137177
0 30045
cob=(4)
cfi=(192)
cfn=(2238)
calls=10015 0 
0 510765
0 30045
cfn=(1496)
calls=10015 0 
0 110165
0 20030
cob=(4)
cfi=(192)
cfn=(1454)
calls=10015 0 
0 80120
0 20030
cfn=(1496)
calls=10015 0 
0 1372055
0 20030
cob=(4)
cfi=(192)
cfn=(1454)
calls=10015 0 
0 480680
0 20030
cob=(4)
cfi=(192)
cfn=(1454)
calls=10015 0 
0 80120
0 20030
cfn=(1496)
calls=10015 0 
0 110165
0 20030
cob=(4)
cfi=(192)
cfn=(1454)
calls=10015 0 
0 80120
0 20030
cob=(4)
cfi=(192)
cfn=(1454)
calls=10015 0 
0 80120
0 20030
cob=(4)
cfi=(192)
cfn=(1454)
calls=10015 0 
0 80120
0 20030
cob=(4)
cfi=(192)
cfn=(1454)
calls=10015 0 
0 80120
0 50075
cfn=(1424)
calls=10015 0 
0 731095
0 30045
cfn=(2122)
calls=10015 0 
0 620930
0 40060
cfn=(1424)
calls=10015 0 
0 731095
0 30045
cfn=(2242)
calls=10015 0 
0 1932895
0 30045
cob=(4)
cfi=(192)
cfn=(2128)
calls=10015 0 
0 1372375
0 20030
cob=(4)
cfi=(192)
cfn=(1454)
calls=10015 0 
0 80120
0 20030
cob=(4)
cfi=(192)
cfn=(1454)
calls=10015 0 
0 80120
0 160240
cfn=(1424)
calls=10015 0 
0 761140
0 30045
cfn=(1424)
calls=10015 0 
0 731095
0 60090
cob=(4)
cfi=(192)
cfn=(2208)
calls=20030 0 
0 1782670
0 60090
cob=(4)
cfi=(192)
cfn=(1812)
calls=20030 0 
0 620930
0 80120
cfn=(2248) std::_Rb_tree<std::__cxx11::basic_string<char, std::char_traits<char>, std::allocator<char> >, std::pair<std::__cxx11::basic_string<char, std::char_traits<char>, std::allocator<char> > const, std::__cxx11::basic_string<char, std::char_traits<char>, std::allocator<char> > >, std::_Select1st<std::pair<std::__cxx11::basic_string<char, std::char_traits<char>, std::allocator<char> > const, std::__cxx11::basic_string<char, std::char_traits<char>, std::allocator<char> > > >, std::less<std::__cxx11::basic_string<char, std::char_traits<char>, std::allocator<char> > >, std::allocator<std::pair<std::__cxx11::basic_string<char, std::char_traits<char>, std::allocator<char> > const, std::__cxx11::basic_string<char, std::char_traits<char>, std::allocator<char> > > > >::find(std::__cxx11::basic_string<char, std::char_traits<char>, std::allocator<char> > const&) const [clone .isra.0]
calls=20030 0 
0 1324164
0 100150
cob=(4)
cfi=(192)
cfn=(1454)
calls=20030 0 
0 160240
0 40060
cob=(4)
cfi=(192)
cfn=(1454)
calls=20030 0 
0 160240
0 90135
cfn=(1424)
calls=10015 0 
0 731095
0 50075
cfn=(1424)
calls=10015 0 
0 711065
0 30045
cfn=(2122)
calls=10015 0 
0 861290
0 30045
cfn=(1736)
calls=10015 0 
0 520774
0 20030
cob=(4)
cfi=(192)
cfn=(1454)
calls=10015 0 
0 80120
0 30045
cfn=(1424)
calls=10015 0 
0 731095
0 50075
cfn=(2106)
calls=10015 0 
0 580870
0 30045
cob=(4)
cfi=(192)
cfn=(1454)
calls=10015 0 
0 80120
0 50075
cfn=(2106)
calls=10015 0 
0 701050
0 30045
cob=(4)
cfi=(192)
cfn=(1454)
calls=10015 0 
0 80120
0 50075
cfn=(1424)
calls=10015 0 
0 731095
0 30045
cfn=(2122)
calls=10015 0 
0 741110
0 30045
cob=(4)
cfi=(192)
cfn=(1454)
calls=10015 0 
0 80120
0 50075
cfn=(1424)
calls=10015 0 
0 711065
0 40060
cfn=(2252) project_read::valid_tracked_name(std::__cxx11::basic_string<char, std::char_traits<char>, std::allocator<char> > const&)
calls=10015 0 
0 25599848
0 90135
cfn=(2130)
calls=10015 0 
0 1071605
0 80120
cfn=(2276)
calls=10015 0 
0 63208453
0 50075
cob=(4)
cfi=(192)
cfn=(2284)
calls=10015 0 
0 49727776
0 40060
cfn=(1496)
calls=10015 0 
0 3014515
0 20030
cob=(4)
cfi=(192)
cfn=(1454)
calls=10015 0 
0 480982
0 50075
cfn=(2296)
calls=10015 0 
0 59030930
0 30045
cob=(4)
cfi=(192)
cfn=(2284)
calls=10015 0 
0 49746863
0 20030
cfn=(1496)
calls=10015 0 
0 3014515
0 20030
cob=(4)
cfi=(192)
cfn=(1454)
calls=10015 0 
0 480960
0 40060
cfn=(2224)
calls=10015 0 
0 630945
0 40060
cfn=(2182)
calls=10015 0 
0 16324450
0 40060
cob=(4)
cfi=(192)
cfn=(2284)
calls=10015 0 
0 34133660
0 20030
cfn=(1496)
calls=10015 0 
0 2653975
0 20030
cob=(4)
cfi=(192)
cfn=(1454)
calls=10015 0 
0 480720
0 20030
cfn=(1496)
calls=10015 0 
0 110165
0 20030
cob=(4)
cfi=(192)
cfn=(1454)
calls=10015 0 
0 80120
0 90135
cfn=(2298) TrackedInfo::TrackedInfo(TrackedInfo&&)
calls=10015 0 
0 1782662
0 30045
cfn=(1496)
calls=10015 0 
0 2653975
0 20030
cob=(4)
cfi=(192)
cfn=(1454)
calls=10015 0 
0 480720
0 20030
cfn=(1496)
calls=10015 0 
0 3014515
0 20030
cob=(4)
cfi=(192)
cfn=(1454)
calls=10015 0 
0 480720
0 20030
cfn=(1496)
calls=10015 0 
0 3014515
0 20030
cob=(4)
cfi=(192)
cfn=(1454)
calls=10015 0 
0 480720
0 20030
cfn=(2300) TrackedInfo::~TrackedInfo()
calls=10015 0 
0 390585
0 180285
cfn=(1424)
calls=10014 0 
0 1472723
0 150210
cob=(4)
cfi=(192)
cfn=(1750)
calls=10014 0 
0 431202
0 520728
cfn=(2114)
calls=10014 0 
0 700980
0 100140
cfn=(2114)
calls=50070 0 
0 2355060
0 490686
cob=(4)
cfi=(192)
cfn=(1750)
calls=10014 0 
0 1392034
0 370535
cfn=(2106)
calls=10015 0 
0 580870
0 30045
cob=(4)
cfi=(192)
cfn=(1454)
calls=10015 0 
0 80120
0 150225
cfn=(1424)
calls=10015 0 
0 731095
0 30045
cfn=(2122)
calls=10015 0 
0 741110
0 30045
cob=(4)
cfi=(192)
cfn=(1454)
calls=10015 0 
0 80120
0 129489
cfn=(1452)
calls=9897 0 
0 346395
0 179914
cfn=(2252)
calls=20015 0 
0 51135869
0 100075
cfn=(2200)
calls=20015 0 
0 9280194
0 100075
cfn=(2302)
calls=20015 0 
0 120124
0 80060
cfn=(2304) TrackedInfo::mutable_pipeline()
calls=20015 0 
0 2474581
0 90399
cfn=(2306) void std::vector<std::__cxx11::basic_string<char, std::char_traits<char>, std::allocator<char> >, std::allocator<std::__cxx11::basic_string<char, std::char_traits<char>, std::allocator<char> > > >::_M_realloc_append<std::__cxx11::basic_string<char, std::char_traits<char>, std::allocator<char> > const&>(std::__cxx11::basic_string<char, std::char_traits<char>, std::allocator<char> > const&)
calls=10118 0 
0 3109142
0 30148
cfn=(2130)
calls=10015 0 
0 1071605
0 40060
cfn=(2250)
calls=10015 0 
0 3122158
0 50080
cfn=(2114)
calls=1 0 
0 902
0 40067

fn=(2344)
0 779994
cob=(4)
cfi=(192)
cfn=(1458)
calls=19254 0 
0 588585
0 963408
cob=(4)
cfi=(192)
cfn=(1458)
calls=9648 0 
0 221969
0 116016
cfn=(1736)
calls=9624 0 
0 192480
0 36
cfn=(1736)
calls=12 0 
0 240
0 6908568
cob=(4)
cfi=(192)
cfn=(1458)
calls=216296 0 
0 5811488
0 7390366
cob=(4)
cfi=(192)
cfn=(1458)
calls=20642 0 
0 514741
0 261444
cfn=(1736)
calls=19268 0 
0 385360
0 12
cfn=(1736)
calls=4 0 
0 80
0 327788
cfn=(1736)
calls=16 0 
0 320
0 62

fn=(2390)
0 20

fn=(2392) ProjectInfo::rebuild_tracked_index() const
0 10
cfn=(2394)
calls=1 0 
0 37
0 61
cob=(4)
cfi=(192)
cfn=(2154)
calls=1 0 
0 112
0 40070
cfn=(2396) std::__detail::_Map_base<std::__cxx11::basic_string<char, std::char_traits<char>, std::allocator<char> >, std::pair<std::__cxx11::basic_string<char, std::char_traits<char>, std::allocator<char> > const, unsigned long>, std::allocator<std::pair<std::__cxx11::basic_string<char, std::char_traits<char>, std::allocator<char> > const, unsigned long> >, std::__detail::_Select1st, std::equal_to<std::__cxx11::basic_string<char, std::char_traits<char>, std::allocator<char> > >, std::hash<std::__cxx11::basic_string<char, std::char_traits<char>, std::allocator<char> > >, std::__detail::_Mod_range_hashing, std::__detail::_Default_ranged_hash, std::__detail::_Prime_rehash_policy, std::__detail::_Hashtable_traits<true, false, true>, true>::operator[](std::__cxx11::basic_string<char, std::char_traits<char>, std::allocator<char> > const&)
calls=10015 0 
0 4192923
0 90140
cob=(4)
cfi=(192)
cfn=(1820)
calls=1 0 
0 33
0 4
cfn=(2400)
calls=1 0 
0 37
0 3
cob=(4)
cfi=(192)
cfn=(1824)
calls=1 0 
0 23
0 15
cfn=(2382)
calls=1 0 
0 84037
0 1

fn=(2398) std::_Hashtable<std::__cxx11::basic_string<char, std::char_traits<char>, std::allocator<char> >, std::pair<std::__cxx11::basic_string<char, std::char_traits<char>, std::allocator<char> > const, unsigned long>, std::allocator<std::pair<std::__cxx11::basic_string<char, std::char_traits<char>, std::allocator<char> > const, unsigned long> >, std::__detail::_Select1st, std::equal_to<std::__cxx11::basic_string<char, std::char_traits<char>, std::allocator<char> > >, std::hash<std::__cxx11::basic_string<char, std::char_traits<char>, std::allocator<char> > >, std::__detail::_Mod_range_hashing, std::__detail::_Default_ranged_hash, std::__detail::_Prime_rehash_policy, std::__detail::_Hashtable_traits<true, false, true> >::_M_insert_unique_node(unsigned long, unsigned long, std::__detail::_Hash_node<std::pair<std::__cxx11::basic_string<char, std::char_traits<char>, std::allocator<char> > const, unsigned long>, true>*, unsigned long)
0 320480
cob=(4)
cfi=(192)
cfn=(2166)
calls=20030 0 
0 240360
0 515828

fn=(2466)
0 60

fn=(2656)
0 1531292
cob=(4)
cfi=(192)
cfn=(2284)
calls=90076 0 
0 235728892
0 270228
cob=(4)
cfi=(192)
cfn=(2284)
calls=90076 0 
0 447765286
0 540456
cob=(4)
cfi=(192)
cfn=(2610)
calls=90076 0 
0 258204372
0 990836
cob=(4)
cfi=(192)
cfn=(1474)
calls=90076 0 
0 450380
0 270228
cob=(4)
cfi=(192)
cfn=(1478)
calls=90076 0 
0 20897632
0 360304
cob=(4)
cfi=(192)
cfn=(2238)
calls=90076 0 
0 12970950
0 540456
cob=(4)
cfi=(192)
cfn=(1498)
calls=90076 0 
0 540456
0 810684
cob=(4)
cfi=(192)
cfn=(2412)
calls=90076 0 
0 150138226
0 450380
cfn=(2330)
calls=90076 0 
0 58819117
0 360304
cob=(4)
cfi=(192)
cfn=(1820)
calls=90076 0 
0 2882432
0 450428
cfn=(2658) filesystem::path_within(std::filesystem::__cxx11::path const&, std::filesystem::__cxx11::path const&)
calls=16 0 
0 393464
0 160
cob=(4)
cfi=(192)
cfn=(1432)
calls=16 0 
0 800
0 160
cfn=(1452)
calls=16 0 
0 1744
0 112
cfn=(2706) std::_Hashtable<std::__cxx11::basic_string<char, std::char_traits<char>, std::allocator<char> >, std::pair<std::__cxx11::basic_string<char, std::char_traits<char>, std::allocator<char> > const, bool>, std::allocator<std::pair<std::__cxx11::basic_string<char, std::char_traits<char>, std::allocator<char> > const, bool> >, std::__detail::_Select1st, std::equal_to<std::__cxx11::basic_string<char, std::char_traits<char>, std::allocator<char> > >, std::hash<std::__cxx11::basic_string<char, std::char_traits<char>, std::allocator<char> > >, std::__detail::_Mod_range_hashing, std::__detail::_Default_ranged_hash, std::__detail::_Prime_rehash_policy, std::__detail::_Hashtable_traits<true, false, true> >::_M_insert_unique_node(unsigned long, unsigned long, std::__detail::_Hash_node<std::pair<std::__cxx11::basic_string<char, std::char_traits<char>, std::allocator<char> > const, bool>, true>*, unsigned long)
calls=16 0 
0 1801
0 450396
cob=(4)
cfi=(192)
cfn=(1498)
calls=90076 0 
0 12350452
0 630529
cob=(4)
cfi=(192)
cfn=(1750)
calls=90075 0 
0 3873485
0 450380
cob=(4)
cfi=(192)
cfn=(1498)
calls=90076 0 
0 27123046
0 630532
cob=(4)
cfi=(192)
cfn=(1750)
calls=90076 0 
0 3873268
0 450380
cob=(4)
cfi=(192)
cfn=(1498)
calls=90076 0 
0 21799460
0 630532
cob=(4)
cfi=(192)
cfn=(1750)
calls=90076 0 
0 3873268
0 4955425
cob=(4)
cfi=(192)
cfn=(1458)
calls=136140 0 
0 2817060
0 902700
cob=(4)
cfi=(192)
cfn=(1824)
calls=90060 0 
0 2341560
0 32
cob=(4)
cfi=(192)
cfn=(1824)
calls=16 0 
0 416
0 360304
cob=(4)
cfi=(192)
cfn=(1654)
calls=90076 0 
0 450380
0 450380
cob=(4)
cfi=(192)
cfn=(2708)
calls=90076 0 
0 5765700
0 1170988
cob=(4)
cfi=(192)
cfn=(1750)
calls=90076 0 
0 3873268
0 450380
cob=(4)
cfi=(192)
cfn=(1498)
calls=90076 0 
0 25040988
0 630532
cob=(4)
cfi=(192)
cfn=(1750)
calls=90076 0 
0 3873268
0 270228
cob=(4)
cfi=(192)
cfn=(2332)
calls=90076 0 
0 990836
0 361205
cob=(4)
cfi=(192)
cfn=(1458)
calls=27 0 
0 648
0 144
cob=(4)
cfi=(192)
cfn=(2160)
calls=15 0 
0 1989
0 3
cob=(4)
cfi=(192)
cfn=(2160)
calls=1 0 
0 126
0 106
cob=(4)
cfi=(192)
cfn=(2160)
calls=15 0 
0 1989
0 3
cob=(4)
cfi=(192)
cfn=(2160)
calls=1 0 
0 126
0 80

fn=(2720)
0 220330
cfn=(2276)
calls=10015 0 
0 60470105
0 110165
cob=(4)
cfi=(192)
cfn=(1474)
calls=10015 0 
0 50075
0 30045
cob=(4)
cfi=(192)
cfn=(1478)
calls=10015 0 
0 2253375
0 30045
cob=(4)
cfi=(192)
cfn=(2722)
calls=10015 0 
0 7182109
0 50075
cob=(4)
cfi=(192)
cfn=(1498)
calls=10015 0 
0 60090
0 60090
cfn=(1810)
calls=10015 0 
0 530795
0 80120
cob=(4)
cfi=(192)
cfn=(1498)
calls=10015 0 
0 3428666
0 70105
cob=(4)
cfi=(192)
cfn=(1750)
calls=10015 0 
0 430645
0 330495
cfn=(1830)
calls=10015 0 
0 151493580
0 60090
cob=(4)
cfi=(192)
cfn=(1454)
calls=10015 0 
0 80120
0 20030
cfn=(2114)
calls=10015 0 
0 7608344
0 60090
cfn=(1424)
calls=10015 0 
0 711065
0 50075
cfn=(2106)
calls=10015 0 
0 580870
0 60090
cfn=(1424)
calls=10015 0 
0 711065
0 30045
cfn=(2122)
calls=10015 0 
0 620930
0 40060
cob=(4)
cfi=(192)
cfn=(1454)
calls=10015 0 
0 80120
0 20030
cob=(4)
cfi=(192)
cfn=(1454)
calls=10015 0 
0 80120
0 40060
cfn=(2648)
calls=10015 0 
0 119772417
0 60090
cfn=(1504)
calls=10015 0 
0 240360
0 90135
cob=(4)
cfi=(192)
cfn=(1432)
calls=10015 0 
0 500750
0 40060
cob=(4)
cfi=(192)
cfn=(1812)
calls=10015 0 
0 180270
0 60090
cob=(4)
cfi=(192)
cfn=(1506)
calls=10015 0 
0 180270
0 30045
cob=(4)
cfi=(192)
cfn=(1454)
calls=10015 0 
0 80120
0 30045
cfn=(1424)
calls=10015 0 
0 711065
0 30045
cfn=(2122)
calls=10015 0 
0 620930
0 30045
cob=(4)
cfi=(192)
cfn=(1454)
calls=10015 0 
0 80120
0 370260
cfn=(1452)
calls=60031 0 
0 6483982
0 120062
cfn=(2256)
calls=60031 0 
0 130845658
0 420217
cob=(4)
cfi=(192)
cfn=(1750)
calls=60031 0 
0 2581463
0 360186
cfn=(2182)
calls=60031 0 
0 113127548
0 120062
cfn=(1810)
calls=60031 0 
0 3181643
0 360186
cob=(4)
cfi=(192)
cfn=(1498)
calls=60031 0 
0 17769128
0 360186
cob=(4)
cfi=(192)
cfn=(1750)
calls=60031 0 
0 2581333
0 420217
cfn=(2182)
calls=60031 0 
0 113127548
0 180093
cob=(4)
cfi=(192)
cfn=(2284)
calls=60031 0 
0 299499240
0 300155
cfn=(2648)
calls=60031 0 
0 711739295
0 420217
cfn=(1504)
calls=60031 0 
0 12594134
0 480248
cob=(4)
cfi=(192)
cfn=(1432)
calls=60031 0 
0 3001550
0 240124
cob=(4)
cfi=(192)
cfn=(1812)
calls=60031 0 
0 1080558
0 360186
cob=(4)
cfi=(192)
cfn=(1506)
calls=60031 0 
0 3218468
0 600310
cob=(4)
cfi=(192)
cfn=(1498)
calls=60031 0 
0 17769128
0 360186
cob=(4)
cfi=(192)
cfn=(1750)
calls=60031 0 
0 2581333
0 300155
cob=(4)
cfi=(192)
cfn=(1498)
calls=60031 0 
0 17769128
0 420217
cob=(4)
cfi=(192)
cfn=(1750)
calls=60031 0 
0 2581333
0 300155
cob=(4)
cfi=(192)
cfn=(1498)
calls=60031 0 
0 7923914
0 420217
cob=(4)
cfi=(192)
cfn=(1750)
calls=60031 0 
0 2581333
0 600310
cfn=(1472)
calls=60031 0 
0 51174353
0 120062
cob=(4)
cfi=(192)
cfn=(2254)
calls=60031 0 
0 3841984
0 720372
cfn=(2322)
calls=60031 0 
0 2463349
0 280184

fn=(2802) std::vector<std::vector<unsigned long, std::allocator<unsigned long> >, std::allocator<std::vector<unsigned long, std::allocator<unsigned long> > > >::_M_default_append(unsigned long)
0 44
cob=(4)
cfi=(192)
cfn=(1432)
calls=1 0 
0 246
0 50104

fn=(2816) std::thread::_State_impl<std::thread::_Invoker<std::tuple<ProjectInfo::build_many(std::vector<ProjectInfo::BuildJob, std::allocator<ProjectInfo::BuildJob> > const&, bool, bool, unsigned long)::{lambda()#1}> > >::_M_run()
0 360640
cob=(4)
cfi=(192)
cfn=(1820)
calls=10019 0 
0 320608
0 310541
cob=(4)
cfi=(192)
cfn=(1824)
calls=10015 0 
0 260390
0 70105
cfn=(2818) ProjectInfo::build_many(std::vector<ProjectInfo::BuildJob, std::allocator<ProjectInfo::BuildJob> > const&, bool, bool, unsigned long)::{lambda(unsigned long)#1}::operator()(unsigned long) const
calls=10015 0 
0 2073612
0 10083
cob=(4)
cfi=(192)
cfn=(1824)
calls=4 0 
0 104
0 4

fn=(2976)
0 70091
cfn=(2136)
calls=10013 0 
0 30039
0 300313
cob=(4)
cfi=(192)
cfn=(1750)
calls=10013 0 
0 1701660

fn=(3088)
0 5

fn=(1392) _GLOBAL__sub_I__ZNK6Parser26translate_function_programERKNSt7__cxx1112basic_stringIcSt11char_traitsIcESaIcEEERS5_S8_N4nift6detail10SourceViewEPSB_PNSA_16DiagnosticOriginE
0 4

fn=(1394) _GLOBAL__sub_I__ZNK6Parser24resolve_pagination_valueERKNSt7__cxx1112basic_stringIcSt11char_traitsIcESaIcEEERSt10shared_ptrIKN4nift12RuntimeValueEE
0 4

fn=(1398) _GLOBAL__sub_I__ZN12project_read11mapped_nameB5cxx11ERK11TrackedInfo
0 4

fn=(2002)
0 160256
cfn=(2004) filesystem::read_file_checked(std::filesystem::__cxx11::path const&)
calls=20032 0 
0 72898467
0 420672

fn=(2094)
0 941457
cfn=(2096) json::Document::Parser<false>::parse_object(unsigned long)
calls=20031 0 
0 485572477
0 20031

fn=(2095)
0 11184043
cfn=(2118)
calls=30046 0 
0 191434097
0 3003524
cfn=(2097) json::Document::Parser<false>::parse_object(unsigned long)'2
calls=1 0 
0 11854
0 750790
cfn=(2102)
calls=250263 0 
0 148890291
0 2252367
cfn=(1452)
calls=250263 0 
0 24352989
0 1501578
cob=(4)
cfi=(192)
cfn=(1454)
calls=250263 0 
0 9208144
0 1962837
cfn=(2108)
calls=30046 0 
0 6279620
0 30046

fn=(2126) json::Document::operator[](std::__cxx11::basic_string<char, std::char_traits<char>, std::allocator<char> > const&) const
0 1187
cob=(4)
cfi=(192)
cfn=(1458)
calls=40 0 
0 888
0 350

fn=(2164)
0 540900
cob=(4)
cfi=(192)
cfn=(2166)
calls=30050 0 
0 1223935
0 601312
cob=(4)
cfi=(192)
cfn=(1432)
calls=10088 0 
0 515909
0 50440
cob=(4)
cfi=(192)
cfn=(2174)
calls=10088 0 
0 600617
0 395569
cob=(4)
cfi=(192)
cfn=(1750)
calls=73 0 
0 5871
0 508059

fn=(2178)
0 16
cfn=(2180)
calls=1 0 
0 147
0 6
cob=(4)
cfi=(192)
cfn=(1436)
calls=1 0 
0 64
0 13
cob=(4)
cfi=(192)
cfn=(1474)
calls=1 0 
0 5
0 2
cob=(4)
cfi=(192)
cfn=(1478)
calls=1 0 
0 585
0 5
cfn=(2182)
calls=1 0 
0 2163
0 5
cob=(4)
cfi=(192)
cfn=(1498)
calls=1 0 
0 114
0 6
cob=(4)
cfi=(192)
cfn=(1750)
calls=1 0 
0 43
0 11
cfn=(2184)
calls=1 0 
0 935439053
0 5
cfn=(2392)
calls=1 0 
0 4407506
0 43
cob=(4)
cfi=(192)
cfn=(1498)
calls=1 0 
0 278
0 7
cob=(4)
cfi=(192)
cfn=(1750)
calls=1 0 
0 43
0 30051

fn=(2202)
0 1541012
cob=(4)
cfi=(192)
cfn=(1426)
calls=140092 0 
0 2241472
0 1120736
cob=(4)
cfi=(192)
cfn=(2204)
calls=140092 0 
0 14569886
0 1120736
cob=(4)
cfi=(192)
cfn=(2206)
calls=140092 0 
0 6584324
0 1120736
cob=(4)
cfi=(192)
cfn=(2206)
calls=140092 0 
0 6584324
0 980655
cob=(4)
cfi=(192)
cfn=(1426)
calls=1 0 
0 16
0 8
cob=(4)
cfi=(192)
cfn=(2204)
calls=1 0 
0 104
0 8
cob=(4)
cfi=(192)
cfn=(2206)
calls=1 0 
0 47
0 8
cob=(4)
cfi=(192)
cfn=(2206)
calls=1 0 
0 51
0 7

fn=(2222) json::Document::Parser<true>::parse_array(unsigned long)
0 160240
cfn=(1424)
calls=10015 0 
0 711065
0 280420
cfn=(2120)
calls=10015 0 
0 971455
0 20030
cfn=(2196)
calls=10015 0 
0 1181590
0 140194
cfn=(2219)
calls=10013 0 
0 4455961
0 40008
cfn=(2219)
calls=10002 0 
0 4611098
0 637783
cfn=(2114)
calls=19922 0 
0 498050
0 186
cfn=(2114)
calls=93 0 
0 2325
0 770770
cob=(4)
cfi=(192)
cfn=(1436)
calls=10002 0 
0 1043954
0 270054
cob=(4)
cfi=(192)
cfn=(1750)
calls=10002 0 
0 792006
0 1531110
cfn=(2308)
calls=93 0 
0 842296
0 338767

fn=(2226)
0 110165
cob=(4)
cfi=(192)
cfn=(2228)
calls=10015 0 
0 631927
0 160240
cfn=(1752)
calls=10015 0 
0 510765
0 120180
cob=(4)
cfi=(192)
cfn=(1474)
calls=10015 0 
0 50075
0 20030
cob=(4)
cfi=(192)
cfn=(1478)
calls=10015 0 
0 2253375
0 280420

fn=(2304)
0 430295
cob=(4)
cfi=(192)
cfn=(1432)
calls=10013 0 
0 1864052
0 180234

fn=(2326)
0 225
cob=(4)
cfi=(192)
cfn=(1458)
calls=15 0 
0 402
0 1334
cob=(4)
cfi=(192)
cfn=(1458)
calls=91 0 
0 2220
0 267
cob=(4)
cfi=(192)
cfn=(2328)
calls=1 0 
0 13
0 9

fn=(2346)
0 120
cfn=(2348)
calls=26 0 
0 12506
0 420
cob=(4)
cfi=(192)
cfn=(1458)
calls=30 0 
0 690
0 410

fn=(2350)
0 260328
cob=(4)
cfi=(192)
cfn=(1458)
calls=20016 0 
0 707472
0 40042

fn=(2378)
0 18
cob=(4)
cfi=(192)
cfn=(1750)
calls=1 0 
0 43

fn=(2384)
0 2507439
cob=(4)
cfi=(192)
cfn=(1458)
calls=40030 0 
0 866554
0 1700378
cob=(4)
cfi=(192)
cfn=(1458)
calls=20015 0 
0 428855
0 232927

fn=(2706)
0 288
cob=(4)
cfi=(192)
cfn=(2166)
calls=16 0 
0 428
0 312
cob=(4)
cfi=(192)
cfn=(1432)
calls=2 0 
0 253
0 10
cob=(4)
cfi=(192)
cfn=(2174)
calls=2 0 
0 49
0 186
cob=(4)
cfi=(192)
cfn=(1750)
calls=1 0 
0 43
0 232

fn=(2794)
0 10
cob=(4)
cfi=(192)
cfn=(2796)
calls=1 0 
0 9
0 2
cob=(4)
cfi=(192)
cfn=(2798)
calls=1 0 
0 24
0 5

fn=(2808) std::pair<std::__detail::_Node_iterator<std::pair<std::__cxx11::basic_string<char, std::char_traits<char>, std::allocator<char> > const, unsigned long>, false, true>, bool> std::_Hashtable<std::__cxx11::basic_string<char, std::char_traits<char>, std::allocator<char> >, std::pair<std::__cxx11::basic_string<char, std::char_traits<char>, std::allocator<char> > const, unsigned long>, std::allocator<std::pair<std::__cxx11::basic_string<char, std::char_traits<char>, std::allocator<char> > const, unsigned long> >, std::__detail::_Select1st, std::equal_to<std::__cxx11::basic_string<char, std::char_traits<char>, std::allocator<char> > >, std::hash<std::__cxx11::basic_string<char, std::char_traits<char>, std::allocator<char> > >, std::__detail::_Mod_range_hashing, std::__detail::_Default_ranged_hash, std::__detail::_Prime_rehash_policy, std::__detail::_Hashtable_traits<true, false, true> >::_M_emplace_uniq<std::__cxx11::basic_string<char, std::char_traits<char>, std::allocator<char> >&, unsigned long&>(std::__cxx11::basic_string<char, std::char_traits<char>, std::allocator<char> >&, unsigned long&)
0 210231
cob=(4)
cfi=(192)
cfn=(2160)
calls=9994 0 
0 659659
0 89946
cfn=(2384)
calls=9994 0 
0 156452
0 152057
cob=(4)
cfi=(192)
cfn=(1458)
calls=171 0 
0 4152
0 1110
cob=(4)
cfi=(192)
cfn=(2160)
calls=21 0 
0 1392
0 189
cob=(4)
cfi=(192)
cfn=(1432)
calls=21 0 
0 1301
0 49970
cob=(4)
cfi=(192)
cfn=(1432)
calls=9994 0 
0 2047297
0 80120
cfn=(1452)
calls=10015 0 
0 350525
0 80120
cfn=(2398)
calls=10015 0 
0 538334
0 30045

fn=(1404) _GLOBAL__sub_I__Z23automation_open_projectRKNSt10filesystem7__cxx114pathER11ProjectInfoRNSt7__cxx1112basic_stringIcSt11char_traitsIcESaIcEEE
0 4

fn=(1488)
0 30
cob=(4)
cfi=(192)
cfn=(1490)
calls=1 0 
0 16
0 11

fn=(2124) (anonymous namespace)::string_field(json::Document const&, std::__cxx11::basic_string<char, std::char_traits<char>, std::allocator<char> > const&, std::__cxx11::basic_string<char, std::char_traits<char>, std::allocator<char> >&)
0 439
cob=(4)
cfi=(192)
cfn=(1458)
calls=1 0 
0 21
0 31
cfn=(2126)
calls=6 0 
0 576
0 65
cob=(4)
cfi=(192)
cfn=(1458)
calls=1 0 
0 21
0 32
cfn=(2126)
calls=6 0 
0 576
0 58
cob=(4)
cfi=(192)
cfn=(1458)
calls=2 0 
0 45
0 18
cob=(4)
cfi=(192)
cfn=(1458)
calls=2 0 
0 45
0 23
cob=(4)
cfi=(192)
cfn=(1458)
calls=3 0 
0 65
0 25
cob=(4)
cfi=(192)
cfn=(1458)
calls=3 0 
0 65
0 25
cob=(4)
cfi=(192)
cfn=(1458)
calls=3 0 
0 70
0 25
cob=(4)
cfi=(192)
cfn=(1458)
calls=3 0 
0 70
0 28
cfn=(2126)
calls=6 0 
0 576
0 18
cob=(4)
cfi=(192)
cfn=(2128)
calls=6 0 
0 329
0 6

fn=(2136)
0 150226
cfn=(2137) std::_Rb_tree<std::__cxx11::basic_string<char, std::char_traits<char>, std::allocator<char> >, std::pair<std::__cxx11::basic_string<char, std::char_traits<char>, std::allocator<char> > const, std::__cxx11::basic_string<char, std::char_traits<char>, std::allocator<char> > >, std::_Select1st<std::pair<std::__cxx11::basic_string<char, std::char_traits<char>, std::allocator<char> > const, std::__cxx11::basic_string<char, std::char_traits<char>, std::allocator<char> > > >, std::less<std::__cxx11::basic_string<char, std::char_traits<char>, std::allocator<char> > >, std::allocator<std::pair<std::__cxx11::basic_string<char, std::char_traits<char>, std::allocator<char> > const, std::__cxx11::basic_string<char, std::char_traits<char>, std::allocator<char> > > > >::_M_erase(std::_Rb_tree_node<std::pair<std::__cxx11::basic_string<char, std::char_traits<char>, std::allocator<char> > const, std::__cxx11::basic_string<char, std::char_traits<char>, std::allocator<char> > > >*) [clone .isra.0]'2
calls=10015 0 
0 30045
0 80117
cob=(4)
cfi=(192)
cfn=(1750)
calls=10014 0 
0 1981965
0 70105
cob=(4)
cfi=(192)
cfn=(1750)
calls=10015 0 
0 2249608
0 60095

fn=(2137)
0 30045

fn=(2224)
0 440662
cob=(4)
cfi=(192)
cfn=(1474)
calls=20030 0 
0 100150
0 40060
cob=(4)
cfi=(192)
cfn=(1478)
calls=20030 0 
0 7521537
0 210313
cob=(4)
cfi=(192)
cfn=(1436)
calls=10014 0 
0 640896
0 80112
cob=(4)
cfi=(192)
cfn=(1428)
calls=10014 0 
0 130182
0 3
cob=(4)
cfi=(192)
cfn=(1428)
calls=1 0 
0 15
0 30045

fn=(2276)
0 841260
cfn=(2278)
calls=40060 0 
0 2323480
0 320480
cob=(4)
cfi=(192)
cfn=(2206)
calls=40060 0 
0 10099159
0 1201632
cob=(4)
cfi=(192)
cfn=(1474)
calls=40048 0 
0 200240
0 96
cob=(4)
cfi=(192)
cfn=(1474)
calls=12 0 
0 60
0 160240
cob=(4)
cfi=(192)
cfn=(1478)
calls=40060 0 
0 23485893
0 440660
cfn=(1752)
calls=40060 0 
0 1842760
0 160240
cob=(4)
cfi=(192)
cfn=(1474)
calls=40060 0 
0 200300
0 80120
cob=(4)
cfi=(192)
cfn=(1478)
calls=40060 0 
0 20681380
0 320480
cfn=(1452)
calls=40060 0 
0 4367315
0 160240
cob=(4)
cfi=(192)
cfn=(1754)
calls=40060 0 
0 23194879
0 120180
cob=(4)
cfi=(192)
cfn=(1756)
calls=40060 0 
0 44313049
0 240360
cfn=(1452)
calls=40060 0 
0 4367312
0 200300
cob=(4)
cfi=(192)
cfn=(1754)
calls=40060 0 
0 28803891
0 120180
cob=(4)
cfi=(192)
cfn=(1756)
calls=40060 0 
0 50556662
0 200300
cob=(4)
cfi=(192)
cfn=(1498)
calls=40060 0 
0 11136680
0 240360
cob=(4)
cfi=(192)
cfn=(1750)
calls=40060 0 
0 1722580
0 200300
cob=(4)
cfi=(192)
cfn=(1498)
calls=40060 0 
0 4566960
0 320480
cob=(4)
cfi=(192)
cfn=(1498)
calls=40060 0 
0 4566960
0 240324
cob=(4)
cfi=(192)
cfn=(1750)
calls=40048 0 
0 1723024
0 761872

fn=(2278)
0 901350
cfn=(1452)
calls=90135 0 
0 3154725
0 1171755

fn=(2298)
0 1782662

fn=(2300)
0 80120
cfn=(2136)
calls=10015 0 
0 30045
0 280420

fn=(2308)
0 1329471
cob=(4)
cfi=(192)
cfn=(1432)
calls=40287 0 
0 2077283
0 4902387
cfn=(2114)
calls=140490 0 
0 3512250
0 214914
cfn=(2114)
calls=10234 0 
0 255850
0 2433081
cob=(4)
cfi=(192)
cfn=(1750)
calls=40287 0 
0 1756175
0 628301

fn=(2320)
0 40
cob=(4)
cfi=(192)
cfn=(1458)
calls=1 0 
0 24
0 44
cob=(4)
cfi=(192)
cfn=(1458)
calls=3 0 
0 72
0 130177
cob=(4)
cfi=(192)
cfn=(1458)
calls=10013 0 
0 239685
0 20047
cfn=(2321) void std::__introsort_loop<__gnu_cxx::__normal_iterator<std::__cxx11::basic_string<char, std::char_traits<char>, std::allocator<char> > const**, std::vector<std::__cxx11::basic_string<char, std::char_traits<char>, std::allocator<char> > const*, std::allocator<std::__cxx11::basic_string<char, std::char_traits<char>, std::allocator<char> > const*> > >, long, __gnu_cxx::__ops::_Iter_comp_iter<project_read::load_tracking(std::filesystem::__cxx11::path const&, Config const&, std::vector<TrackedInfo, std::allocator<TrackedInfo> >&, std::__cxx11::basic_string<char, std::char_traits<char>, std::allocator<char> >&)::{lambda(std::__cxx11::basic_string<char, std::char_traits<char>, std::allocator<char> > const*, std::__cxx11::basic_string<char, std::char_traits<char>, std::allocator<char> > const*)#1}> >(__gnu_cxx::__normal_iterator<std::__cxx11::basic_string<char, std::char_traits<char>, std::allocator<char> > const**, std::vector<std::__cxx11::basic_string<char, std::char_traits<char>, std::allocator<char> > const*, std::allocator<std::__cxx11::basic_string<char, std::char_traits<char>, std::allocator<char> > const*> > >, __gnu_cxx::__normal_iterator<std::__cxx11::basic_string<char, std::char_traits<char>, std::allocator<char> > const**, std::vector<std::__cxx11::basic_string<char, std::char_traits<char>, std::allocator<char> > const*, std::allocator<std::__cxx11::basic_string<char, std::char_traits<char>, std::allocator<char> > const*> > >, long, __gnu_cxx::__ops::_Iter_comp_iter<project_read::load_tracking(std::filesystem::__cxx11::path const&, Config const&, std::vector<TrackedInfo, std::allocator<TrackedInfo> >&, std::__cxx11::basic_string<char, std::char_traits<char>, std::allocator<char> >&)::{lambda(std::__cxx11::basic_string<char, std::char_traits<char>, std::allocator<char> > const*, std::__cxx11::basic_string<char, std::char_traits<char>, std::allocator<char> > const*)#1}>) [clone .isra.0]'2
calls=1 0 
0 17037386
0 22
cfn=(2322)
calls=1 0 
0 48
0 11
cfn=(2322)
calls=1 0 
0 41
0 8

fn=(2321)
0 1021
cob=(4)
cfi=(192)
cfn=(1458)
calls=25 0 
0 599
0 4400
cob=(4)
cfi=(192)
cfn=(1458)
calls=375 0 
0 9144
0 3191950
cob=(4)
cfi=(192)
cfn=(1458)
calls=245450 0 
0 5872695
0 495325
cfn=(2321)
calls=25 0 
0 300681558
0 29006
cfn=(2324)
calls=4817 0 
0 897668
0 5
cfn=(2324)
calls=1 0 
0 137
0 9654
cfn=(2324)
calls=1 0 
0 751
0 105985
cfn=(2324)
calls=9635 0 
0 6396774
0 19730
cfn=(2322)
calls=25 0 
0 1021
0 275
cfn=(2322)
calls=25 0 
0 1046
0 200

fn=(2348)
0 722830
cob=(4)
cfi=(192)
cfn=(1458)
calls=21490 0 
0 752637
0 688646

fn=(2402)
0 24
cfn=(1752)
calls=1 0 
0 113
0 4
cob=(4)
cfi=(192)
cfn=(1474)
calls=1 0 
0 5
0 2
cob=(4)
cfi=(192)
cfn=(1478)
calls=1 0 
0 731
0 8
cfn=(1452)
calls=1 0 
0 470
0 6
cob=(4)
cfi=(192)
cfn=(1754)
calls=1 0 
0 579
0 3
cob=(4)
cfi=(192)
cfn=(1756)
calls=1 0 
0 1309
0 5
cob=(4)
cfi=(192)
cfn=(1498)
calls=1 0 
0 132
0 6
cob=(4)
cfi=(192)
cfn=(1750)
calls=1 0 
0 43
0 3
cfn=(1810)
calls=1 0 
0 56
0 9
cob=(4)
cfi=(192)
cfn=(1498)
calls=1 0 
0 296
0 6
cob=(4)
cfi=(192)
cfn=(1750)
calls=1 0 
0 43
0 12

fn=(2408)
0 22
cob=(4)
cfi=(192)
cfn=(1478)
calls=1 0 
0 24
0 5

fn=(2410)
0 42
cob=(4)
cfi=(192)
cfn=(1474)
calls=1 0 
0 5
0 4
cob=(4)
cfi=(192)
cfn=(1478)
calls=1 0 
0 232
0 4
cob=(4)
cfi=(192)
cfn=(2412)
calls=1 0 
0 2341
0 11
cob=(4)
cfi=(192)
cfn=(1428)
calls=1 0 
0 14
0 8
cob=(4)
cfi=(192)
cfn=(1754)
calls=1 0 
0 800
0 3
cob=(4)
cfi=(192)
cfn=(1756)
calls=1 0 
0 1044
0 5
cob=(4)
cfi=(192)
cfn=(1498)
calls=1 0 
0 260
0 7
cob=(4)
cfi=(192)
cfn=(1750)
calls=1 0 
0 43
0 5
cob=(4)
cfi=(192)
cfn=(1498)
calls=1 0 
0 6
0 5
cob=(4)
cfi=(192)
cfn=(1654)
calls=1 0 
0 5
0 8
cob=(4)
cfi=(192)
cfn=(1834)
calls=1 0 
0 1831
0 9
cfn=(2434)
calls=1 0 
0 4022
0 3
cfn=(2436) (anonymous namespace)::open_create_lock(std::filesystem::__cxx11::path const&, void*&)
calls=1 0 
0 89
0 6
cob=(4)
cfi=(192)
cfn=(1498)
calls=1 0 
0 278
0 6
cob=(4)
cfi=(192)
cfn=(1750)
calls=1 0 
0 43
0 7
cob=(4)
cfi=(192)
cfn=(1498)
calls=1 0 
0 278
0 6
cob=(4)
cfi=(192)
cfn=(1750)
calls=1 0 
0 43
0 7
cob=(4)
cfi=(192)
cfn=(2442)
calls=1 0 
0 8
0 5
cfn=(2434)
calls=1 0 
0 3881
0 3
cfn=(2446)
calls=1 0 
0 38
0 6
cob=(4)
cfi=(192)
cfn=(1498)
calls=1 0 
0 278
0 6
cob=(4)
cfi=(192)
cfn=(1750)
calls=1 0 
0 43
0 8
cob=(4)
cfi=(192)
cfn=(1436)
calls=1 0 
0 205
0 16
cob=(4)
cfi=(192)
cfn=(2438)
calls=1 0 
0 50
0 7
cob=(4)
cfi=(192)
cfn=(2442)
calls=1 0 
0 8
0 5
cob=(4)
cfi=(192)
cfn=(2448)
calls=1 0 
0 33
0 2
cfn=(2452)
calls=1 0 
0 1919
0 4
cob=(4)
cfi=(192)
cfn=(2442)
calls=1 0 
0 8
0 4
cob=(4)
cfi=(192)
cfn=(2454)
calls=1 0 
0 33
0 1
cfn=(2458)
calls=1 0 
0 781
0 1

fn=(2594) std::thread::_State_impl<std::thread::_Invoker<std::tuple<ProjectInfo::build_all(bool, bool, bool)::{lambda()#1}> > >::_M_run()
0 150321
cfn=(2596)
calls=10015 0 
0 5696524537
0 150269

fn=(2642)
0 540810
cob=(4)
cfi=(192)
cfn=(2206)
calls=10015 0 
0 2163242
0 140210
cob=(4)
cfi=(192)
cfn=(2644)
calls=10015 0 
0 180270
0 110165
cob=(4)
cfi=(192)
cfn=(2206)
calls=10015 0 
0 520780
0 340510
cob=(4)
cfi=(192)
cfn=(2208)
calls=10015 0 
0 883780
0 30045
cob=(4)
cfi=(192)
cfn=(2638)
calls=10015 0 
0 2300270
0 110165
cob=(4)
cfi=(192)
cfn=(2206)
calls=10015 0 
0 240360
0 60090
cob=(4)
cfi=(192)
cfn=(2638)
calls=10015 0 
0 180482
0 30045
cob=(4)
cfi=(192)
cfn=(2208)
calls=10015 0 
0 861700
0 30045
cob=(4)
cfi=(192)
cfn=(2638)
calls=10015 0 
0 180270
0 110165
cob=(4)
cfi=(192)
cfn=(2206)
calls=10015 0 
0 240360
0 60090
cob=(4)
cfi=(192)
cfn=(2638)
calls=10015 0 
0 180270
0 40060
cfn=(1424)
calls=10015 0 
0 480720
0 40060
cfn=(1424)
calls=10015 0 
0 480720
0 10015

fn=(2658)
0 240
cob=(4)
cfi=(192)
cfn=(2660)
calls=16 0 
0 17100
0 48
cob=(4)
cfi=(192)
cfn=(2284)
calls=16 0 
0 44163
0 80
cob=(4)
cfi=(192)
cfn=(1498)
calls=16 0 
0 3872
0 112
cob=(4)
cfi=(192)
cfn=(1750)
calls=16 0 
0 688
0 48
cob=(4)
cfi=(192)
cfn=(2660)
calls=16 0 
0 17783
0 48
cob=(4)
cfi=(192)
cfn=(2284)
calls=16 0 
0 63618
0 80
cob=(4)
cfi=(192)
cfn=(1498)
calls=16 0 
0 4524
0 96
cob=(4)
cfi=(192)
cfn=(1750)
calls=16 0 
0 688
0 96
cob=(4)
cfi=(192)
cfn=(2610)
calls=16 0 
0 30869
0 160
cob=(4)
cfi=(192)
cfn=(1474)
calls=16 0 
0 80
0 144
cob=(4)
cfi=(192)
cfn=(1474)
calls=16 0 
0 80
0 32
cob=(4)
cfi=(192)
cfn=(1654)
calls=16 0 
0 80
0 144
cob=(4)
cfi=(192)
cfn=(2668)
calls=16 0 
0 62059
0 224
cob=(4)
cfi=(192)
cfn=(1498)
calls=16 0 
0 96
0 80
cob=(4)
cfi=(192)
cfn=(1478)
calls=16 0 
0 384
0 80
cob=(4)
cfi=(192)
cfn=(1498)
calls=16 0 
0 96
0 224
cob=(4)
cfi=(192)
cfn=(2668)
calls=16 0 
0 73636
0 224
cob=(4)
cfi=(192)
cfn=(1498)
calls=16 0 
0 96
0 80
cob=(4)
cfi=(192)
cfn=(1478)
calls=16 0 
0 384
0 80
cob=(4)
cfi=(192)
cfn=(1498)
calls=16 0 
0 96
0 240
cob=(4)
cfi=(192)
cfn=(2610)
calls=16 0 
0 30884
0 112
cob=(4)
cfi=(192)
cfn=(1498)
calls=16 0 
0 1500
0 192
cob=(4)
cfi=(192)
cfn=(1474)
calls=16 0 
0 80
0 32
cob=(4)
cfi=(192)
cfn=(1478)
calls=16 0 
0 3712
0 41
cob=(4)
cfi=(192)
cfn=(2238)
calls=3 0 
0 432
0 26
cob=(4)
cfi=(192)
cfn=(2238)
calls=13 0 
0 1872
0 96
cob=(4)
cfi=(192)
cfn=(1498)
calls=16 0 
0 96
0 160
cob=(4)
cfi=(192)
cfn=(1498)
calls=16 0 
0 1500
0 144
cob=(4)
cfi=(192)
cfn=(1498)
calls=16 0 
0 5044
0 112
cob=(4)
cfi=(192)
cfn=(1750)
calls=16 0 
0 688
0 80
cob=(4)
cfi=(192)
cfn=(1498)
calls=16 0 
0 4262
0 112
cob=(4)
cfi=(192)
cfn=(1750)
calls=16 0 
0 688
0 272
cob=(4)
cfi=(192)
cfn=(1498)
calls=16 0 
0 4914
0 96
cob=(4)
cfi=(192)
cfn=(1750)
calls=16 0 
0 688
0 80
cob=(4)
cfi=(192)
cfn=(1498)
calls=16 0 
0 4392
0 96
cob=(4)
cfi=(192)
cfn=(1750)
calls=16 0 
0 688
0 42
cob=(4)
cfi=(192)
cfn=(2332)
calls=13 0 
0 143
0 532
cob=(4)
cfi=(192)
cfn=(1474)
calls=16 0 
0 80
0 32
cob=(4)
cfi=(192)
cfn=(1478)
calls=16 0 
0 3712
0 41
cob=(4)
cfi=(192)
cfn=(2238)
calls=3 0 
0 432
0 26
cob=(4)
cfi=(192)
cfn=(2238)
calls=13 0 
0 1872
0 96
cob=(4)
cfi=(192)
cfn=(1498)
calls=16 0 
0 96
0 122
cob=(4)
cfi=(192)
cfn=(2332)
calls=13 0 
0 143
0 52

fn=(2804) std::vector<unsigned long, std::allocator<unsigned long> >::_M_default_append(unsigned long)
0 40
cob=(4)
cfi=(192)
cfn=(1432)
calls=1 0 
0 364
0 18
cob=(4)
cfi=(192)
cfn=(2174)
calls=1 0 
0 80133
0 20

fn=(2818)
0 200300
cob=(4)
cfi=(192)
cfn=(1820)
calls=10015 0 
0 320480
0 820773
cob=(4)
cfi=(192)
cfn=(2820)
calls=10015 0 
0 251338
0 120180
cob=(4)
cfi=(192)
cfn=(1824)
calls=10015 0 
0 260390
0 100151

fn=(2832) BuildProgress::finish()
0 17
cob=(4)
cfi=(192)
cfn=(2834)
calls=1 0 
0 1024
0 11

fn=(2978)
0 30039
cob=(4)
cfi=(192)
cfn=(1750)
calls=10013 0 
0 1922468

fn=(1384) _GLOBAL__sub_I__ZN10filesystem9read_fileERKNSt10filesystem7__cxx114pathE
0 13
cob=(4)
cfi=(192)
cfn=(1382)
calls=1 0 
0 75

fn=(1406) _GLOBAL__sub_I__ZN10nift_hooks17run_project_hooksERKNSt10filesystem7__cxx114pathERK6ConfigRKNSt7__cxx1112basic_stringIcSt11char_traitsIcESaIcEEESF_RSD_
0 4

fn=(1526)
0 18
cob=(4)
cfi=(192)
cfn=(1474)
calls=1 0 
0 5
0 3
cfn=(1424)
calls=1 0 
0 71
0 3
cfn=(1424)
calls=1 0 
0 73
0 3
cfn=(1424)
calls=1 0 
0 73
0 3
cfn=(1424)
calls=1 0 
0 73
0 3
cfn=(1424)
calls=1 0 
0 274
0 3
cfn=(1424)
calls=1 0 
0 71
0 29
cfn=(1424)
calls=1 0 
0 73
0 3
cfn=(1424)
calls=1 0 
0 73
0 3
cfn=(1424)
calls=1 0 
0 73
0 5
cob=(4)
cfi=(192)
cfn=(1432)
calls=1 0 
0 186
0 124

fn=(1810)
0 3303360
cob=(4)
cfi=(192)
cfn=(1490)
calls=110112 0 
0 1761795
0 770784

fn=(1828) project_read::load_config(std::filesystem::__cxx11::path const&, Config&, std::__cxx11::basic_string<char, std::char_traits<char>, std::allocator<char> >&)
0 22
cob=(4)
cfi=(192)
cfn=(1436)
calls=1 0 
0 64
0 12
cob=(4)
cfi=(192)
cfn=(1474)
calls=1 0 
0 5
0 2
cob=(4)
cfi=(192)
cfn=(1478)
calls=1 0 
0 578
0 7
cfn=(1452)
calls=1 0 
0 109
0 4
cob=(4)
cfi=(192)
cfn=(1754)
calls=1 0 
0 579
0 3
cob=(4)
cfi=(192)
cfn=(1756)
calls=1 0 
0 1092
0 2
cfn=(1496)
calls=1 0 
0 119
0 2
cob=(4)
cfi=(192)
cfn=(1454)
calls=1 0 
0 48
0 2
cfn=(1810)
calls=1 0 
0 53
0 23
cfn=(1830)
calls=1 0 
0 38483
0 4
cob=(4)
cfi=(192)
cfn=(1454)
calls=1 0 
0 8
0 2
cfn=(2114)
calls=1 0 
0 664
0 2
cfn=(1496)
calls=1 0 
0 283
0 2
cob=(4)
cfi=(192)
cfn=(1454)
calls=1 0 
0 48
0 19
cfn=(1424)
calls=1 0 
0 73
0 5
cfn=(2106)
calls=1 0 
0 58
0 8
cfn=(1424)
calls=1 0 
0 73
0 3
cfn=(2122)
calls=1 0 
0 62
0 5
cob=(4)
cfi=(192)
cfn=(1454)
calls=1 0 
0 8
0 2
cob=(4)
cfi=(192)
cfn=(1454)
calls=1 0 
0 8
0 3
cfn=(1424)
calls=1 0 
0 73
0 4
cfn=(2122)
calls=1 0 
0 62
0 4
cob=(4)
cfi=(192)
cfn=(1454)
calls=1 0 
0 8
0 3
cfn=(1424)
calls=1 0 
0 71
0 4
cfn=(2124)
calls=1 0 
0 387
0 11
cfn=(1424)
calls=1 0 
0 71
0 4
cfn=(2124)
calls=1 0 
0 572
0 11
cfn=(1424)
calls=1 0 
0 71
0 4
cfn=(2124)
calls=1 0 
0 525
0 11
cfn=(1424)
calls=1 0 
0 71
0 4
cfn=(2124)
calls=1 0 
0 728
0 9
cfn=(1424)
calls=1 0 
0 279
0 4
cfn=(2124)
calls=1 0 
0 411
0 9
cfn=(1424)
calls=1 0 
0 279
0 4
cfn=(2124)
calls=1 0 
0 629
0 3
cob=(4)
cfi=(192)
cfn=(1454)
calls=1 0 
0 48
0 2
cob=(4)
cfi=(192)
cfn=(1454)
calls=1 0 
0 48
0 2
cob=(4)
cfi=(192)
cfn=(1454)
calls=1 0 
0 8
0 2
cob=(4)
cfi=(192)
cfn=(1454)
calls=1 0 
0 8
0 2
cob=(4)
cfi=(192)
cfn=(1454)
calls=1 0 
0 8
0 2
cob=(4)
cfi=(192)
cfn=(1454)
calls=1 0 
0 8
0 7
cfn=(2130)
calls=1 0 
0 107
0 4
cfn=(2130)
calls=1 0 
0 107
0 5
cfn=(1424)
calls=1 0 
0 71
0 6
cfn=(2106)
calls=1 0 
0 56
0 3
cob=(4)
cfi=(192)
cfn=(1454)
calls=1 0 
0 8
0 5
cfn=(1424)
calls=1 0 
0 71
0 3
cfn=(2126)
calls=1 0 
0 57
0 7
cfn=(1424)
calls=1 0 
0 71
0 3
cfn=(2126)
calls=1 0 
0 57
0 4
cob=(4)
cfi=(192)
cfn=(1454)
calls=1 0 
0 8
0 2
cob=(4)
cfi=(192)
cfn=(1454)
calls=1 0 
0 8
0 2
cob=(4)
cfi=(192)
cfn=(1454)
calls=1 0 
0 8
0 2
cob=(4)
cfi=(192)
cfn=(1454)
calls=1 0 
0 8
0 2
cob=(4)
cfi=(192)
cfn=(1454)
calls=1 0 
0 8
0 2
cob=(4)
cfi=(192)
cfn=(1454)
calls=1 0 
0 8
0 7
cfn=(1424)
calls=1 0 
0 71
0 3
cfn=(2126)
calls=1 0 
0 57
0 11
cob=(4)
cfi=(192)
cfn=(1454)
calls=1 0 
0 8
0 3
cfn=(2136)
calls=1 0 
0 3
0 10
cfn=(1424)
calls=1 0 
0 71
0 14
cfn=(2138)
calls=1 0 
0 183
0 7
cfn=(2138)
calls=1 0 
0 245
0 5
cfn=(2140)
calls=1 0 
0 18
0 10
cfn=(1424)
calls=1 0 
0 71
0 7
cfn=(1444)
calls=1 0 
0 62
0 84
cfn=(2106)
calls=8 0 
0 632
0 19
cfn=(2106)
calls=1 0 
0 63
0 3
cob=(4)
cfi=(192)
cfn=(1454)
calls=1 0 
0 8
0 5
cfn=(1424)
calls=1 0 
0 71
0 3
cfn=(2126)
calls=1 0 
0 57
0 9
cfn=(2106)
calls=1 0 
0 144
0 3
cob=(4)
cfi=(192)
cfn=(1454)
calls=1 0 
0 8
0 5
cfn=(1424)
calls=1 0 
0 71
0 3
cfn=(2126)
calls=1 0 
0 149
0 3
cob=(4)
cfi=(192)
cfn=(1454)
calls=1 0 
0 8
0 19
cfn=(2176)
calls=1 0 
0 107
0 21
cfn=(2176)
calls=7 0 
0 1188
0 48
cfn=(1424)
calls=1 0 
0 71
0 3
cfn=(2126)
calls=1 0 
0 57
0 22
cfn=(1424)
calls=1 0 
0 71
0 3
cfn=(2126)
calls=1 0 
0 57
0 6
cob=(4)
cfi=(192)
cfn=(2142)
calls=1 0 
0 21
0 7
cfn=(2146)
calls=1 0 
0 1286
0 4
cob=(4)
cfi=(192)
cfn=(1382)
calls=1 0 
0 75
0 2
cob=(4)
cfi=(192)
cfn=(2148)
calls=1 0 
0 8
0 3
cob=(4)
cfi=(192)
cfn=(2142)
calls=1 0 
0 21
0 9
cfn=(2152)
calls=1 0 
0 35
0 4
cfn=(2158) std::pair<std::__detail::_Node_iterator<std::__cxx11::basic_string<char, std::char_traits<char>, std::allocator<char> >, true, true>, bool> std::_Hashtable<std::__cxx11::basic_string<char, std::char_traits<char>, std::allocator<char> >, std::__cxx11::basic_string<char, std::char_traits<char>, std::allocator<char> >, std::allocator<std::__cxx11::basic_string<char, std::char_traits<char>, std::allocator<char> > >, std::__detail::_Identity, std::equal_to<std::__cxx11::basic_string<char, std::char_traits<char>, std::allocator<char> > >, std::hash<std::__cxx11::basic_string<char, std::char_traits<char>, std::allocator<char> > >, std::__detail::_Mod_range_hashing, std::__detail::_Default_ranged_hash, std::__detail::_Prime_rehash_policy, std::__detail::_Hashtable_traits<true, true, true> >::_M_emplace_uniq<char const* const&>(char const* const&) [clone .isra.0]
calls=1 0 
0 1363
0 54
cfn=(2158)
calls=18 0 
0 11028
0 80
cob=(4)
cfi=(192)
cfn=(1382)
calls=1 0 
0 75
0 2
cob=(4)
cfi=(192)
cfn=(2148)
calls=1 0 
0 8
0 5
cfn=(1424)
calls=1 0 
0 71
0 3
cfn=(2126)
calls=1 0 
0 149
0 3
cob=(4)
cfi=(192)
cfn=(1454)
calls=1 0 
0 8
0 8
cfn=(1424)
calls=1 0 
0 71
0 3
cfn=(2126)
calls=1 0 
0 57
0 3

fn=(1832)
0 260403
cob=(4)
cfi=(192)
cfn=(1654)
calls=20031 0 
0 100155
0 80124
cob=(4)
cfi=(192)
cfn=(1834)
calls=20031 0 
0 1262759
0 340527
cob=(4)
cfi=(192)
cfn=(1842)
calls=20031 0 
0 2063256
0 360558
cob=(4)
cfi=(192)
cfn=(1844)
calls=20031 0 
0 3705721
0 120186
cob=(4)
cfi=(192)
cfn=(1846)
calls=20031 0 
0 2144197
0 60093
cob=(4)
cfi=(192)
cfn=(1844)
calls=20031 0 
0 3705721
0 80124
cob=(4)
cfi=(192)
cfn=(1856)
calls=20031 0 
0 17517787
0 140217
cob=(4)
cfi=(192)
cfn=(1920)
calls=20031 0 
0 220341
0 200310
cob=(4)
cfi=(192)
cfn=(1924)
calls=20031 0 
0 13064164
0 40062
cob=(4)
cfi=(192)
cfn=(1980)
calls=20031 0 
0 600930
0 80124
cob=(4)
cfi=(192)
cfn=(1984)
calls=20031 0 
0 160248
0 180279
cob=(4)
cfi=(192)
cfn=(1986)
calls=20031 0 
0 1183491
0 20031

fn=(2158)
0 247
cob=(4)
cfi=(192)
cfn=(1432)
calls=19 0 
0 3488
0 95
cfn=(1424)
calls=19 0 
0 2599
0 138
cob=(4)
cfi=(192)
cfn=(2160)
calls=1 0 
0 66
0 72
cob=(4)
cfi=(192)
cfn=(2160)
calls=18 0 
0 1177
0 190
cfn=(2164)
calls=19 0 
0 2848
0 268
cob=(4)
cfi=(192)
cfn=(1458)
calls=13 0 
0 309
0 894

fn=(2196)
0 2163179

fn=(2218)
0 510765
cfn=(2220)
calls=10015 0 
0 108798123
0 10015

fn=(2219)
0 3124230
cfn=(2222)
calls=10015 0 
0 19299362
0 941230
cfn=(2198)
calls=70090 0 
0 24712285
0 630810
cfn=(1452)
calls=70090 0 
0 3254408
0 420540
cob=(4)
cfi=(192)
cfn=(1454)
calls=70090 0 
0 961280
0 70090

fn=(2244)
0 220330
cfn=(2246)
calls=10015 0 
0 240360

fn=(2252)
0 930930
cfn=(1752)
calls=30030 0 
0 1381382
0 60060
cob=(4)
cfi=(192)
cfn=(1474)
calls=30030 0 
0 150150
0 60060
cob=(4)
cfi=(192)
cfn=(1478)
calls=30030 0 
0 17512302
0 60060
cob=(4)
cfi=(192)
cfn=(2254)
calls=30030 0 
0 1921920
0 240240
cfn=(1452)
calls=30030 0 
0 1051050
0 60060
cfn=(2256)
calls=30030 0 
0 49220303
0 360360
cob=(4)
cfi=(192)
cfn=(1498)
calls=30030 0 
0 3426540
0 300300

fn=(2322)
0 660341
cob=(4)
cfi=(192)
cfn=(1458)
calls=60031 0 
0 1442822
0 479668
cob=(4)
cfi=(192)
cfn=(1458)
calls=10862 0 
0 265540
0 65172

fn=(2490)
0 54
cob=(4)
cfi=(192)
cfn=(1432)
calls=2 0 
0 100
0 36

fn=(2608)
0 170255
cfn=(2296)
calls=10015 0 
0 59031085
0 50075
cob=(4)
cfi=(192)
cfn=(2284)
calls=10015 0 
0 49747439
0 50075
cob=(4)
cfi=(192)
cfn=(1498)
calls=10015 0 
0 2964440
0 70105
cob=(4)
cfi=(192)
cfn=(1750)
calls=10015 0 
0 430645
0 30045
cob=(4)
cfi=(192)
cfn=(2284)
calls=10015 0 
0 26209255
0 60090
cob=(4)
cfi=(192)
cfn=(2610)
calls=10015 0 
0 28555422
0 50075
cob=(4)
cfi=(192)
cfn=(1498)
calls=10015 0 
0 2423630
0 60090
cob=(4)
cfi=(192)
cfn=(1750)
calls=10015 0 
0 430645
0 60090
cfn=(2330)
calls=10015 0 
0 4347130
0 110165
cfn=(1452)
calls=10015 0 
0 400594
0 120180
cob=(4)
cfi=(192)
cfn=(1458)
calls=10015 0 
0 210315
0 110165
cob=(4)
cfi=(192)
cfn=(2204)
calls=10015 0 
0 1082236
0 80120
cob=(4)
cfi=(192)
cfn=(2206)
calls=10015 0 
0 470709
0 80120
cob=(4)
cfi=(192)
cfn=(2206)
calls=10015 0 
0 490735
0 160240
cob=(4)
cfi=(192)
cfn=(1474)
calls=10015 0 
0 50075
0 20030
cob=(4)
cfi=(192)
cfn=(1478)
calls=10015 0 
0 7952392
0 100150
cob=(4)
cfi=(192)
cfn=(1474)
calls=10015 0 
0 50075
0 30045
cob=(4)
cfi=(192)
cfn=(1478)
calls=10015 0 
0 2253375
0 70105
cfn=(2182)
calls=10015 0 
0 16835831
0 40060
cfn=(2182)
calls=10015 0 
0 21184671
0 50075
cob=(4)
cfi=(192)
cfn=(1498)
calls=10015 0 
0 2603900
0 70105
cob=(4)
cfi=(192)
cfn=(1750)
calls=10015 0 
0 430645
0 50075
cob=(4)
cfi=(192)
cfn=(1498)
calls=10015 0 
0 60090
0 80120
cob=(4)
cfi=(192)
cfn=(1498)
calls=10015 0 
0 1782578
0 60090
cob=(4)
cfi=(192)
cfn=(1750)
calls=10015 0 
0 430645
0 130195
cob=(4)
cfi=(192)
cfn=(1750)
calls=10015 0 
0 430645
0 50075
cob=(4)
cfi=(192)
cfn=(1498)
calls=10015 0 
0 1321980
0 70105
cob=(4)
cfi=(192)
cfn=(1750)
calls=10015 0 
0 430645
0 50075
cob=(4)
cfi=(192)
cfn=(1498)
calls=10015 0 
0 2964440
0 70105
cob=(4)
cfi=(192)
cfn=(1750)
calls=10015 0 
0 430645
0 160240
cob=(4)
cfi=(192)
cfn=(2624)
calls=10015 0 
0 120180
0 30045

fn=(2784) ProjectInfo::find(std::__cxx11::basic_string<char, std::char_traits<char>, std::allocator<char> > const&)
0 440330
cob=(4)
cfi=(192)
cfn=(2160)
calls=20015 0 
0 1261035
0 140105
cfn=(2384)
calls=20015 0 
0 1760916
0 280210

fn=(2810) void std::vector<unsigned long, std::allocator<unsigned long> >::_M_realloc_append<unsigned long const&>(unsigned long const&)
0 280784
cob=(4)
cfi=(192)
cfn=(1432)
calls=10028 0 
0 1923096
0 50196
cob=(4)
cfi=(192)
cfn=(1428)
calls=14 0 
0 116429
0 30140
cob=(4)
cfi=(192)
cfn=(1750)
calls=14 0 
0 1460
0 120336

fn=(2848) console::good(std::__cxx11::basic_string<char, std::char_traits<char>, std::allocator<char> > const&)
0 13
cfn=(2850)
calls=1 0 
0 68
0 10
cob=(4)
cfi=(192)
cfn=(2796)
calls=1 0 
0 9
0 2
cob=(4)
cfi=(192)
cfn=(2798)
calls=1 0 
0 24
0 3

fn=(2850)
0 38
cfn=(1452)
calls=2 0 
0 145
0 24

fn=(2954) BuildProgress::~BuildProgress()
0 18
cob=(4)
cfi=(192)
cfn=(2834)
calls=1 0 
0 8
0 15
cob=(4)
cfi=(192)
cfn=(2942)
calls=1 0 
0 25

fn=(2436)
0 10
cob=(4)
cfi=(192)
cfn=(2438)
calls=1 0 
0 50
0 6
cob=(4)
cfi=(192)
cfn=(2440)
calls=1 0 
0 8
0 15

fn=(1366)
0 12
cob=(2)
cfi=(230) ./csu/../csu/libc-start.c
cfn=(1368) __libc_start_main@@GLIBC_2.34
calls=1 242 
0 984207547

fn=(1374) 0x000000000005c420
0 12

fn=(1400) _GLOBAL__sub_I__ZN12ProjectStateD2Ev
0 4

fn=(1424)
0 10373944
cob=(4)
cfi=(192)
cfn=(1426)
calls=740996 0 
0 12256536
0 14078924
cob=(4)
cfi=(192)
cfn=(1436)
calls=110165 0 
0 7057559
0 991485
cob=(4)
cfi=(192)
cfn=(1428)
calls=110165 0 
0 1482220
0 2523324
cob=(4)
cfi=(192)
cfn=(1428)
calls=630831 0 
0 9462465
0 2223044
cob=(4)
cfi=(192)
cfn=(1426)
calls=4 0 
0 72
0 76
cob=(4)
cfi=(192)
cfn=(1436)
calls=1 0 
0 805
0 9
cob=(4)
cfi=(192)
cfn=(1428)
calls=1 0 
0 14
0 12
cob=(4)
cfi=(192)
cfn=(1428)
calls=3 0 
0 51
0 9673032
cob=(4)
cfi=(192)
cfn=(1426)
calls=690930 0 
0 11054880
0 13107640
cob=(4)
cfi=(192)
cfn=(1436)
calls=280303 0 
0 20883774
0 2522727
cob=(4)
cfi=(192)
cfn=(1428)
calls=280303 0 
0 3643939
0 1562388
cob=(4)
cfi=(192)
cfn=(1428)
calls=390597 0 
0 6219521
0 6920778
cob=(4)
cfi=(192)
cfn=(1426)
calls=350577 0 
0 5689344
0 6640933
cob=(4)
cfi=(192)
cfn=(1436)
calls=10028 0 
0 643585
0 90252
cob=(4)
cfi=(192)
cfn=(1428)
calls=10028 0 
0 140378
0 1282076
cob=(4)
cfi=(192)
cfn=(1428)
calls=320519 0 
0 5238442
0 991641

fn=(1444)
0 3062799
cob=(4)
cfi=(192)
cfn=(1426)
calls=340311 0 
0 5444976
0 2892591
cob=(4)
cfi=(192)
cfn=(1458)
calls=170138 0 
0 3602934
0 1020828

fn=(1504)
0 563
cob=(4)
cfi=(192)
cfn=(1458)
calls=34 0 
0 816
0 321
cob=(4)
cfi=(192)
cfn=(1458)
calls=12 0 
0 288
0 202
cob=(4)
cfi=(192)
cfn=(1510)
calls=5 0 
0 108
0 3863189
cob=(4)
cfi=(192)
cfn=(1458)
calls=255197 0 
0 6139080
0 1721074
cob=(4)
cfi=(192)
cfn=(1458)
calls=10012 0 
0 240589
0 870591

fn=(1816)
0 16
cfn=(1818)
calls=1 0 
0 147
0 6
cob=(4)
cfi=(192)
cfn=(1436)
calls=1 0 
0 64
0 12
cob=(4)
cfi=(192)
cfn=(1474)
calls=1 0 
0 5
0 2
cob=(4)
cfi=(192)
cfn=(1478)
calls=1 0 
0 578
0 6
cfn=(1452)
calls=1 0 
0 109
0 5
cob=(4)
cfi=(192)
cfn=(1754)
calls=1 0 
0 579
0 3
cob=(4)
cfi=(192)
cfn=(1756)
calls=1 0 
0 1092
0 5
cob=(4)
cfi=(192)
cfn=(1498)
calls=1 0 
0 114
0 6
cob=(4)
cfi=(192)
cfn=(1750)
calls=1 0 
0 43
0 10
cfn=(1828)
calls=1 0 
0 66076
0 11
cob=(4)
cfi=(192)
cfn=(1498)
calls=1 0 
0 278
0 6
cob=(4)
cfi=(192)
cfn=(1750)
calls=1 0 
0 43
0 12

fn=(2004)
0 280448
cob=(4)
cfi=(192)
cfn=(1654)
calls=20032 0 
0 100160
0 80128
cob=(4)
cfi=(192)
cfn=(1834)
calls=20032 0 
0 1262016
0 380608
cob=(4)
cfi=(192)
cfn=(1842)
calls=20032 0 
0 2063268
0 380608
cob=(4)
cfi=(192)
cfn=(1844)
calls=20032 0 
0 3705892
0 160256
cob=(4)
cfi=(192)
cfn=(1846)
calls=20032 0 
0 2143396
0 60096
cob=(4)
cfi=(192)
cfn=(1844)
calls=20032 0 
0 3705892
0 80128
cob=(4)
cfi=(192)
cfn=(1856)
calls=20032 0 
0 20861057
0 140224
cob=(4)
cfi=(192)
cfn=(1920)
calls=20032 0 
0 220352
0 200320
cob=(4)
cfi=(192)
cfn=(1924)
calls=20032 0 
0 13061076
0 40064
cob=(4)
cfi=(192)
cfn=(1980)
calls=20032 0 
0 600960
0 80128
cob=(4)
cfi=(192)
cfn=(1984)
calls=20032 0 
0 160256
0 180288
cob=(4)
cfi=(192)
cfn=(1986)
calls=20032 0 
0 1181888
0 60096
cob=(4)
cfi=(192)
cfn=(2040)
calls=20032 0 
0 3886912
0 240384
cob=(4)
cfi=(192)
cfn=(2050)
calls=20032 0 
0 3669684
0 100160
cob=(4)
cfi=(192)
cfn=(2054)
calls=20032 0 
0 4948840
0 80128
cob=(4)
cfi=(192)
cfn=(2064)
calls=20032 0 
0 8482274
0 300480

fn=(2096)
0 340527
cfn=(1424)
calls=20031 0 
0 1422201
0 560868
cfn=(2098)
calls=20031 0 
0 1944754
0 3264941
cfn=(2102)
calls=180271 0 
0 72710282
0 1261897
cfn=(2106)
calls=180271 0 
0 12238871
0 3064607
cob=(4)
cfi=(192)
cfn=(1436)
calls=180271 0 
0 11537485
0 4506775
cob=(4)
cfi=(192)
cfn=(1750)
calls=180271 0 
0 7751653
0 901355
cfn=(2095)
calls=180271 0 
0 272577636
0 4697062
cfn=(2114)
calls=20030 0 
0 500750
0 2213332
cfn=(2114)
calls=130196 0 
0 3254900
0 60090
cfn=(2114)
calls=30045 0 
0 751125
0 2784189
cob=(4)
cfi=(192)
cfn=(1436)
calls=160240 0 
0 10255360
0 4326480
cob=(4)
cfi=(192)
cfn=(1750)
calls=160240 0 
0 6890320
0 9053582
cfn=(2116)
calls=30045 0 
0 43356391
0 3345044

fn=(2097)
0 17
cfn=(1424)
calls=1 0 
0 71
0 28
cfn=(2098)
calls=1 0 
0 238
0 163
cfn=(2102)
calls=8 0 
0 3186
0 56
cfn=(2106)
calls=8 0 
0 508
0 136
cob=(4)
cfi=(192)
cfn=(1436)
calls=8 0 
0 512
0 200
cob=(4)
cfi=(192)
cfn=(1750)
calls=8 0 
0 344
0 40
cfn=(2095)
calls=8 0 
0 3089
0 314
cfn=(2114)
calls=7 0 
0 175
0 2
cfn=(2114)
calls=1 0 
0 25
0 144
cob=(4)
cfi=(192)
cfn=(1436)
calls=7 0 
0 448
0 189
cob=(4)
cfi=(192)
cfn=(1750)
calls=7 0 
0 301
0 537
cfn=(2116)
calls=1 0 
0 921
0 210

fn=(2120)
0 1041586
cob=(4)
cfi=(192)
cfn=(1432)
calls=40061 0 
0 2005088
0 841281

fn=(2248)
0 480720
cob=(4)
cfi=(192)
cfn=(1458)
calls=20030 0 
0 482904
0 360540

fn=(2306)
0 293422
cob=(4)
cfi=(192)
cfn=(1432)
calls=10118 0 
0 1881948
0 80944
cfn=(1452)
calls=10118 0 
0 354130
0 235287
cob=(4)
cfi=(192)
cfn=(1750)
calls=105 0 
0 8797
0 254614

fn=(2310)
0 946567
cob=(4)
cfi=(192)
cfn=(1458)
calls=20015 0 
0 435263
0 239771

fn=(2330)
0 2001820
cob=(4)
cfi=(192)
cfn=(2204)
calls=100091 0 
0 10450925
0 5364616
cob=(4)
cfi=(192)
cfn=(2206)
calls=570486 0 
0 26942990
0 14802620
cob=(4)
cfi=(192)
cfn=(2332)
calls=100091 0 
0 1101001
0 700637
cob=(4)
cfi=(192)
cfn=(2334)
calls=100091 0 
0 1401274
0 2602484
cob=(4)
cfi=(192)
cfn=(2204)
calls=110106 0 
0 14727222
0 4164232
cob=(4)
cfi=(192)
cfn=(2206)
calls=410423 0 
0 20410812
0 11231454
cob=(4)
cfi=(192)
cfn=(2332)
calls=110106 0 
0 1211166
0 770742
cob=(4)
cfi=(192)
cfn=(2334)
calls=110106 0 
0 1541484
0 440424

fn=(2356)
0 64
cob=(4)
cfi=(192)
cfn=(2166)
calls=4 0 
0 133
0 11
cfn=(2358)
calls=1 0 
0 106
0 108

fn=(2396)
0 150225
cob=(4)
cfi=(192)
cfn=(2160)
calls=10015 0 
0 661051
0 90135
cfn=(2384)
calls=10015 0 
0 156557
0 160240
cob=(4)
cfi=(192)
cfn=(1432)
calls=10015 0 
0 1915601
0 80120
cfn=(1452)
calls=10015 0 
0 350525
0 80120
cfn=(2398)
calls=10015 0 
0 538334
0 10015

fn=(2778)
0 31
cob=(4)
cfi=(192)
cfn=(2468)
calls=1 0 
0 430
0 100180
cob=(4)
cfi=(192)
cfn=(2132)
calls=10015 0 
0 430840
0 50075
cob=(4)
cfi=(192)
cfn=(2644)
calls=10015 0 
0 180270
0 60102
cob=(4)
cfi=(192)
cfn=(1432)
calls=1 0 
0 729
0 7
cob=(4)
cfi=(192)
cfn=(2174)
calls=1 0 
0 10036
0 10
cob=(4)
cfi=(192)
cfn=(1432)
calls=1 0 
0 417
0 25057
cfn=(2786)
calls=1 0 
0 116
0 22
cob=(4)
cfi=(192)
cfn=(2790)
calls=1 0 
0 8
0 8
cob=(4)
cfi=(192)
cfn=(2460)
calls=1 0 
0 757
0 99
cfn=(2490)
calls=1 0 
0 95
0 31
cob=(4)
cfi=(192)
cfn=(1432)
calls=4 0 
0 1215
0 196
cob=(4)
cfi=(192)
cfn=(2492)
calls=4 0 
0 5161
0 44
cob=(4)
cfi=(192)
cfn=(2544)
calls=1 0 
0 227
0 6
cob=(4)
cfi=(192)
cfn=(2544)
calls=3 0 
0 487
0 14
cfn=(2832)
calls=1 0 
0 1052
0 400652
cfn=(2846)
calls=1 0 
0 39
0 60108
cob=(4)
cfi=(192)
cfn=(1454)
calls=1 0 
0 8
0 2
cob=(4)
cfi=(192)
cfn=(1454)
calls=1 0 
0 8
0 2
cob=(4)
cfi=(192)
cfn=(1824)
calls=1 0 
0 26
0 34
cob=(4)
cfi=(192)
cfn=(1750)
calls=1 0 
0 43
0 5
cob=(4)
cfi=(192)
cfn=(2942)
calls=1 0 
0 1091
0 6
cob=(4)
cfi=(192)
cfn=(1750)
calls=1 0 
0 190
0 6
cob=(4)
cfi=(192)
cfn=(1750)
calls=1 0 
0 146
0 6
cob=(4)
cfi=(192)
cfn=(1750)
calls=1 0 
0 171
0 6
cob=(4)
cfi=(192)
cfn=(1750)
calls=1 0 
0 171
0 6
cob=(4)
cfi=(192)
cfn=(1750)
calls=1 0 
0 181
0 60092
cob=(4)
cfi=(192)
cfn=(1750)
calls=10014 0 
0 1931102
0 30052
cob=(4)
cfi=(192)
cfn=(1750)
calls=1 0 
0 221
0 2
cfn=(2954)
calls=1 0 
0 66
0 50086
cob=(4)
cfi=(192)
cfn=(1750)
calls=1 0 
0 190
0 6
cob=(4)
cfi=(192)
cfn=(1750)
calls=1 0 
0 181
0 90148
cob=(4)
cfi=(192)
cfn=(1750)
calls=1 0 
0 212
0 46
cob=(4)
cfi=(192)
cfn=(2154)
calls=1 0 
0 41
0 7
cfn=(2780) std::_Hashtable<std::__cxx11::basic_string<char, std::char_traits<char>, std::allocator<char> >, std::__cxx11::basic_string<char, std::char_traits<char>, std::allocator<char> >, std::allocator<std::__cxx11::basic_string<char, std::char_traits<char>, std::allocator<char> > >, std::__detail::_Identity, std::equal_to<std::__cxx11::basic_string<char, std::char_traits<char>, std::allocator<char> > >, std::hash<std::__cxx11::basic_string<char, std::char_traits<char>, std::allocator<char> > >, std::__detail::_Mod_range_hashing, std::__detail::_Default_ranged_hash, std::__detail::_Prime_rehash_policy, std::__detail::_Hashtable_traits<true, true, true> >::_M_rehash(unsigned long, std::integral_constant<bool, true>) [clone .isra.0]
calls=1 0 
0 98
0 30056
cfn=(2200)
calls=10015 0 
0 5011080
0 180150
cfn=(2380)
calls=10000 0 
0 150000
0 45
cfn=(2380)
calls=15 0 
0 225
0 260313
cfn=(2784)
calls=20015 0 
0 3882596
0 120090
cfn=(2200)
calls=20015 0 
0 3381000
0 130165
cfn=(2250)
calls=1 0 
0 2101984
0 49
cob=(4)
cfi=(192)
cfn=(1432)
calls=1 0 
0 342
0 130253
cob=(4)
cfi=(192)
cfn=(2154)
calls=1 0 
0 112
0 7
cfn=(2382)
calls=1 0 
0 82601
0 70115
cfn=(2808)
calls=10015 0 
0 4452900
0 330440
cob=(4)
cfi=(192)
cfn=(2160)
calls=20015 0 
0 1261035
0 140105
cfn=(2384)
calls=20015 0 
0 1753160
0 750770
cfn=(2810)
calls=10028 0 
0 2522441
0 10030
cfn=(2388)
calls=1 0 
0 2039215
0 76
cfn=(2782)
calls=15 0 
0 171173
0 24
cfn=(2806)
calls=1 0 
0 10470
0 18
cfn=(2806)
calls=1 0 
0 10470
0 20
cfn=(2804)
calls=1 0 
0 80575
0 22
cfn=(2802)
calls=1 0 
0 50394
0 10
cfn=(1424)
calls=1 0 
0 76
0 5
cfn=(2848)
calls=1 0 
0 129
0 4
cob=(4)
cfi=(192)
cfn=(2852)
calls=1 0 
0 2331
0 3
cob=(4)
cfi=(192)
cfn=(2888)
calls=1 0 
0 1670
0 3
cob=(4)
cfi=(192)
cfn=(2908)
calls=1 0 
0 1629
0 3
cob=(4)
cfi=(192)
cfn=(2934)
calls=1 0 
0 1318
0 8
cfn=(2806)
calls=1 0 
0 10461
0 2

fn=(2780)
0 14
cob=(4)
cfi=(192)
cfn=(1432)
calls=1 0 
0 50
0 5
cob=(4)
cfi=(192)
cfn=(2174)
calls=1 0 
0 13
0 16

fn=(2958)
0 17
cob=(4)
cfi=(192)
cfn=(1654)
calls=1 0 
0 5
0 4
cob=(4)
cfi=(192)
cfn=(2960)
calls=1 0 
0 968
0 4
cob=(4)
cfi=(192)
cfn=(2454)
calls=1 0 
0 69
0 3

fn=(3064) std::unordered_map<std::__cxx11::basic_string<char, std::char_traits<char>, std::allocator<char> >, unsigned long, std::hash<std::__cxx11::basic_string<char, std::char_traits<char>, std::allocator<char> > >, std::equal_to<std::__cxx11::basic_string<char, std::char_traits<char>, std::allocator<char> > >, std::allocator<std::pair<std::__cxx11::basic_string<char, std::char_traits<char>, std::allocator<char> > const, unsigned long> > >::~unordered_map()
0 16

ob=(2)
fl=(102)
fn=(346)
29 3
fi=(103) ./string/../sysdeps/x86_64/multiarch/ifunc-memmove.h
+27 9
+1 6
+3 9
+14 6
+3 6
+8 6
+8 6
+3 15
fe=(102)

fl=(239)
fn=(1524)
30 2
+8 4
+2 4
+28 4
+1 4
-25 4

fl=(130)
fn=(416)
31 1
fi=(101) ./wcsmbs/../sysdeps/x86_64/multiarch/ifunc-wcs.h
+8 2
+1 4
+1 3
+4 2
+3 4
fe=(130)
-17 2

fl=(251) ./string/../string/strstr.c
fn=(1904) __GI_strstr
77 360567
+5 40063
-5 160252
+5 80126
+2 160252
cob=(4)
cfi=(192)
cfn=(1906)
calls=40063 -84 
* 921449
* 40063
+1 80126
-40 40063
161 480756

fl=(253)
fn=(1956)
34 320504
+14 120189
+9 40063
fi=(255) ./libio/./libio/libioP.h
1037 120189
+1 80126
fe=(253)
57 120189
cfi=(247) ./libio/./libio/fileops.c
cfn=(1974) _IO_file_finish@@GLIBC_2.2.5
calls=40063 202 
* 1001575
+1 120189
fi=(255)
963 160252
+1 160252
+6 80126
cob=(4)
cfi=(192)
cfn=(1978)
calls=40063 0 
* 1402205
fe=(253)
76 280441
-27 40063
cfi=(246) ./libio/./libio/genops.c
cfn=(1958) _IO_un_link
calls=40063 +18 
* 4647272
+2 640984
+1 120186
fi=(255)
991 80126
+1 160270
fe=(253)
51 12
+1 3
-1 3
fi=(255)
992 80120
fe=(253)
71 80126
-18 80126
cfi=(247)
cfn=(1962) _IO_file_close_it@@GLIBC_2.2.5
calls=40063 +76 
* 4246678
* 40063
fi=(255)
991 120189
+1 200300
fe=(253)

fl=(119)
fn=(386)
60 1
-18 2
+1 4
+1 3
+3 3
+3 3
+10 1

fl=(180)
fn=(586)
37 7

fl=(265)
fn=(2370)
70 60126
+1 60126
-1 60126
+1 40084
-35 20042
+24 20042
-24 40084
+25 60114
+1 40076
+11 80168
+2 80168
-32 116
-9 58
+9 87
cfi=(266) ./dirent/../sysdeps/unix/sysv/linux/getdents64.c
cfn=(2372) getdents64
calls=29 -16 
* 261
+1 145
+10 75
-4 4
+1 4
+1 4
-1 8

fl=(348) ./posix/./posix/register-atfork.c
fn=(3082) __unregister_atfork
82 15
+1 10
-1 10
+1 10
fi=(349) ./posix/../malloc/dynarray-skeleton.c
243 5
fe=(348)
71 10
+38 20
+1 10

fl=(232) ./setjmp/../sysdeps/x86_64/bsd-_setjmp.S
fn=(1414) _setjmp
28 9
+2 9
+2 9
cfi=(233) ./setjmp/../sysdeps/x86_64/setjmp.S
cfn=(1416) __sigsetjmp
calls=9 -1 
* 252

fl=(89)
fn=(314)
29 1
fi=(360) ./string/../sysdeps/x86_64/multiarch/ifunc-sse4_2.h
+7 5
fe=(89)
-7 1

fl=(138)
fn=(444)
29 3
fi=(139) ./string/../sysdeps/x86_64/multiarch/ifunc-evex.h
+8 9
+1 12
+1 9
+4 6
+8 9
+3 12
fe=(138)
-25 3

fl=(191) ./nptl/./nptl/pthread_mutex_conf.c
fn=(626) __pthread_tunables_init
55 2
+1 1
-1 2
+1 1
-1 1
+1 4
cob=(4)
cfi=(192)
cfn=(628)
calls=1 -56 
* 20
+2 4
cob=(4)
cfi=(192)
cfn=(628)
calls=1 -58 
* 19
+2 4
cob=(4)
cfi=(192)
cfn=(628)
calls=1 -60 
* 20
+2 6

fl=(228) ./misc/../sysdeps/unix/sysv/linux/brk.c
fn=(1242) brk
36 56
fi=(361) ./misc/../sysdeps/unix/sysv/linux/brk_call.h
-12 112
fe=(228)
+13 112
+1 112
+6 55
+1 55
-5 2
+1 2

fl=(260) ./misc/../sysdeps/unix/sysv/linux/setvmaname.c
fn=(2190) __set_vma_name
60 92
-26 120
+36 116
-33 6
cob=(4)
cfi=(192)
cfn=(628)
calls=1 -37 
* 20
* 6
+5 1
+1 1

fl=(261) ./misc/../sysdeps/unix/syscall-template.S
fn=(2602) mprotect
117 135
+5 27

fn=(2514) madvise
117 60
+5 12

fn=(2318) munmap
117 30
+5 6

fl=(93)
fn=(322)
29 4
fi=(94) ./string/../sysdeps/x86_64/multiarch/ifunc-memset.h
+32 20
+3 12
+16 8
+4 16
+8 8
fe=(93)
-63 4
fi=(94)
+71 8
-48 4
+1 8
fe=(93)

fl=(214)
fn=(868)
30 4
+1 12
+2 8
+3 4
-1 4
+2 4
+28 12
+1 12
+1 12
+3 12
+1 4

fl=(240)
fn=(1554)
49 14
+6 2
+2 2
+6 1
cfi=(241) ./misc/../sysdeps/unix/sysv/linux/getpagesize.c
cfn=(1556) getpagesize
calls=1 -36 
* 6
* 4
+5 3
cob=(4)
cfi=(192)
cfn=(1558)
calls=1 -68 
* 141
+1 2
-1 1
+1 1
+11 5
+1 5
+50 12
-47 3
+4 4
-2 3
cob=(4)
cfi=(192)
cfn=(1560)
calls=1 -86 
* 260
* 2

fl=(221)
fn=(904)
73 3925786
+7 3925786
+1 3925786
+3 975414
+1 975414
+1 975414
+4 975414
+1 975414
+2 975414
+1 975414
+3 819208
+1 819208
+1 819208
+3 819208
+1 819208
+3 138621
+1 138621
+3 1
+1 1
+1 1
+1 1
+1 1
+1 1
+1 1
+1 1
+1 1
+1 1
+3 1
+1 1
+6 1
+1 1
+1 1
+1 1
+4 1
+1 1
+2 1
+1 1
+1 1
+1 1
+3 1
+1 1
+1 1
+1 1
+1 1
+1 1
+2 2
+4 958314
+10 958314
+1 958314
+1 958314
+3 1916628
+4 680587
+8 680587
+1 680587
+1 680587
+2 1361174
330 138620
+1 138620
+1 138620
+1 138620
+1 138620
+3 294826
+1 294826
+1 294826
+1 294826
+1 294826
+1 220172
+40 184740
+1 184740
+8 184740
+1 184740
+1 184740
+2 369480
+6 2950372
+1 2950372
+5 2760173
+1 2760173
+1 2760173
+1 2760173
+1 2760173
+3 2534290
+1 2534290
+1 2534290
+1 2534290
+3 2534290
+1 2534290
+1 1593162
+1 3186324
+6 225883
+1 225883
+2 172002
+1 172002
+2 84547
+1 84547
+2 19975
+1 19975
+1 19975
+1 19975
+1 19975
+1 19975
+1 19975
+1 19975
+1 19975
+2 19975
+2 12295
+4 190199
+1 190199
+1 190199
+1 190199
+2 190199
+4 59733
+1 59733
+2 59733
+10 87455
+1 87455
+1 87455
+1 87455
+1 50327
+1 50327
+1 50327
+2 50327
+2 35402
+26 53881
+1 53881
+1 53881
+1 53881
+1 53881
+4 36701
+1 36701
+1 36701
+1 36701
+1 36701
+1 36701
+2 36701
+2 36695
+24 64572
+1 64572
+1 64572
+1 64572
+1 64572
+1 64572
+1 64572
+1 64572
+1 64572
+1 64572
+2 64572
+2 64572

fl=(321)
fn=(2800)
25 6
+2 6
-2 6
+2 18
+1 15
-1 15

fl=(235)
fn=(2690)
242 128
+1 128
+1 128
+1 128
+17 128
+1 128
+42 128
+1 128
+2 62
+1 62
+2 61
+4 61
+1 44
+1 44
+1 44
+1 44
+1 44
+1 44
+2 44
+2 44
+6 17
+1 17
+1 17
+1 17
+1 17
+7 66
+1 66
+1 66
+1 66
+2 66
+17 1
+1 1
+1 1
+1 1
+1 1

fn=(1430)
255 20190646
+1 20190646
+6 20190646
+1 20190646
+2 1551699
+1 1551699
+1 1551699
+3 1531679
+1 1531679
+1 1531679
+3 3063358
+30 18638947
+1 18638947
+2 12342749
+1 12342749
+2 8568380
+4 8568380
+1 3754040
+1 3754040
+1 3754040
+1 3754040
+1 3754040
+1 3754040
+2 3754040
+2 3754040
+6 4814340
+1 4814340
+1 4814340
+1 4814340
+1 4814340
+7 6296198
+1 6296198
+1 6296198
+1 6296198
+2 6296198
+17 3774369
+1 3774369
+1 3774369
+1 3774369
+1 3774369
+7 4
+1 4
+1 4
+1 4
+1 4
+1 4
+1 8
+5 20020
+1 20020
+5 20017
+1 20017
+2 10006
+1 10006
+1 10006
+2 10002
+1 10002
+1 10002
+1 10002
+1 10002
+1 10002
+1 10002
+1 10002
+1 10002
+1 10002
+1 10002
+1 10002
+1 10002
+1 10002
+1 20004
+4 10011
+1 10011
+4 10011
+2 10011
+4 10011
+1 10011
+11 10011
+3 10011
+2 10011
+2 10011
+4 10011
+1 10011
+9 10003
+1 10003
+2 10003
+2 10003
+1 10003
+1 10003
+3 10003
+2 10003
+2 10003
+2 20006
+6 10003
+1 10003
+1 10003
+1 10003
+1 10003
+1 10003
+1 10003
+1 10003
+1 10003
+1 10003
+1 10003
+1 10003
-11 40020
+1 40020
+1 40020
+1 40020
+1 40020
+1 40020
+1 40020
+1 40020
+1 40020
+1 40020
+1 40020
+1 40020
+2 10003
+1 10003
+1 10003
+1 10003
+2 10003
+4 20006
+13 8
+1 8
+2 8
+1 8
+1 8
+2 8
+2 8
+2 16
+6 8
+1 8
+1 8
+1 8
+1 8
+1 8
+1 8
+1 8
+1 8
+1 8
+1 8
+1 8
-11 116
+1 116
+1 116
+1 116
+1 116
+1 116
+1 116
+1 116
+1 116
+1 116
+1 116
+1 116
+2 8
+1 8
+1 8
+1 8
+2 8
+1 16
+9 3
+7 3
+1 3
+6 3
+3 3
+2 3
+3 3
+1 3
+2 3
+2 114579
+2 3
+2 3
+2 6
+5 3
+1 3
+4 3
+2 3
+3 3
+4 3
+1 3
+4 3
+4 3

fn=(2700)
249 32
+1 32
+1 160
+4 32
+1 32
+6 32
+1 32
+2 32
+1 32
+1 32
+3 32
+1 32
+1 32
+3 64

fl=(132)
fn=(424)
29 1
fi=(112) ./string/../sysdeps/x86_64/multiarch/ifunc-strncpy.h
+6 5
+1 3
+4 4
+3 3
+3 5
fe=(132)

fl=(238) ./io/../sysdeps/unix/sysv/linux/fstatat64.c
fn=(1494) fstatat
146 820844
-55 820844
+70 1231264
+1 410420
-2 6
+1 4

fl=(133)
fn=(428)
29 1
fi=(134) ./wcsmbs/../sysdeps/x86_64/multiarch/ifunc-memcmp.h
+5 7
fe=(133)
-5 2
fi=(134)
+6 2
+2 3
+4 2
+3 3
+3 5
fe=(133)

fl=(271)
fn=(2456)
26 6
+1 18
-1 3
+1 9
cfi=(250) ./nptl/./nptl/cancellation.c
cfn=(1902) __syscall_cancel
calls=3 +47 
* 87
+1 6

fl=(274) ./stdlib/../stdlib/strtol.c
fn=(2484) __isoc23_strtoul
125 4
+1 20
cfi=(275) ./stdlib/../stdlib/strtol_l.c
cfn=(2486) ____strtoul_l_internal
calls=4 238 
* 494

fl=(96)
fn=(330)
29 1
fi=(97) ./debug/../sysdeps/x86_64/multiarch/ifunc-memmove.h
+27 3
+1 2
+3 3
+14 2
+3 2
+8 2
+8 2
+3 5
fe=(96)

fl=(124)
fn=(400)
29 3
fi=(125) ./string/../sysdeps/x86_64/multiarch/ifunc-memcmp.h
+5 21
fe=(124)
-5 6
fi=(125)
+6 6
+2 9
+4 6
+3 9
+3 15
fe=(124)

fl=(249)
fn=(1900)
30 360594
+3 280452
+8 320528
cfi=(250)
cfn=(1902)
calls=40066 +33 
* 2123282
+2 200330
-7 4
+5 2
-5 6
+2 2

fl=(258)
fn=(2090)
25 40064
+1 80128
-1 20032
+1 60096
cfi=(250)
cfn=(1902)
calls=20032 +48 
* 1061624
+1 40064

fl=(276) ./io/../sysdeps/unix/sysv/linux/close_nocancel_nostatus.c
fn=(2488) __close_nocancel_nostatus
25 2
+1 4
+1 2

fl=(286) ./misc/../sysdeps/unix/sysv/linux/clone-internal.c
fn=(2534) __clone_internal
97 16
+2 8
-2 56
+2 8
-2 8
-17 24
+2 4
cfi=(287) ./misc/../sysdeps/unix/sysv/linux/x86_64/clone3.S
cfn=(2536) __clone3
calls=1 -40 
* 16
+1 5
+3 1
+20 1
-42 3
+42 1
-53 1
+11 1
-2 1
-9 1
+9 1
+2 4
cfi=(288) ./misc/../sysdeps/unix/sysv/linux/x86_64/clone.S
cfn=(2538) clone
calls=1 -12 
* 19
+42 7
-42 21
+42 7
-53 7
+11 7
-2 7
-9 7
+9 7
+2 28
cfi=(288)
cfn=(2538)
calls=7 -12 
* 133
+45 16
+1 56

fl=(337) ./stdlib/../sysdeps/x86_64/rshift.S
fn=(3026) __mpn_rshift
28 2
+1 2
+1 2
+1 2
+13 2
+1 2
+16 2
+1 2
+1 2
+1 2
+1 2
+1 2
+1 2
+5 2
+1 2
+1 2
+1 2
+1 2

fl=(350)
fn=(3152)
32 10
+1 20
-1 60
+7 20
+1 10
fi=(255)
1037 30
+1 20
fe=(350)
40 20
cfi=(247)
cfn=(3154) _IO_file_sync@@GLIBC_2.2.5
calls=10 827 
* 378
* 20
fi=(255)
991 20
+1 40
fe=(350)
44 60
-5 140
fi=(255)
992 70
fe=(350)

fl=(243)
fn=(1822)
71 110131
+3 110131
+2 110131
+2 330393
-7 330393
+10 110131
+2 220262
-39 110122
+1 220244
+3 440448
+40 330366
+70 110131
+2 110131
+3 110131
-59 110131
+62 220262
45 220274
+1 20
+44 18
+5 18
-51 9
+1 36
+65 27
+1 18
-63 36

fl=(298) ./stdio-common/./stdio-common/vfprintf-internal.c
fn=(2572) __printf_buffer
601 90
fi=(362) ./stdio-common/./stdio-common/printf-parse.h
82 9
fe=(298)
601 18
fi=(362)
82 9
fe=(298)
601 18
+27 27
+9 9
-9 9
+9 9
-9 9
+9 18
fi=(362)
82 9
cob=(4)
cfi=(192)
cfn=(2574)
calls=9 -82 
* 189
fe=(298)
653 9
-1 9
+1 9
fi=(362)
82 18
fe=(298)
653 9
-1 9
cfi=(299) ./stdio-common/./stdio-common/Xprintf_buffer_write.c
cfn=(2578) __printf_buffer_write
calls=9 27 
* 427
+2 27
+4 18
+4 63
-32 9
+11 9
-8 9
+29 18
+42 36
1043 99
704 18
-7 9
-8 9
+15 18
-12 9
-1 9
+13 9
-6 9
+6 9
-14 9
+14 9
-10 9
+10 9
-11 9
-7 9
-1 9
+19 9
-20 9
-1 9
+21 9
-22 20
973 2
+2 3
-2 1
+2 1
-2 1
+2 28
+20 12
+1 1
263 1
+1 1
996 1
743 1
264 2
743 1
263 2
1023 9
fi=(362)
82 9
fe=(298)
1017 9
fi=(362)
82 18
cob=(4)
cfi=(192)
cfn=(2574)
calls=9 -82 
* 189
fe=(298)
1027 18
+1 9
fi=(362)
82 9
fe=(298)
1028 9
-1 9
cfi=(299)
cfn=(2578)
calls=9 27 
* 171
+3 18
fi=(301) ./stdio-common/./stdio-common/vfprintf-process-arg.c
352 1
fe=(298)
813 1
-1 1
+1 2
+41 14
-71 16
fi=(301)
126 16
+10 16
+19 88
cfi=(302) ./stdio-common/./stdio-common/_fitoa_word.c
cfn=(2586) _itoa_word
calls=8 24 
* 320
+9 8
-3 8
-6 8
+6 8
+3 8
+6 16
-9 8
+3 8
-3 8
+2 8
+7 8
-9 24
+36 24
-69 16
+27 8
+15 8
-32 8
+32 8
-15 8
+15 16
+66 16
fi=(300) ./stdio-common/../include/printf_buffer.h
-87 8
fi=(301)
-83 8
+1 8
187 16
-1 16
+1 32
+53 32
cfi=(299)
cfn=(2578)
calls=8 27 
* 464
* 8
-45 16
-21 8
+21 8
-34 8
+34 16
+4 24
+2 24
+7 48
-78 16
+1 48
-38 8
+38 8
-39 8
+2 16
fe=(298)
266 1
cfi=(331) ./stdio-common/./stdio-common/printf_fp.c
cfn=(3012) __printf_fp_l_buffer
calls=1 1099 
* 1887
1000 1
fi=(301)
230 8
-19 16
fi=(300)
-48 32
fe=(298)
818 1
-1 1
+1 3
+15 9
+3 2
+18 1
-37 1
+19 4

fl=(270)
fn=(2450)
26 4
+1 12
-1 2
+1 6
cfi=(250)
cfn=(1902)
calls=2 +47 
* 34
+1 4

fl=(314) ./malloc/./malloc/thread-freeres.c
fn=(2752) __libc_thread_freeres
31 24
+2 8
cfi=(315) ./sunrpc/./sunrpc/rpc_thread.c
cfn=(2754) __rpc_thread_destroy
calls=8 -13 
* 96
+2 8
cfi=(316) ./resolv/./resolv/res-close.c
cfn=(2756) __res_thread_freeres
calls=8 +96 
* 296
+1 8
cfi=(318) ./string/../sysdeps/unix/sysv/linux/tls-internal.c
cfn=(2760) __glibc_tls_internal_free
calls=8 -12 
* 192
+1 8
cfi=(319) ./dlfcn/./dlfcn/libc_dlerror_result.c
cfn=(2762) __libc_dlerror_result_free
calls=8 -8 
* 48
+5 8
-1 8
cfi=(194) ./malloc/./malloc/arena.c
cfn=(2764) __malloc_arena_thread_freeres
calls=8 891 
* 67348

fl=(293) ./nptl/./nptl/pthread_testcancel.c
fn=(2556) pthread_testcancel@@GLIBC_2.34
24 8
+2 16
+1 32

fl=(295) ./nptl/../sysdeps/unix/sysv/linux/x86_64/syscall_cancel.S
fn=(2562) __syscall_cancel_arch
31 60095
+6 60095
+1 60095
+1 60095
+4 60095
+1 60095
+1 60095
+1 60095
+1 60095
+1 60095
+1 60095
+1 60095
+1 60095
+1 60095
+4 60095

fl=(297)
fn=(2570) __vsnprintf_internal
93 16
fi=(363) ./libio/../include/printf_buffer.h
+31 8
fe=(297)
-31 8
fi=(363)
+31 8
fe=(297)
-31 48
fi=(363)
+44 8
-13 8
+13 8
-10 8
+1 8
fe=(297)
-65 16
+3 8
+30 32
cfi=(298)
cfn=(2572)
calls=8 601 
* 3304
-21 24
+1 8
+11 16
cfi=(303) ./stdio-common/./stdio-common/Xprintf_buffer_done.c
cfn=(2588) __printf_buffer_done
calls=8 -62 
* 144
+11 48

fn=(3010)
102 2
fi=(363)
+22 1
fe=(297)
-22 1
fi=(363)
+22 1
fe=(297)
-22 6
fi=(363)
+35 1
-13 1
+13 1
-10 1
+1 1
fe=(297)
-65 2
+3 1
+30 4
cfi=(298)
cfn=(2572)
calls=1 601 
* 2172
-21 3
+1 1
+11 2
cfi=(303)
cfn=(2588)
calls=1 -62 
* 18
+17 6

fl=(193) ./stdlib/../sysdeps/unix/sysv/linux/getrandom.c
fn=(2770) __getrandom_vdso_release
303 8
+5 16
+16 8

fn=(630) __getrandom_early_init
238 7
+3 6
+37 5

fl=(227) ./misc/./misc/sbrk.c
fn=(1240) sbrk
37 360
+6 144
+35 51
-38 144
+18 144
+4 144
+4 55
+1 47
-1 149
+8 55
cfi=(228)
cfn=(1242)
calls=55 -38 
* 497
* 165
+4 162
-10 16
-2 16
+12 1
-28 1
+28 3
-19 2
cfi=(228)
cfn=(1242)
calls=1 -23 
* 9
* 2
+4 20

fl=(131)
fn=(420)
29 3
fi=(88) ./string/../sysdeps/x86_64/multiarch/ifunc-avx2.h
+9 9
+2 12
+1 6
+1 9
+4 12
+3 9
+3 15
fe=(131)

fl=(203)
fn=(678)
64 1
+3 3
-1 2
+3 1
-1 1
-1 3
+2 2
-1 2
-1 6
+3 1

fl=(263) ./io/../sysdeps/unix/sysv/linux/open64_nocancel.c
fn=(2364) __open_nocancel
28 36
+3 54
+8 42
+2 30

fl=(344) ./stdlib/./stdlib/exit.c
fn=(3060) __run_exit_handlers
45 12
+2 9
+3 2
+3 7
+11 1
+2 2
+8 15
+2 10
+1 10
-1 10
+3 78
+44 18
-49 18
+55 2
+1 2
+6 1
-66 1
+66 3
+2 2
+3 2
cfi=(352) ./posix/../sysdeps/unix/sysv/linux/_exit.c
cfn=(3256) _Exit
calls=1 27 
* 3
-29 6
+1 6
-2 6
+3 6
+3 6
-3 12
+3 18
+1 18
cob=(1)
cfi=(345)
cfn=(3068)
calls=1 -92 
* 9077
cob=(8)
cfi=(229)
cfn=(3066)
calls=1 0 
* 20
cob=(8)
cfi=(229)
cfn=(3064)
calls=1 0 
* 16
cob=(8)
cfi=(229)
cfn=(3062)
calls=1 0 
* 5077
cob=(8)
cfi=(229)
cfn=(2380)
calls=2 0 
* 1750
+1 24
-68 1
cfi=(312) ./stdlib/./stdlib/cxa_thread_atexit_impl.c
cfn=(2748) __call_tls_dtors
calls=1 +97 
* 13
* 1
+88 1
cfi=(246)
cfn=(3246) _IO_cleanup
calls=1 882 
* 538
* 1

fn=(3058) exit
147 2
+1 3
-1 1
+1 1
cfn=(3060)
calls=1 45 
* 16805

fl=(236)
fn=(1486)
61 2122101
+7 2122101
+2 2122101
+3 2122101
+1 2122101
+2 2122101
+1 2122101
+1 2122101
+1 2122101
+3 2121945
+1 2121945
+3 2121945
+1 2121945
+2 210227
+1 210227
+1 210227
+1 210227
+2 420454
+7 1911874
+5 1911874
+7 1911874
+1 1911874
+1 990879
+1 990879
+12 920995
+1 920995
412 156
+3 156
+1 156
+1 156
+3 156
+1 156
+7 156
+3 156
+1 156

fl=(199)
fn=(668)
46 5
+5 2
+4 5
+8 1
-2 1
+10 1
-9 1
+1 1
+9 1
-1 1
cfi=(200) ./misc/./misc/init-misc.c
cfn=(670) __init_misc
calls=1 -41 
* 61

fl=(292) ./nptl/./nptl/pthread_join_common.c
fn=(2554) __pthread_clockjoin_ex
30 104
+1 16
+6 16
+5 8
+4 24
+32 8
+3 16
+4 16
cfi=(320) ./nptl/./nptl/nptl_free_tcb.c
cfn=(2774) __nptl_free_tcb
calls=8 -60 
* 432
* 8
+3 8
+3 64
-34 6
+10 15
cfi=(294) ./nptl/./nptl/futex-internal.c
cfn=(2558) __futex_abstimed_wait_cancelable64
calls=3 +71 
* 243
+4 12
-25 11
+1 22
+3 14
-18 8
cfi=(293)
cfn=(2556)
calls=8 -8 
* 56
* 16

fl=(331)
fn=(3032) hack_digit
91 9
-3 18
+5 3
+2 6
-2 6
+8 6
+21 12
cfi=(341) ./stdlib/../sysdeps/x86_64/mul_1.S
cfn=(3036) __mpn_mul_1
calls=3 -91 
* 63
+1 9
+1 5
+4 18
-23 18
cfi=(340) ./stdlib/./stdlib/divrem.c
cfn=(3034) __mpn_divrem
calls=3 -60 
* 125
+2 3
-2 3
+2 9
+3 3
-2 3
+2 3
+1 18
+11 3
+5 6

fn=(3016) __printf_fp_buffer_1.isra.0
138 9
+21 1
-21 2
+21 1
-21 1
+21 2
-21 3
+21 1
+18 1
+10 1
-28 3
+62 2
+5 3
+4 7
1030 11
266 1
+5 1
-49 1
+44 4
+1 1
+1 2
+3 12
+1 1
-1 1
+1 2
-1 1
+1 1
-1 1
+1 9
+1 1
-1 1
+1 1
-1 1
+1 10
+6 1
-6 2
+7 2
+17 1
+4 4
-4 2
+16 3
+11 3
-30 3
+33 2
+41 1
+1 1
-1 1
+1 3
fi=(336) ./stdio-common/../string/bits/string_fortified.h
29 1
cob=(4)
cfi=(192)
cfn=(2580)
calls=1 -29 
* 13
fe=(331)
385 4
+11 36
-74 12
+72 12
-72 12
-4 12
+4 37
-4 1
+4 3
+15 1
-13 2
fi=(336)
29 2
fe=(331)
388 2
fi=(336)
29 1
cob=(4)
cfi=(192)
cfn=(2580)
calls=1 -29 
* 13
fe=(331)
389 8
+1 3
+1 1
-1 1
+1 2
-1 1
+1 1
+5 3
+1 2
+6 2
+4 2
+4 1
-4 10
+4 6
+2 2
+39 1
-13 1
+13 1
-25 2
+15 2
+35 2
665 1
+9 2
+6 1
-15 1
+9 2
+6 1
-6 2
+2 2
+16 1
-6 2
+52 2
+8 2
fi=(339) ./stdio-common/../sysdeps/pthread/allocalim.h
27 1
fe=(331)
746 1
fi=(339)
27 1
cfi=(338) ./nptl/./nptl/alloca_cutoff.c
cfn=(3028) __libc_alloca_cutoff
calls=1 * 
* 11
+2 2
fe=(331)
759 2
-67 1
+67 11
fi=(339)
29 1
fe=(331)
759 3
+1 2
+3 2
+3 4
+7 5
+2 2
-4 1
+4 1
+14 2
-2 1
+1 3
+1 1
+1 2
-1 6
+1 14
91 6
792 6
+2 6
91 12
+2 6
+2 12
-2 12
+8 12
+4 36
cfi=(340)
cfn=(3034)
calls=6 -60 
* 253
+2 6
+4 6
-6 6
+2 18
+1 6
+2 12
+1 24
+16 6
-5 18
cfi=(341)
cfn=(3036)
calls=6 -91 
* 126
+1 12
+1 25
793 5
+1 10
-1 1
+1 2
+1 12
230 6
cfi=(333) ./stdlib/../sysdeps/ieee754/dbl-64/dbl2mpn.c
cfn=(3018) __mpn_extract_double
calls=1 33 
* 21
* 4
+4 1
796 3
+9 4
+1 3
cfn=(3032)
calls=1 91 
* 123
+2 2
-2 1
+2 5
fi=(342) ./stdio-common/../sysdeps/generic/get-rounding-mode.h
94 1
+1 7
fi=(343) ./stdio-common/../include/rounding-mode.h
-37 2
fe=(331)
935 2
+45 3
+3 2
+4 1
+9 1
-5 2
+5 1
-9 2
+19 2
fi=(300)
163 2
fe=(331)
1009 3
+13 4
cfi=(299)
cfn=(2578)
calls=1 27 
* 53
+2 2
+4 2
385 3
cfi=(335) ./stdlib/./stdlib/cmp.c
cfn=(3022) __mpn_cmp
calls=1 31 
* 12
+3 1
-3 2
988 1
-1 2
+9 3
fi=(300)
163 2
fe=(331)
1001 2
fi=(343)
52 4
fe=(331)
830 2
+5 9
+5 9
+2 1
-2 1
+2 2
+2 1
+80 1
-80 1
+11 2
+80 1
-11 3
766 11
+3 2
cfn=(3032)
calls=1 91 
* 118
* 2
cfn=(3032)
calls=1 91 
* 108
* 2
-3 8
-78 1
+1 3
+12 1
-9 2
308 1
-2 1
+2 1
-2 1
+2 4
-3 2
cfi=(334) ./stdlib/../sysdeps/x86_64/lshift.S
cfn=(3020) __mpn_lshift
calls=1 28 
* 16
+4 2
-4 1
+4 7
+1 2
+1 5
1003 2
439 3
+19 2
cfi=(337)
cfn=(3026)
calls=1 28 
* 18
+3 3
-1 1
+1 3
cfi=(337)
cfn=(3026)
calls=1 28 
* 18
+2 5
694 1
+2 2
+42 2
-44 7
994 4
+2 3
442 5
-3 2
834 2

fn=(3012)
1099 12
+3 1
-3 3
+3 2
+13 3
cob=(4)
cfi=(192)
cfn=(898)
calls=1 0 
* 16
* 2
+1 5
+31 11
fi=(332) ./stdio-common/../include/../locale/localeinfo.h
330 2
fe=(331)
1111 1
fi=(332)
330 1
fe=(331)
1112 2
+5 2
+5 7
cfn=(3016)
calls=1 138 
* 1816
+4 1

fl=(241)
fn=(1556)
27 17
+1 68
+2 17

fl=(267)
fn=(2376)
31 4
+3 8
-3 16
+13 4
+6 4
cob=(4)
cfi=(192)
cfn=(1978)
calls=4 -50 
* 508
+2 4
+1 8
-1 4
cfi=(254) ./io/../sysdeps/unix/sysv/linux/close_nocancel.c
cfn=(1968) __close_nocancel
calls=4 -27 
* 24

fl=(319)
fn=(2762)
29 8
+1 32
+7 8

fl=(338)
fn=(3028)
27 1
+1 9
+7 1

fl=(118)
fn=(384)
29 1
fi=(360)
+7 5
fe=(118)
-7 1

fl=(220)
fn=(900)
52 2323170
+13 2323170
+1 2323170
+1 2323170
+3 2323170
+2 2323170
+1 2323170
+3 2323011
+1 2323011
+8 2323011
+1 2323011
+1 2262856
+5 4525712
+26 60204
+13 60204
+1 60204
+1 60204
+6 120408
+4 5
+13 5
+1 5
+1 5
+6 10
+57 60155
+15 60155
+6 60155
+1 60155
+1 60155
-8 54
+6 54
+1 54
+1 54
+2 5
+1 5
+1 5
+1 5
511 159
+1 159
+1 159
+3 159
+15 159
+1 159
+1 105
+7 210

fl=(280) ./nptl/./nptl/pthread_getattr_default_np.c
fn=(2506) pthread_getattr_default_np@@GLIBC_2.34
24 24
+1 16
-1 16
+1 16
+1 24
cfi=(281) ./nptl/./nptl/pthread_attr_copy.c
cfn=(2508) __pthread_attr_copy
calls=8 -1 
* 280
* 8
+1 32
+2 24

fl=(351) ./io/../sysdeps/unix/sysv/linux/write.c
fn=(3158) write
25 2
+1 4
-1 1
+1 3
cfi=(250)
cfn=(1902)
calls=1 +48 
* 53
+1 2

fl=(85)
fn=(306)
86 1
fi=(86) ./string/../sysdeps/x86/cacheinfo.h
-24 1
+3 3
+2 1
+1 1
-1 2
+7 3
+2 1
+1 1
-1 2
+5 2
+3 2
+2 2
+1 2
+1 2
+2 2
fe=(85)
-4 2

fl=(222)
fn=(1170)
67 70
-26 20
+2 80
+1 20
cfn=(1172) __new_exitfn
calls=10 +36 
* 327
+2 20
+6 10
+5 10
-3 10
+1 10
-3 10
+4 10
-4 10
+1 10
+4 40
+1 10
+11 60

fn=(1172)
80 10
+6 20
-6 40
+11 10
-10 10
+10 40
+2 20
+1 36
-1 20
-2 1
+10 1
-10 3
+13 18
+25 9
+1 18
-1 18
+7 9
+5 9
-4 9
+4 18
-5 1
+5 1
-4 1
+4 2
-18 1
-1 1
+12 1

fl=(341)
fn=(3036)
31 9
+1 9
+3 9
+1 9
+1 9
+1 9
+1 9
+2 9
+1 9
+2 9
+1 9
+1 9
+1 9
+1 9
+2 9
+1 9
+1 9
+1 9
+69 9
+2 9
+3 9

fl=(135)
fn=(432)
29 1
fi=(97)
+27 3
+1 2
+3 3
+14 2
+3 2
+8 2
+8 2
+3 5
fe=(135)

fl=(316)
fn=(2756)
131 40
+1 8
cfi=(317) ./resolv/./resolv/resolv_context.c
cfn=(2758) __resolv_context_freeres
calls=8 242 
* 176
+2 40
+8 32

fl=(98)
fn=(334)
29 2
fi=(97)
+27 6
+1 4
+3 6
+14 4
+3 4
+8 4
+8 4
+3 10
fe=(98)

fl=(126)
fn=(404)
31 2
fi=(127) ./wcsmbs/../sysdeps/x86_64/multiarch/ifunc-wmemset.h
+5 10
+1 6
+3 4
+8 6
+3 8
fe=(126)
-20 2

fl=(143)
fn=(458)
31 1
fi=(116) ./string/../sysdeps/x86_64/multiarch/ifunc-strcasecmp.h
+5 1
+1 4
fe=(143)
-6 2
fi=(116)
+7 3
+4 4
+3 3
+3 4
fe=(143)

fl=(252)
fn=(2576)
53 18
+2 18
+1 18
+1 18
+1 18
+1 18
+3 18
+1 18
+4 18
+1 18
+1 18
+1 18
+1 18
+1 18
+1 18
+1 18
+13 18
+2 36

fn=(1908)
53 40063
+2 40063
+1 40063
+1 40063
+1 40063
+1 40063
+3 40063
+1 40063
+4 40063
+1 40063
+1 40063
+1 40063
+1 40063
+1 40063
+1 40063
+1 40063
+3 40063
+8 40063
+8 40063
+1 80126

fl=(209)
fn=(748)
198 891127
+1 1782254
+5 891127
+1 891127
+1 891118
+1 891118
+1 891118
+2 2
+1 2
+1 4
+9 10022
+1 10022
+2 20044
+5 891116
+1 891116
+6 891050
+1 891050
+12 891050
+3 891050
+1 891050
+12 881028
+1 881028
+13 881028
+1 881028
+2 881028
+3 871014
+3 871014
+3 871014
+1 871014
+1 871014
+1 871014
+1 871014
+1 871014
+1 871014
-6 8119284
+1 8119284
+1 8119284
+1 8119284
+1 8119284
+1 8119284
+1 8990298
+3 871014
+1 871014
+1 871014
+1 871014
+3 1742028
-6 10014
+1 10014
+1 10014
+1 10014
+3 20028
+15 66
+1 66
+1 65
+1 65
+1 65
+1 1311717
+5 65
+2 130
+8 9
+9 9
+1 9
+5 8
+1 8
+25 1
+1 1
+1 1
+9 8
+1 8
+5 8
+38 1
+1 1
+2 1
+1 1
+3 1
+1 1
+1 1
+1 1
+1 1
+1 1
+1 1
-6 18540
+1 18540
+1 18540
+1 18540
+1 18540
+1 18540
+1 18540
+1 1
+1 1
+1 1
+1 1
+1 1
+1 2

fl=(340)
fn=(3034)
45 108
+3 18
233 81
61 9
+1 9
-16 9
+18 18
+7 45
fi=(364) ./stdlib/../sysdeps/x86/gmp-arch.h
-42 6
fe=(340)
+42 12
fi=(364)
-42 12
fe=(340)
+42 12
+4 18
+3 9
+2 9
-13 1
-1 1
+1 1

fl=(307) ./io/../sysdeps/unix/sysv/linux/readlink.c
fn=(2692) readlink
28 125
+2 1000
+4 125

fl=(299)
fn=(2578)
27 27
+1 81
-1 189
+4 88
+2 34
+3 17
fi=(336)
-7 17
fe=(299)
+8 34
fi=(336)
-8 17
fe=(299)
+12 17
fi=(336)
-12 17
cob=(4)
cfi=(192)
cfn=(2580)
calls=17 -29 
* 279
fe=(299)
+11 51
-9 34
+2 51
+11 162

fl=(312)
fn=(2748)
148 36
+1 9
-1 9
+1 27
+16 36

fl=(233)
fn=(1416)
31 9
+2 9
+9 9
+1 18
+1 9
+4 9
+1 9
+1 9
+1 9
+1 9
+2 18
+2 9
+1 9
+1 9
+2 18
+2 9
+5 9
+1 9
+17 9
cfi=(234) ./setjmp/./setjmp/sigjmp.c
cfn=(1418) __sigjmp_save
calls=9 -57 
* 54

fl=(219)
fn=(896)
26 80
+7 10
-7 30
+3 10
cob=(4)
cfi=(192)
cfn=(898)
calls=10 -29 
* 160
* 10
+3 30
+1 10
+7 48
+1 96
-8 48
+2 96
cob=(4)
cfi=(192)
cfn=(898)
calls=48 -35 
* 768
* 20
cob=(4)
cfi=(192)
cfn=(898)
calls=10 -35 
* 160
* 58
+2 312
cob=(4)
cfi=(192)
cfn=(902)
calls=49 -37 
* 1146
* 98
+8 20
+1 10
+1 80

fl=(223)
fn=(1214)
28 1
+1 5
cfi=(224)
cfn=(1216)
calls=1 -4 
* 1118

fl=(335)
fn=(3022)
31 1
+4 2
+2 1
+1 1
+1 2
+8 5

fl=(281)
fn=(2508)
25 40
+4 16
-4 24
+4 40
+9 8
-9 8
+3 8
+6 16
+23 16
+1 8
-1 48
+2 48

fl=(288)
fn=(2538)
52 8
+2 8
+1 8
+1 8
+3 8
+1 8
+3 8
+2 8
+4 8
+3 8
+1 8
+1 8
+1 8
+1 8
+5 8
+2 14
+1 14
+1 14
+2 8
+8 6
+3 6
+1 6
+1 6
cfi=(277)
cfn=(2564) start_thread
calls=6 339 
* 5700309402

fl=(318)
fn=(2760)
24 40
+1 8
+1 16
cob=(4)
cfi=(192)
cfn=(1978)
calls=8 -26 
* 48
+1 8
+1 16
-1 8
cob=(4)
cfi=(192)
cfn=(1978)
calls=8 -27 
* 48

fl=(352)
fn=(3256)
27 3

fl=(200)
fn=(670)
30 1
+1 5
-1 1
+3 1
-3 3
+3 3
cob=(4)
cfi=(192)
cfn=(672)
calls=1 -33 
* 35
+4 1
+1 1
-1 5
+1 3
+2 2

fl=(224)
fn=(1216)
25 30
+4 3
+13 6
+1 12
+3 6
cob=(4)
cfi=(192)
cfn=(898)
calls=3 -46 
* 48
* 3
+1 276
+2 273
+1 546
-1 3
+1 6
+5 819
+1 68
cob=(4)
cfi=(192)
cfn=(1218)
calls=17 -56 
* 459
* 34
+13 9
+85 3
44 3
154 21

fl=(87)
fn=(310)
31 2
fi=(88)
+7 6
+2 8
+1 4
+1 6
+4 8
+3 6
+3 10
fe=(87)

fl=(120)
fn=(388)
29 1
fi=(121) ./string/../sysdeps/x86_64/multiarch/ifunc-strcpy.h
+9 2
+1 1
-1 2
+1 2
+4 4
+3 3
+3 3
fe=(120)
-20 1

fl=(247)
fn=(1966) _IO_file_close
1225 40063
+3 80126
cfi=(254)
cfn=(1968)
calls=40063 25 
* 240378

fn=(1974)
202 40063
+1 80126
+6 80126
cfi=(246)
cfn=(1976) _IO_default_finish
calls=40063 628 
* 801260

fn=(3156) _IO_file_write@@GLIBC_2.2.5
1234 8
+2 4
-1 2
+6 1
cfi=(351)
cfn=(3158)
calls=1 25 
* 65
+1 2
+6 1
-1 1
+2 1
-13 2
+4 3
+1 2
+11 3
+3 6
-4 3

fn=(2884) _IO_do_write@@GLIBC_2.2.5
458 2
+2 6
+1 1
-3 2
fi=(255)
1037 1
fe=(247)
458 6
+10 2
+7 4
+8 1
fi=(255)
1037 2
+1 2
fe=(247)
483 5
cfn=(3156)
calls=1 1234 
* 104
+1 1
-1 1
+1 3
+2 1
+4 2
-3 2
-1 2
+4 3
-30 2
+28 1
-28 2
+1 5
+28 3

fn=(3252) _IO_file_setbuf@@GLIBC_2.2.5
416 6
+1 1
cfi=(246)
cfn=(3254) _IO_default_setbuf
calls=1 +61 
* 69
* 2
+3 1
+4 2
-2 3
+3 3

fn=(1896) _IO_file_fopen@@GLIBC_2.2.5
247 480756
+9 80126
+2 200315
+23 560882
391 480756
281 280441
+34 200315
cfn=(1898) _IO_file_open
calls=40063 -99 
* 5328271
* 40063
+3 80126
+3 120189
cfi=(251)
cfn=(1904)
calls=40063 77 
* 2363717
+1 80126
-60 40063
-1 40063
-13 80126
+33 240378

fn=(3154)
827 66
+5 44
+1 3
+1 22
+1 22
+5 22
+11 22
+4 33
-22 2
cfn=(2884)
calls=1 458 
* 161
* 2

fn=(1962)
129 280441
+2 120189
+3 160252
+1 80126
+2 80126
+14 80126
+1 120189
-22 40063
+43 40063
+2 40063
-2 40063
cfi=(246)
cfn=(1964) _IO_unsave_markers
calls=40063 977 
* 240378
+3 120189
fi=(255)
1037 120189
+1 80126
fe=(247)
176 80126
cfn=(1966)
calls=40063 1225 
* 360567
* 40063
+3 120189
+8 200315
cfi=(246)
cfn=(1970) _IO_setb
calls=40063 355 
* 761197
+1 40063
+3 40063
-3 120189
+3 40063
cfi=(246)
cfn=(1958)
calls=40063 67 
* 160252
+5 40063
-4 40063
+1 40063
+3 40063
-2 40063
+3 280441
-45 160252

fn=(2872) _IO_file_xsputn@@GLIBC_2.2.5
1259 24
+7 4
-7 8
+6 12
+7 4
+2 4
-2 16
+17 12
+1 6
+5 3
+2 6
-2 3
+2 6
cob=(4)
cfi=(192)
cfn=(2688)
calls=3 0 
* 49
+1 3
+1 6
-2 3
+1 3
+1 3
+2 6
+28 28
-68 1
+44 1
fi=(255)
1037 3
+1 3
fe=(247)
1305 3
cfn=(2876) _IO_file_overflow@@GLIBC_2.2.5
calls=1 766 
* 445
* 3
+6 2
+1 4
+2 1
-2 1
+2 2
+11 2
+1 5
cfi=(246)
cfn=(2886) _IO_default_xsputn
calls=1 397 
* 66
+2 3

fn=(2876)
766 1
+1 3
-1 5
+8 3
+3 2
+12 2
+9 3
+5 1
-1 1
+4 1
-3 2
+2 2
-5 1
+1 1
+4 1
+1 2
-7 1
+10 2
+13 1
-11 1
+11 1
-12 1
cfn=(2884)
calls=1 458 
* 5
-4 2
-27 2
cfi=(246)
cfn=(2878) _IO_doallocbuf
calls=1 369 
* 390
+1 2
+9 1
-9 5

fn=(1888) _IO_new_file_init_internal
107 240378
+5 40063
-1 40063
+3 40063
cfi=(246)
cfn=(1890) _IO_link_in
calls=40063 -5 
* 4727383
+1 40063
+1 120189

fn=(2882) _IO_file_stat
1207 1
+1 2
cfi=(264)
cfn=(2366)
calls=1 30 
* 6

fn=(1898)
216 440693
+2 40063
+1 80126
-1 40063
+4 40063
cfi=(249)
cfn=(1900)
calls=40063 30 
* 3285058
* 40063
+1 80126
+3 80126
+3 40063
-4 40063
+1 120189
+3 40063
-3 40063
+3 40063
+10 80126
cfi=(246)
cfn=(1890)
calls=40063 109 
* 560882
+2 40063
-1 40063
+1 160252

fl=(311)
fn=(2716)
28 180152
+1 360304
cfi=(238)
cfn=(1494)
calls=90076 146 
* 720608

fl=(333)
fn=(3018)
33 1
+2 1
-2 1
+4 3
+1 5
+9 2
+9 1
-9 1
+9 2
+47 1
+4 1
-4 1
+4 1

fl=(195)
fn=(1566) _int_realloc
4559 4
+11 12
+8 2
+2 1
+1 3
+1 4
+4 2
+14 1
+53 2
-53 2
+57 1
-57 1
+57 2
-2 2
+19 1
+1 4
-9 1
-4 1
+3 1
+5 1
-4 1
-1 1
+5 1
-4 1
+4 1
-1 1
+1 3
cfn=(1568) _int_free_chunk
calls=1 4351 
* 123
* 1

fn=(2520)
3739 4
+3 16
1269 8
+19 4
3751 4
1288 12
3751 8
+2 12
+2 8
+25 8
cfn=(2522) __libc_calloc2
calls=4 3645 
* 1150
-23 24

fn=(1232)
3283 12283159
1269 24566318
+19 12283159
3287 12283159
1288 36839463
3287 24546290
+2 36577977
+2 24385318
+2 73216038
3030 23926318
+4 47852636
+4 11963159
+1 11963159
3294 11963159
-7 20028
+19 320000
cfn=(1234) __libc_malloc2
calls=320000 -59 
* 57550868
-17 20028

fn=(1234)
3247 1920054
+4 640018
+8 1733712
+2 650130
cfn=(1236) _int_malloc
calls=216710 3790 
* 33773441
+3 433420
+8 866840
+4 650154
fi=(194)
151 650154
fe=(195)
3276 186676
fi=(194)
145 186676
+6 186676
fe=(195)
3276 433436
-17 16
cfi=(194)
cfn=(2598) arena_get2
calls=8 818 
* 4122
+2 16
-2 8
+2 8
cfn=(1236)
calls=8 3790 
* 2070
+3 16
+7 16
+5 16
+3 1600045
-26 309873
cfn=(1236)
calls=103291 3790 
* 12602882
+1 516455
fi=(194)
151 206578
fe=(195)
3272 32

fn=(1562)
3380 2
+7 2
-7 9
+11 2
4837 1
+1 1
-1 1
+1 1
-1 2
+2 3
3425 1
-22 1
+22 5
+4 2
1288 6
3436 2
fi=(194)
151 3
fe=(195)
3469 2
4840 1
3411 2
+2 2
+1 2
+87 9
-30 4
cfn=(1566)
calls=1 4559 
* 181
* 1
+1 5
fi=(194)
151 3
fe=(195)
3472 2

fn=(1648)
3319 12283245
+3 24566490
+15 24566314
-4 36849471
+8 36849471
+6 36608022
+6 12202674
-3 24405348
+3 12202674
-3 12202674
+1 24405348
+2 36608022
3007 11899518
+8 11899518
-12 11899518
+4 35698554
+1 11899518
+7 11899518
3354 11899518
+10 909468
-34 383630
+40 767260
fi=(194)
151 1150890
-6 500718
+6 250359
fe=(195)
3374 751077
cfn=(1568)
calls=250359 4351 
* 33392189
* 399813
cfn=(1568)
calls=133271 4351 
* 19192036
-36 88
+27 9
cfn=(1650) tcache_free_init
calls=9 -53 
* 4238

fn=(1649) free'2
3319 9
+3 18
+15 18
-4 27
+8 27
+6 27
+6 9
-3 18
+3 9
-3 9
+1 18
+2 27
3007 9
+8 9
-12 9
+4 27
+1 9
+7 9
3354 9

fn=(1244) alloc_perturb
1887 100248
+1 300744
+2 100248

fn=(1570) _int_free_merge_chunk
4407 3072032
+7 1920020
-6 384004
+9 1152012
+5 1152012
+4 768008
-1 768008
+1 768008
1895 1152012
4433 768008
+2 121343
+2 121343
+1 485372
+2 121343
-4 121343
+4 121343
cfn=(2100) unlink_chunk.isra.0
calls=121343 1592 
* 2605145
+18 768008
+6 667832
+4 233862
+4 667832
+9 113334
-1 113334
+2 226668
+2 340002
+7 441164
+1 882328
+1 220582
+2 441164
+3 1323492
+4 220582
-1 220582
+2 220582
+1 220582
+2 661746
+1 220582
-61 220582
-1 441164
+1 1323492
-1 220582
cfn=(1572) _int_free_maybe_trim
calls=220582 +83 
* 5293968
+57 113334
-1 113334
+2 113334
+1 113334
+2 340002
+1 113334
-61 113334
-1 226668
+1 680004
-1 113334
cfn=(1572)
calls=113334 +83 
* 3044796
+1 50088
-1 100176
+1 300528
-1 50088
cfn=(1572)
calls=50088 +83 
* 2204870
+70 50088
+1 150264
+1 100176
-52 100054
+1 100054
-1 100054
cfn=(2100)
calls=100054 1592 
* 2033038
+1 100054
-49 315795

fn=(1236)
3790 2560104
+32 640026
1288 1910086
3831 620042
+16 620042
+54 402440
+18 308723
-1 308723
+12 617446
-11 617446
-1 926169
+12 617446
-6 182645
+5 182645
-7 182645
+2 365290
+9 365290
+3 365290
-3 5904
+3 5904
+1 556791
-3 185597
+5 185597
+1 742388
+2 742388
-10 185597
+12 371194
+1 371194
+2 371194
+11 658752
+29 52456
+1 52456
+4 104912
+31 84902
+8 196556
+1 20501
+1 20501
-1 20501
+4 41002
-4 8137
+1 8137
-1 8137
+4 16274
+5 372
-2 93
+3 186
+6 102
+3 136
+2 68
+33 68
+9 34
-9 136
+1 34
+1 34
+1 34
+1 34
+6 68
-10 103728
+9 51864
-9 207456
+1 51864
+1 51864
+1 51864
+1 51864
+6 103728
+1 1
+1 2
3053 23520
-27 23520
+27 23520
-27 23520
+4 47040
+4 94080
+4 23520
+1 23520
4113 23520
3831 39968
1288 9992
3850 9992
+2 9992
-2 9992
+2 19984
-2 229533
+2 229533
-2 229533
+2 459066
+2 11290
+1 22580
+2 11290
+1 11290
+1 11290
+2 45160
+1 11271
+5 33813
+1 22542
-1 57
+1 38
2919 22580
3872 33870
+4 282764
+1 150876
+2 128296
+2 64148
+1 64148
+1 128296
+1 64055
+1 64055
2999 64055
+16 64055
3886 64055
3003 128110
+4 256220
+1 64055
+7 64055
+32 64055
3885 93
2999 93
+16 93
3886 93
3003 186
+4 372
+1 93
+7 93
+32 22673
1888 11290
3893 11290
1888 22580
4340 2880117
3901 483474
-52 1377198
4105 155694
3930 226254
4111 289864
+13 175024
-2 350048
+2 140970
+3 70485
-3 70485
+3 140970
+1 120
+3 80
+3 1
-2 205
+6 80
+2 1
+1 2
+2 1
+1 2
-1 4
+1 1
cfn=(2100)
calls=1 1592 
* 31
-1 39
+1 78
-1 156
+1 39
cfn=(2100)
calls=39 1592 
* 1209
+3 240
+13 27
+1 54
+3 54
-8 27
+8 54
+1 27
+1 27
+1 54
4277 16710
+3 66840
+2 25065
+1 8355
1888 8355
4286 8355
1888 16710
4280 371744
+2 139404
+1 46468
1888 46468
4286 46468
1888 96413
4286 3477
1888 6954
3994 33523
+1 33523
-1 33523
+1 67046
+1 23333
2919 46666
3998 69999
2919 20380
3998 30570
+4 67046
+1 70560
3003 23520
3981 23520
3015 23520
4006 23520
3003 23520
+4 94080
+1 23520
+7 23520
4007 23520
+24 35411
1888 30009
4083 28545
-51 28545
+51 95638
-70 20006
-54 286842
+2 133141
-1 266282
+27 32965
+1 32965
+4 65930
+31 47235
+2 18894
+1 28341
+1 9447
-1 9447
+1 9447
-2 27626
+1 41439
+1 13813
-1 13813
+1 13813
+4 38575
+26 177
+3 1
+1 3
-3 120
+6 59
+7 27
-1 108
+2 54
+2 27
+1 81
+2 27
+1 54
-1 32
+1 64
-47 1613
+36 64
-36 140
4195 174984
+1 174984
+1 174984
-1 174984
+1 174984
+1 349968
+1 524952
+5 750475
+16 179960
+2 359920
-4 545162
+8 92621
+3 185242
+2 34361
+1 34361
+1 34361
-2 137444
-27 34361
+4 367320
+3 289212
-3 201189
+3 238100
-3 177822
+3 237056
-3 118078
4308 233448
+1 350172
+2 233448
+3 466896
+5 116652
-2 116652
+2 233304
-2 116652
+7 116652
-8 116652
+3 116652
+2 116652
-3 116652
+1 466608
+2 116652
1888 349956
2324 72
+12 72
-12 144
+12 72
+1 6
+3 8
+8 14
cfn=(2186) sysmalloc_mmap
calls=2 2244 
* 240
* 2
+1 4
4336 216
cfn=(1244)
calls=72 1887 
* 360
* 72
4208 5716
+5 22864
+1 11432
+24 116520
+3 116520
+2 58260
+3 116520
-3 233040
+3 58260
cfn=(2100)
calls=58260 1592 
* 1266234
+3 349560
+15 54796
+1 109592
+3 109592
-9 54796
+9 109592
+1 54796
+1 54796
+3 109592
+1 42011
+1 117934
2325 70
+36 280
+1 70
-1 70
+1 70
+9 694
+6 207
+3 280
fi=(194)
145 23
fe=(195)
2388 69
fi=(194)
145 23
fe=(195)
2388 46
fi=(194)
473 23
fe=(195)
2387 23
fi=(194)
477 46
fe=(195)
2387 23
fi=(194)
477 23
+1 23
+1 46
+3 69
+12 69
+3 23
+1 23
fe=(195)
2391 69
+1 23
-1 23
+1 115
2698 210
+1 70
+4 70
+1 140
+3 140
+5 140
-2 70
+2 70
-3 70
+2 70
+4 70
-3 70
+1 70
-1 210
+1 70
4335 70
-83 3477
-1 3477
+1 6954
+1 406
2441 94
+8 94
+1 47
+10 94
+7 188
+8 94
+19 3
+2 3
+10 6
cfi=(260)
cfn=(2190)
calls=1 60 
* 14
+5 1
+8 2
-8 1
+8 1
-8 1
+8 1
+2 1
-6 1
+6 1
+2 1
+6 1
-6 2
+9 6
+40 1
-12 1
+12 2
+19 1
+4 1
-1 2
+1 6
+2 2
+1 4
cfi=(226) ./malloc/./malloc/morecore.c
cfn=(1238) __glibc_morecore
calls=1 25 
* 26
+12 3
-12 1
+12 1
1912 2
2650 1
+3 1
-1 1
+1 4
+12 1
-11 1
+11 2
-12 1
-1 1
+1 4
+12 1
-11 1
+11 2
+7 1
+1 1
-1 1
+1 3
+8 1
+2 1
+5 2
3965 100176
-1 200352
+3 100176
-1 100176
+1 200352
+1 300528
+1 200352
+2 185544
+4 92772
+6 92772
-6 649404
+2 278316
+5 92772
-4 92772
+4 185544
cfn=(1244)
calls=92772 1887 
* 463860
-7 7404
+6 7404
-6 51828
+2 22212
+5 7404
-4 7404
+4 14808
cfn=(1244)
calls=7404 1887 
* 37020
+1 100176
2283 2
+6 3
-6 2
+6 2
-6 1
+3 3
+3 4
cfi=(259) ./misc/../sysdeps/unix/sysv/linux/mmap64.c
cfn=(2188) mmap
calls=1 47 
* 26
+3 3
-3 1
+3 1
1912 2
2477 188
cfi=(226)
cfn=(1238)
calls=47 25 
* 2090
+1 141
-1 47
+1 47
1912 92
2480 47
+3 94
+38 183
+2 90
+6 45
-6 45
+6 135
-6 2
+6 1
-6 1
+6 93
+1 270
fi=(194)
485 23
-1 69
+1 46
-1 23
cfi=(261)
cfn=(2602)
calls=23 117 
* 138
* 92
+5 46
fe=(195)
2624 2
-65 1
+84 2
2522 2
1921 2

fn=(1572)
4528 4224044
+3 768008
+2 318048
+11 53102
fi=(194)
145 106204
fe=(195)
4546 106204
+1 106204
fi=(194)
544 212408
fe=(195)
4536 158440
+14 4223824
fi=(194)
584 53102
+1 106204
fe=(195)
4537 80
+13 140
-13 20
cfn=(1574) systrim.constprop.0
calls=20 2743 
* 1398
fi=(194)
584 106204
fe=(195)

fn=(1650)
3312 9
2941 9
3312 18
2941 9
3312 18
2941 9
3210 18
+8 18
cfn=(1234)
calls=9 +29 
* 2672
* 27
+2 18
fi=(242) ./malloc/../string/bits/string_fortified.h
59 936
fe=(195)
3228 18
+1 117
+85 9
+1 27
-1 9
cfn=(1649)
calls=9 +5 
* 297

fn=(2100)
1592 279697
+2 839091
-2 279697
+2 559394
+3 279697
+3 559394
-2 279697
+2 559394
+3 279697
+1 279697
+1 893381
+2 57206
+1 85809
+3 57206
+14 28603
+1 28603
+3 559394

fn=(2186)
2244 2
+4 8
-4 6
+4 2
-4 2
+2 4
+2 2
-4 2
+2 2
+2 2
-4 2
+4 2
cfi=(259)
cfn=(2188)
calls=2 47 
* 52
* 2
+3 4
+2 4
1448 2
+1 2
2261 2
1449 4
2261 6
+1 10
+3 6
+1 10
+4 2
+1 14
1912 4
2256 8
cfi=(260)
cfn=(2190)
calls=2 60 
* 68
1448 4

fn=(1574)
2743 60
+2 20
+1 40
+4 19
+1 19
-1 38
+3 76
+2 38
-8 12
+48 12
-61 8
+28 8
-28 16
+28 24
cfi=(226)
cfn=(1238)
calls=8 25 
* 208
* 8
+1 32
+12 32
cfi=(226)
cfn=(1238)
calls=8 25 
* 376
+1 16
cfi=(226)
cfn=(1238)
calls=8 25 
* 208
+2 16
+2 16
+4 32
+4 16
-1 8
+1 16
+2 8
+5 16

fn=(2316) munmap_chunk
2799 2
+3 2
-3 2
+3 4
1426 2
+7 2
+7 2
2804 2
1426 2
+7 2
+7 2
2800 2
1440 2
2812 8
+1 2
-1 2
+1 8
+3 2
+1 6
+6 2
-1 4
cfi=(261)
cfn=(2318)
calls=2 117 
* 12

fn=(2522)
3645 32
+7 8
+32 12
cfn=(1236)
calls=4 3790 
* 698
* 4
+2 24
+13 16
+15 4
-28 4
+31 16
+9 4
-12 4
+12 8
+3 20
+4 4
fi=(365) ./malloc/../sysdeps/generic/calloc-clear-memory.h
25 8
+2 8
fe=(195)
3655 32
+7 4
+8 4
-7 8
+7 8
+16 4
fi=(194)
151 8
fe=(195)
3686 12
+3 8
+46 4
fi=(242)
59 8
fe=(195)
3735 20
fi=(242)
59 4
cob=(4)
cfi=(192)
cfn=(2524)
calls=4 -59 
* 152
fe=(195)

fn=(1568)
4351 1534556
+8 383639
-3 383639
+3 383639
-3 767278
+6 767274
+6 53133
cfn=(1570)
calls=53133 +39 
* 6320794
+5 106266
+27 159399
-14 6
+10 4
cfn=(2316)
calls=2 2799 
* 74
-23 661012
+27 991518
-12 8
+2 2
+1 2
-1 2
+1 2
+1 4
-27 661008
+1 1322016
+2 661008
cfn=(1570)
calls=330504 +39 
* 35776732
* 330504
+3 1322016

fl=(306)
fn=(2686)
428 160
fi=(310) ./stdlib/../include/scratch_buffer.h
77 32
fe=(306)
428 64
fi=(310)
77 32
fe=(306)
428 96
fi=(310)
77 128
+1 64
-1 32
+1 32
-1 32
fe=(306)
197 64
+10 128
+16 32
-8 32
+8 64
fi=(310)
85 288
fe=(306)
438 384
243 160
+14 32
+1 32
-1 157
+1 93
-1 186
+4 12251
+7 375
+2 250
+2 250
+13 250
+1 186
+2 93
+1 93
-1 186
+1 186
-1 32
+1 32
-1 64
+1 64
-35 32
380 128
+8 64
+1 64
+22 64
cfi=(308) ./string/./string/strdup.c
cfn=(2694) strdup
calls=32 40 
* 4008
* 64
298 625
cob=(4)
cfi=(192)
cfn=(2688)
calls=125 0 
* 2249
+1 125
-1 125
+1 250
+8 125
-2 125
+2 625
cfi=(307)
cfn=(2692)
calls=125 28 
* 1250
+1 250
+5 500
120 468
+4 93
+1 93
-1 93
+1 186
+2 372
374 625
254 500
+3 837
+88 192

fl=(325) ./libio/./libio/filedoalloc.c
fn=(2880) _IO_file_doallocate
68 6
+6 1
-6 3
+6 3
fi=(255)
1037 3
+1 2
fe=(325)
74 3
cfi=(247)
cfn=(2882)
calls=1 1207 
* 9
* 2
+2 4
+11 4
+4 2
cob=(4)
cfi=(192)
cfn=(1558)
calls=1 -91 
* 290
+1 2
+2 5
cfi=(246)
cfn=(1970)
calls=1 355 
* 19
+1 1
+1 8

fl=(99)
fn=(338)
29 1
fi=(88)
+9 3
+2 4
+1 2
+1 3
+4 4
+3 3
+3 5
fe=(99)

fl=(128)
fn=(408)
29 1
fi=(121)
+9 2
+1 1
-1 2
+1 2
+4 4
+3 3
+3 3
fe=(128)
-20 1

fl=(218) ./iconv/./iconv/gconv_simple.c
fn=(884) __gconv_btwoc_ascii
49 128
+2 512
+3 128

fl=(315)
fn=(2754)
20 40
+1 16
+2 16
+15 24

fl=(122)
fn=(392)
31 1
fi=(116)
+5 1
+1 4
fe=(122)
-6 2
fi=(116)
+7 3
+4 4
+3 3
+3 4
fe=(122)

fl=(129)
fn=(412)
31 1
fi=(116)
+5 1
+1 4
fe=(129)
-6 2
fi=(116)
+7 3
+4 4
+3 3
+3 4
fe=(129)

fl=(136)
fn=(436)
33 1
fi=(121)
+5 2
+1 1
-1 2
+1 2
+4 4
+3 3
+3 3
fe=(136)
-16 1

fl=(212)
fn=(792)
43 13
+12 2
277 12
63 2
+3 1
-10 1
+10 2
+7 2
+2 1
-2 2

fl=(216)
fn=(880)
32 1280
+5 2304
+5 512
+4 384
fi=(366) ./wcsmbs/./wcsmbsload.h
+23 128
+1 384
fe=(216)
-23 256
+1 256
+4 512
+3 640
cfi=(217) ./elf/./elf/libc-dl-profstub.c
cfn=(882) _dl_mcount_wrapper_check
calls=128 -15 
* 640
* 896
+39 256
-39 128
cfi=(218)
cfn=(884)
calls=128 -6 
* 768
+39 768

fl=(264)
fn=(2366)
30 7
+9 28
+33 7

fl=(225)
fn=(1220)
206 17
+24 17
+5 17
+14 17
+25 17
+1 17
+1 17
+2 17
+1 17
+4 17
+4 17
+2 17
+2 17
+3 17
+2 17
+1 17
+11 17
+10 17
+1 17
+3 17
+4 34
+5 17
+1 17
+1 17

fl=(269)
fn=(2444)
120 15
+2 3

fl=(141)
fn=(450)
31 1
fi=(101)
+8 2
+1 4
+1 3
+4 2
+3 4
fe=(141)
-17 2

fl=(196) ???
fn=(636) __popcountdi2
0 21

fl=(317)
fn=(2758)
242 72
+2 16
+1 8
+1 16
+6 64

fl=(137)
fn=(440)
29 2
fi=(103)
+27 6
+1 4
+3 6
+14 4
+3 4
+8 4
+8 4
+3 10
fe=(137)

fl=(282) ./nptl/./nptl/allocatestack.c
fn=(2566) name_stack_maps
675 80
+4 16
+4 16
-7 48
+1 32
+8 32
+4 8
+1 16
+3 24
cfi=(296) ./stdio-common/./stdio-common/snprintf.c
cfn=(2568) snprintf
calls=8 26 
* 3936
* 32
cfi=(260)
cfn=(2190)
calls=8 60 
* 112
+2 64
-9 24
+9 8
-9 24
+9 24
-9 8
cfi=(260)
cfn=(2190)
calls=8 60 
* 112
+7 32

fl=(313) ./nptl/./nptl/nptl_deallocate_tsd.c
fn=(2750) __nptl_deallocate_tsd
23 8
+5 16
+82 8

fl=(194)
fn=(2598)
818 48
705 16
-2 4
+4 8
-4 4
+4 8
+1 4
+1 8
+2 8
+3 8
+1 4
-97 8
723 4
+1 16
+1 4
864 32
719 12
827 4
+4 4
-4 8
+2 12
+23 12
-21 8
+23 12
454 4
637 8
455 12
+2 12
+7 28
cfn=(2600) alloc_new_heap
calls=4 -93 
* 514
639 8
464 4
639 4
+9 12
fi=(195)
1853 8
+3 4
-3 4
+3 8
-3 8
+3 504
-3 504
+3 1008
-3 1008
+7 12
+2 4
fe=(194)
655 4
+1 4
-4 4
-2 4
+6 4
+2 8
-6 4
+6 8
-6 4
+6 4
+2 8
-1 4
+1 8
+2 4
+1 4
+4 4
-4 4
+1 4
+3 4
-2 4
+2 8
+3 8
+7 4
-2 4
+2 12
+2 16
-61 8
+63 16
+12 16

fn=(2764)
891 16
fi=(195)
2934 8
fe=(194)
891 56
fi=(195)
3174 24
2941 8
-7 40
3184 8
fe=(194)
151 8
fi=(195)
4386 40
-24 734
+11 367
3186 2925
+3 734
+3 367
+2 367
fe=(194)
151 367
fi=(195)
3192 1101
+1 367
+2 1101
fe=(194)
151 734
-6 726
+6 363
fi=(195)
4359 726
-3 726
+3 8
-3 8
3184 1824
+15 8
fe=(194)
151 8
fi=(195)
3199 8
+1 24
fe=(194)
151 16
-6 16
+6 8
fi=(195)
3200 16
cfn=(1568)
calls=8 4351 
* 1187
* 8
fe=(194)
897 16
+1 8
+2 16
+2 32
+3 24
+1 24
+5 32
+2 64
fi=(195)
4366 1468
+2 734
cfn=(1570)
calls=367 +39 
* 48011
+2 367
+1 1468
fe=(194)
908 8
+1 8
-1 8
+1 8

fn=(632) __ptmalloc_init
251 2
fi=(367) ./malloc/../sysdeps/unix/sysv/linux/not-cancel.h
96 3
fe=(194)
251 4
fi=(367)
96 4
fi=(195)
2960 2
+14 1
+2 2
-1 1
cfi=(196)
cfn=(636)
calls=1 0 
* 21
+1 3
fe=(194)
275 2
+13 4
fi=(195)
1853 4
+3 1
-3 1
+3 2
-3 2
+3 126
-3 126
+3 252
-3 252
+11 1
fe=(194)
292 3
fi=(195)
1864 1
fe=(194)
292 1
cob=(4)
cfi=(192)
cfn=(628)
calls=1 0 
* 19
+1 4
cob=(4)
cfi=(192)
cfn=(628)
calls=1 0 
* 20
+1 4
cob=(4)
cfi=(192)
cfn=(628)
calls=1 0 
* 19
+1 4
cob=(4)
cfi=(192)
cfn=(628)
calls=1 0 
* 19
+1 4
cob=(4)
cfi=(192)
cfn=(628)
calls=1 0 
* 20
+1 4
cob=(4)
cfi=(192)
cfn=(628)
calls=1 0 
* 19
+1 4
cob=(4)
cfi=(192)
cfn=(628)
calls=1 0 
* 19
+2 4
cob=(4)
cfi=(192)
cfn=(628)
calls=1 0 
* 19
+1 4
cob=(4)
cfi=(192)
cfn=(628)
calls=1 0 
* 19
+1 4
cob=(4)
cfi=(192)
cfn=(628)
calls=1 0 
* 19
+3 4
cob=(4)
cfi=(192)
cfn=(628)
calls=1 0 
* 19
+2 4
+10 8
fi=(195)
2974 2
fe=(194)

fn=(2600)
371 32
49 8
+1 12
378 12
+2 8
+1 4
+12 4
+2 12
-2 8
+2 5
cfi=(259)
cfn=(2188)
calls=1 47 
* 21
+1 1
-1 1
+2 5
-11 8
+46 8
-46 8
+46 8
cfi=(261)
cfn=(2602)
calls=4 117 
* 24
* 12
+7 24
cfi=(260)
cfn=(2190)
calls=4 60 
* 56
fi=(195)
1912 8
fe=(194)
444 4
+2 4
-2 4
+3 4
+2 36
-44 21
cfi=(259)
cfn=(2188)
calls=3 47 
* 78
+1 6
+2 3
+1 3
+2 3
-3 3
+6 3
-3 6
+3 2
+1 8
cfi=(261)
cfn=(2318)
calls=2 117 
* 12
* 4
cfi=(261)
cfn=(2318)
calls=1 117 
* 6
* 3
-3 4
cfi=(261)
cfn=(2318)
calls=1 117 
* 6
* 2

fl=(217)
fn=(882)
40 128
+1 384
+1 128

fl=(210)
fn=(772)
136 460416
+3 460416
+1 920832
+4 920826
-8 6
+7 3
cfn=(774) __pthread_once_slow.isra.0
calls=3 -76 
* 3058
+1 9

fn=(774)
67 27
+9 3
+4 6
+52 24
-44 6
+4 6
+9 6
+13 42
cfi=(211) ./nptl/./nptl/cleanup_compat.c
cfn=(776) _pthread_cleanup_push@@GLIBC_2.34
calls=3 -89 
* 21
+2 6
cob=(7)
cfi=(206)
cfn=(2836) __once_proxy
calls=1 0 
* 944
cob=(7)
cfi=(206)
cfn=(734) 0x00000000000f29a0
calls=1 0 
* 5
cob=(7)
cfi=(206)
cfn=(778) 0x00000000000d9590
calls=1 0 
* 1905
+2 9
cfi=(211)
cfn=(794) _pthread_cleanup_pop@@GLIBC_2.34
calls=3 -78 
* 18
fi=(213) ./nptl/../sysdeps/nptl/futex-internal.h
+71 12
fe=(210)
-65 6
fi=(213)
+65 12
fe=(210)

fl=(326)
fn=(2904)
25 14
+3 6
+2 4
+1 14
fi=(255)
991 4
+1 8
fe=(326)
34 12
-4 28
fi=(255)
992 14
fe=(326)

fl=(107)
fn=(356)
29 2
fi=(108) ./debug/../sysdeps/x86_64/multiarch/ifunc-memset.h
+32 10
+3 6
+16 4
+4 8
+8 4
fe=(107)
-63 2
fi=(108)
+71 4
-48 2
+1 4
fe=(107)

fl=(266)
fn=(2372)
27 29
+3 87
+2 116
+1 29

fl=(250)
fn=(1902)
74 300520
-37 120208
+1 360576
+11 721104
cfi=(295)
cfn=(2562)
calls=60092 -18 
* 901380
+5 60092
-5 60092
+5 60092
+6 60092
+17 60092
-17 180276
-20 36
+39 120208
+1 180312

fn=(2560) __internal_syscall_cancel
30 15
+7 6
+1 18
+11 36
cfi=(295)
cfn=(2562)
calls=3 -18 
* 45
+5 6
+6 12
+4 6

fl=(123)
fn=(396)
31 1
fi=(88)
+7 3
+2 4
+1 2
+1 3
+4 4
+3 3
+3 5
fe=(123)

fl=(106)
fn=(354)
65 2
-23 4
+2 2
-1 8
+1 4
+4 8
+3 6
+3 6
+11 2

fl=(237)
fn=(1492)
28 640692
+1 1281384
cfi=(238)
cfn=(1494)
calls=320346 146 
* 2562774

fl=(257)
fn=(2038)
28 60096
+12 240384
+2 60096

fl=(275)
fn=(2486)
238 12
+54 4
-54 4
+19 4
-19 28
+26 8
+31 24
546 36
304 8
-3 4
+3 24
+2 8
+5 8
-1 4
+6 8
+4 8
+15 4
+10 4
-87 2
+87 4
+50 2
+56 10
-61 4
+3 2
+96 2
-99 2
+1 2
+86 2
-86 2
+87 2
-87 2
+3 4
-4 4
+3 2
+96 2
-99 2
+1 2
+86 2
-86 2
+87 2
-87 2
+3 4
+90 6
+5 6
+1 18
-41 12
+2 24
+2 30
+7 8
+17 8
+4 18
+3 12
+11 8
+5 12
+1 4
+23 20
-11 8
342 4
-20 4
+5 8
+15 4
+3 8
-87 2
395 4

fl=(305)
fn=(2652)
45 40068
+1 160272
+1 20034

fl=(188) ./ctype/./ctype/ctype-info.c
fn=(620) __ctype_init
37 9
+2 63
+2 36
+2 9
-1 9
+1 9
-1 9
+2 9

fl=(100)
fn=(342)
31 1
fi=(101)
+8 2
+1 4
+1 3
+4 2
+3 4
fe=(100)
-17 2

fl=(215)
fn=(874)
30 896
+9 384
+6 128
-1 256
+35 768

fl=(91)
fn=(318)
30 1
fi=(92) ./wcsmbs/../sysdeps/x86_64/multiarch/ifunc-wcslen.h
+10 1
+1 4
+1 3
+4 4
+3 3
+3 3
fe=(91)
-22 1

fl=(320)
fn=(2774)
25 8
+2 24
+4 24
+11 16
cfi=(284) ./nptl/./nptl/nptl-stack.c
cfn=(2776) __nptl_deallocate_stack
calls=8 +81 
* 360

fl=(262)
fn=(2362)
82 36
-49 8
+53 8
cfi=(263)
cfn=(2364)
calls=4 -58 
* 108
* 4
-40 8
+7 12
cfi=(264)
cfn=(2366)
calls=4 -23 
* 24
* 8
+2 16
+57 28
+3 8
cob=(4)
cfi=(192)
cfn=(1558)
calls=4 0 
* 584
+1 8
+7 4
+2 4
+2 4
+1 4
+1 4
+1 4
+1 4
-44 32

fl=(287)
fn=(2536)
42 1
+2 1
+1 1
+1 1
+1 1
+1 1
+4 1
+3 1
+5 1
+2 1
+1 1
+23 5

fl=(230)
fn=(1368)
242 13
+69 2
+1 4
cfi=(222)
cfn=(1170)
calls=1 67 
* 73
+25 6
+6 2
-3 2
+10 2
cob=(4)
cfi=(192)
cfn=(1408)
calls=1 0 
* 7
+2 2
+8 4
cfi=(231) ./csu/../sysdeps/nptl/libc_start_call_main.h
cfn=(1412) (below main)
calls=1 30 
* 984207030
128 2
+6 3
+1 6
cob=(4)
cfi=(192)
cfn=(1370)
calls=1 0 
* 7
* 1
+3 1
+1 2
+3 3
+2 2
-1 33
+2 52
cob=(8)
cfi=(229)
cfn=(1406)
calls=1 0 
* 4
cob=(8)
cfi=(229)
cfn=(1404)
calls=1 0 
* 4
cob=(8)
cfi=(229)
cfn=(1402)
calls=1 0 
* 4
cob=(8)
cfi=(229)
cfn=(1400)
calls=1 0 
* 4
cob=(8)
cfi=(229)
cfn=(1398)
calls=1 0 
* 4
cob=(8)
cfi=(229)
cfn=(1396)
calls=1 0 
* 4
cob=(8)
cfi=(229)
cfn=(1394)
calls=1 0 
* 4
cob=(8)
cfi=(229)
cfn=(1392)
calls=1 0 
* 4
cob=(8)
cfi=(229)
cfn=(1390)
calls=1 0 
* 4
cob=(8)
cfi=(229)
cfn=(1388)
calls=1 0 
* 4
cob=(8)
cfi=(229)
cfn=(1386)
calls=1 0 
* 4
cob=(8)
cfi=(229)
cfn=(1384)
calls=1 0 
* 88
cob=(8)
cfi=(229)
cfn=(1380)
calls=1 0 
* 97
* 4
cob=(8)
cfi=(229)
cfn=(1374)
calls=1 0 
* 12
-1 43

fl=(111)
fn=(378)
31 1
fi=(116)
+5 1
+1 4
fi=(117) ./string/../sysdeps/x86_64/multiarch/strcasecmp.c
-6 2
fi=(116)
+7 3
+4 4
+3 3
+3 4
fe=(111)

fn=(368)
31 1
fi=(112)
+4 5
+1 3
+4 4
+3 3
+3 5
fe=(111)

fl=(259)
fn=(2188)
47 11
+3 22
-3 66
+6 22
+5 66
+2 44
-7 50

fl=(273) ./io/../sysdeps/unix/sysv/linux/read_nocancel.c
fn=(2480) __read_nocancel
25 2
+1 8
+1 2

fl=(291)
fn=(2552)
23 8
+1 32
cfi=(292)
cfn=(2554)
calls=8 +6 
* 1123

fl=(329)
fn=(2968)
31 6
+2 1
cfi=(330) ./io/../sysdeps/unix/sysv/linux/unlink.c
cfn=(2970) unlink
calls=1 -7 
* 6
* 2
+9 3

fl=(90)
fn=(316)
79 2
-32 2
+1 2
+1 2
-1 6
+1 4
+4 8
+3 6
+3 6
+20 2

fl=(104)
fn=(350)
31 2
fi=(105) ./wcsmbs/../sysdeps/x86_64/multiarch/ifunc-avx2.h
+7 6
+2 8
+1 4
+1 6
+4 8
+3 6
+3 10
fe=(104)

fl=(113)
fn=(372)
31 2
fi=(114) ./wcsmbs/../sysdeps/x86_64/multiarch/ifunc-evex.h
+6 6
+1 8
+1 6
+4 4
+8 6
+3 8
fe=(113)
-23 2

fl=(294)
fn=(2558)
138 3
-61 6
+3 6
+58 3
-55 3
-26 6
+26 3
-26 3
+26 3
+55 3
-81 3
+27 3
-27 3
+27 3
-27 9
cfi=(250)
cfn=(2560)
calls=3 -27 
* 144
+46 30
+38 3
-28 3
+28 3

fl=(234)
fn=(1418)
28 9
+2 18
-1 9
+5 18

fl=(248) ./nptl/./nptl/libc-cleanup.c
fn=(1892) __libc_cleanup_push_defer
24 80128
+1 80128
+2 160256
+2 160256
+3 160256
+14 240384
+2 80128
+1 80128

fn=(1894) __libc_cleanup_pop_restore
54 80128
+1 80128
+2 160256
+2 160256
+1 240384
+11 80128

fl=(327)
fn=(2950)
42 2
+1 2
+6 14
fi=(328) ./nptl/./nptl/pthread_cond_common.c
186 2
fe=(327)
51 2
fi=(328)
186 4
fi=(213)
-60 2
fe=(327)
-75 6
+8 4

fl=(284)
fn=(2526) __nptl_stack_list_add
43 8
+1 32
fi=(368) ./nptl/../include/list.h
-1 8
+1 8
-1 8
+2 8
+2 8
fe=(284)
+5 8
+1 8

fn=(2776)
123 24
+1 16
-1 16
+1 24
+4 8
-99 8
fi=(368)
+26 24
+1 8
fe=(284)
-19 8
+69 16
+28 16
-28 16
-62 32
fi=(368)
-1 8
+1 8
-1 8
+2 8
+2 8
fe=(284)
+5 8
+64 8
-1 24
+1 16
+32 32
+1 16

fn=(2812) __nptl_stack_list_del
28 4
+1 8
fi=(368)
+26 12
+1 4
fe=(284)
-19 4
+1 4

fl=(142)
fn=(454)
33 1
fi=(103)
+23 3
+1 2
+3 3
+14 2
+3 2
+8 2
+8 2
+3 5
fe=(142)

fl=(302)
fn=(2586)
24 8
+1 8
-1 8
+1 24
+4 16
+9 8
-9 24
+9 208
+9 16

fl=(95)
fn=(326)
29 1
fi=(92)
+11 1
+1 4
+1 3
+4 4
+3 3
+3 3
fe=(95)
-23 1

fl=(110)
fn=(364)
30 1
fi=(105)
+8 3
+2 4
+1 2
+1 3
+4 4
+3 3
+3 5
fe=(110)

fl=(140)
fn=(448)
29 1
fi=(360)
+7 5
fe=(140)
-7 1

fl=(324)
fn=(2868)
31 32
+1 8
-1 4
+4 20
+2 60
+1 13
fi=(255)
1037 1
fe=(324)
44 1
-1 3
fi=(255)
1037 2
+1 2
-1 3
fe=(324)
44 3
-1 9
fi=(255)
1037 6
+1 10
fe=(324)
44 20
cfi=(247)
cfn=(2872)
calls=4 1259 
* 754
fi=(255)
991 4
fe=(324)
45 12
fi=(255)
991 4
fe=(324)
45 8
fi=(255)
991 12
fe=(324)
38 6
fi=(255)
992 48
fe=(324)
74 8
+4 4
-3 4
+3 28

fl=(201)
fn=(674)
53 1
+1 1
+1 1
+2 1
+1 1
+4 1
+1 1
+1 1
+3 1
+2 1
+1 1
+1 1
+1 1
+25 1
+1 1
+1 1
+1 1
+1 1
+4 1
+1 1
+1 1
+1 1
+1 1
+1 1
+5 2
+41 1
+3 1
+1 1
+1 1
+1 1
+1 1
+1 1

fl=(231)
fn=(1412)
30 6
+15 4
cfi=(232)
cfn=(1414)
calls=1 -17 
* 31
* 1
+2 2
+5 2
+1 2
+3 2
+3 5
cob=(8)
cfi=(229)
cfn=(1420)
calls=1 -59 
* 984190161
+24 2
cfi=(344)
cfn=(3058)
calls=1 +64 
* 16812

fl=(202)
fn=(676)
545 1
+1 4
+1 3
+1 3
+2 1

fl=(254)
fn=(1968)
25 40067
+1 160268
+1 40067

fl=(290) ./nptl/./nptl/pthread_attr_destroy.c
fn=(2542) pthread_attr_destroy
26 8
+10 24
+8 16

fl=(296)
fn=(2568)
26 96
+4 8
+1 16
-1 40
+1 8
cfi=(297)
cfn=(2570)
calls=8 +62 
* 3728
+4 40

fl=(189) ./resource/../sysdeps/unix/sysv/linux/getrlimit64.c
fn=(622) getrlimit
38 2
+1 7
+1 1

fl=(256)
fn=(2032)
32 80131
+3 400655
+7 80131

fl=(272)
fn=(2476)
215 4
+1 2
-1 2
+1 2
cfn=(2478) read_sysfs_file
calls=2 -77 
* 816
+1 4
+5 4

fn=(2478)
139 2
+9 2
-9 22
+9 2
cfi=(263)
cfn=(2364)
calls=2 28 
* 54
+3 4
+39 24
72 12
cfi=(273)
cfn=(2480)
calls=2 -47 
* 12
+1 4
+5 4
-2 2
+2 4
cob=(4)
cfi=(192)
cfn=(2482)
calls=2 -78 
* 42
+1 2
+4 2
-4 6
+26 4
+45 4
+8 8
cfi=(274)
cfn=(2484)
calls=2 -33 
* 240
+1 2
-1 2
+1 4
+7 4
+12 6
+3 4
+5 4
cfi=(276)
cfn=(2488)
calls=2 25 
* 8
* 2
-5 2
-1 2
+1 4
+3 6
-16 2
+1 10
cfi=(274)
cfn=(2484)
calls=2 -44 
* 278
+1 6
+7 8
-75 2
+1 4

fl=(245)
fn=(1882)
85 280441
-20 40063
+20 80126
-20 40063
cob=(4)
cfi=(192)
cfn=(1558)
calls=40063 -65 
* 1282768
+2 120189
+3 40063
+2 80126
-2 40063
+2 200315
cfi=(246)
cfn=(1884) _IO_no_init
calls=40063 589 
* 2323654
+1 40063
+1 40063
-1 40063
+1 40063
cfi=(247)
cfn=(1888)
calls=40063 +33 
* 5248202
+1 200315
cfi=(247)
cfn=(1896)
calls=40063 247 
* 10696713
* 80126
-38 80126
+50 280441

fl=(246)
fn=(2886)
397 11
+3 4
fi=(255)
1037 3
fe=(246)
415 2
+8 1
+2 2
-20 4
+2 1
+1 2
+2 2
-9 1
+29 8
-11 3
-4 3
+5 2
-1 3
+1 4
-1 6
+2 4

fn=(3246)
882 11
+1 1
cfn=(3248) _IO_flush_all
calls=1 713 
* 216
-73 2
+73 1
-73 3
cfi=(248)
cfn=(1892)
calls=1 24 
* 13
+1 11
+3 3
fi=(255)
1037 2
fe=(246)
832 9
+2 6
+20 3
+2 18
+1 3
-43 9
+4 3
+1 45
+8 6
+2 9
+7 4
+4 1
-2 1
+3 1
-1 1
-2 1
+2 1
+5 1
fi=(255)
1037 2
+1 2
fe=(246)
845 4
cfi=(247)
cfn=(3252)
calls=1 416 
* 87
+2 3
+9 23
+5 5
+1 2
cfi=(248)
cfn=(1894)
calls=1 54 
* 10
+33 11
-34 4

fn=(1976)
628 240378
+2 120189
+6 120189
+3 120189
68 80126
651 120189

fn=(3254)
478 2
fi=(255)
1037 1
fe=(246)
478 8
+1 1
fi=(255)
1037 2
+1 2
fe=(246)
479 2
cfi=(247)
cfn=(3154)
calls=1 827 
* 21
* 2
+4 1
356 1
488 1
-7 2
358 1
492 1
363 1
-4 1
+4 1
493 1
-1 3
+2 6
-11 1
+1 2
-1 1
356 4

fn=(1890)
109 320504
+1 400630
+24 400630
-22 40063
+2 40063
-2 80126
+2 240378
cfi=(248)
cfn=(1892)
calls=40063 -90 
* 520819
+1 560867
+2 40060
-1 40060
+1 600900
+11 120180
-9 40060
+3 80120
-3 40060
+4 80120
-4 3
+3 6
-3 3
+4 6
+1 80126
+2 40063
+2 240390
+1 3
+1 3
-2 3
+2 15
-1 40060
+1 360540
+1 80126
cfi=(248)
cfn=(1894)
calls=40063 -77 
* 400630
+3 40063
-19 6
+1 3
+1 27
+11 6
-11 3
+11 280420
+2 80120

fn=(1964)
977 40063
+2 80126
+5 80126
+2 40063

fn=(1884)
589 440693
+1 40063
cfn=(1886) _IO_old_init
calls=40063 -33 
* 1041638
+1 40063
+1 80126
+2 40063
+4 40063
+7 40063
+2 40063
-9 200315
+15 40063
+1 40063
+1 240378

fn=(1960) __GI__IO_un_link.part.0
66 40063
+6 40063
-6 280441
+6 160252
cfi=(248)
cfn=(1892)
calls=40063 -48 
* 520819
+1 440678
+2 40060
-1 40060
+1 80123
-1 3
+1 520801
+2 80126
+4 40063
+1 40063
+1 40063
+1 80126
+1 40063
+11 160252
+2 280453
+1 3
-1 3
+2 9
+1 80126
cfi=(248)
cfn=(1894)
calls=40063 -47 
* 400630
+3 320504
-5 40060
+1 360540
-25 15
+25 9
-2 80120
-25 9
+25 200300
+2 80120

fn=(3248)
713 5
+5 1
-5 6
+5 4
cfi=(248)
cfn=(1892)
calls=1 24 
* 13
+1 11
+3 3
-8 1
fi=(255)
1037 2
fe=(246)
742 18
+1 3
-21 9
+2 3
+1 45
+2 18
+7 9
+1 12
+7 21
+5 5
+1 2
cfi=(248)
cfn=(1894)
calls=1 54 
* 10
+4 11
-5 4

fn=(1886)
557 40063
+3 80126
+5 80126
-7 40063
+12 40063
-10 40063
-2 40063
+2 40063
+16 40063
-11 40063
-5 40063
+16 80126
+5 40063
-16 200315
+16 80126
+1 80126
+2 40063

fn=(1958)
67 80126
+1 160252
+36 80126
cfn=(1960)
calls=40063 -38 
* 4487020

fn=(1970)
355 200320
+1 160256
+3 40064
+2 160256
-3 40064
+3 80128
+3 80128

fn=(2528) _IO_enable_locks
544 2
+3 6
1087 1
549 1
+1 4
+1 7
1101 1
550 2
+1 14
1101 2
550 4
+2 2

fn=(2878)
369 1
+1 2
+2 4
-3 1
fi=(255)
1037 1
fe=(246)
369 2
+4 1
fi=(255)
1037 2
+1 2
fe=(246)
373 3
cfi=(325)
cfn=(2880)
calls=1 68 
* 367
* 2
+3 2

fl=(303)
fn=(2588)
25 9
+1 27
+5 18
+2 99
+7 9

fl=(268)
fn=(2426)
25 1
+1 2
+1 1

fl=(187)
fn=(618)
34 8
+2 1
cfi=(188)
cfn=(620)
calls=1 +1 
* 17
+3 1
fi=(190) ./elf/../sysdeps/nptl/pthread_early_init.h
-6 2
fe=(187)
+6 1
+3 2
fi=(190)
-9 1
cfi=(189)
cfn=(622)
calls=1 +5 
* 10
* 3
+1 1
+4 5
+7 1
fi=(369) ./elf/../nptl/nptl-stack.h
+16 3
fi=(190)
-16 1
fi=(369)
+16 2
fi=(190)
-7 1
fi=(369)
+7 2
fi=(190)
-9 1
-6 1
+2 2
+4 4
+1 1
+3 1
cfi=(191)
cfn=(626)
calls=1 -1 
* 84
fe=(187)
-9 2
cfi=(193)
cfn=(630)
calls=1 238 
* 18
+3 3
+1 2
-1 1
cfi=(194)
cfn=(632)
calls=1 251 
* 1086

fl=(115)
fn=(376)
67 2
-24 2
+1 8
+23 4
-22 6
+4 8
+3 6
+3 8

fl=(277)
fn=(2532) create_thread
237 88
+4 8
-4 24
+4 16
+4 16
+3 16
+1 16
+44 8
-5 8
+3 8
-3 8
+5 8
+5 24
-10 64
+10 8
cfi=(286)
cfn=(2534)
calls=8 97 
* 482
+1 16
+5 8
+6 16
+12 16
+11 8
+1 88

fn=(2500)
651 128
+6 16
+13 24
+2 24
cfi=(280)
cfn=(2506)
calls=8 24 
* 440
* 8
+1 16
+2 16
925 16
+1 16
cfi=(290)
cfn=(2542)
calls=8 26 
* 48
+3 96
fi=(282)
362 8
cfi=(241)
cfn=(1556)
calls=8 27 
* 48
* 16
+4 24
fi=(283) ./nptl/./nptl-stack.h
61 64
fi=(282)
371 8
fi=(283)
61 8
fi=(282)
371 16
479 32
+10 8
362 8
489 40
+4 64
+5 24
+1 8
-2 16
66 48
+8 8
-11 8
+11 36
fi=(283)
-37 4
fi=(282)
+42 20
-1 4
+3 8
+15 12
+9 4
+3 8
cfi=(284)
cfn=(2812)
calls=4 -80 
* 36
+3 16
cfi=(284)
cfn=(2526)
calls=4 -68 
* 48
+3 16
+3 16
+2 20
+5 4
+18 4
fi=(370) ./nptl/../string/bits/string_fortified.h
-83 4
fi=(282)
+69 4
+1 4
-5 4
+1 4
+5 4
-5 4
+8 4
+2 4
+1 4
+3 4
fi=(370)
-80 4
fi=(282)
+84 12
+1 20
cob=(4)
cfi=(192)
cfn=(1978)
calls=4 0 
* 24
* 340
cob=(4)
cfi=(192)
cfn=(1978)
calls=68 0 
* 408
-1 216
+2 8
fi=(370)
-86 12
cob=(4)
cfi=(192)
cfn=(2524)
calls=4 -59 
* 152
fi=(282)
+89 12
cob=(4)
cfi=(192)
cfn=(2814)
calls=4 0 
* 2024
257 24
+35 24
620 8
fe=(277)
782 8
fi=(282)
620 16
+19 8
+16 8
fe=(277)
+44 8
fi=(282)
-60 8
+11 16
-21 8
+21 8
-11 8
fe=(277)
+69 8
-6 8
fi=(282)
-47 8
fe=(277)
+14 8
fi=(282)
-35 8
fe=(277)
+74 8
+1 8
+1 8
-1 8
+5 8
fi=(282)
-77 8
+2 8
fe=(277)
+75 8
-1 8
+2 24
+4 8
-5 8
+5 32
+6 16
+2 16
+3 32
+5 16
+1 16
+4 16
+5 16
fi=(371) ./nptl/../sysdeps/x86/nptl/tls-setup.h
22 16
fe=(277)
757 24
+21 16
+4 16
+2 8
+10 8
fi=(289) ./nptl/../sysdeps/unix/sysv/linux/internal-signals.h
81 40
fe=(277)
799 16
fi=(289)
81 16
fe=(277)
807 24
fi=(285) ./nptl/../sysdeps/unix/sysv/linux/internal-sigset.h
34 8
fe=(277)
634 16
863 48
cfn=(2532)
calls=8 237 
* 954
fi=(289)
89 24
fe=(277)
863 8
fi=(289)
89 24
fe=(277)
870 16
+41 16
+10 16
fi=(282)
381 16
fe=(277)
84 2
-2 1
+2 1
fi=(372) ./nptl/../sysdeps/unix/sysv/linux/sigsetops.h
-30 1
fe=(277)
+28 1
+1 1
+1 1
cfi=(278) ./signal/../sysdeps/unix/sysv/linux/libc_sigaction.c
cfn=(2502) __libc_sigaction
calls=1 -41 
* 51
+7 2
fi=(372)
+13 1
fe=(277)
-13 1
fi=(372)
+13 1
fe=(277)
-13 3
663 1
-3 1
+3 2
818 16
fi=(285)
102 8
+1 8
fe=(277)
688 2
+91 2
cfi=(246)
cfn=(2528)
calls=2 544 
* 46
* 4
fi=(282)
83 8
+16 20
+62 8
+2 4
+4 8
+2 32
cfi=(259)
cfn=(2188)
calls=4 47 
* 104
509 12
169 4
509 4
+5 16
+6 8
+5 4
195 4
525 4
+1 4
-2 4
195 8
+4 12
+2 16
cfi=(261)
cfn=(2514)
calls=4 -84 
* 24
* 16
+2 4
542 4
+1 4
+11 4
-12 4
+4 4
+15 4
-15 4
+5 8
+12 16
+5 16
cob=(4)
cfi=(192)
cfn=(2516)
calls=4 0 
* 3330
* 16
+13 20
+3 16
cfi=(284)
cfn=(2526)
calls=4 43 
* 48
+2 16
fe=(277)

fn=(2564)
339 66
+7 12
+23 18
+5 24
+3 6
cfi=(188)
cfn=(620)
calls=6 37 
* 102
+3 18
cfi=(282)
cfn=(2566)
calls=6 675 
* 3252
fi=(304) ./nptl/../sysdeps/unix/sysv/linux/rseq-internal.h
93 12
+7 12
+24 6
fe=(277)
395 30
+17 12
cfi=(232)
cfn=(1414)
calls=6 28 
* 186
* 6
+14 6
-14 6
+18 6
-4 6
+4 36
+3 12
+3 6
fi=(289)
89 18
fe=(277)
436 6
+2 6
fi=(289)
89 6
fe=(277)
438 6
fi=(289)
89 6
fe=(277)
440 6
+10 6
+1 6
-7 12
+11 6
+4 6
cfi=(312)
cfn=(2748)
calls=6 148 
* 78
+3 6
cfi=(313)
cfn=(2750)
calls=6 23 
* 24
+3 6
cfi=(314)
cfn=(2752)
calls=6 31 
* 66286
+3 18
+31 12
+12 24
+3 12
fi=(285)
102 6
fe=(277)
528 18
fi=(285)
102 12
fe=(277)
528 18
+7 24
+1 12
+1 24
+37 18
cfi=(193)
cfn=(2770)
calls=6 303 
* 24
+2 12
+1 30
fi=(282)
332 6
cfi=(241)
cfn=(1556)
calls=6 27 
* 36
+2 6
-2 6
+2 30
+1 12
+1 12
fe=(277)
580 18
+16 12
+5 24
cfi=(282)
cfn=(2566)
calls=6 +74 
* 234
+2 18
454 6
cob=(7)
cfi=(206)
cfn=(2592) 0x00000000000f5ee0
calls=6 0 
* 5700233508
* 6
624 12
fi=(282)
337 18
cfi=(261)
cfn=(2514)
calls=6 117 
* 36
* 6
fi=(288)
83 2
+1 2
+1 2
+10 2
+3 2
+1 2
+1 2
cfi=(277)
cfn=(2565) start_thread'2
calls=2 339 
* 4788
fe=(277)

fn=(2565)
339 22
+7 4
+23 6
+5 8
+3 2
cfi=(188)
cfn=(620)
calls=2 37 
* 34
+3 6
cfi=(282)
cfn=(2566)
calls=2 675 
* 1084
fi=(304)
93 4
+7 4
+24 2
fe=(277)
395 10
+17 4
cfi=(232)
cfn=(1414)
calls=2 28 
* 62
* 2
+14 2
-14 2
+18 2
-4 2
+4 12
+3 4
+3 2
fi=(289)
89 6
fe=(277)
436 2
+2 2
fi=(289)
89 2
fe=(277)
438 2
fi=(289)
89 2
fe=(277)
440 2
+10 2
+1 2
-7 4
+11 2
+4 2
cfi=(312)
cfn=(2748)
calls=2 148 
* 26
+3 2
cfi=(313)
cfn=(2750)
calls=2 23 
* 8
+3 2
cfi=(314)
cfn=(2752)
calls=2 31 
* 1766
+3 6
+31 4
+12 8
+3 4
fi=(285)
102 2
fe=(277)
528 6
fi=(285)
102 4
fe=(277)
528 6
+7 8
+1 4
+1 8
+37 6
cfi=(193)
cfn=(2770)
calls=2 303 
* 8
+2 4
+1 10
fi=(282)
332 2
cfi=(241)
cfn=(1556)
calls=2 27 
* 12
+2 2
-2 2
+2 10
+1 4
+1 4
fe=(277)
580 6
+16 4
+5 8
cfi=(282)
cfn=(2566)
calls=2 +74 
* 78
+2 6
454 2
cob=(7)
cfi=(206)
cfn=(2592)
calls=2 0 
* 1424
* 2
fi=(282)
337 6
cfi=(261)
cfn=(2514)
calls=2 117 
* 12
* 2
fe=(277)

fl=(211)
fn=(794)
40 3
+3 6
+4 6
+2 3

fn=(776)
25 3
+3 3
+1 3
+1 6
+2 3
+1 3

fl=(278)
fn=(2502)
43 8
+5 2
fi=(279) ./signal/../string/bits/string_fortified.h
-19 1
fe=(278)
+21 1
+8 1
fi=(279)
-29 2
fe=(278)
+21 1
+3 1
fi=(279)
-24 2
fe=(278)
+24 1
+5 1
fi=(279)
-29 2
fe=(278)
+29 1
-5 2
fi=(279)
-24 2
fe=(278)
+24 1
fi=(279)
-24 6
fe=(278)
+29 1
fi=(279)
-29 1
fe=(278)
+29 6
+5 2
+8 6

fl=(308)
fn=(2694)
40 192
+1 32
cob=(4)
cfi=(192)
cfn=(898)
calls=32 -41 
* 768
* 32
+1 64
cob=(4)
cfi=(192)
cfn=(1558)
calls=32 -42 
* 1928
+2 64
fi=(309) ./string/../string/bits/string_fortified.h
-15 96
fe=(308)
+19 32
fi=(309)
-19 32
fe=(308)
+19 64
fi=(309)
-19 32
cob=(4)
cfi=(192)
cfn=(2698)
calls=32 -29 
* 672
fe=(308)

fl=(330)
fn=(2970)
26 1
+2 4
+4 1

fl=(347)
fn=(3080)
45 10
+3 10
-3 40
+3 25
+3 20
+4 78
+1 48
+2 4
+2 4
+36 4
-5 4
-33 4
+35 12
+3 12
+1 12
cob=(7)
cfi=(206)
cfn=(3138) std::ios_base::Init::~Init()
calls=1 -97 
* 6414
cob=(7)
cfi=(206)
cfn=(3134) 0x00000000001e80b0
calls=1 -97 
* 5
cob=(7)
cfi=(206)
cfn=(3132) 0x00000000000c11e0
calls=1 -97 
* 8
cob=(7)
cfi=(206)
cfn=(3124) 0x00000000000c1190
calls=1 -97 
* 755
+1 16
+4 12
-47 13
-4 15
+57 20
+4 30
-4 15
+12 10
cfi=(348)
cfn=(3082)
calls=5 -38 
* 90
+1 20
+1 40

fl=(322)
fn=(2828)
39 70112
+1 10016
+2 10016
+1 30048
+45 70112

fl=(109)
fn=(360)
28 1
fi=(88)
+10 3
+2 4
+1 2
+1 3
+4 4
+3 3
+3 5
fe=(109)

fl=(244)
fn=(1826)
357 110131
51 110131
+1 220262
357 330393
55 220262
+8 110131
-3 110131
-21 110131
+1 440524
+1 10
+27 10
+2 10
359 20
68 110121
+2 110121
359 220242
43 440484
+29 18
+3 27
+3 18

fl=(226)
fn=(1238)
25 72
+1 144
-1 144
+4 72
cfi=(227)
cfn=(1240)
calls=72 +8 
* 2187
+1 144
+4 142
-7 1
+7 2

fl=(334)
fn=(3020)
28 1
+1 1
+1 1
+2 1
+1 1
+1 1
+12 1
+1 1
+1 1
+1 1
+1 1
+1 1
+1 1
+6 1
+1 1
+1 1

ob=(7)
fl=(206)
fn=(814)
0 14
cob=(4)
cfi=(192)
cfn=(762)
calls=1 0 
0 22
0 4

fn=(820)
0 416

fn=(916)
0 350

fn=(1038)
0 104

fn=(1074)
0 14
cob=(4)
cfi=(192)
cfn=(762)
calls=1 0 
0 22
0 2
cob=(4)
cfi=(192)
cfn=(750)
calls=1 0 
0 5
0 4

fn=(1100)
0 3

fn=(1196)
0 3

fn=(1476)
0 27326937

fn=(1618) 0x00000000001be6b0
0 195134145
cob=(4)
cfi=(192)
cfn=(1580)
calls=1541571 0 
0 112079467
0 13874139
cob=(4)
cfi=(192)
cfn=(1586)
calls=1541571 0 
0 20130503
0 14562999
cob=(4)
cfi=(192)
cfn=(1586)
calls=4854333 0 
0 85687257
0 19187712

fn=(1770)
0 201474333
cob=(4)
cfi=(192)
cfn=(1586)
calls=5264756 0 
0 83655922
0 46032351
cob=(4)
cfi=(192)
cfn=(2212)
calls=60098 0 
0 12529154
0 29947472

fn=(1854)
0 160252

fn=(1870)
0 360567
cfn=(1872) 0x00000000001034d0
calls=40063 0 
0 360567
0 280441
cob=(4)
cfi=(192)
cfn=(1860)
calls=40063 0 
0 240378
0 200315
cob=(4)
cfi=(192)
cfn=(1878)
calls=40063 0 
0 21355021
0 480756

fn=(2056)
0 360576
cob=(4)
cfi=(192)
cfn=(2058)
calls=20032 0 
0 221288
0 80128
cob=(4)
cfi=(192)
cfn=(2044)
calls=20032 0 
0 661056
0 260416
cfn=(2062) std::basic_filebuf<char, std::char_traits<char> >::seekpos(std::fpos<__mbstate_t>, std::_Ios_Openmode)
calls=20032 0 
0 3084928
0 240384

fn=(2084)
0 260416
cob=(4)
cfi=(192)
cfn=(2022)
calls=20032 0 
0 280448
0 80128
cob=(4)
cfi=(192)
cfn=(2086)
calls=20032 0 
0 1342888
0 200320

fn=(2150)
0 18

fn=(2210)
0 360549
cob=(4)
cfi=(192)
cfn=(1464)
calls=40061 0 
0 640976
0 400610
cob=(4)
cfi=(192)
cfn=(1766)
calls=40061 0 
0 2047423

fn=(2494)
0 80
cob=(4)
cfi=(192)
cfn=(2496)
calls=8 0 
0 11693
0 48

fn=(2724)
0 80120
cob=(4)
cfi=(192)
cfn=(2726)
calls=10015 0 
0 782061
0 320480
cob=(4)
cfi=(192)
cfn=(2730)
calls=10015 0 
0 5929343
0 50075

fn=(2862) __gnu_cxx::stdio_sync_filebuf<char, std::char_traits<char> >::xsputn(char const*, long)
0 20
cob=(4)
cfi=(192)
cfn=(2864)
calls=4 0 
0 1974

fn=(2890)
0 24
cob=(4)
cfi=(192)
cfn=(2892)
calls=2 0 
0 1773
0 6

fn=(2912) std::num_put<char, std::ostreambuf_iterator<char, std::char_traits<char> > >::do_put(std::ostreambuf_iterator<char, std::char_traits<char> >, std::ios_base&, char, unsigned long) const
0 3
cob=(4)
cfi=(192)
cfn=(2914)
calls=1 0 
0 1550

fn=(2984)
0 15
cob=(4)
cfi=(192)
cfn=(2856)
calls=1 0 
0 17
0 21
cfn=(2986) std::num_put<char, std::ostreambuf_iterator<char, std::char_traits<char> > >::do_put(std::ostreambuf_iterator<char, std::char_traits<char> >, std::ios_base&, char, double) const
calls=1 0 
0 5698
0 19

fn=(2998)
0 30

fn=(3190) 0x00000000000bfeb0
0 5

fn=(844)
0 22
cob=(4)
cfi=(192)
cfn=(762)
calls=1 0 
0 22
0 112

fn=(910)
0 14
cob=(4)
cfi=(192)
cfn=(762)
calls=1 0 
0 22
0 4

fn=(1108)
0 7807980
cob=(4)
cfi=(192)
cfn=(722)
calls=130133 0 
0 4914956

fn=(1160)
0 36
cob=(4)
cfi=(192)
cfn=(804)
calls=4 0 
0 32
0 28
cob=(4)
cfi=(192)
cfn=(804)
calls=4 0 
0 32
0 28
cob=(4)
cfi=(192)
cfn=(804)
calls=4 0 
0 32
0 36

fn=(1162) std::ctype<wchar_t>::do_widen(char) const
0 16

fn=(1188)
0 10

fn=(1208)
0 17
cob=(4)
cfi=(192)
cfn=(1210)
calls=1 0 
0 2003
0 33
cob=(4)
cfi=(192)
cfn=(1228)
calls=1 0 
0 1302
0 8

fn=(1256)
0 57

fn=(1500)
0 192747732
cob=(4)
cfi=(192)
cfn=(1641)
calls=9278603 0 
0 55671618
cob=(4)
cfi=(192)
cfn=(1640)
calls=9038925 0 
0 54233550
0 80598074
cob=(4)
cfi=(192)
cfn=(1738)
calls=2442654 0 
0 111787891
0 103509906
cob=(4)
cfi=(192)
cfn=(1738)
calls=4414302 0 
0 189818826

fn=(1501)
0 73270112

fn=(1518)
0 18
cob=(4)
cfi=(192)
cfn=(1520)
calls=2 0 
0 851
0 14

fn=(1538)
0 1291794

fn=(1544)
0 20
cob=(4)
cfi=(192)
cfn=(1546)
calls=1 0 
0 818
0 3
cob=(4)
cfi=(192)
cfn=(1550)
calls=1 0 
0 1311
0 7
cob=(4)
cfi=(192)
cfn=(1464)
calls=1 0 
0 24
0 5
cfn=(1576) 0x00000000001b1d20
calls=1 0 
0 2320
0 2
cob=(4)
cfi=(192)
cfn=(1546)
calls=1 0 
0 5
0 2
cob=(4)
cfi=(192)
cfn=(1596)
calls=1 0 
0 2215
0 15
cob=(4)
cfi=(192)
cfn=(1640)
calls=1 0 
0 991
0 5
cob=(4)
cfi=(192)
cfn=(1596)
calls=1 0 
0 24
0 5
cob=(4)
cfi=(192)
cfn=(1640)
calls=1 0 
0 6
0 4
cob=(4)
cfi=(192)
cfn=(1534)
calls=1 0 
0 5
0 4
cob=(4)
cfi=(192)
cfn=(1644)
calls=1 0 
0 1279
0 20

fn=(1600) 0x00000000001c0180
0 151473494
cob=(4)
cfi=(192)
cfn=(1440)
calls=3923727 0 
0 196207028
0 58835289
cob=(4)
cfi=(192)
cfn=(1640)
calls=2612382 0 
0 370778064
0 112824638
cob=(4)
cfi=(192)
cfn=(1596)
calls=3102846 0 
0 74468304
0 1171755
cob=(4)
cfi=(192)
cfn=(1596)
calls=90135 0 
0 2163240
0 73025580
cob=(4)
cfi=(192)
cfn=(1596)
calls=6085465 0 
0 146051160
0 222822689

fn=(1658)
0 1235
cob=(4)
cfi=(192)
cfn=(1546)
calls=65 0 
0 325
0 845
cob=(4)
cfi=(192)
cfn=(1534)
calls=65 0 
0 325
0 260
cob=(4)
cfi=(192)
cfn=(1660)
calls=65 0 
0 6787
0 325
cob=(4)
cfi=(192)
cfn=(1678)
calls=65 0 
0 62629
0 65

fn=(1670)
0 25766307

fn=(1836)
0 481152
cob=(4)
cfi=(192)
cfn=(1838)
calls=40096 0 
0 642345
0 80193
cob=(4)
cfi=(192)
cfn=(2422)
calls=1 0 
0 975
0 2
cob=(4)
cfi=(192)
cfn=(2428)
calls=1 0 
0 800
0 441111
cob=(4)
cfi=(192)
cfn=(1534)
calls=40095 0 
0 200475
0 601505

fn=(1864)
0 1201896

fn=(1932)
0 1842921

fn=(1938)
0 480756
cob=(4)
cfi=(192)
cfn=(1940)
calls=40063 0 
0 6210391
0 480756

fn=(2068) std::basic_filebuf<char, std::char_traits<char> >::xsgetn(char*, long)
0 400787
cfn=(2078) std::codecvt<char, char, __mbstate_t>::do_always_noconv() const
calls=21 0 
0 63
0 80149
cob=(4)
cfi=(192)
cfn=(2070)
calls=20011 0 
0 6255860
0 260626
cob=(4)
cfi=(192)
cfn=(2080)
calls=21 0 
0 2274
0 147

fn=(760)
0 18
cob=(4)
cfi=(192)
cfn=(762)
calls=1 0 
0 3798
0 82

fn=(2262)
0 2131434
cob=(4)
cfi=(192)
cfn=(2264)
calls=90061 0 
0 1171819
0 60060

fn=(2268)
0 990682

fn=(2546)
0 88
cob=(4)
cfi=(192)
cfn=(2548)
calls=8 0 
0 2048
0 48

fn=(2710)
0 1080912
cob=(4)
cfi=(192)
cfn=(2712)
calls=90076 0 
0 1442052
0 2341976
cob=(4)
cfi=(192)
cfn=(1534)
calls=90076 0 
0 450380
0 270228

fn=(2792)
0 12

fn=(2822)
0 20032
cob=(4)
cfi=(192)
cfn=(2824)
calls=10016 0 
0 211299

fn=(2918)
0 19
cfn=(2920) 0x000000000014df80
calls=1 0 
0 29
0 27
cfn=(2926) 0x0000000000152680
calls=1 0 
0 78
0 23
cfn=(2862)
calls=1 0 
0 154
0 16

fn=(2926)
0 78

fn=(3050) std::basic_streambuf<char, std::char_traits<char> >::xsputn(char const*, long)
0 45
cob=(4)
cfi=(192)
cfn=(1586)
calls=1 0 
0 15
0 6
cfn=(3052) std::__cxx11::basic_stringbuf<char, std::char_traits<char>, std::allocator<char> >::overflow(int)
calls=1 0 
0 61
0 6

fn=(3056)
0 59
cob=(4)
cfi=(192)
cfn=(1586)
calls=1 0 
0 15
0 23
cob=(4)
cfi=(192)
cfn=(2212)
calls=1 0 
0 182
0 7

fn=(934)
0 16
cob=(4)
cfi=(192)
cfn=(750)
calls=1 0 
0 5
0 4
cob=(4)
cfi=(192)
cfn=(936)
calls=1 0 
0 1143
0 3

fn=(954)
0 416

fn=(1154)
0 32
cob=(4)
cfi=(192)
cfn=(1116)
calls=4 0 
0 308
0 12
cob=(4)
cfi=(192)
cfn=(1156)
calls=4 0 
0 1220
0 28
cfn=(1162)
calls=4 0 
0 16
0 56

fn=(1312)
0 50

fn=(1712)
0 17174846
cob=(4)
cfi=(192)
cfn=(1440)
calls=490510 0 
0 24527630
0 10791220
cob=(4)
cfi=(192)
cfn=(1702)
calls=490510 0 
0 20601420
0 9970908
cob=(4)
cfi=(192)
cfn=(1702)
calls=1661818 0 
0 132768335
0 6456984
cob=(4)
cfi=(192)
cfn=(1708)
calls=2152328 0 
0 51655872
0 22614234

fn=(1713)
0 47351216

fn=(1848)
0 641008
cob=(4)
cfi=(192)
cfn=(722)
calls=40063 0 
0 1642541
0 440693
cob=(4)
cfi=(192)
cfn=(1850)
calls=40063 0 
0 241272
0 600945
cob=(4)
cfi=(192)
cfn=(804)
calls=40063 0 
0 320504
0 320504

fn=(2014)
0 480768
cob=(4)
cfi=(192)
cfn=(1928)
calls=40064 0 
0 1001600
0 681088
cob=(4)
cfi=(192)
cfn=(2016)
calls=40064 0 
0 1445633
0 881408

fn=(2042)
0 260416
cob=(4)
cfi=(192)
cfn=(2044)
calls=20032 0 
0 661760
0 560896
cfn=(2006) std::basic_filebuf<char, std::char_traits<char> >::seekoff(long, std::_Ios_Seekdir, std::_Ios_Openmode)
calls=20032 0 
0 2283648
0 80128

fn=(754)
0 21

fn=(778)
0 7
cob=(4)
cfi=(192)
cfn=(782)
calls=1 0 
0 1898

fn=(2626)
0 100150

fn=(2896)
0 26
cob=(4)
cfi=(192)
cfn=(2856)
calls=2 0 
0 34
0 50
cfn=(2898) __gnu_cxx::stdio_sync_filebuf<char, std::char_traits<char> >::overflow(int)
calls=2 0 
0 1001
0 4

fn=(2962)
0 8
cob=(4)
cfi=(192)
cfn=(2964)
calls=1 0 
0 941
0 4
cob=(4)
cfi=(192)
cfn=(1534)
calls=1 0 
0 5
0 8

fn=(3052)
0 40
cob=(4)
cfi=(192)
cfn=(2264)
calls=1 0 
0 13
0 8

fn=(808)
0 6546942

fn=(838)
0 16
cob=(4)
cfi=(192)
cfn=(750)
calls=1 0 
0 5
0 4
cob=(4)
cfi=(192)
cfn=(840)
calls=1 0 
0 1123
0 3

fn=(850)
0 14
cob=(4)
cfi=(192)
cfn=(762)
calls=1 0 
0 22
0 2
cob=(4)
cfi=(192)
cfn=(750)
calls=1 0 
0 5
0 4

fn=(856)
0 14
cob=(4)
cfi=(192)
cfn=(762)
calls=1 0 
0 22
0 6
cob=(4)
cfi=(192)
cfn=(858)
calls=1 0 
0 24699

fn=(890)
0 88
cob=(4)
cfi=(192)
cfn=(892)
calls=1 0 
0 505
0 24
cob=(4)
cfi=(192)
cfn=(892)
calls=1 0 
0 395
0 3
cob=(4)
cfi=(192)
cfn=(892)
calls=1 0 
0 560
0 9
cob=(4)
cfi=(192)
cfn=(892)
calls=1 0 
0 205
0 3
cob=(4)
cfi=(192)
cfn=(892)
calls=1 0 
0 150
0 3
cob=(4)
cfi=(192)
cfn=(892)
calls=1 0 
0 983
0 3
cob=(4)
cfi=(192)
cfn=(892)
calls=1 0 
0 260
0 7
cob=(4)
cfi=(192)
cfn=(892)
calls=1 0 
0 340
0 3
cob=(4)
cfi=(192)
cfn=(892)
calls=1 0 
0 195
0 3
cob=(4)
cfi=(192)
cfn=(892)
calls=1 0 
0 615

fn=(948) 0x00000000000f63c0
0 23
cob=(4)
cfi=(192)
cfn=(950)
calls=1 0 
0 1351
0 8
cob=(4)
cfi=(192)
cfn=(804)
calls=1 0 
0 17
0 8
cob=(4)
cfi=(192)
cfn=(762)
calls=1 0 
0 22
0 8
cob=(4)
cfi=(192)
cfn=(804)
calls=1 0 
0 17
0 12
cob=(4)
cfi=(192)
cfn=(968)
calls=1 0 
0 1114
0 7
cob=(4)
cfi=(192)
cfn=(804)
calls=1 0 
0 17
0 13
cob=(4)
cfi=(192)
cfn=(980)
calls=1 0 
0 1130
0 7
cob=(4)
cfi=(192)
cfn=(804)
calls=1 0 
0 17
0 14
cob=(4)
cfi=(192)
cfn=(804)
calls=1 0 
0 17
0 14
cob=(4)
cfi=(192)
cfn=(804)
calls=1 0 
0 17
0 14
cob=(4)
cfi=(192)
cfn=(804)
calls=1 0 
0 17
0 6
cob=(4)
cfi=(192)
cfn=(1004)
calls=1 0 
0 765
0 7
cob=(4)
cfi=(192)
cfn=(804)
calls=1 0 
0 17
0 16
cob=(4)
cfi=(192)
cfn=(1016)
calls=1 0 
0 1293
0 7
cob=(4)
cfi=(192)
cfn=(804)
calls=1 0 
0 17
0 8
cob=(4)
cfi=(192)
cfn=(762)
calls=1 0 
0 22
0 8
cob=(4)
cfi=(192)
cfn=(804)
calls=1 0 
0 17
0 13
cob=(4)
cfi=(192)
cfn=(1034)
calls=1 0 
0 1143
0 7
cob=(4)
cfi=(192)
cfn=(804)
calls=1 0 
0 17
0 12
cob=(4)
cfi=(192)
cfn=(1046)
calls=1 0 
0 1119
0 7
cob=(4)
cfi=(192)
cfn=(804)
calls=1 0 
0 17
0 14
cob=(4)
cfi=(192)
cfn=(804)
calls=1 0 
0 17
0 14
cob=(4)
cfi=(192)
cfn=(804)
calls=1 0 
0 17
0 14
cob=(4)
cfi=(192)
cfn=(804)
calls=1 0 
0 17
0 6
cob=(4)
cfi=(192)
cfn=(1070)
calls=1 0 
0 765
0 6
cob=(4)
cfi=(192)
cfn=(804)
calls=1 0 
0 17
0 5
cob=(4)
cfi=(192)
cfn=(804)
calls=1 0 
0 8
0 4
cob=(4)
cfi=(192)
cfn=(804)
calls=1 0 
0 8
0 4
cob=(4)
cfi=(192)
cfn=(804)
calls=1 0 
0 8
0 5
cob=(4)
cfi=(192)
cfn=(804)
calls=1 0 
0 8
0 5
cob=(4)
cfi=(192)
cfn=(804)
calls=1 0 
0 8
0 5
cob=(4)
cfi=(192)
cfn=(804)
calls=1 0 
0 8
0 9

fn=(1050)
0 104

fn=(1144)
0 734
cob=(4)
cfi=(192)
cfn=(1146)
calls=1 0 
0 928
0 10

fn=(1294)
0 34

fn=(1338)
0 50

fn=(1434)
0 134673627
cob=(4)
cfi=(192)
cfn=(1228)
calls=12243057 0 
0 445840478
0 61215285

fn=(1448)
0 12

fn=(1508)
0 3419469

fn=(1988)
0 1431375
cob=(4)
cfi=(192)
cfn=(1990)
calls=130125 0 
0 1692486
0 260250
cob=(4)
cfi=(192)
cfn=(1996)
calls=130125 0 
0 1952676
0 1041000
cob=(4)
cfi=(192)
cfn=(1128)
calls=130125 0 
0 1041000

fn=(2000)
0 1691625

fn=(2134)
0 841316
cob=(4)
cfi=(192)
cfn=(1482)
calls=60094 0 
0 1262169
0 360564

fn=(2156)
0 398889

fn=(742)
0 18
cob=(4)
cfi=(192)
cfn=(744)
calls=1 0 
0 936
0 6
cob=(4)
cfi=(192)
cfn=(744)
calls=1 0 
0 38
0 14
cob=(4)
cfi=(192)
cfn=(750)
calls=1 0 
0 798
0 7
cob=(4)
cfi=(192)
cfn=(756)
calls=1 0 
0 4605
0 4
cob=(4)
cfi=(192)
cfn=(798)
calls=1 0 
0 2064
0 3
cob=(4)
cfi=(192)
cfn=(810)
calls=1 0 
0 827
0 4
cob=(4)
cfi=(192)
cfn=(798)
calls=1 0 
0 402
0 23
cob=(4)
cfi=(192)
cfn=(816)
calls=1 0 
0 1445
0 4
cob=(4)
cfi=(192)
cfn=(798)
calls=1 0 
0 402
0 8
cob=(4)
cfi=(192)
cfn=(798)
calls=1 0 
0 402
0 8
cob=(4)
cfi=(192)
cfn=(798)
calls=1 0 
0 402
0 5
cob=(4)
cfi=(192)
cfn=(762)
calls=1 0 
0 22
0 5
cob=(4)
cfi=(192)
cfn=(798)
calls=1 0 
0 402
0 28
cob=(4)
cfi=(192)
cfn=(822)
calls=1 0 
0 1200
0 4
cob=(4)
cfi=(192)
cfn=(798)
calls=1 0 
0 402
0 28
cob=(4)
cfi=(192)
cfn=(828)
calls=1 0 
0 1269
0 4
cob=(4)
cfi=(192)
cfn=(798)
calls=1 0 
0 402
0 8
cob=(4)
cfi=(192)
cfn=(798)
calls=1 0 
0 402
0 8
cob=(4)
cfi=(192)
cfn=(798)
calls=1 0 
0 402
0 34
cob=(4)
cfi=(192)
cfn=(834)
calls=1 0 
0 2033
0 4
cob=(4)
cfi=(192)
cfn=(798)
calls=1 0 
0 402
0 8
cob=(4)
cfi=(192)
cfn=(798)
calls=1 0 
0 402
0 8
cob=(4)
cfi=(192)
cfn=(798)
calls=1 0 
0 402
0 3
cob=(4)
cfi=(192)
cfn=(846)
calls=1 0 
0 819
0 4
cob=(4)
cfi=(192)
cfn=(798)
calls=1 0 
0 402
0 3
cob=(4)
cfi=(192)
cfn=(852)
calls=1 0 
0 25432
0 4
cob=(4)
cfi=(192)
cfn=(798)
calls=1 0 
0 402
0 3
cob=(4)
cfi=(192)
cfn=(906)
calls=1 0 
0 827
0 4
cob=(4)
cfi=(192)
cfn=(798)
calls=1 0 
0 402
0 22
cob=(4)
cfi=(192)
cfn=(912)
calls=1 0 
0 1355
0 4
cob=(4)
cfi=(192)
cfn=(798)
calls=1 0 
0 402
0 8
cob=(4)
cfi=(192)
cfn=(798)
calls=1 0 
0 402
0 8
cob=(4)
cfi=(192)
cfn=(798)
calls=1 0 
0 402
0 5
cob=(4)
cfi=(192)
cfn=(762)
calls=1 0 
0 22
0 18
cob=(4)
cfi=(192)
cfn=(798)
calls=1 0 
0 402
0 27
cob=(4)
cfi=(192)
cfn=(918)
calls=1 0 
0 1213
0 4
cob=(4)
cfi=(192)
cfn=(798)
calls=1 0 
0 402
0 26
cob=(4)
cfi=(192)
cfn=(924)
calls=1 0 
0 1188
0 4
cob=(4)
cfi=(192)
cfn=(798)
calls=1 0 
0 402
0 8
cob=(4)
cfi=(192)
cfn=(798)
calls=1 0 
0 402
0 8
cob=(4)
cfi=(192)
cfn=(798)
calls=1 0 
0 402
0 34
cob=(4)
cfi=(192)
cfn=(930)
calls=1 0 
0 2061
0 4
cob=(4)
cfi=(192)
cfn=(798)
calls=1 0 
0 402
0 8
cob=(4)
cfi=(192)
cfn=(798)
calls=1 0 
0 402
0 8
cob=(4)
cfi=(192)
cfn=(798)
calls=1 0 
0 402
0 3
cob=(4)
cfi=(192)
cfn=(942)
calls=1 0 
0 819
0 4
cob=(4)
cfi=(192)
cfn=(798)
calls=1 0 
0 402
0 8
cob=(4)
cfi=(192)
cfn=(798)
calls=1 0 
0 402
0 8
cob=(4)
cfi=(192)
cfn=(798)
calls=1 0 
0 402
0 8
cob=(4)
cfi=(192)
cfn=(798)
calls=1 0 
0 402
0 8
cob=(4)
cfi=(192)
cfn=(798)
calls=1 0 
0 402
0 9
cfn=(948)
calls=1 0 
0 9354
0 3
cob=(4)
cfi=(192)
cfn=(804)
calls=1 0 
0 8
0 5
cob=(4)
cfi=(192)
cfn=(804)
calls=1 0 
0 8
0 4
cob=(4)
cfi=(192)
cfn=(804)
calls=1 0 
0 8
0 5
cob=(4)
cfi=(192)
cfn=(804)
calls=1 0 
0 8
0 5
cob=(4)
cfi=(192)
cfn=(804)
calls=1 0 
0 8
0 4
cob=(4)
cfi=(192)
cfn=(804)
calls=1 0 
0 8
0 5
cob=(4)
cfi=(192)
cfn=(804)
calls=1 0 
0 8
0 4
cob=(4)
cfi=(192)
cfn=(804)
calls=1 0 
0 8
0 13

fn=(2230)
0 660990
cob=(4)
cfi=(192)
cfn=(2232)
calls=20030 0 
0 571837
0 140210

fn=(2240)
0 16337596
cob=(4)
cfi=(192)
cfn=(1660)
calls=90108 0 
0 1261512
0 360432
cob=(4)
cfi=(192)
cfn=(1660)
calls=90108 0 
0 1261512
0 12573484
cob=(4)
cfi=(192)
cfn=(1146)
calls=770811 0 
0 15164091
0 1721838
cob=(4)
cfi=(192)
cfn=(1660)
calls=90108 0 
0 1261512
0 1822126
cob=(4)
cfi=(192)
cfn=(1146)
calls=90108 0 
0 2162598
0 180216

fn=(2272)
0 4622786
cob=(4)
cfi=(192)
cfn=(2044)
calls=330199 0 
0 10896567
0 1200764
cob=(4)
cfi=(192)
cfn=(2058)
calls=90061 0 
0 990671
0 450305
cob=(4)
cfi=(192)
cfn=(2058)
calls=90061 0 
0 990671
0 12637327
cob=(4)
cfi=(192)
cfn=(1482)
calls=240138 0 
0 5042898
0 3361932
cob=(4)
cfi=(192)
cfn=(1766)
calls=240138 0 
0 12547459
0 4262320
cfn=(2274) std::__cxx11::basic_stringbuf<char, std::char_traits<char>, std::allocator<char> >::underflow()
calls=90061 0 
0 1440976
0 1170793

fn=(2314)
0 21
cob=(4)
cfi=(192)
cfn=(1744)
calls=1 0 
0 92
0 10

fn=(2836)
0 5
cob=(4)
cfi=(192)
cfn=(2838)
calls=1 0 
0 893
0 3
cob=(8)
cfi=(229)
cfn=(2844)
calls=1 0 
0 43

fn=(2898)
0 14
cob=(4)
cfi=(192)
cfn=(2900)
calls=2 0 
0 987

fn=(3166)
0 8
cob=(4)
cfi=(192)
cfn=(3168)
calls=2 0 
0 747
0 10

fn=(802)
0 480
cob=(4)
cfi=(192)
cfn=(804)
calls=32 0 
0 1261
0 11776

fn=(922)
0 104

fn=(1020)
0 350

fn=(1276)
0 34

fn=(1438)
0 91895297
cob=(4)
cfi=(192)
cfn=(1440)
calls=5055427 0 
0 274188338
0 7206963
cob=(4)
cfi=(192)
cfn=(1440)
calls=2402321 0 
0 127448160

fn=(1690) 0x00000000001c3000
0 27749947
cob=(4)
cfi=(192)
cfn=(1440)
calls=65 0 
0 3545
0 1170
cob=(4)
cfi=(192)
cfn=(1702)
calls=65 0 
0 3796
0 1518
cob=(4)
cfi=(192)
cfn=(1702)
calls=253 0 
0 21018
0 954
cob=(4)
cfi=(192)
cfn=(1708)
calls=318 0 
0 8477
0 3194
cob=(4)
cfi=(192)
cfn=(1640)
calls=65 0 
0 390
0 325

fn=(1858)
0 480756
cob=(4)
cfi=(192)
cfn=(1860)
calls=40063 0 
0 241159
0 280441
cob=(4)
cfi=(192)
cfn=(1866)
calls=40063 0 
0 23359048
0 80126
cob=(4)
cfi=(192)
cfn=(1860)
calls=40063 0 
0 240378
0 160252
cob=(4)
cfi=(192)
cfn=(1910)
calls=40063 0 
0 8624471
0 761200
cfn=(2006)
calls=20032 0 
0 3790445
0 280442

fn=(1918)
0 80126
cob=(4)
cfi=(192)
cfn=(1440)
calls=40063 0 
0 7701981

fn=(1922)
0 2972502

fn=(1942)
0 80126
cob=(4)
cfi=(192)
cfn=(1744)
calls=40063 0 
0 6050139

fn=(2052)
0 340544
cob=(4)
cfi=(192)
cfn=(744)
calls=20032 0 
0 1617824
0 240384
cob=(4)
cfi=(192)
cfn=(1580)
calls=20032 0 
0 1290644
0 140224

fn=(2216)
0 2073009
cob=(4)
cfi=(192)
cfn=(1580)
calls=20031 0 
0 1362329
0 560792
cob=(4)
cfi=(192)
cfn=(1580)
calls=70099 0 
0 6135956
0 1171666
cob=(4)
cfi=(192)
cfn=(1586)
calls=90127 0 
0 1351876
0 1231880
cob=(4)
cfi=(192)
cfn=(1586)
calls=60098 0 
0 961568
0 420661
cob=(4)
cfi=(192)
cfn=(1586)
calls=1 0 
0 15
0 310454
cob=(4)
cfi=(192)
cfn=(1744)
calls=20031 0 
0 781209
0 1422052

fn=(2470)
0 8
cob=(4)
cfi=(192)
cfn=(2472)
calls=2 0 
0 1713
0 10

fn=(2592)
0 64
cob=(8)
cfi=(229)
cfn=(2816)
calls=4 0 
0 3406087
cob=(8)
cfi=(229)
cfn=(2594)
calls=4 0 
0 5696825127
0 24
cob=(8)
cfi=(229)
cfn=(2830)
calls=4 0 
0 2814
cob=(8)
cfi=(229)
cfn=(2740)
calls=4 0 
0 784
0 32

fn=(2640)
0 7901833
cob=(4)
cfi=(192)
cfn=(2212)
calls=30031 0 
0 5435429
0 650821

fn=(2670)
0 608
cob=(4)
cfi=(192)
cfn=(1546)
calls=32 0 
0 160
0 96
cob=(4)
cfi=(192)
cfn=(2672)
calls=32 0 
0 3087
0 256
cob=(4)
cfi=(192)
cfn=(2676)
calls=32 0 
0 130656
0 160
cob=(4)
cfi=(192)
cfn=(1640)
calls=32 0 
0 192
0 416

fn=(2680)
0 672
cob=(4)
cfi=(192)
cfn=(1546)
calls=32 0 
0 160
0 128
cob=(4)
cfi=(192)
cfn=(2664)
calls=32 0 
0 31428
0 224
cob=(4)
cfi=(192)
cfn=(2682)
calls=32 0 
0 31666
0 192
cob=(4)
cfi=(192)
cfn=(1464)
calls=32 0 
0 788
0 256
cfn=(1576)
calls=32 0 
0 7213
0 64
cob=(4)
cfi=(192)
cfn=(1546)
calls=32 0 
0 160
0 64
cob=(4)
cfi=(192)
cfn=(1596)
calls=32 0 
0 42148
0 480
cob=(4)
cfi=(192)
cfn=(1640)
calls=32 0 
0 192
0 160
cob=(4)
cfi=(192)
cfn=(1596)
calls=32 0 
0 768
0 160
cob=(4)
cfi=(192)
cfn=(1640)
calls=32 0 
0 192
0 128
cob=(4)
cfi=(192)
cfn=(1534)
calls=32 0 
0 160
0 128
cob=(4)
cfi=(192)
cfn=(1644)
calls=32 0 
0 1120
0 192
cob=(4)
cfi=(192)
cfn=(1640)
calls=32 0 
0 8526
0 224
cob=(4)
cfi=(192)
cfn=(1738)
calls=32 0 
0 1376
0 672

fn=(3130)
0 4

fn=(3132)
0 4
cob=(4)
cfi=(192)
cfn=(3126)
calls=1 0 
0 4

fn=(3186) __gnu_cxx::stdio_sync_filebuf<wchar_t, std::char_traits<wchar_t> >::sync()
0 15
cob=(4)
cfi=(192)
cfn=(3148)
calls=5 0 
0 385

fn=(2432)
0 3

fn=(786)
0 8
cob=(4)
cfi=(192)
cfn=(788)
calls=1 0 
0 909
0 6

fn=(862)
0 11
cob=(4)
cfi=(192)
cfn=(864)
calls=1 0 
0 845
0 770
cob=(4)
cfi=(192)
cfn=(870)
calls=128 0 
0 3641
0 262
cob=(4)
cfi=(192)
cfn=(876)
calls=1 0 
0 856
0 510
cob=(4)
cfi=(192)
cfn=(876)
calls=255 0 
0 10600
0 1085
cob=(4)
cfi=(192)
cfn=(886)
calls=8 0 
0 3450
0 76
cob=(4)
cfi=(192)
cfn=(886)
calls=4 0 
0 1745
0 23
cob=(4)
cfi=(192)
cfn=(864)
calls=1 0 
0 24
0 2

fn=(928)
0 104

fn=(940)
0 20
cob=(4)
cfi=(192)
cfn=(762)
calls=1 0 
0 22
0 110

fn=(946)
0 14
cob=(4)
cfi=(192)
cfn=(762)
calls=1 0 
0 22
0 2
cob=(4)
cfi=(192)
cfn=(750)
calls=1 0 
0 5
0 4

fn=(1120)
0 4554147
cob=(4)
cfi=(192)
cfn=(722)
calls=350319 0 
0 13101623
0 1050957
cob=(4)
cfi=(192)
cfn=(1122)
calls=350319 0 
0 5605801
0 700638
cob=(4)
cfi=(192)
cfn=(1128)
calls=350319 0 
0 2803261
0 2101914

fn=(1132)
0 3663414

fn=(1664)
0 71759924
cob=(4)
cfi=(192)
cfn=(1666)
calls=1131200 0 
0 12444061
0 9049600
cob=(4)
cfi=(192)
cfn=(1672)
calls=1131200 0 
0 15837665
0 11312000

fn=(1914)
0 480756
cob=(4)
cfi=(192)
cfn=(1916)
calls=40063 0 
0 7862233
0 200315

fn=(2008) std::codecvt<char, char, __mbstate_t>::do_encoding() const
0 120192

fn=(2062)
0 240384
cob=(4)
cfi=(192)
cfn=(1860)
calls=20032 0 
0 120192
0 180288
cob=(4)
cfi=(192)
cfn=(2010)
calls=20032 0 
0 2283648
0 260416

fn=(728) 0x00000000000f2a00
0 9
cob=(4)
cfi=(192)
cfn=(738)
calls=1 0 
0 72116
0 9
cob=(4)
cfi=(192)
cfn=(1096)
calls=1 0 
0 742
0 5345062
cob=(4)
cfi=(192)
cfn=(768)
calls=460399 0 
0 3683269
0 2301996

fn=(2744)
0 16

fn=(2860)
0 119
cob=(4)
cfi=(192)
cfn=(3141)
calls=1 0 
0 139
0 47

fn=(2861)
0 15

fn=(2936)
0 11
cob=(4)
cfi=(192)
cfn=(1464)
calls=1 0 
0 16
0 4
cob=(4)
cfi=(192)
cfn=(2938)
calls=1 0 
0 1281
0 4

fn=(2986)
0 4
cob=(4)
cfi=(192)
cfn=(2988)
calls=1 0 
0 5694

fn=(2992)
0 20
cfn=(2920)
calls=1 0 
0 29
0 9
cob=(4)
cfi=(192)
cfn=(2994)
calls=1 0 
0 927
0 13
cob=(4)
cfi=(192)
cfn=(762)
calls=1 0 
0 22
0 11
cfn=(3000) 0x0000000000118200
calls=1 0 
0 3184
0 5
cob=(4)
cfi=(192)
cfn=(804)
calls=1 0 
0 8
0 32
cob=(4)
cfi=(192)
cfn=(1482)
calls=1 0 
0 21
0 25
cfn=(3050)
calls=1 0 
0 133
0 24
cob=(4)
cfi=(192)
cfn=(1586)
calls=1 0 
0 15
0 4

fn=(3000)
0 28
cob=(4)
cfi=(192)
cfn=(864)
calls=1 0 
0 24
0 12
cob=(4)
cfi=(192)
cfn=(3006)
calls=1 0 
0 3082
0 3
cob=(4)
cfi=(192)
cfn=(864)
calls=1 0 
0 24
0 11

fn=(984)
0 107

fn=(1008)
0 14
cob=(4)
cfi=(192)
cfn=(762)
calls=1 0 
0 22
0 2
cob=(4)
cfi=(192)
cfn=(750)
calls=1 0 
0 5
0 4

fn=(1114)
0 3152835
cob=(4)
cfi=(192)
cfn=(1116)
calls=350315 0 
0 30619396
0 1050945
cob=(4)
cfi=(192)
cfn=(1134)
calls=350315 0 
0 20319258
0 7706931
cob=(4)
cfi=(192)
cfn=(1140)
calls=1 0 
0 2455
0 6

fn=(1174)
0 5
cob=(4)
cfi=(192)
cfn=(1166)
calls=1 0 
0 75

fn=(1176)
0 12

fn=(1274)
0 47

fn=(1456)
0 13405746
cob=(4)
cfi=(192)
cfn=(1744)
calls=1221188 0 
0 49142934
0 971486

fn=(1462)
0 10
cob=(4)
cfi=(192)
cfn=(1464)
calls=1 0 
0 875
0 7
cob=(4)
cfi=(192)
cfn=(1468)
calls=1 0 
0 998

fn=(1480)
0 164075700
cob=(4)
cfi=(192)
cfn=(744)
calls=860975 0 
0 89271394
0 15998073
cob=(4)
cfi=(192)
cfn=(1482)
calls=860975 0 
0 18081549
0 42733695
cob=(4)
cfi=(192)
cfn=(1482)
calls=960891 0 
0 20179101
0 108285242
cfn=(1600)
calls=540604 0 
0 57856657
0 27268699
cfn=(1618)
calls=1681743 0 
0 99935849
0 3363486
cob=(4)
cfi=(192)
cfn=(1546)
calls=1681743 0 
0 8408715
0 32114705

fn=(1512)
0 98

fn=(1532)
0 10
cob=(4)
cfi=(192)
cfn=(1534)
calls=1 0 
0 768
0 4
cob=(4)
cfi=(192)
cfn=(1540)
calls=1 0 
0 9989
0 10

fn=(1734)
0 21142695
cob=(4)
cfi=(192)
cfn=(1580)
calls=10014 0 
0 681351
0 150210
cob=(4)
cfi=(192)
cfn=(1586)
calls=10014 0 
0 130182
0 951360
cob=(4)
cfi=(192)
cfn=(1586)
calls=190272 0 
0 3234378
0 6997334

fn=(1742)
0 19020762
cob=(4)
cfi=(192)
cfn=(1744)
calls=9510381 0 
0 418098813

fn=(1748)
0 24486114
cob=(4)
cfi=(192)
cfn=(1644)
calls=12243057 0 
0 481708977

fn=(1764)
0 92354039

fn=(1872)
0 360567

fn=(1950)
0 560882
cob=(4)
cfi=(192)
cfn=(1860)
calls=80126 0 
0 480756
0 600945
cob=(4)
cfi=(192)
cfn=(1952)
calls=40063 0 
0 14623776
0 320504

fn=(2026)
0 240384
cob=(4)
cfi=(192)
cfn=(2028)
calls=80128 0 
0 721972

fn=(2048)
0 8406368
cob=(4)
cfi=(192)
cfn=(2058)
calls=90061 0 
0 990671
0 2702106

fn=(2066)
0 340544
cob=(4)
cfi=(192)
cfn=(2044)
calls=20032 0 
0 661056
0 180288
cfn=(2068)
calls=20032 0 
0 6999906
0 260416

fn=(2074)
0 980539
cob=(4)
cfi=(192)
cfn=(1586)
calls=20011 0 
0 1350700
0 200110
cfn=(2076) std::basic_filebuf<char, std::char_traits<char> >::underflow()
calls=20011 0 
0 3543508
0 140077

fn=(2162)
0 8675098

fn=(2168)
0 572440
cob=(4)
cfi=(192)
cfn=(2170)
calls=10091 0 
0 419578
0 472788

fn=(766)
0 90
cob=(4)
cfi=(192)
cfn=(768)
calls=15 0 
0 3067
0 90

fn=(2340)
0 23232

fn=(2646)
0 1188267

fn=(2920)
0 18
cob=(4)
cfi=(192)
cfn=(804)
calls=2 0 
0 16
0 24

fn=(2944)
0 4
cob=(4)
cfi=(192)
cfn=(2946)
calls=2 0 
0 1108

fn=(3172)
0 10
cob=(4)
cfi=(192)
cfn=(2838)
calls=2 0 
0 28
0 6

fn=(826)
0 107

fn=(832)
0 107

fn=(1138)
0 3152835
cob=(4)
cfi=(192)
cfn=(804)
calls=350315 0 
0 2802520
0 2452205
cob=(4)
cfi=(192)
cfn=(804)
calls=350315 0 
0 2802520
0 2452205
cob=(4)
cfi=(192)
cfn=(804)
calls=350315 0 
0 2802520
0 3152835

fn=(1182)
0 6
cob=(4)
cfi=(192)
cfn=(1184)
calls=1 0 
0 732
0 6
cob=(4)
cfi=(192)
cfn=(1166)
calls=1 0 
0 75
0 3
cob=(4)
cfi=(192)
cfn=(1184)
calls=1 0 
0 7
0 7
cob=(4)
cfi=(192)
cfn=(1166)
calls=1 0 
0 75

fn=(1198)
0 4
cob=(4)
cfi=(192)
cfn=(1200)
calls=1 0 
0 726
0 4

fn=(1204)
0 3

fn=(1576)
0 858
cob=(4)
cfi=(192)
cfn=(1580)
calls=33 0 
0 6755
0 297
cob=(4)
cfi=(192)
cfn=(1586)
calls=33 0 
0 1524
0 99

fn=(1682)
0 9249744
cob=(4)
cfi=(192)
cfn=(1684)
calls=770812 0 
0 13881504
0 2312436
cfn=(1690)
calls=770812 0 
0 27794334
0 2312436
cob=(4)
cfi=(192)
cfn=(1730)
calls=770812 0 
0 33477403
0 3854060

fn=(1758)
0 45342170
cob=(4)
cfi=(192)
cfn=(1660)
calls=4534217 0 
0 85261244
0 21600254
cob=(4)
cfi=(192)
cfn=(1678)
calls=770747 0 
0 94361729
0 15053880
cob=(4)
cfi=(192)
cfn=(1760)
calls=3763470 0 
0 99881836
0 60626715
cob=(4)
cfi=(192)
cfn=(1684)
calls=3763470 0 
0 358108000
0 30107760
cob=(4)
cfi=(192)
cfn=(1766)
calls=3763470 0 
0 109651756
0 33871230
cob=(4)
cfi=(192)
cfn=(1766)
calls=3763470 0 
0 187692951
0 18817350
cfn=(1600)
calls=3763470 0 
0 1351964584
0 71445677
cfn=(1618)
calls=1231094 0 
0 61425307
0 2462188
cob=(4)
cfi=(192)
cfn=(1546)
calls=1231094 0 
0 6155470
0 68352247
cfn=(1618)
calls=20030 0 
0 520780
0 9818889
cfn=(1618)
calls=3272963 0 
0 251998789
0 6585986
cob=(4)
cfi=(192)
cfn=(1546)
calls=3292993 0 
0 16464965
0 62357184
cfn=(1618)
calls=770741 0 
0 25764950
0 1541482
cob=(4)
cfi=(192)
cfn=(1546)
calls=770741 0 
0 3853705
0 42109089
cob=(4)
cfi=(192)
cfn=(1640)
calls=90135 0 
0 540810
0 811215

fn=(1926)
0 320504
cob=(4)
cfi=(192)
cfn=(1860)
calls=40063 0 
0 240378
0 160252
cob=(4)
cfi=(192)
cfn=(1928)
calls=40063 0 
0 1002539
0 240378
cob=(4)
cfi=(192)
cfn=(1934)
calls=40063 0 
0 7253053
0 600945
cob=(4)
cfi=(192)
cfn=(1946)
calls=40063 0 
0 15866498
0 360567

fn=(2020)
0 420672
cob=(4)
cfi=(192)
cfn=(2022)
calls=60096 0 
0 842917
0 300480
cob=(4)
cfi=(192)
cfn=(2034)
calls=60096 0 
0 481631

fn=(2076)
0 720396
cfn=(2078)
calls=20011 0 
0 60033
0 480264
cob=(4)
cfi=(192)
cfn=(2080)
calls=20011 0 
0 2202771
0 80044

fn=(2078)
0 60096

fn=(706)
0 5
cob=(4)
cfi=(192)
cfn=(708)
calls=1 0 
0 86056
0 5
cob=(4)
cfi=(192)
cfn=(1166)
calls=1 0 
0 1076

fn=(720)
0 52
cob=(4)
cfi=(192)
cfn=(722)
calls=1 0 
0 73580
0 15
cob=(4)
cfi=(192)
cfn=(722)
calls=1 0 
0 27
0 13
cob=(4)
cfi=(192)
cfn=(722)
calls=1 0 
0 27
0 6
cob=(4)
cfi=(192)
cfn=(1104)
calls=1 0 
0 770
0 11
cob=(4)
cfi=(192)
cfn=(1110)
calls=1 0 
0 6780
0 3
cob=(4)
cfi=(192)
cfn=(1104)
calls=1 0 
0 89
0 15
cob=(4)
cfi=(192)
cfn=(1110)
calls=1 0 
0 171
0 3
cob=(4)
cfi=(192)
cfn=(1104)
calls=1 0 
0 89
0 11
cob=(4)
cfi=(192)
cfn=(1110)
calls=1 0 
0 171
0 4
cob=(4)
cfi=(192)
cfn=(1104)
calls=1 0 
0 89
0 11
cob=(4)
cfi=(192)
cfn=(1110)
calls=1 0 
0 171
0 14
cob=(4)
cfi=(192)
cfn=(722)
calls=1 0 
0 27
0 15
cob=(4)
cfi=(192)
cfn=(722)
calls=1 0 
0 27
0 13
cob=(4)
cfi=(192)
cfn=(722)
calls=1 0 
0 27
0 6
cob=(4)
cfi=(192)
cfn=(1104)
calls=1 0 
0 89
0 11
cob=(4)
cfi=(192)
cfn=(1150)
calls=1 0 
0 2149
0 3
cob=(4)
cfi=(192)
cfn=(1104)
calls=1 0 
0 89
0 15
cob=(4)
cfi=(192)
cfn=(1150)
calls=1 0 
0 173
0 3
cob=(4)
cfi=(192)
cfn=(1104)
calls=1 0 
0 89
0 11
cob=(4)
cfi=(192)
cfn=(1150)
calls=1 0 
0 173
0 4
cob=(4)
cfi=(192)
cfn=(1104)
calls=1 0 
0 89
0 11
cob=(4)
cfi=(192)
cfn=(1150)
calls=1 0 
0 173
0 14

fn=(726)
0 4884664
cfn=(728)
calls=610583 0 
0 11403203
0 5495247

fn=(734)
0 5

fn=(2274)
0 1440976

fn=(2420)
0 1711520
cob=(4)
cfi=(192)
cfn=(1666)
calls=90080 0 
0 990880
0 720640
cob=(4)
cfi=(192)
cfn=(1672)
calls=90080 0 
0 1261120
0 990880
cob=(4)
cfi=(192)
cfn=(1672)
calls=90080 0 
0 1261120
0 810720

fn=(2612)
0 4184378
cob=(4)
cfi=(192)
cfn=(1546)
calls=190199 0 
0 950995
0 570597
cob=(4)
cfi=(192)
cfn=(2614)
calls=190199 0 
0 10842182
0 570597
cob=(4)
cfi=(192)
cfn=(2614)
calls=190199 0 
0 10841343
0 570597
cob=(4)
cfi=(192)
cfn=(2620)
calls=190199 0 
0 4946025
0 1141194
cob=(4)
cfi=(192)
cfn=(1640)
calls=190199 0 
0 1141194
0 1711791
cob=(4)
cfi=(192)
cfn=(1640)
calls=190199 0 
0 1141194
0 3803980
cob=(4)
cfi=(192)
cfn=(1660)
calls=190199 0 
0 12172736
0 570597
cob=(4)
cfi=(192)
cfn=(1660)
calls=190199 0 
0 12172736
0 760796
cob=(4)
cfi=(192)
cfn=(1660)
calls=190199 0 
0 12172736
0 15976716
cob=(4)
cfi=(192)
cfn=(2620)
calls=760796 0 
0 37777656
0 9509950
cob=(4)
cfi=(192)
cfn=(1672)
calls=190199 0 
0 2662786
0 1331393
cob=(4)
cfi=(192)
cfn=(1666)
calls=190199 0 
0 2092189
0 13504129
cfn=(1618)
calls=190199 0 
0 10080547
0 380398
cob=(4)
cfi=(192)
cfn=(1546)
calls=190199 0 
0 950995
0 380398
cob=(4)
cfi=(192)
cfn=(1596)
calls=190199 0 
0 43495412
0 2472451
cob=(4)
cfi=(192)
cfn=(2288)
calls=570529 0 
0 278295361
0 2092053
cob=(4)
cfi=(192)
cfn=(1640)
calls=190199 0 
0 1141194
0 3043184
cob=(4)
cfi=(192)
cfn=(1672)
calls=190199 0 
0 2662786
0 3042980
cob=(4)
cfi=(192)
cfn=(1672)
calls=570529 0 
0 7987406
0 380398
cob=(4)
cfi=(192)
cfn=(1672)
calls=190199 0 
0 2662786
0 5895693
cob=(4)
cfi=(192)
cfn=(1672)
calls=190199 0 
0 2662786
0 1521592
cob=(4)
cfi=(192)
cfn=(1672)
calls=190199 0 
0 2662786
0 1521592
cob=(4)
cfi=(192)
cfn=(1666)
calls=190199 0 
0 2092189
0 1141194
cob=(4)
cfi=(192)
cfn=(1672)
calls=190199 0 
0 2662786
0 1141194

fn=(2618)
0 5705970
cob=(4)
cfi=(192)
cfn=(1546)
calls=380398 0 
0 1901990
0 7607960
cob=(4)
cfi=(192)
cfn=(1666)
calls=380398 0 
0 4184378
0 1521592

fn=(2662)
0 384
cob=(4)
cfi=(192)
cfn=(1534)
calls=32 0 
0 160
0 160
cob=(4)
cfi=(192)
cfn=(2664)
calls=32 0 
0 33763
0 352

fn=(2734)
0 500750
cob=(4)
cfi=(192)
cfn=(1684)
calls=10015 0 
0 170255
0 60090
cob=(4)
cfi=(192)
cfn=(1546)
calls=10015 0 
0 50075
0 110165
cob=(4)
cfi=(192)
cfn=(1640)
calls=10015 0 
0 60090
0 140210
cfn=(1618)
calls=10015 0 
0 480720
0 20030
cob=(4)
cfi=(192)
cfn=(1546)
calls=10015 0 
0 50075
0 210315
cob=(4)
cfi=(192)
cfn=(1640)
calls=10015 0 
0 60090
0 50075
cob=(4)
cfi=(192)
cfn=(1596)
calls=10015 0 
0 240360
0 70105
cob=(4)
cfi=(192)
cfn=(1640)
calls=10015 0 
0 60090
0 480720
cob=(4)
cfi=(192)
cfn=(1766)
calls=10015 0 
0 490735
0 280420
cob=(4)
cfi=(192)
cfn=(1766)
calls=10015 0 
0 2182910
0 140210

fn=(2854)
0 51
cob=(4)
cfi=(192)
cfn=(2856)
calls=3 0 
0 769
0 96
cfn=(2862)
calls=3 0 
0 1840
0 15

fn=(3144)
0 45
cob=(4)
cfi=(192)
cfn=(2856)
calls=3 0 
0 206
0 21
cfn=(3146) __gnu_cxx::stdio_sync_filebuf<char, std::char_traits<char> >::sync()
calls=3 0 
0 1273
0 32
cob=(4)
cfi=(192)
cfn=(3162)
calls=1 0 
0 1465
0 11
cfn=(3146)
calls=1 0 
0 80
0 34

fn=(3145)
0 15
cob=(4)
cfi=(192)
cfn=(2857)
calls=1 0 
0 17
0 7
cfn=(3146)
calls=1 0 
0 80
0 18

fn=(3146)
0 15
cob=(4)
cfi=(192)
cfn=(3148)
calls=5 0 
0 1418

fn=(3178)
0 45
cob=(4)
cfi=(192)
cfn=(3180)
calls=3 0 
0 1132
0 21
cfn=(3186)
calls=3 0 
0 240
0 32
cob=(4)
cfi=(192)
cfn=(3162)
calls=1 0 
0 35
0 11
cfn=(3186)
calls=1 0 
0 80
0 34

fn=(3179)
0 15
cob=(4)
cfi=(192)
cfn=(3181)
calls=1 0 
0 17
0 7
cfn=(3186)
calls=1 0 
0 80
0 18

fn=(972)
0 107

fn=(1126)
0 4904466

fn=(1676)
0 53813472

fn=(1688)
0 76201651
cob=(4)
cfi=(192)
cfn=(1580)
calls=2582477 0 
0 181825190
0 19939076
cob=(4)
cfi=(192)
cfn=(1586)
calls=2222107 0 
0 32460776
0 9198824
cob=(4)
cfi=(192)
cfn=(1744)
calls=1451393 0 
0 56608627
0 27106042

fn=(1814)
0 2763228

fn=(1982)
0 160252
cob=(4)
cfi=(192)
cfn=(1946)
calls=40063 0 
0 881386
0 80126

fn=(1994)
0 1431375

fn=(2006)
0 761216
cfn=(2008)
calls=40064 0 
0 120192
0 360576
cob=(4)
cfi=(192)
cfn=(1860)
calls=40064 0 
0 240384
0 1101760
cob=(4)
cfi=(192)
cfn=(2010)
calls=20032 0 
0 2288045
0 260416
cob=(4)
cfi=(192)
cfn=(2016)
calls=20032 0 
0 721152
0 220352

fn=(2112)
0 2944508

fn=(2144)
0 57

fn=(2236)
0 1271935

fn=(2286)
0 11030412
cob=(4)
cfi=(192)
cfn=(1546)
calls=580548 0 
0 2902740
0 30718494
cob=(4)
cfi=(192)
cfn=(2288)
calls=3473178 0 
0 2302124986
0 50966904
cob=(4)
cfi=(192)
cfn=(1666)
calls=580548 0 
0 6386028
0 3483288
cob=(4)
cfi=(192)
cfn=(1672)
calls=580548 0 
0 8127672
0 3483288
cob=(4)
cfi=(192)
cfn=(1672)
calls=580548 0 
0 8127672
0 2342222

fn=(2414)
0 1531360
cob=(4)
cfi=(192)
cfn=(1546)
calls=90080 0 
0 450400
0 180160
cob=(4)
cfi=(192)
cfn=(2416)
calls=90080 0 
0 7927925
0 720640

ob=(3)
fl=(158)
fn=(506)
29 1
fi=(159) ./math/../sysdeps/x86_64/fpu/multiarch/ifunc-fma4.h
+2 4
+1 2
fe=(158)
-3 1

fl=(167)
fn=(536)
33 1
fi=(373) ./math/../sysdeps/x86_64/fpu/multiarch/ifunc-sse4_1.h
-4 5
fe=(167)
+4 1

fl=(173)
fn=(556)
28 1
fi=(146) ./math/../sysdeps/x86_64/fpu/multiarch/ifunc-fma.h
+1 4
+1 4
fe=(173)
-2 1

fl=(162)
fn=(518)
29 1
fi=(149) ./math/../sysdeps/x86_64/fpu/multiarch/ifunc-avx-fma4.h
+3 5
+1 2
fe=(162)
-4 1

fl=(171)
fn=(550)
29 5
fi=(146)
+1 4
fe=(171)
-1 1

fl=(165)
fn=(530)
28 1
fi=(146)
+1 4
+1 4
fe=(165)
-2 1

fl=(161)
fn=(514)
28 1
fi=(146)
+1 4
+1 4
fe=(161)
-2 1

fl=(170)
fn=(546)
28 1
fi=(146)
+1 4
+1 4
fe=(170)
-2 1

fl=(175)
fn=(564)
32 1
fi=(373)
-3 5
fe=(175)
+3 1

fl=(205)
fn=(3208) 0x0000000000012880
0 5

fn=(3198)
0 9
cob=(4)
cfi=(192)
cfn=(3204)
calls=1 0 
0 97
0 1
cfn=(3208)
calls=1 0 
0 5
0 3

fn=(696)
0 12

fl=(164)
fn=(542)
29 1
fi=(159)
+2 4
+1 2
fe=(164)
-3 1

fn=(526)
37 1
fi=(159)
-6 4
+1 2
fe=(164)
+5 1

fl=(151)
fn=(482)
29 5
fi=(146)
+1 4
fe=(151)
-1 1

fl=(177)
fn=(574)
44 6

fl=(166)
fn=(534)
49 6

fl=(178)
fn=(576)
29 1
fi=(159)
+2 4
+1 2
fe=(178)
-3 1

fl=(169)
fn=(540)
32 1
fi=(373)
-3 5
fe=(169)
+3 1

ob=(7)
fl=(206)
fn=(2414)
0 990880
cob=(4)
cfi=(192)
cfn=(1672)
calls=90080 0 
0 1261120
0 990880
cfn=(1618)
calls=90080 0 
0 10449280
0 1531360
cob=(4)
cfi=(192)
cfn=(1546)
calls=90080 0 
0 450400
0 360320
cob=(4)
cfi=(192)
cfn=(1596)
calls=90080 0 
0 116003730
0 1351200
cob=(4)
cfi=(192)
cfn=(1640)
calls=90080 0 
0 540480
0 450400
cob=(4)
cfi=(192)
cfn=(1596)
calls=90080 0 
0 2161920
0 450400
cob=(4)
cfi=(192)
cfn=(1640)
calls=90080 0 
0 540480
0 1621440

fn=(2910)
0 16
cob=(4)
cfi=(192)
cfn=(2856)
calls=1 0 
0 17
0 21
cfn=(2912)
calls=1 0 
0 1553
0 20

fn=(3116)
0 9
cob=(4)
cfi=(192)
cfn=(3122)
calls=1 0 
0 7372
0 1
cfn=(3190)
calls=1 0 
0 5
0 3

fn=(3124)
0 4
cob=(4)
cfi=(192)
cfn=(3126)
calls=1 0 
0 751

fn=(3134)
0 5

fn=(3138)
0 9

ob=(3)
fl=(157)
fn=(504)
33 2
fi=(373)
-4 10
fe=(157)
+4 2

fl=(153)
fn=(490)
29 5
fi=(146)
+1 4
fe=(153)
-1 1

fl=(147)
fn=(470)
28 1
fi=(146)
+1 4
+1 4
fe=(147)
-2 1

fl=(172)
fn=(554)
33 1
fi=(373)
-4 5
fe=(172)
+4 1

fl=(176)
fn=(566)
28 1
fi=(149)
+4 5
+1 2
fe=(176)
-5 1

fl=(174)
fn=(560)
28 1
fi=(146)
+1 4
+1 4
fe=(174)
-2 1

fl=(168)
fn=(538)
33 2
fi=(373)
-4 10
fe=(168)
+4 2

fl=(150)
fn=(570)
29 1
fi=(149)
+3 5
+1 2
fe=(150)
-4 1

fn=(478)
36 1
fi=(149)
-4 5
+1 2
fe=(150)
+3 1

fl=(156)
fn=(502)
33 1
fi=(373)
-4 5
fe=(156)
+4 1

fl=(145)
fn=(466)
29 10
fi=(146)
+1 8
fe=(145)
-1 2

fl=(160)
fn=(510)
29 5
fi=(146)
+1 4
fe=(160)
-1 1

fl=(155)
fn=(498)
32 1
fi=(146)
-3 4
+1 4
fe=(155)
+2 1

fl=(148)
fn=(474)
29 1
fi=(149)
+3 5
+1 2
fe=(148)
-4 1

fl=(154)
fn=(494)
28 1
fi=(146)
+1 4
+1 4
fe=(154)
-2 1

fl=(179)
fn=(580)
33 1
fi=(373)
-4 5
fe=(179)
+4 1

fl=(152)
fn=(486)
28 1
fi=(149)
+4 5
+1 2
fe=(152)
-5 1

fl=(163)
fn=(522)
28 1
fi=(149)
+4 4
fe=(163)

ob=(7)
fl=(206)
fn=(3138)
0 4
cob=(4)
cfi=(192)
cfn=(3140)
calls=1 0 
0 1870
0 2
cob=(4)
cfi=(192)
cfn=(3140)
calls=1 0 
0 1862
0 2
cob=(4)
cfi=(192)
cfn=(3140)
calls=1 0 
0 139
0 2
cob=(4)
cfi=(192)
cfn=(3174)
calls=1 0 
0 1947
0 2
cob=(4)
cfi=(192)
cfn=(3174)
calls=1 0 
0 432
0 2
cob=(4)
cfi=(192)
cfn=(3174)
calls=1 0 
0 139
0 2

fn=(3184)
0 42
cob=(4)
cfi=(192)
cfn=(3175)
calls=1 0 
0 139
0 19

ob=(3)
fl=(163)
fn=(522)
fi=(149)
32 1
+1 2
fe=(163)

ob=(7)
fl=(206)
fn=(3185)
0 15

ob=(3)
fl=(163)
fn=(522)
28 1

totals: 6686776528
