id,width,lookup_reads,member_assignments,source_copies,range_passes,insertions
1,2,0,0,1,0,0
2,2,0,0,1,0,0
3,2,0,0,1,0,0
4,2,0,0,1,0,0
5,2,0,0,1,0,0
6,2,0,0,1,0,0
7,2,0,0,1,0,0
8,2,0,0,1,0,0
9,2,0,0,1,0,0
10,2,0,0,1,0,0
11,2,0,0,1,0,0
12,2,0,0,1,0,0
13,2,0,0,1,0,0
14,2,0,0,1,0,0
15,2,0,0,1,0,0
16,2,0,0,1,0,0
17,2,0,0,1,0,0
18,2,0,0,1,0,0
19,2,0,0,1,0,0
20,2,0,0,1,0,0
21,2,0,0,1,0,0
22,2,0,0,1,0,0
23,2,0,0,1,0,0
24,2,0,0,1,0,0
25,2,0,0,1,0,0
26,2,0,0,1,0,0
27,2,0,0,1,0,0
28,2,0,0,1,0,0
29,2,0,0,1,0,0
30,2,0,0,1,0,0
31,2,0,0,1,0,0
32,2,0,0,1,0,0
33,2,0,0,1,0,0
34,2,0,0,1,0,0
35,2,0,0,1,0,0
36,2,0,0,1,0,0
37,2,0,0,1,0,0
38,2,0,0,1,0,0
39,2,0,0,1,0,0
40,2,0,0,1,0,0
41,2,0,0,1,0,0
42,2,0,0,1,0,0
43,2,0,0,1,0,0
44,2,0,0,1,0,0
45,2,0,0,1,0,0
46,2,0,0,1,0,0
47,2,0,0,1,0,0
48,2,0,0,1,0,0
49,2,0,0,1,0,0
50,2,0,0,1,0,0
51,2,0,0,1,0,0
52,2,0,0,1,0,0
53,2,0,0,1,0,0
54,2,0,0,1,0,0
55,2,0,0,1,0,0
56,2,0,0,1,0,0
57,2,0,0,1,0,0
58,2,0,0,1,0,0
59,2,0,0,1,0,0
60,2,0,0,1,0,0
61,2,0,0,1,0,0
62,2,0,0,1,0,0
63,2,0,0,1,0,0
64,2,0,0,1,0,0
65,2,0,0,1,0,0
66,2,0,0,1,0,0
67,2,0,0,1,0,0
68,2,0,0,1,0,0
69,2,0,0,1,0,0
70,2,0,0,1,0,0
71,2,0,0,1,0,0
72,2,0,0,1,0,0
73,2,0,0,1,0,0
74,2,0,0,1,0,0
75,2,0,0,1,0,0
76,2,0,0,1,0,0
77,2,0,0,1,0,0
78,2,0,0,1,0,0
79,2,0,0,1,0,0
80,2,0,0,1,0,0
81,2,0,0,1,0,0
82,2,0,0,1,0,0
83,2,0,0,1,0,0
84,2,0,0,1,0,0
85,2,0,0,1,0,0
86,2,0,0,1,0,0
87,2,0,0,1,0,0
88,2,0,0,1,0,0
89,2,0,0,1,0,0
90,2,0,0,1,0,0
91,2,0,0,1,0,0
92,2,0,0,1,0,0
93,2,0,0,1,0,0
94,2,0,0,1,0,0
95,2,0,0,1,0,0
96,2,0,0,1,0,0
97,2,0,0,1,0,0
98,2,0,0,1,0,0
99,2,0,0,1,0,0
100,2,0,0,1,0,0
101,2,0,0,1,0,0
102,2,0,0,1,0,0
103,2,0,0,1,0,0
104,2,0,0,1,0,0
105,2,0,0,1,0,0
106,2,0,0,1,0,0
107,2,0,0,1,0,0
108,2,0,0,1,0,0
109,2,0,0,1,0,0
110,2,0,0,1,0,0
111,2,0,0,1,0,0
112,2,0,0,1,0,0
113,2,0,0,1,0,0
114,2,0,0,1,0,0
115,2,0,0,1,0,0
116,2,0,0,1,0,0
117,2,0,0,1,0,0
118,2,0,0,1,0,0
119,2,0,0,1,0,0
120,2,0,0,1,0,0
121,2,0,0,1,0,0
122,2,0,0,1,0,0
123,2,0,0,1,0,0
124,2,0,0,1,0,0
125,2,0,0,1,0,0
126,2,0,0,1,0,0
127,2,0,0,1,0,0
128,2,0,0,1,0,0
129,2,0,0,1,0,0
130,2,0,0,1,0,0
131,2,0,0,1,0,0
132,2,0,0,1,0,0
133,2,0,0,1,0,0
134,2,0,0,1,0,0
135,2,0,0,1,0,0
136,2,0,0,1,0,0
137,2,0,0,1,0,0
138,2,0,0,1,0,0
139,2,0,0,1,0,0
140,2,0,0,1,0,0
141,2,0,0,1,0,0
142,2,0,0,1,0,0
143,2,0,0,1,0,0
144,2,0,0,1,0,0
145,2,0,0,1,0,0
146,2,0,0,1,0,0
147,2,0,0,1,0,0
148,2,0,0,1,0,0
149,2,0,0,1,0,0
150,2,0,0,1,0,0
151,2,0,0,1,0,0
152,2,0,0,1,0,0
153,2,0,0,1,0,0
154,2,0,0,1,0,0
155,2,0,0,1,0,0
156,2,0,0,1,0,0
157,2,0,0,1,0,0
158,2,0,0,1,0,0
159,2,0,0,1,0,0
160,2,0,0,1,0,0
161,2,0,0,1,0,0
162,2,0,0,1,0,0
163,2,0,0,1,0,0
164,2,0,0,1,0,0
165,2,0,0,1,0,0
166,2,0,0,1,0,0
167,2,0,0,1,0,0
168,2,0,0,1,0,0
169,2,0,0,1,0,0
170,2,0,0,1,0,0
171,2,0,0,1,0,0
172,2,0,0,1,0,0
173,2,0,0,1,0,0
174,2,0,0,1,0,0
175,2,0,0,1,0,0
176,2,0,0,1,0,0
177,2,0,0,1,0,0
178,2,0,0,1,0,0
179,2,0,0,1,0,0
180,2,0,0,1,0,0
181,2,0,0,1,0,0
182,2,0,0,1,0,0
183,2,0,0,1,0,0
184,2,0,0,1,0,0
185,2,0,0,1,0,0
186,2,0,0,1,0,0
187,2,0,0,1,0,0
188,2,0,0,1,0,0
189,2,0,0,1,0,0
190,2,0,0,1,0,0
191,2,0,0,1,0,0
192,2,0,0,1,0,0
193,2,0,0,1,0,0
194,2,0,0,1,0,0
195,2,0,0,1,0,0
196,2,0,0,1,0,0
197,2,0,0,1,0,0
198,2,0,0,1,0,0
199,2,0,0,1,0,0
200,2,0,0,1,0,0
201,2,0,0,1,0,0
202,2,0,0,1,0,0
203,2,0,0,1,0,0
204,2,0,0,1,0,0
205,2,0,0,1,0,0
206,2,0,0,1,0,0
207,2,0,0,1,0,0
208,2,0,0,1,0,0
209,2,0,0,1,0,0
210,2,0,0,1,0,0
211,2,0,0,1,0,0
212,2,0,0,1,0,0
213,2,0,0,1,0,0
214,2,0,0,1,0,0
215,2,0,0,1,0,0
216,2,0,0,1,0,0
217,2,0,0,1,0,0
218,2,0,0,1,0,0
219,2,0,0,1,0,0
220,2,0,0,1,0,0
221,2,0,0,1,0,0
222,2,0,0,1,0,0
223,2,0,0,1,0,0
224,2,0,0,1,0,0
225,2,0,0,1,0,0
226,2,0,0,1,0,0
227,2,0,0,1,0,0
228,2,0,0,1,0,0
229,2,0,0,1,0,0
230,2,0,0,1,0,0
231,2,0,0,1,0,0
232,2,0,0,1,0,0
233,2,0,0,1,0,0
234,2,0,0,1,0,0
235,2,0,0,1,0,0
236,2,0,0,1,0,0
237,2,0,0,1,0,0
238,2,0,0,1,0,0
239,2,0,0,1,0,0
240,2,0,0,1,0,0
241,2,0,0,1,0,0
242,2,0,0,1,0,0
243,2,0,0,1,0,0
244,2,0,0,1,0,0
245,2,0,0,1,0,0
246,2,0,0,1,0,0
247,2,0,0,1,0,0
248,2,0,0,1,0,0
249,2,0,0,1,0,0
250,2,0,0,1,0,0
251,2,0,0,1,0,0
252,2,0,0,1,0,0
253,2,0,0,1,0,0
254,2,0,0,1,0,0
255,2,0,0,1,0,0
256,2,0,0,1,0,0
257,2,0,0,1,0,0
258,2,0,0,1,0,0
259,2,0,0,1,0,0
260,2,0,0,1,0,0
261,2,0,0,1,0,0
262,2,0,0,1,0,0
263,2,0,0,1,0,0
264,2,0,0,1,0,0
265,2,0,0,1,0,0
266,2,0,0,1,0,0
267,2,0,0,1,0,0
268,2,0,0,1,0,0
269,2,0,0,1,0,0
270,2,0,0,1,0,0
271,2,0,0,1,0,0
272,2,0,0,1,0,0
273,2,0,0,1,0,0
274,2,0,0,1,0,0
275,2,0,0,1,0,0
276,2,0,0,1,0,0
277,2,0,0,1,0,0
278,2,0,0,1,0,0
279,2,0,0,1,0,0
280,2,0,0,1,0,0
281,2,0,0,1,0,0
282,2,0,0,1,0,0
283,2,0,0,1,0,0
284,2,0,0,1,0,0
285,2,0,0,1,0,0
286,2,0,0,1,0,0
287,2,0,0,1,0,0
288,2,0,0,1,0,0
289,2,0,0,1,0,0
290,2,0,0,1,0,0
291,2,0,0,1,0,0
292,2,0,0,1,0,0
293,2,0,0,1,0,0
294,2,0,0,1,0,0
295,2,0,0,1,0,0
296,2,0,0,1,0,0
297,2,0,0,1,0,0
298,2,0,0,1,0,0
299,2,0,0,1,0,0
300,2,0,0,1,0,0
301,2,0,0,1,0,0
302,2,0,0,1,0,0
303,2,0,0,1,0,0
304,2,0,0,1,0,0
305,2,0,0,1,0,0
306,2,0,0,1,0,0
307,2,0,0,1,0,0
308,2,0,0,1,0,0
309,2,0,0,1,0,0
310,2,0,0,1,0,0
311,2,0,0,1,0,0
312,2,0,0,1,0,0
313,2,0,0,1,0,0
314,2,0,0,1,0,0
315,2,0,0,1,0,0
316,2,0,0,1,0,0
317,2,0,0,1,0,0
318,2,0,0,1,0,0
319,2,0,0,1,0,0
320,2,0,0,1,0,0
321,2,0,0,1,0,0
322,2,0,0,1,0,0
323,2,0,0,1,0,0
324,2,0,0,1,0,0
325,2,0,0,1,0,0
326,2,0,0,1,0,0
327,2,0,0,1,0,0
328,2,0,0,1,0,0
329,2,0,0,1,0,0
330,2,0,0,1,0,0
331,2,0,0,1,0,0
332,2,0,0,1,0,0
333,2,0,0,1,0,0
334,2,0,0,1,0,0
335,2,0,0,1,0,0
336,2,0,0,1,0,0
337,2,0,0,1,0,0
338,2,0,0,1,0,0
339,2,0,0,1,0,0
340,2,0,0,1,0,0
341,2,0,0,1,0,0
342,2,0,0,1,0,0
343,2,0,0,1,0,0
344,2,0,0,1,0,0
345,2,0,0,1,0,0
346,2,0,0,1,0,0
347,2,0,0,1,0,0
348,2,0,0,1,0,0
349,2,0,0,1,0,0
350,2,0,0,1,0,0
351,2,0,0,1,0,0
352,2,0,0,1,0,0
353,2,0,0,1,0,0
354,2,0,0,1,0,0
355,2,0,0,1,0,0
356,2,0,0,1,0,0
357,2,0,0,1,0,0
358,2,0,0,1,0,0
359,2,0,0,1,0,0
360,2,0,0,1,0,0
361,2,0,0,1,0,0
362,2,0,0,1,0,0
363,2,0,0,1,0,0
364,2,0,0,1,0,0
365,2,0,0,1,0,0
366,2,0,0,1,0,0
367,2,0,0,1,0,0
368,2,0,0,1,0,0
369,2,0,0,1,0,0
370,2,0,0,1,0,0
371,2,0,0,1,0,0
372,2,0,0,1,0,0
373,2,0,0,1,0,0
374,2,0,0,1,0,0
375,2,0,0,1,0,0
376,2,0,0,1,0,0
377,2,0,0,1,0,0
378,2,0,0,1,0,0
379,2,0,0,1,0,0
380,2,0,0,1,0,0
381,2,0,0,1,0,0
382,2,0,0,1,0,0
383,2,0,0,1,0,0
384,2,0,0,1,0,0
385,2,0,0,1,0,0
386,2,0,0,1,0,0
387,2,0,0,1,0,0
388,2,0,0,1,0,0
389,2,0,0,1,0,0
390,2,0,0,1,0,0
391,2,0,0,1,0,0
392,2,0,0,1,0,0
393,2,0,0,1,0,0
394,2,0,0,1,0,0
395,2,0,0,1,0,0
396,2,0,0,1,0,0
397,2,0,0,1,0,0
398,2,0,0,1,0,0
399,2,0,0,1,0,0
400,2,0,0,1,0,0
401,2,0,0,1,0,0
402,2,0,0,1,0,0
403,2,0,0,1,0,0
404,2,0,0,1,0,0
405,2,0,0,1,0,0
406,2,0,0,1,0,0
407,2,0,0,1,0,0
408,2,0,0,1,0,0
409,2,0,0,1,0,0
410,2,0,0,1,0,0
411,2,0,0,1,0,0
412,2,0,0,1,0,0
413,2,0,0,1,0,0
414,2,0,0,1,0,0
415,2,0,0,1,0,0
416,2,0,0,1,0,0
417,2,0,0,1,0,0
418,2,0,0,1,0,0
419,2,0,0,1,0,0
420,2,0,0,1,0,0
421,2,0,0,1,0,0
422,2,0,0,1,0,0
423,2,0,0,1,0,0
424,2,0,0,1,0,0
425,2,0,0,1,0,0
426,2,0,0,1,0,0
427,2,0,0,1,0,0
428,2,0,0,1,0,0
429,2,0,0,1,0,0
430,2,0,0,1,0,0
431,2,0,0,1,0,0
432,2,0,0,1,0,0
433,2,0,0,1,0,0
434,2,0,0,1,0,0
435,2,0,0,1,0,0
436,2,0,0,1,0,0
437,2,0,0,1,0,0
438,2,0,0,1,0,0
439,2,0,0,1,0,0
440,2,0,0,1,0,0
441,2,0,0,1,0,0
442,2,0,0,1,0,0
443,2,0,0,1,0,0
444,2,0,0,1,0,0
445,2,0,0,1,0,0
446,2,0,0,1,0,0
447,2,0,0,1,0,0
448,2,0,0,1,0,0
449,2,0,0,1,0,0
450,2,0,0,1,0,0
451,2,0,0,1,0,0
452,2,0,0,1,0,0
453,2,0,0,1,0,0
454,2,0,0,1,0,0
455,2,0,0,1,0,0
456,2,0,0,1,0,0
457,2,0,0,1,0,0
458,2,0,0,1,0,0
459,2,0,0,1,0,0
460,2,0,0,1,0,0
461,2,0,0,1,0,0
462,2,0,0,1,0,0
463,2,0,0,1,0,0
464,2,0,0,1,0,0
465,2,0,0,1,0,0
466,2,0,0,1,0,0
467,2,0,0,1,0,0
468,2,0,0,1,0,0
469,2,0,0,1,0,0
470,2,0,0,1,0,0
471,2,0,0,1,0,0
472,2,0,0,1,0,0
473,2,0,0,1,0,0
474,2,0,0,1,0,0
475,2,0,0,1,0,0
476,2,0,0,1,0,0
477,2,0,0,1,0,0
478,2,0,0,1,0,0
479,2,0,0,1,0,0
480,2,0,0,1,0,0
481,2,0,0,1,0,0
482,2,0,0,1,0,0
483,2,0,0,1,0,0
484,2,0,0,1,0,0
485,2,0,0,1,0,0
486,2,0,0,1,0,0
487,2,0,0,1,0,0
488,2,0,0,1,0,0
489,2,0,0,1,0,0
490,2,0,0,1,0,0
491,2,0,0,1,0,0
492,2,0,0,1,0,0
493,2,0,0,1,0,0
494,2,0,0,1,0,0
495,2,0,0,1,0,0
496,2,0,0,1,0,0
497,2,0,0,1,0,0
498,2,0,0,1,0,0
499,2,0,0,1,0,0
500,2,0,0,1,0,0
501,2,0,0,1,0,0
502,2,0,0,1,0,0
503,2,0,0,1,0,0
504,2,0,0,1,0,0
505,2,0,0,1,0,0
506,2,0,0,1,0,0
507,2,0,0,1,0,0
508,2,0,0,1,0,0
509,2,0,0,1,0,0
510,2,0,0,1,0,0
511,2,0,0,1,0,0
512,2,0,0,1,0,0
513,2,0,0,1,0,0
514,2,0,0,1,0,0
515,2,0,0,1,0,0
516,2,0,0,1,0,0
517,2,0,0,1,0,0
518,2,0,0,1,0,0
519,2,0,0,1,0,0
520,2,0,0,1,0,0
521,2,0,0,1,0,0
522,2,0,0,1,0,0
523,2,0,0,1,0,0
524,2,0,0,1,0,0
525,2,0,0,1,0,0
526,2,0,0,1,0,0
527,2,0,0,1,0,0
528,2,0,0,1,0,0
529,2,0,0,1,0,0
530,2,0,0,1,0,0
531,2,0,0,1,0,0
532,2,0,0,1,0,0
533,2,0,0,1,0,0
534,2,0,0,1,0,0
535,2,0,0,1,0,0
536,2,0,0,1,0,0
537,2,0,0,1,0,0
538,2,0,0,1,0,0
539,2,0,0,1,0,0
540,2,0,0,1,0,0
541,2,0,0,1,0,0
542,2,0,0,1,0,0
543,2,0,0,1,0,0
544,2,0,0,1,0,0
545,2,0,0,1,0,0
546,2,0,0,1,0,0
547,2,0,0,1,0,0
548,2,0,0,1,0,0
549,2,0,0,1,0,0
550,2,0,0,1,0,0
551,2,0,0,1,0,0
552,2,0,0,1,0,0
553,2,0,0,1,0,0
554,2,0,0,1,0,0
555,2,0,0,1,0,0
556,2,0,0,1,0,0
557,2,0,0,1,0,0
558,2,0,0,1,0,0
559,2,0,0,1,0,0
560,2,0,0,1,0,0
561,2,0,0,1,0,0
562,2,0,0,1,0,0
563,2,0,0,1,0,0
564,2,0,0,1,0,0
565,2,0,0,1,0,0
566,2,0,0,1,0,0
567,2,0,0,1,0,0
568,2,0,0,1,0,0
569,2,0,0,1,0,0
570,2,0,0,1,0,0
571,2,0,0,1,0,0
572,2,0,0,1,0,0
573,2,0,0,1,0,0
574,2,0,0,1,0,0
575,2,0,0,1,0,0
576,2,0,0,1,0,0
577,2,0,0,1,0,0
578,2,0,0,1,0,0
579,2,0,0,1,0,0
580,2,0,0,1,0,0
581,2,0,0,1,0,0
582,2,0,0,1,0,0
583,2,0,0,1,0,0
584,2,0,0,1,0,0
585,2,0,0,1,0,0
586,2,0,0,1,0,0
587,2,0,0,1,0,0
588,2,0,0,1,0,0
589,2,0,0,1,0,0
590,2,0,0,1,0,0
591,2,0,0,1,0,0
592,2,0,0,1,0,0
593,2,0,0,1,0,0
594,2,0,0,1,0,0
595,2,0,0,1,0,0
596,2,0,0,1,0,0
597,2,0,0,1,0,0
598,2,0,0,1,0,0
599,2,0,0,1,0,0
600,2,0,0,1,0,0
601,2,0,0,1,0,0
602,2,0,0,1,0,0
603,2,0,0,1,0,0
604,2,0,0,1,0,0
605,2,0,0,1,0,0
606,2,0,0,1,0,0
607,2,0,0,1,0,0
608,2,0,0,1,0,0
609,2,0,0,1,0,0
610,2,0,0,1,0,0
611,2,0,0,1,0,0
612,2,0,0,1,0,0
613,2,0,0,1,0,0
614,2,0,0,1,0,0
615,2,0,0,1,0,0
616,2,0,0,1,0,0
617,2,0,0,1,0,0
618,2,0,0,1,0,0
619,2,0,0,1,0,0
620,2,0,0,1,0,0
621,2,0,0,1,0,0
622,2,0,0,1,0,0
623,2,0,0,1,0,0
624,2,0,0,1,0,0
625,2,0,0,1,0,0
626,2,0,0,1,0,0
627,2,0,0,1,0,0
628,2,0,0,1,0,0
629,2,0,0,1,0,0
630,2,0,0,1,0,0
631,2,0,0,1,0,0
632,2,0,0,1,0,0
633,2,0,0,1,0,0
634,2,0,0,1,0,0
635,2,0,0,1,0,0
636,2,0,0,1,0,0
637,2,0,0,1,0,0
638,2,0,0,1,0,0
639,2,0,0,1,0,0
640,2,0,0,1,0,0
641,2,0,0,1,0,0
642,2,0,0,1,0,0
643,2,0,0,1,0,0
644,2,0,0,1,0,0
645,2,0,0,1,0,0
646,2,0,0,1,0,0
647,2,0,0,1,0,0
648,2,0,0,1,0,0
649,2,0,0,1,0,0
650,2,0,0,1,0,0
651,2,0,0,1,0,0
652,2,0,0,1,0,0
653,2,0,0,1,0,0
654,2,0,0,1,0,0
655,2,0,0,1,0,0
656,2,0,0,1,0,0
657,2,0,0,1,0,0
658,2,0,0,1,0,0
659,2,0,0,1,0,0
660,2,0,0,1,0,0
661,2,0,0,1,0,0
662,2,0,0,1,0,0
663,2,0,0,1,0,0
664,2,0,0,1,0,0
665,2,0,0,1,0,0
666,2,0,0,1,0,0
667,2,0,0,1,0,0
668,2,0,0,1,0,0
669,2,0,0,1,0,0
670,2,0,0,1,0,0
671,2,0,0,1,0,0
672,2,0,0,1,0,0
673,2,0,0,1,0,0
674,2,0,0,1,0,0
675,2,0,0,1,0,0
676,2,0,0,1,0,0
677,2,0,0,1,0,0
678,2,0,0,1,0,0
679,2,0,0,1,0,0
680,2,0,0,1,0,0
681,2,0,0,1,0,0
682,2,0,0,1,0,0
683,2,0,0,1,0,0
684,2,0,0,1,0,0
685,2,0,0,1,0,0
686,2,0,0,1,0,0
687,2,0,0,1,0,0
688,2,0,0,1,0,0
689,2,0,0,1,0,0
690,2,0,0,1,0,0
691,2,0,0,1,0,0
692,2,0,0,1,0,0
693,2,0,0,1,0,0
694,2,0,0,1,0,0
695,2,0,0,1,0,0
696,2,0,0,1,0,0
697,2,0,0,1,0,0
698,2,0,0,1,0,0
699,2,0,0,1,0,0
700,2,0,0,1,0,0
701,2,0,0,1,0,0
702,2,0,0,1,0,0
703,2,0,0,1,0,0
704,2,0,0,1,0,0
705,2,0,0,1,0,0
706,2,0,0,1,0,0
707,2,0,0,1,0,0
708,2,0,0,1,0,0
709,2,0,0,1,0,0
710,2,0,0,1,0,0
711,2,0,0,1,0,0
712,2,0,0,1,0,0
713,2,0,0,1,0,0
714,2,0,0,1,0,0
715,2,0,0,1,0,0
716,2,0,0,1,0,0
717,2,0,0,1,0,0
718,2,0,0,1,0,0
719,2,0,0,1,0,0
720,2,0,0,1,0,0
721,2,0,0,1,0,0
722,2,0,0,1,0,0
723,2,0,0,1,0,0
724,2,0,0,1,0,0
725,2,0,0,1,0,0
726,2,0,0,1,0,0
727,2,0,0,1,0,0
728,2,0,0,1,0,0
729,2,0,0,1,0,0
730,2,0,0,1,0,0
731,2,0,0,1,0,0
732,2,0,0,1,0,0
733,2,0,0,1,0,0
734,2,0,0,1,0,0
735,2,0,0,1,0,0
736,2,0,0,1,0,0
737,2,0,0,1,0,0
738,2,0,0,1,0,0
739,2,0,0,1,0,0
740,2,0,0,1,0,0
741,2,0,0,1,0,0
742,2,0,0,1,0,0
743,2,0,0,1,0,0
744,2,0,0,1,0,0
745,2,0,0,1,0,0
746,2,0,0,1,0,0
747,2,0,0,1,0,0
748,2,0,0,1,0,0
749,2,0,0,1,0,0
750,2,0,0,1,0,0
751,2,0,0,1,0,0
752,2,0,0,1,0,0
753,2,0,0,1,0,0
754,2,0,0,1,0,0
755,2,0,0,1,0,0
756,2,0,0,1,0,0
757,2,0,0,1,0,0
758,2,0,0,1,0,0
759,2,0,0,1,0,0
760,2,0,0,1,0,0
761,2,0,0,1,0,0
762,2,0,0,1,0,0
763,2,0,0,1,0,0
764,2,0,0,1,0,0
765,2,0,0,1,0,0
766,2,0,0,1,0,0
767,2,0,0,1,0,0
768,2,0,0,1,0,0
769,2,0,0,1,0,0
770,2,0,0,1,0,0
771,2,0,0,1,0,0
772,2,0,0,1,0,0
773,2,0,0,1,0,0
774,2,0,0,1,0,0
775,2,0,0,1,0,0
776,2,0,0,1,0,0
777,2,0,0,1,0,0
778,2,0,0,1,0,0
779,2,0,0,1,0,0
780,2,0,0,1,0,0
781,2,0,0,1,0,0
782,2,0,0,1,0,0
783,2,0,0,1,0,0
784,2,0,0,1,0,0
785,2,0,0,1,0,0
786,2,0,0,1,0,0
787,2,0,0,1,0,0
788,2,0,0,1,0,0
789,2,0,0,1,0,0
790,2,0,0,1,0,0
791,2,0,0,1,0,0
792,2,0,0,1,0,0
793,2,0,0,1,0,0
794,2,0,0,1,0,0
795,2,0,0,1,0,0
796,2,0,0,1,0,0
797,2,0,0,1,0,0
798,2,0,0,1,0,0
799,2,0,0,1,0,0
800,2,0,0,1,0,0
801,2,0,0,1,0,0
802,2,0,0,1,0,0
803,2,0,0,1,0,0
804,2,0,0,1,0,0
805,2,0,0,1,0,0
806,2,0,0,1,0,0
807,2,0,0,1,0,0
808,2,0,0,1,0,0
809,2,0,0,1,0,0
810,2,0,0,1,0,0
811,2,0,0,1,0,0
812,2,0,0,1,0,0
813,2,0,0,1,0,0
814,2,0,0,1,0,0
815,2,0,0,1,0,0
816,2,0,0,1,0,0
817,2,0,0,1,0,0
818,2,0,0,1,0,0
819,2,0,0,1,0,0
820,2,0,0,1,0,0
821,2,0,0,1,0,0
822,2,0,0,1,0,0
823,2,0,0,1,0,0
824,2,0,0,1,0,0
825,2,0,0,1,0,0
826,2,0,0,1,0,0
827,2,0,0,1,0,0
828,2,0,0,1,0,0
829,2,0,0,1,0,0
830,2,0,0,1,0,0
831,2,0,0,1,0,0
832,2,0,0,1,0,0
833,2,0,0,1,0,0
834,2,0,0,1,0,0
835,2,0,0,1,0,0
836,2,0,0,1,0,0
837,2,0,0,1,0,0
838,2,0,0,1,0,0
839,2,0,0,1,0,0
840,2,0,0,1,0,0
841,2,0,0,1,0,0
842,2,0,0,1,0,0
843,2,0,0,1,0,0
844,2,0,0,1,0,0
845,2,0,0,1,0,0
846,2,0,0,1,0,0
847,2,0,0,1,0,0
848,2,0,0,1,0,0
849,2,0,0,1,0,0
850,2,0,0,1,0,0
851,2,0,0,1,0,0
852,2,0,0,1,0,0
853,2,0,0,1,0,0
854,2,0,0,1,0,0
855,2,0,0,1,0,0
856,2,0,0,1,0,0
857,2,0,0,1,0,0
858,2,0,0,1,0,0
859,2,0,0,1,0,0
860,2,0,0,1,0,0
861,2,0,0,1,0,0
862,2,0,0,1,0,0
863,2,0,0,1,0,0
864,2,0,0,1,0,0
865,2,0,0,1,0,0
866,2,0,0,1,0,0
867,2,0,0,1,0,0
868,2,0,0,1,0,0
869,2,0,0,1,0,0
870,2,0,0,1,0,0
871,2,0,0,1,0,0
872,2,0,0,1,0,0
873,2,0,0,1,0,0
874,2,0,0,1,0,0
875,2,0,0,1,0,0
876,2,0,0,1,0,0
877,2,0,0,1,0,0
878,2,0,0,1,0,0
879,2,0,0,1,0,0
880,2,0,0,1,0,0
881,2,0,0,1,0,0
882,2,0,0,1,0,0
883,2,0,0,1,0,0
884,2,0,0,1,0,0
885,2,0,0,1,0,0
886,2,0,0,1,0,0
887,2,0,0,1,0,0
888,2,0,0,1,0,0
889,2,0,0,1,0,0
890,2,0,0,1,0,0
891,2,0,0,1,0,0
892,2,0,0,1,0,0
893,2,0,0,1,0,0
894,2,0,0,1,0,0
895,2,0,0,1,0,0
896,2,0,0,1,0,0
897,2,0,0,1,0,0
898,2,0,0,1,0,0
899,2,0,0,1,0,0
900,2,0,0,1,0,0
901,2,0,0,1,0,0
902,2,0,0,1,0,0
903,2,0,0,1,0,0
904,2,0,0,1,0,0
905,2,0,0,1,0,0
906,2,0,0,1,0,0
907,2,0,0,1,0,0
908,2,0,0,1,0,0
909,2,0,0,1,0,0
910,2,0,0,1,0,0
911,2,0,0,1,0,0
912,2,0,0,1,0,0
913,2,0,0,1,0,0
914,2,0,0,1,0,0
915,2,0,0,1,0,0
916,2,0,0,1,0,0
917,2,0,0,1,0,0
918,2,0,0,1,0,0
919,2,0,0,1,0,0
920,2,0,0,1,0,0
921,2,0,0,1,0,0
922,2,0,0,1,0,0
923,2,0,0,1,0,0
924,2,0,0,1,0,0
925,2,0,0,1,0,0
926,2,0,0,1,0,0
927,2,0,0,1,0,0
928,2,0,0,1,0,0
929,2,0,0,1,0,0
930,2,0,0,1,0,0
931,2,0,0,1,0,0
932,2,0,0,1,0,0
933,2,0,0,1,0,0
934,2,0,0,1,0,0
935,2,0,0,1,0,0
936,2,0,0,1,0,0
937,2,0,0,1,0,0
938,2,0,0,1,0,0
939,2,0,0,1,0,0
940,2,0,0,1,0,0
941,2,0,0,1,0,0
942,2,0,0,1,0,0
943,2,0,0,1,0,0
944,2,0,0,1,0,0
945,2,0,0,1,0,0
946,2,0,0,1,0,0
947,2,0,0,1,0,0
948,2,0,0,1,0,0
949,2,0,0,1,0,0
950,2,0,0,1,0,0
951,2,0,0,1,0,0
952,2,0,0,1,0,0
953,2,0,0,1,0,0
954,2,0,0,1,0,0
955,2,0,0,1,0,0
956,2,0,0,1,0,0
957,2,0,0,1,0,0
958,2,0,0,1,0,0
959,2,0,0,1,0,0
960,2,0,0,1,0,0
961,2,0,0,1,0,0
962,2,0,0,1,0,0
963,2,0,0,1,0,0
964,2,0,0,1,0,0
965,2,0,0,1,0,0
966,2,0,0,1,0,0
967,2,0,0,1,0,0
968,2,0,0,1,0,0
969,2,0,0,1,0,0
970,2,0,0,1,0,0
971,2,0,0,1,0,0
972,2,0,0,1,0,0
973,2,0,0,1,0,0
974,2,0,0,1,0,0
975,2,0,0,1,0,0
976,2,0,0,1,0,0
977,2,0,0,1,0,0
978,2,0,0,1,0,0
979,2,0,0,1,0,0
980,2,0,0,1,0,0
981,2,0,0,1,0,0
982,2,0,0,1,0,0
983,2,0,0,1,0,0
984,2,0,0,1,0,0
985,2,0,0,1,0,0
986,2,0,0,1,0,0
987,2,0,0,1,0,0
988,2,0,0,1,0,0
989,2,0,0,1,0,0
990,2,0,0,1,0,0
991,2,0,0,1,0,0
992,2,0,0,1,0,0
993,2,0,0,1,0,0
994,2,0,0,1,0,0
995,2,0,0,1,0,0
996,2,0,0,1,0,0
997,2,0,0,1,0,0
998,2,0,0,1,0,0
999,2,0,0,1,0,0
1000,2,0,0,1,0,0
1001,2,0,0,1,0,0
1002,2,0,0,1,0,0
1003,2,0,0,1,0,0
1004,2,0,0,1,0,0
1005,2,0,0,1,0,0
1006,2,0,0,1,0,0
1007,2,0,0,1,0,0
1008,2,0,0,1,0,0
1009,2,0,0,1,0,0
1010,2,0,0,1,0,0
1011,2,0,0,1,0,0
1012,2,0,0,1,0,0
1013,2,0,0,1,0,0
1014,2,0,0,1,0,0
1015,2,0,0,1,0,0
1016,2,0,0,1,0,0
1017,2,0,0,1,0,0
1018,2,0,0,1,0,0
1019,2,0,0,1,0,0
1020,2,0,0,1,0,0
1021,2,0,0,1,0,0
1022,2,0,0,1,0,0
1023,2,0,0,1,0,0
1024,2,0,0,1,0,0
1025,2,0,0,1,0,0
1026,2,0,0,1,0,0
1027,2,0,0,1,0,0
1028,2,0,0,1,0,0
1029,2,0,0,1,0,0
1030,2,0,0,1,0,0
1031,2,0,0,1,0,0
1032,2,0,0,1,0,0
1033,2,0,0,1,0,0
1034,2,0,0,1,0,0
1035,2,0,0,1,0,0
1036,2,0,0,1,0,0
1037,2,0,0,1,0,0
1038,2,0,0,1,0,0
1039,2,0,0,1,0,0
1040,2,0,0,1,0,0
1041,2,0,0,1,0,0
1042,2,0,0,1,0,0
1043,2,0,0,1,0,0
1044,2,0,0,1,0,0
1045,2,0,0,1,0,0
1046,2,0,0,1,0,0
1047,2,0,0,1,0,0
1048,2,0,0,1,0,0
1049,2,0,0,1,0,0
1050,2,0,0,1,0,0
1051,2,0,0,1,0,0
1052,2,0,0,1,0,0
1053,2,0,0,1,0,0
1054,2,0,0,1,0,0
1055,2,0,0,1,0,0
1056,2,0,0,1,0,0
1057,2,0,0,1,0,0
1058,2,0,0,1,0,0
1059,2,0,0,1,0,0
1060,2,0,0,1,0,0
1061,2,0,0,1,0,0
1062,2,0,0,1,0,0
1063,2,0,0,1,0,0
1064,2,0,0,1,0,0
1065,2,0,0,1,0,0
1066,2,0,0,1,0,0
1067,2,0,0,1,0,0
1068,2,0,0,1,0,0
1069,2,0,0,1,0,0
1070,2,0,0,1,0,0
1071,2,0,0,1,0,0
1072,2,0,0,1,0,0
1073,2,0,0,1,0,0
1074,2,0,0,1,0,0
1075,2,0,0,1,0,0
1076,2,0,0,1,0,0
1077,2,0,0,1,0,0
1078,2,0,0,1,0,0
1079,2,0,0,1,0,0
1080,2,0,0,1,0,0
1081,2,0,0,1,0,0
1082,2,0,0,1,0,0
1083,2,0,0,1,0,0
1084,2,0,0,1,0,0
1085,2,0,0,1,0,0
1086,2,0,0,1,0,0
1087,2,0,0,1,0,0
1088,2,0,0,1,0,0
1089,2,0,0,1,0,0
1090,2,0,0,1,0,0
1091,2,0,0,1,0,0
1092,2,0,0,1,0,0
1093,2,0,0,1,0,0
1094,2,0,0,1,0,0
1095,2,0,0,1,0,0
1096,2,0,0,1,0,0
1097,2,0,0,1,0,0
1098,2,0,0,1,0,0
1099,2,0,0,1,0,0
1100,2,0,0,1,0,0
1101,2,0,0,1,0,0
1102,2,0,0,1,0,0
1103,2,0,0,1,0,0
1104,2,0,0,1,0,0
1105,2,0,0,1,0,0
1106,2,0,0,1,0,0
1107,2,0,0,1,0,0
1108,2,0,0,1,0,0
1109,2,0,0,1,0,0
1110,2,0,0,1,0,0
1111,2,0,0,1,0,0
1112,2,0,0,1,0,0
1113,2,0,0,1,0,0
1114,2,0,0,1,0,0
1115,2,0,0,1,0,0
1116,2,0,0,1,0,0
1117,2,0,0,1,0,0
1118,2,0,0,1,0,0
1119,2,0,0,1,0,0
1120,2,0,0,1,0,0
1121,2,0,0,1,0,0
1122,2,0,0,1,0,0
1123,2,0,0,1,0,0
1124,2,0,0,1,0,0
1125,2,0,0,1,0,0
1126,2,0,0,1,0,0
1127,2,0,0,1,0,0
1128,2,0,0,1,0,0
1129,2,0,0,1,0,0
1130,2,0,0,1,0,0
1131,2,0,0,1,0,0
1132,2,0,0,1,0,0
1133,2,0,0,1,0,0
1134,2,0,0,1,0,0
1135,2,0,0,1,0,0
1136,2,0,0,1,0,0
1137,2,0,0,1,0,0
1138,2,0,0,1,0,0
1139,2,0,0,1,0,0
1140,2,0,0,1,0,0
1141,2,0,0,1,0,0
1142,2,0,0,1,0,0
1143,2,0,0,1,0,0
1144,2,0,0,1,0,0
1145,2,0,0,1,0,0
1146,2,0,0,1,0,0
1147,2,0,0,1,0,0
1148,2,0,0,1,0,0
1149,2,0,0,1,0,0
1150,2,0,0,1,0,0
1151,2,0,0,1,0,0
1152,2,0,0,1,0,0
1153,2,0,0,1,0,0
1154,2,0,0,1,0,0
1155,2,0,0,1,0,0
1156,2,0,0,1,0,0
1157,2,0,0,1,0,0
1158,2,0,0,1,0,0
1159,2,0,0,1,0,0
1160,2,0,0,1,0,0
1161,2,0,0,1,0,0
1162,2,0,0,1,0,0
1163,2,0,0,1,0,0
1164,2,0,0,1,0,0
1165,2,0,0,1,0,0
1166,2,0,0,1,0,0
1167,2,0,0,1,0,0
1168,2,0,0,1,0,0
1169,2,0,0,1,0,0
1170,2,0,0,1,0,0
1171,2,0,0,1,0,0
1172,2,0,0,1,0,0
1173,2,0,0,1,0,0
1174,2,0,0,1,0,0
1175,2,0,0,1,0,0
1176,2,0,0,1,0,0
1177,2,0,0,1,0,0
1178,2,0,0,1,0,0
1179,2,0,0,1,0,0
1180,2,0,0,1,0,0
1181,2,0,0,1,0,0
1182,2,0,0,1,0,0
1183,2,0,0,1,0,0
1184,2,0,0,1,0,0
1185,2,0,0,1,0,0
1186,2,0,0,1,0,0
1187,2,0,0,1,0,0
1188,2,0,0,1,0,0
1189,2,0,0,1,0,0
1190,2,0,0,1,0,0
1191,2,0,0,1,0,0
1192,2,0,0,1,0,0
1193,2,0,0,1,0,0
1194,2,0,0,1,0,0
1195,2,0,0,1,0,0
1196,2,0,0,1,0,0
1197,2,0,0,1,0,0
1198,2,0,0,1,0,0
1199,2,0,0,1,0,0
1200,2,0,0,1,0,0
1201,2,0,0,1,0,0
1202,2,0,0,1,0,0
1203,2,0,0,1,0,0
1204,2,0,0,1,0,0
1205,2,0,0,1,0,0
1206,2,0,0,1,0,0
1207,2,0,0,1,0,0
1208,2,0,0,1,0,0
1209,2,0,0,1,0,0
1210,2,0,0,1,0,0
1211,2,0,0,1,0,0
1212,2,0,0,1,0,0
1213,2,0,0,1,0,0
1214,2,0,0,1,0,0
1215,2,0,0,1,0,0
1216,2,0,0,1,0,0
1217,2,0,0,1,0,0
1218,2,0,0,1,0,0
1219,2,0,0,1,0,0
1220,2,0,0,1,0,0
1221,2,0,0,1,0,0
1222,2,0,0,1,0,0
1223,2,0,0,1,0,0
1224,2,0,0,1,0,0
1225,2,0,0,1,0,0
1226,2,0,0,1,0,0
1227,2,0,0,1,0,0
1228,2,0,0,1,0,0
1229,2,0,0,1,0,0
1230,2,0,0,1,0,0
1231,2,0,0,1,0,0
1232,2,0,0,1,0,0
1233,2,0,0,1,0,0
1234,2,0,0,1,0,0
1235,2,0,0,1,0,0
1236,2,0,0,1,0,0
1237,2,0,0,1,0,0
1238,2,0,0,1,0,0
1239,2,0,0,1,0,0
1240,2,0,0,1,0,0
1241,2,0,0,1,0,0
1242,2,0,0,1,0,0
1243,2,0,0,1,0,0
1244,2,0,0,1,0,0
1245,2,0,0,1,0,0
1246,2,0,0,1,0,0
1247,2,0,0,1,0,0
1248,2,0,0,1,0,0
1249,2,0,0,1,0,0
1250,2,0,0,1,0,0
1251,2,0,0,1,0,0
1252,2,0,0,1,0,0
1253,2,0,0,1,0,0
1254,2,0,0,1,0,0
1255,2,0,0,1,0,0
1256,2,0,0,1,0,0
1257,2,0,0,1,0,0
1258,2,0,0,1,0,0
1259,2,0,0,1,0,0
1260,2,0,0,1,0,0
1261,2,0,0,1,0,0
1262,2,0,0,1,0,0
1263,2,0,0,1,0,0
1264,2,0,0,1,0,0
1265,2,0,0,1,0,0
1266,2,0,0,1,0,0
1267,2,0,0,1,0,0
1268,2,0,0,1,0,0
1269,2,0,0,1,0,0
1270,2,0,0,1,0,0
1271,2,0,0,1,0,0
1272,2,0,0,1,0,0
1273,2,0,0,1,0,0
1274,2,0,0,1,0,0
1275,2,0,0,1,0,0
1276,2,0,0,1,0,0
1277,2,0,0,1,0,0
1278,2,0,0,1,0,0
1279,2,0,0,1,0,0
1280,2,0,0,1,0,0
1281,2,0,0,1,0,0
1282,2,0,0,1,0,0
1283,2,0,0,1,0,0
1284,2,0,0,1,0,0
1285,2,0,0,1,0,0
1286,2,0,0,1,0,0
1287,2,0,0,1,0,0
1288,2,0,0,1,0,0
1289,2,0,0,1,0,0
1290,2,0,0,1,0,0
1291,2,0,0,1,0,0
1292,2,0,0,1,0,0
1293,2,0,0,1,0,0
1294,2,0,0,1,0,0
1295,2,0,0,1,0,0
1296,2,0,0,1,0,0
1297,2,0,0,1,0,0
1298,2,0,0,1,0,0
1299,2,0,0,1,0,0
1300,2,0,0,1,0,0
1301,2,0,0,1,0,0
1302,2,0,0,1,0,0
1303,2,0,0,1,0,0
1304,2,0,0,1,0,0
1305,2,0,0,1,0,0
1306,2,0,0,1,0,0
1307,2,0,0,1,0,0
1308,2,0,0,1,0,0
1309,2,0,0,1,0,0
1310,2,0,0,1,0,0
1311,2,0,0,1,0,0
1312,2,0,0,1,0,0
1313,2,0,0,1,0,0
1314,2,0,0,1,0,0
1315,2,0,0,1,0,0
1316,2,0,0,1,0,0
1317,2,0,0,1,0,0
1318,2,0,0,1,0,0
1319,2,0,0,1,0,0
1320,2,0,0,1,0,0
1321,2,0,0,1,0,0
1322,2,0,0,1,0,0
1323,2,0,0,1,0,0
1324,2,0,0,1,0,0
1325,2,0,0,1,0,0
1326,2,0,0,1,0,0
1327,2,0,0,1,0,0
1328,2,0,0,1,0,0
1329,2,0,0,1,0,0
1330,2,0,0,1,0,0
1331,2,0,0,1,0,0
1332,2,0,0,1,0,0
1333,2,0,0,1,0,0
1334,2,0,0,1,0,0
1335,2,0,0,1,0,0
1336,2,0,0,1,0,0
1337,2,0,0,1,0,0
1338,2,0,0,1,0,0
1339,2,0,0,1,0,0
1340,2,0,0,1,0,0
1341,2,0,0,1,0,0
1342,2,0,0,1,0,0
1343,2,0,0,1,0,0
1344,2,0,0,1,0,0
1345,2,0,0,1,0,0
1346,2,0,0,1,0,0
1347,2,0,0,1,0,0
1348,2,0,0,1,0,0
1349,2,0,0,1,0,0
1350,2,0,0,1,0,0
1351,2,0,0,1,0,0
1352,2,0,0,1,0,0
1353,2,0,0,1,0,0
1354,2,0,0,1,0,0
1355,2,0,0,1,0,0
1356,2,0,0,1,0,0
1357,2,0,0,1,0,0
1358,2,0,0,1,0,0
1359,2,0,0,1,0,0
1360,2,0,0,1,0,0
1361,2,0,0,1,0,0
1362,2,0,0,1,0,0
1363,2,0,0,1,0,0
1364,2,0,0,1,0,0
1365,2,0,0,1,0,0
1366,2,0,0,1,0,0
1367,2,0,0,1,0,0
1368,2,0,0,1,0,0
1369,2,0,0,1,0,0
1370,2,0,0,1,0,0
1371,2,0,0,1,0,0
1372,2,0,0,1,0,0
1373,2,0,0,1,0,0
1374,2,0,0,1,0,0
1375,2,0,0,1,0,0
1376,2,0,0,1,0,0
1377,2,0,0,1,0,0
1378,2,0,0,1,0,0
1379,2,0,0,1,0,0
1380,2,0,0,1,0,0
1381,2,0,0,1,0,0
1382,2,0,0,1,0,0
1383,2,0,0,1,0,0
1384,2,0,0,1,0,0
1385,2,0,0,1,0,0
1386,2,0,0,1,0,0
1387,2,0,0,1,0,0
1388,2,0,0,1,0,0
1389,2,0,0,1,0,0
1390,2,0,0,1,0,0
1391,2,0,0,1,0,0
1392,2,0,0,1,0,0
1393,2,0,0,1,0,0
1394,2,0,0,1,0,0
1395,2,0,0,1,0,0
1396,2,0,0,1,0,0
1397,2,0,0,1,0,0
1398,2,0,0,1,0,0
1399,2,0,0,1,0,0
1400,2,0,0,1,0,0
1401,2,0,0,1,0,0
1402,2,0,0,1,0,0
1403,2,0,0,1,0,0
1404,2,0,0,1,0,0
1405,2,0,0,1,0,0
1406,2,0,0,1,0,0
1407,2,0,0,1,0,0
1408,2,0,0,1,0,0
1409,2,0,0,1,0,0
1410,2,0,0,1,0,0
1411,2,0,0,1,0,0
1412,2,0,0,1,0,0
1413,2,0,0,1,0,0
1414,2,0,0,1,0,0
1415,2,0,0,1,0,0
1416,2,0,0,1,0,0
1417,2,0,0,1,0,0
1418,2,0,0,1,0,0
1419,2,0,0,1,0,0
1420,2,0,0,1,0,0
1421,2,0,0,1,0,0
1422,2,0,0,1,0,0
1423,2,0,0,1,0,0
1424,2,0,0,1,0,0
1425,2,0,0,1,0,0
1426,2,0,0,1,0,0
1427,2,0,0,1,0,0
1428,2,0,0,1,0,0
1429,2,0,0,1,0,0
1430,2,0,0,1,0,0
1431,2,0,0,1,0,0
1432,2,0,0,1,0,0
1433,2,0,0,1,0,0
1434,2,0,0,1,0,0
1435,2,0,0,1,0,0
1436,2,0,0,1,0,0
1437,2,0,0,1,0,0
1438,2,0,0,1,0,0
1439,2,0,0,1,0,0
1440,2,0,0,1,0,0
1441,2,0,0,1,0,0
1442,2,0,0,1,0,0
1443,2,0,0,1,0,0
1444,2,0,0,1,0,0
1445,2,0,0,1,0,0
1446,2,0,0,1,0,0
1447,2,0,0,1,0,0
1448,2,0,0,1,0,0
1449,2,0,0,1,0,0
1450,2,0,0,1,0,0
1451,2,0,0,1,0,0
1452,2,0,0,1,0,0
1453,2,0,0,1,0,0
1454,2,0,0,1,0,0
1455,2,0,0,1,0,0
1456,2,0,0,1,0,0
1457,2,0,0,1,0,0
1458,2,0,0,1,0,0
1459,2,0,0,1,0,0
1460,2,0,0,1,0,0
1461,2,0,0,1,0,0
1462,2,0,0,1,0,0
1463,2,0,0,1,0,0
1464,2,0,0,1,0,0
1465,2,0,0,1,0,0
1466,2,0,0,1,0,0
1467,2,0,0,1,0,0
1468,2,0,0,1,0,0
1469,2,0,0,1,0,0
1470,2,0,0,1,0,0
1471,2,0,0,1,0,0
1472,2,0,0,1,0,0
1473,2,0,0,1,0,0
1474,2,0,0,1,0,0
1475,2,0,0,1,0,0
1476,2,0,0,1,0,0
1477,2,0,0,1,0,0
1478,2,0,0,1,0,0
1479,2,0,0,1,0,0
1480,2,0,0,1,0,0
1481,2,0,0,1,0,0
1482,2,0,0,1,0,0
1483,2,0,0,1,0,0
1484,2,0,0,1,0,0
1485,2,0,0,1,0,0
1486,2,0,0,1,0,0
1487,2,0,0,1,0,0
1488,2,0,0,1,0,0
1489,2,0,0,1,0,0
1490,2,0,0,1,0,0
1491,2,0,0,1,0,0
1492,2,0,0,1,0,0
1493,2,0,0,1,0,0
1494,2,0,0,1,0,0
1495,2,0,0,1,0,0
1496,2,0,0,1,0,0
1497,2,0,0,1,0,0
1498,2,0,0,1,0,0
1499,2,0,0,1,0,0
1500,2,0,0,1,0,0
1501,2,0,0,1,0,0
1502,2,0,0,1,0,0
1503,2,0,0,1,0,0
1504,2,0,0,1,0,0
1505,2,0,0,1,0,0
1506,2,0,0,1,0,0
1507,2,0,0,1,0,0
1508,2,0,0,1,0,0
1509,2,0,0,1,0,0
1510,2,0,0,1,0,0
1511,2,0,0,1,0,0
1512,2,0,0,1,0,0
1513,2,0,0,1,0,0
1514,2,0,0,1,0,0
1515,2,0,0,1,0,0
1516,2,0,0,1,0,0
1517,2,0,0,1,0,0
1518,2,0,0,1,0,0
1519,2,0,0,1,0,0
1520,2,0,0,1,0,0
1521,2,0,0,1,0,0
1522,2,0,0,1,0,0
1523,2,0,0,1,0,0
1524,2,0,0,1,0,0
1525,2,0,0,1,0,0
1526,2,0,0,1,0,0
1527,2,0,0,1,0,0
1528,2,0,0,1,0,0
1529,2,0,0,1,0,0
1530,2,0,0,1,0,0
1531,2,0,0,1,0,0
1532,2,0,0,1,0,0
1533,2,0,0,1,0,0
1534,2,0,0,1,0,0
1535,2,0,0,1,0,0
1536,2,0,0,1,0,0
1537,2,0,0,1,0,0
1538,2,0,0,1,0,0
1539,2,0,0,1,0,0
1540,2,0,0,1,0,0
1541,2,0,0,1,0,0
1542,2,0,0,1,0,0
1543,2,0,0,1,0,0
1544,2,0,0,1,0,0
1545,2,0,0,1,0,0
1546,2,0,0,1,0,0
1547,2,0,0,1,0,0
1548,2,0,0,1,0,0
1549,2,0,0,1,0,0
1550,2,0,0,1,0,0
1551,2,0,0,1,0,0
1552,2,0,0,1,0,0
1553,2,0,0,1,0,0
1554,2,0,0,1,0,0
1555,2,0,0,1,0,0
1556,2,0,0,1,0,0
1557,2,0,0,1,0,0
1558,2,0,0,1,0,0
1559,2,0,0,1,0,0
1560,2,0,0,1,0,0
1561,2,0,0,1,0,0
1562,2,0,0,1,0,0
1563,2,0,0,1,0,0
1564,2,0,0,1,0,0
1565,2,0,0,1,0,0
1566,2,0,0,1,0,0
1567,2,0,0,1,0,0
1568,2,0,0,1,0,0
1569,2,0,0,1,0,0
1570,2,0,0,1,0,0
1571,2,0,0,1,0,0
1572,2,0,0,1,0,0
1573,2,0,0,1,0,0
1574,2,0,0,1,0,0
1575,2,0,0,1,0,0
1576,2,0,0,1,0,0
1577,2,0,0,1,0,0
1578,2,0,0,1,0,0
1579,2,0,0,1,0,0
1580,2,0,0,1,0,0
1581,2,0,0,1,0,0
1582,2,0,0,1,0,0
1583,2,0,0,1,0,0
1584,2,0,0,1,0,0
1585,2,0,0,1,0,0
1586,2,0,0,1,0,0
1587,2,0,0,1,0,0
1588,2,0,0,1,0,0
1589,2,0,0,1,0,0
1590,2,0,0,1,0,0
1591,2,0,0,1,0,0
1592,2,0,0,1,0,0
1593,2,0,0,1,0,0
1594,2,0,0,1,0,0
1595,2,0,0,1,0,0
1596,2,0,0,1,0,0
1597,2,0,0,1,0,0
1598,2,0,0,1,0,0
1599,2,0,0,1,0,0
1600,2,0,0,1,0,0
1601,2,0,0,1,0,0
1602,2,0,0,1,0,0
1603,2,0,0,1,0,0
1604,2,0,0,1,0,0
1605,2,0,0,1,0,0
1606,2,0,0,1,0,0
1607,2,0,0,1,0,0
1608,2,0,0,1,0,0
1609,2,0,0,1,0,0
1610,2,0,0,1,0,0
1611,2,0,0,1,0,0
1612,2,0,0,1,0,0
1613,2,0,0,1,0,0
1614,2,0,0,1,0,0
1615,2,0,0,1,0,0
1616,2,0,0,1,0,0
1617,2,0,0,1,0,0
1618,2,0,0,1,0,0
1619,2,0,0,1,0,0
1620,2,0,0,1,0,0
1621,2,0,0,1,0,0
1622,2,0,0,1,0,0
1623,2,0,0,1,0,0
1624,2,0,0,1,0,0
1625,2,0,0,1,0,0
1626,2,0,0,1,0,0
1627,2,0,0,1,0,0
1628,2,0,0,1,0,0
1629,2,0,0,1,0,0
1630,2,0,0,1,0,0
1631,2,0,0,1,0,0
1632,2,0,0,1,0,0
1633,2,0,0,1,0,0
1634,2,0,0,1,0,0
1635,2,0,0,1,0,0
1636,2,0,0,1,0,0
1637,2,0,0,1,0,0
1638,2,0,0,1,0,0
1639,2,0,0,1,0,0
1640,2,0,0,1,0,0
1641,2,0,0,1,0,0
1642,2,0,0,1,0,0
1643,2,0,0,1,0,0
1644,2,0,0,1,0,0
1645,2,0,0,1,0,0
1646,2,0,0,1,0,0
1647,2,0,0,1,0,0
1648,2,0,0,1,0,0
1649,2,0,0,1,0,0
1650,2,0,0,1,0,0
1651,2,0,0,1,0,0
1652,2,0,0,1,0,0
1653,2,0,0,1,0,0
1654,2,0,0,1,0,0
1655,2,0,0,1,0,0
1656,2,0,0,1,0,0
1657,2,0,0,1,0,0
1658,2,0,0,1,0,0
1659,2,0,0,1,0,0
1660,2,0,0,1,0,0
1661,2,0,0,1,0,0
1662,2,0,0,1,0,0
1663,2,0,0,1,0,0
1664,2,0,0,1,0,0
1665,2,0,0,1,0,0
1666,2,0,0,1,0,0
1667,2,0,0,1,0,0
1668,2,0,0,1,0,0
1669,2,0,0,1,0,0
1670,2,0,0,1,0,0
1671,2,0,0,1,0,0
1672,2,0,0,1,0,0
1673,2,0,0,1,0,0
1674,2,0,0,1,0,0
1675,2,0,0,1,0,0
1676,2,0,0,1,0,0
1677,2,0,0,1,0,0
1678,2,0,0,1,0,0
1679,2,0,0,1,0,0
1680,2,0,0,1,0,0
1681,2,0,0,1,0,0
1682,2,0,0,1,0,0
1683,2,0,0,1,0,0
1684,2,0,0,1,0,0
1685,2,0,0,1,0,0
1686,2,0,0,1,0,0
1687,2,0,0,1,0,0
1688,2,0,0,1,0,0
1689,2,0,0,1,0,0
1690,2,0,0,1,0,0
1691,2,0,0,1,0,0
1692,2,0,0,1,0,0
1693,2,0,0,1,0,0
1694,2,0,0,1,0,0
1695,2,0,0,1,0,0
1696,2,0,0,1,0,0
1697,2,0,0,1,0,0
1698,2,0,0,1,0,0
1699,2,0,0,1,0,0
1700,2,0,0,1,0,0
1701,2,0,0,1,0,0
1702,2,0,0,1,0,0
1703,2,0,0,1,0,0
1704,2,0,0,1,0,0
1705,2,0,0,1,0,0
1706,2,0,0,1,0,0
1707,2,0,0,1,0,0
1708,2,0,0,1,0,0
1709,2,0,0,1,0,0
1710,2,0,0,1,0,0
1711,2,0,0,1,0,0
1712,2,0,0,1,0,0
1713,2,0,0,1,0,0
1714,2,0,0,1,0,0
1715,2,0,0,1,0,0
1716,2,0,0,1,0,0
1717,2,0,0,1,0,0
1718,2,0,0,1,0,0
1719,2,0,0,1,0,0
1720,2,0,0,1,0,0
1721,2,0,0,1,0,0
1722,2,0,0,1,0,0
1723,2,0,0,1,0,0
1724,2,0,0,1,0,0
1725,2,0,0,1,0,0
1726,2,0,0,1,0,0
1727,2,0,0,1,0,0
1728,2,0,0,1,0,0
1729,2,0,0,1,0,0
1730,2,0,0,1,0,0
1731,2,0,0,1,0,0
1732,2,0,0,1,0,0
1733,2,0,0,1,0,0
1734,2,0,0,1,0,0
1735,2,0,0,1,0,0
1736,2,0,0,1,0,0
1737,2,0,0,1,0,0
1738,2,0,0,1,0,0
1739,2,0,0,1,0,0
1740,2,0,0,1,0,0
1741,2,0,0,1,0,0
1742,2,0,0,1,0,0
1743,2,0,0,1,0,0
1744,2,0,0,1,0,0
1745,2,0,0,1,0,0
1746,2,0,0,1,0,0
1747,2,0,0,1,0,0
1748,2,0,0,1,0,0
1749,2,0,0,1,0,0
1750,2,0,0,1,0,0
1751,2,0,0,1,0,0
1752,2,0,0,1,0,0
1753,2,0,0,1,0,0
1754,2,0,0,1,0,0
1755,2,0,0,1,0,0
1756,2,0,0,1,0,0
1757,2,0,0,1,0,0
1758,2,0,0,1,0,0
1759,2,0,0,1,0,0
1760,2,0,0,1,0,0
1761,2,0,0,1,0,0
1762,2,0,0,1,0,0
1763,2,0,0,1,0,0
1764,2,0,0,1,0,0
1765,2,0,0,1,0,0
1766,2,0,0,1,0,0
1767,2,0,0,1,0,0
1768,2,0,0,1,0,0
1769,2,0,0,1,0,0
1770,2,0,0,1,0,0
1771,2,0,0,1,0,0
1772,2,0,0,1,0,0
1773,2,0,0,1,0,0
1774,2,0,0,1,0,0
1775,2,0,0,1,0,0
1776,2,0,0,1,0,0
1777,2,0,0,1,0,0
1778,2,0,0,1,0,0
1779,2,0,0,1,0,0
1780,2,0,0,1,0,0
1781,2,0,0,1,0,0
1782,2,0,0,1,0,0
1783,2,0,0,1,0,0
1784,2,0,0,1,0,0
1785,2,0,0,1,0,0
1786,2,0,0,1,0,0
1787,2,0,0,1,0,0
1788,2,0,0,1,0,0
1789,2,0,0,1,0,0
1790,2,0,0,1,0,0
1791,2,0,0,1,0,0
1792,2,0,0,1,0,0
1793,2,0,0,1,0,0
1794,2,0,0,1,0,0
1795,2,0,0,1,0,0
1796,2,0,0,1,0,0
1797,2,0,0,1,0,0
1798,2,0,0,1,0,0
1799,2,0,0,1,0,0
1800,2,0,0,1,0,0
1801,2,0,0,1,0,0
1802,2,0,0,1,0,0
1803,2,0,0,1,0,0
1804,2,0,0,1,0,0
1805,2,0,0,1,0,0
1806,2,0,0,1,0,0
1807,2,0,0,1,0,0
1808,2,0,0,1,0,0
1809,2,0,0,1,0,0
1810,2,0,0,1,0,0
1811,2,0,0,1,0,0
1812,2,0,0,1,0,0
1813,2,0,0,1,0,0
1814,2,0,0,1,0,0
1815,2,0,0,1,0,0
1816,2,0,0,1,0,0
1817,2,0,0,1,0,0
1818,2,0,0,1,0,0
1819,2,0,0,1,0,0
1820,2,0,0,1,0,0
1821,2,0,0,1,0,0
1822,2,0,0,1,0,0
1823,2,0,0,1,0,0
1824,2,0,0,1,0,0
1825,2,0,0,1,0,0
1826,2,0,0,1,0,0
1827,2,0,0,1,0,0
1828,2,0,0,1,0,0
1829,2,0,0,1,0,0
1830,2,0,0,1,0,0
1831,2,0,0,1,0,0
1832,2,0,0,1,0,0
1833,2,0,0,1,0,0
1834,2,0,0,1,0,0
1835,2,0,0,1,0,0
1836,2,0,0,1,0,0
1837,2,0,0,1,0,0
1838,2,0,0,1,0,0
1839,2,0,0,1,0,0
1840,2,0,0,1,0,0
1841,2,0,0,1,0,0
1842,2,0,0,1,0,0
1843,2,0,0,1,0,0
1844,2,0,0,1,0,0
1845,2,0,0,1,0,0
1846,2,0,0,1,0,0
1847,2,0,0,1,0,0
1848,2,0,0,1,0,0
1849,2,0,0,1,0,0
1850,2,0,0,1,0,0
1851,2,0,0,1,0,0
1852,2,0,0,1,0,0
1853,2,0,0,1,0,0
1854,2,0,0,1,0,0
1855,2,0,0,1,0,0
1856,2,0,0,1,0,0
1857,2,0,0,1,0,0
1858,2,0,0,1,0,0
1859,2,0,0,1,0,0
1860,2,0,0,1,0,0
1861,2,0,0,1,0,0
1862,2,0,0,1,0,0
1863,2,0,0,1,0,0
1864,2,0,0,1,0,0
1865,2,0,0,1,0,0
1866,2,0,0,1,0,0
1867,2,0,0,1,0,0
1868,2,0,0,1,0,0
1869,2,0,0,1,0,0
1870,2,0,0,1,0,0
1871,2,0,0,1,0,0
1872,2,0,0,1,0,0
1873,2,0,0,1,0,0
1874,2,0,0,1,0,0
1875,2,0,0,1,0,0
1876,2,0,0,1,0,0
1877,2,0,0,1,0,0
1878,2,0,0,1,0,0
1879,2,0,0,1,0,0
1880,2,0,0,1,0,0
1881,2,0,0,1,0,0
1882,2,0,0,1,0,0
1883,2,0,0,1,0,0
1884,2,0,0,1,0,0
1885,2,0,0,1,0,0
1886,2,0,0,1,0,0
1887,2,0,0,1,0,0
1888,2,0,0,1,0,0
1889,2,0,0,1,0,0
1890,2,0,0,1,0,0
1891,2,0,0,1,0,0
1892,2,0,0,1,0,0
1893,2,0,0,1,0,0
1894,2,0,0,1,0,0
1895,2,0,0,1,0,0
1896,2,0,0,1,0,0
1897,2,0,0,1,0,0
1898,2,0,0,1,0,0
1899,2,0,0,1,0,0
1900,2,0,0,1,0,0
1901,2,0,0,1,0,0
1902,2,0,0,1,0,0
1903,2,0,0,1,0,0
1904,2,0,0,1,0,0
1905,2,0,0,1,0,0
1906,2,0,0,1,0,0
1907,2,0,0,1,0,0
1908,2,0,0,1,0,0
1909,2,0,0,1,0,0
1910,2,0,0,1,0,0
1911,2,0,0,1,0,0
1912,2,0,0,1,0,0
1913,2,0,0,1,0,0
1914,2,0,0,1,0,0
1915,2,0,0,1,0,0
1916,2,0,0,1,0,0
1917,2,0,0,1,0,0
1918,2,0,0,1,0,0
1919,2,0,0,1,0,0
1920,2,0,0,1,0,0
1921,2,0,0,1,0,0
1922,2,0,0,1,0,0
1923,2,0,0,1,0,0
1924,2,0,0,1,0,0
1925,2,0,0,1,0,0
1926,2,0,0,1,0,0
1927,2,0,0,1,0,0
1928,2,0,0,1,0,0
1929,2,0,0,1,0,0
1930,2,0,0,1,0,0
1931,2,0,0,1,0,0
1932,2,0,0,1,0,0
1933,2,0,0,1,0,0
1934,2,0,0,1,0,0
1935,2,0,0,1,0,0
1936,2,0,0,1,0,0
1937,2,0,0,1,0,0
1938,2,0,0,1,0,0
1939,2,0,0,1,0,0
1940,2,0,0,1,0,0
1941,2,0,0,1,0,0
1942,2,0,0,1,0,0
1943,2,0,0,1,0,0
1944,2,0,0,1,0,0
1945,2,0,0,1,0,0
1946,2,0,0,1,0,0
1947,2,0,0,1,0,0
1948,2,0,0,1,0,0
1949,2,0,0,1,0,0
1950,2,0,0,1,0,0
1951,2,0,0,1,0,0
1952,2,0,0,1,0,0
1953,2,0,0,1,0,0
1954,2,0,0,1,0,0
1955,2,0,0,1,0,0
1956,2,0,0,1,0,0
1957,2,0,0,1,0,0
1958,2,0,0,1,0,0
1959,2,0,0,1,0,0
1960,2,0,0,1,0,0
1961,2,0,0,1,0,0
1962,2,0,0,1,0,0
1963,2,0,0,1,0,0
1964,2,0,0,1,0,0
1965,2,0,0,1,0,0
1966,2,0,0,1,0,0
1967,2,0,0,1,0,0
1968,2,0,0,1,0,0
1969,2,0,0,1,0,0
1970,2,0,0,1,0,0
1971,2,0,0,1,0,0
1972,2,0,0,1,0,0
1973,2,0,0,1,0,0
1974,2,0,0,1,0,0
1975,2,0,0,1,0,0
1976,2,0,0,1,0,0
1977,2,0,0,1,0,0
1978,2,0,0,1,0,0
1979,2,0,0,1,0,0
1980,2,0,0,1,0,0
1981,2,0,0,1,0,0
1982,2,0,0,1,0,0
1983,2,0,0,1,0,0
1984,2,0,0,1,0,0
1985,2,0,0,1,0,0
1986,2,0,0,1,0,0
1987,2,0,0,1,0,0
1988,2,0,0,1,0,0
1989,2,0,0,1,0,0
1990,2,0,0,1,0,0
1991,2,0,0,1,0,0
1992,2,0,0,1,0,0
1993,2,0,0,1,0,0
1994,2,0,0,1,0,0
1995,2,0,0,1,0,0
1996,2,0,0,1,0,0
1997,2,0,0,1,0,0
1998,2,0,0,1,0,0
1999,2,0,0,1,0,0
2000,2,0,0,1,0,0
2001,2,0,0,1,0,0
2002,2,0,0,1,0,0
2003,2,0,0,1,0,0
2004,2,0,0,1,0,0
2005,2,0,0,1,0,0
2006,2,0,0,1,0,0
2007,2,0,0,1,0,0
2008,2,0,0,1,0,0
2009,2,0,0,1,0,0
2010,2,0,0,1,0,0
2011,2,0,0,1,0,0
2012,2,0,0,1,0,0
2013,2,0,0,1,0,0
2014,2,0,0,1,0,0
2015,2,0,0,1,0,0
2016,2,0,0,1,0,0
2017,2,0,0,1,0,0
2018,2,0,0,1,0,0
2019,2,0,0,1,0,0
2020,2,0,0,1,0,0
2021,2,0,0,1,0,0
2022,2,0,0,1,0,0
2023,2,0,0,1,0,0
2024,2,0,0,1,0,0
2025,2,0,0,1,0,0
2026,2,0,0,1,0,0
2027,2,0,0,1,0,0
2028,2,0,0,1,0,0
2029,2,0,0,1,0,0
2030,2,0,0,1,0,0
2031,2,0,0,1,0,0
2032,2,0,0,1,0,0
2033,2,0,0,1,0,0
2034,2,0,0,1,0,0
2035,2,0,0,1,0,0
2036,2,0,0,1,0,0
2037,2,0,0,1,0,0
2038,2,0,0,1,0,0
2039,2,0,0,1,0,0
2040,2,0,0,1,0,0
2041,2,0,0,1,0,0
2042,2,0,0,1,0,0
2043,2,0,0,1,0,0
2044,2,0,0,1,0,0
2045,2,0,0,1,0,0
2046,2,0,0,1,0,0
2047,2,0,0,1,0,0
2048,2,0,0,1,0,0
2049,2,0,0,1,0,0
2050,2,0,0,1,0,0
2051,2,0,0,1,0,0
2052,2,0,0,1,0,0
2053,2,0,0,1,0,0
2054,2,0,0,1,0,0
2055,2,0,0,1,0,0
2056,2,0,0,1,0,0
2057,2,0,0,1,0,0
2058,2,0,0,1,0,0
2059,2,0,0,1,0,0
2060,2,0,0,1,0,0
2061,2,0,0,1,0,0
2062,2,0,0,1,0,0
2063,2,0,0,1,0,0
2064,2,0,0,1,0,0
2065,2,0,0,1,0,0
2066,2,0,0,1,0,0
2067,2,0,0,1,0,0
2068,2,0,0,1,0,0
2069,2,0,0,1,0,0
2070,2,0,0,1,0,0
2071,2,0,0,1,0,0
2072,2,0,0,1,0,0
2073,2,0,0,1,0,0
2074,2,0,0,1,0,0
2075,2,0,0,1,0,0
2076,2,0,0,1,0,0
2077,2,0,0,1,0,0
2078,2,0,0,1,0,0
2079,2,0,0,1,0,0
2080,2,0,0,1,0,0
2081,2,0,0,1,0,0
2082,2,0,0,1,0,0
2083,2,0,0,1,0,0
2084,2,0,0,1,0,0
2085,2,0,0,1,0,0
2086,2,0,0,1,0,0
2087,2,0,0,1,0,0
2088,2,0,0,1,0,0
2089,2,0,0,1,0,0
2090,2,0,0,1,0,0
2091,2,0,0,1,0,0
2092,2,0,0,1,0,0
2093,2,0,0,1,0,0
2094,2,0,0,1,0,0
2095,2,0,0,1,0,0
2096,2,0,0,1,0,0
2097,2,0,0,1,0,0
2098,2,0,0,1,0,0
2099,2,0,0,1,0,0
2100,2,0,0,1,0,0
2101,2,0,0,1,0,0
2102,2,0,0,1,0,0
2103,2,0,0,1,0,0
2104,2,0,0,1,0,0
2105,2,0,0,1,0,0
2106,2,0,0,1,0,0
2107,2,0,0,1,0,0
2108,2,0,0,1,0,0
2109,2,0,0,1,0,0
2110,2,0,0,1,0,0
2111,2,0,0,1,0,0
2112,2,0,0,1,0,0
2113,2,0,0,1,0,0
2114,2,0,0,1,0,0
2115,2,0,0,1,0,0
2116,2,0,0,1,0,0
2117,2,0,0,1,0,0
2118,2,0,0,1,0,0
2119,2,0,0,1,0,0
2120,2,0,0,1,0,0
2121,2,0,0,1,0,0
2122,2,0,0,1,0,0
2123,2,0,0,1,0,0
2124,2,0,0,1,0,0
2125,2,0,0,1,0,0
2126,2,0,0,1,0,0
2127,2,0,0,1,0,0
2128,2,0,0,1,0,0
2129,2,0,0,1,0,0
2130,2,0,0,1,0,0
2131,2,0,0,1,0,0
2132,2,0,0,1,0,0
2133,2,0,0,1,0,0
2134,2,0,0,1,0,0
2135,2,0,0,1,0,0
2136,2,0,0,1,0,0
2137,2,0,0,1,0,0
2138,2,0,0,1,0,0
2139,2,0,0,1,0,0
2140,2,0,0,1,0,0
2141,2,0,0,1,0,0
2142,2,0,0,1,0,0
2143,2,0,0,1,0,0
2144,2,0,0,1,0,0
2145,2,0,0,1,0,0
2146,2,0,0,1,0,0
2147,2,0,0,1,0,0
2148,2,0,0,1,0,0
2149,2,0,0,1,0,0
2150,2,0,0,1,0,0
2151,2,0,0,1,0,0
2152,2,0,0,1,0,0
2153,2,0,0,1,0,0
2154,2,0,0,1,0,0
2155,2,0,0,1,0,0
2156,2,0,0,1,0,0
2157,2,0,0,1,0,0
2158,2,0,0,1,0,0
2159,2,0,0,1,0,0
2160,2,0,0,1,0,0
2161,2,0,0,1,0,0
2162,2,0,0,1,0,0
2163,2,0,0,1,0,0
2164,2,0,0,1,0,0
2165,2,0,0,1,0,0
2166,2,0,0,1,0,0
2167,2,0,0,1,0,0
2168,2,0,0,1,0,0
2169,2,0,0,1,0,0
2170,2,0,0,1,0,0
2171,2,0,0,1,0,0
2172,2,0,0,1,0,0
2173,2,0,0,1,0,0
2174,2,0,0,1,0,0
2175,2,0,0,1,0,0
2176,2,0,0,1,0,0
2177,2,0,0,1,0,0
2178,2,0,0,1,0,0
2179,2,0,0,1,0,0
2180,2,0,0,1,0,0
2181,2,0,0,1,0,0
2182,2,0,0,1,0,0
2183,2,0,0,1,0,0
2184,2,0,0,1,0,0
2185,2,0,0,1,0,0
2186,2,0,0,1,0,0
2187,2,0,0,1,0,0
2188,2,0,0,1,0,0
2189,2,0,0,1,0,0
2190,2,0,0,1,0,0
2191,2,0,0,1,0,0
2192,2,0,0,1,0,0
2193,2,0,0,1,0,0
2194,2,0,0,1,0,0
2195,2,0,0,1,0,0
2196,2,0,0,1,0,0
2197,2,0,0,1,0,0
2198,2,0,0,1,0,0
2199,2,0,0,1,0,0
2200,2,0,0,1,0,0
2201,2,0,0,1,0,0
2202,2,0,0,1,0,0
2203,2,0,0,1,0,0
2204,2,0,0,1,0,0
2205,2,0,0,1,0,0
2206,2,0,0,1,0,0
2207,2,0,0,1,0,0
2208,2,0,0,1,0,0
2209,2,0,0,1,0,0
2210,2,0,0,1,0,0
2211,2,0,0,1,0,0
2212,2,0,0,1,0,0
2213,2,0,0,1,0,0
2214,2,0,0,1,0,0
2215,2,0,0,1,0,0
2216,2,0,0,1,0,0
2217,2,0,0,1,0,0
2218,2,0,0,1,0,0
2219,2,0,0,1,0,0
2220,2,0,0,1,0,0
2221,2,0,0,1,0,0
2222,2,0,0,1,0,0
2223,2,0,0,1,0,0
2224,2,0,0,1,0,0
2225,2,0,0,1,0,0
2226,2,0,0,1,0,0
2227,2,0,0,1,0,0
2228,2,0,0,1,0,0
2229,2,0,0,1,0,0
2230,2,0,0,1,0,0
2231,2,0,0,1,0,0
2232,2,0,0,1,0,0
2233,2,0,0,1,0,0
2234,2,0,0,1,0,0
2235,2,0,0,1,0,0
2236,2,0,0,1,0,0
2237,2,0,0,1,0,0
2238,2,0,0,1,0,0
2239,2,0,0,1,0,0
2240,2,0,0,1,0,0
2241,2,0,0,1,0,0
2242,2,0,0,1,0,0
2243,2,0,0,1,0,0
2244,2,0,0,1,0,0
2245,2,0,0,1,0,0
2246,2,0,0,1,0,0
2247,2,0,0,1,0,0
2248,2,0,0,1,0,0
2249,2,0,0,1,0,0
2250,2,0,0,1,0,0
2251,2,0,0,1,0,0
2252,2,0,0,1,0,0
2253,2,0,0,1,0,0
2254,2,0,0,1,0,0
2255,2,0,0,1,0,0
2256,2,0,0,1,0,0
2257,2,0,0,1,0,0
2258,2,0,0,1,0,0
2259,2,0,0,1,0,0
2260,2,0,0,1,0,0
2261,2,0,0,1,0,0
2262,2,0,0,1,0,0
2263,2,0,0,1,0,0
2264,2,0,0,1,0,0
2265,2,0,0,1,0,0
2266,2,0,0,1,0,0
2267,2,0,0,1,0,0
2268,2,0,0,1,0,0
2269,2,0,0,1,0,0
2270,2,0,0,1,0,0
2271,2,0,0,1,0,0
2272,2,0,0,1,0,0
2273,2,0,0,1,0,0
2274,2,0,0,1,0,0
2275,2,0,0,1,0,0
2276,2,0,0,1,0,0
2277,2,0,0,1,0,0
2278,2,0,0,1,0,0
2279,2,0,0,1,0,0
2280,2,0,0,1,0,0
2281,2,0,0,1,0,0
2282,2,0,0,1,0,0
2283,2,0,0,1,0,0
2284,2,0,0,1,0,0
2285,2,0,0,1,0,0
2286,2,0,0,1,0,0
2287,2,0,0,1,0,0
2288,2,0,0,1,0,0
2289,2,0,0,1,0,0
2290,2,0,0,1,0,0
2291,2,0,0,1,0,0
2292,2,0,0,1,0,0
2293,2,0,0,1,0,0
2294,2,0,0,1,0,0
2295,2,0,0,1,0,0
2296,2,0,0,1,0,0
2297,2,0,0,1,0,0
2298,2,0,0,1,0,0
2299,2,0,0,1,0,0
2300,2,0,0,1,0,0
2301,2,0,0,1,0,0
2302,2,0,0,1,0,0
2303,2,0,0,1,0,0
2304,2,0,0,1,0,0
2305,2,0,0,1,0,0
2306,2,0,0,1,0,0
2307,2,0,0,1,0,0
2308,2,0,0,1,0,0
2309,2,0,0,1,0,0
2310,2,0,0,1,0,0
2311,2,0,0,1,0,0
2312,2,0,0,1,0,0
2313,2,0,0,1,0,0
2314,2,0,0,1,0,0
2315,2,0,0,1,0,0
2316,2,0,0,1,0,0
2317,2,0,0,1,0,0
2318,2,0,0,1,0,0
2319,2,0,0,1,0,0
2320,2,0,0,1,0,0
2321,2,0,0,1,0,0
2322,2,0,0,1,0,0
2323,2,0,0,1,0,0
2324,2,0,0,1,0,0
2325,2,0,0,1,0,0
2326,2,0,0,1,0,0
2327,2,0,0,1,0,0
2328,2,0,0,1,0,0
2329,2,0,0,1,0,0
2330,2,0,0,1,0,0
2331,2,0,0,1,0,0
2332,2,0,0,1,0,0
2333,2,0,0,1,0,0
2334,2,0,0,1,0,0
2335,2,0,0,1,0,0
2336,2,0,0,1,0,0
2337,2,0,0,1,0,0
2338,2,0,0,1,0,0
2339,2,0,0,1,0,0
2340,2,0,0,1,0,0
2341,2,0,0,1,0,0
2342,2,0,0,1,0,0
2343,2,0,0,1,0,0
2344,2,0,0,1,0,0
2345,2,0,0,1,0,0
2346,2,0,0,1,0,0
2347,2,0,0,1,0,0
2348,2,0,0,1,0,0
2349,2,0,0,1,0,0
2350,2,0,0,1,0,0
2351,2,0,0,1,0,0
2352,2,0,0,1,0,0
2353,2,0,0,1,0,0
2354,2,0,0,1,0,0
2355,2,0,0,1,0,0
2356,2,0,0,1,0,0
2357,2,0,0,1,0,0
2358,2,0,0,1,0,0
2359,2,0,0,1,0,0
2360,2,0,0,1,0,0
2361,2,0,0,1,0,0
2362,2,0,0,1,0,0
2363,2,0,0,1,0,0
2364,2,0,0,1,0,0
2365,2,0,0,1,0,0
2366,2,0,0,1,0,0
2367,2,0,0,1,0,0
2368,2,0,0,1,0,0
2369,2,0,0,1,0,0
2370,2,0,0,1,0,0
2371,2,0,0,1,0,0
2372,2,0,0,1,0,0
2373,2,0,0,1,0,0
2374,2,0,0,1,0,0
2375,2,0,0,1,0,0
2376,2,0,0,1,0,0
2377,2,0,0,1,0,0
2378,2,0,0,1,0,0
2379,2,0,0,1,0,0
2380,2,0,0,1,0,0
2381,2,0,0,1,0,0
2382,2,0,0,1,0,0
2383,2,0,0,1,0,0
2384,2,0,0,1,0,0
2385,2,0,0,1,0,0
2386,2,0,0,1,0,0
2387,2,0,0,1,0,0
2388,2,0,0,1,0,0
2389,2,0,0,1,0,0
2390,2,0,0,1,0,0
2391,2,0,0,1,0,0
2392,2,0,0,1,0,0
2393,2,0,0,1,0,0
2394,2,0,0,1,0,0
2395,2,0,0,1,0,0
2396,2,0,0,1,0,0
2397,2,0,0,1,0,0
2398,2,0,0,1,0,0
2399,2,0,0,1,0,0
2400,2,0,0,1,0,0
2401,2,0,0,1,0,0
2402,2,0,0,1,0,0
2403,2,0,0,1,0,0
2404,2,0,0,1,0,0
2405,2,0,0,1,0,0
2406,2,0,0,1,0,0
2407,2,0,0,1,0,0
2408,2,0,0,1,0,0
2409,2,0,0,1,0,0
2410,2,0,0,1,0,0
2411,2,0,0,1,0,0
2412,2,0,0,1,0,0
2413,2,0,0,1,0,0
2414,2,0,0,1,0,0
2415,2,0,0,1,0,0
2416,2,0,0,1,0,0
2417,2,0,0,1,0,0
2418,2,0,0,1,0,0
2419,2,0,0,1,0,0
2420,2,0,0,1,0,0
2421,2,0,0,1,0,0
2422,2,0,0,1,0,0
2423,2,0,0,1,0,0
2424,2,0,0,1,0,0
2425,2,0,0,1,0,0
2426,2,0,0,1,0,0
2427,2,0,0,1,0,0
2428,2,0,0,1,0,0
2429,2,0,0,1,0,0
2430,2,0,0,1,0,0
2431,2,0,0,1,0,0
2432,2,0,0,1,0,0
2433,2,0,0,1,0,0
2434,2,0,0,1,0,0
2435,2,0,0,1,0,0
2436,2,0,0,1,0,0
2437,2,0,0,1,0,0
2438,2,0,0,1,0,0
2439,2,0,0,1,0,0
2440,2,0,0,1,0,0
2441,2,0,0,1,0,0
2442,2,0,0,1,0,0
2443,2,0,0,1,0,0
2444,2,0,0,1,0,0
2445,2,0,0,1,0,0
2446,2,0,0,1,0,0
2447,2,0,0,1,0,0
2448,2,0,0,1,0,0
2449,2,0,0,1,0,0
2450,2,0,0,1,0,0
2451,2,0,0,1,0,0
2452,2,0,0,1,0,0
2453,2,0,0,1,0,0
2454,2,0,0,1,0,0
2455,2,0,0,1,0,0
2456,2,0,0,1,0,0
2457,2,0,0,1,0,0
2458,2,0,0,1,0,0
2459,2,0,0,1,0,0
2460,2,0,0,1,0,0
2461,2,0,0,1,0,0
2462,2,0,0,1,0,0
2463,2,0,0,1,0,0
2464,2,0,0,1,0,0
2465,2,0,0,1,0,0
2466,2,0,0,1,0,0
2467,2,0,0,1,0,0
2468,2,0,0,1,0,0
2469,2,0,0,1,0,0
2470,2,0,0,1,0,0
2471,2,0,0,1,0,0
2472,2,0,0,1,0,0
2473,2,0,0,1,0,0
2474,2,0,0,1,0,0
2475,2,0,0,1,0,0
2476,2,0,0,1,0,0
2477,2,0,0,1,0,0
2478,2,0,0,1,0,0
2479,2,0,0,1,0,0
2480,2,0,0,1,0,0
2481,2,0,0,1,0,0
2482,2,0,0,1,0,0
2483,2,0,0,1,0,0
2484,2,0,0,1,0,0
2485,2,0,0,1,0,0
2486,2,0,0,1,0,0
2487,2,0,0,1,0,0
2488,2,0,0,1,0,0
2489,2,0,0,1,0,0
2490,2,0,0,1,0,0
2491,2,0,0,1,0,0
2492,2,0,0,1,0,0
2493,2,0,0,1,0,0
2494,2,0,0,1,0,0
2495,2,0,0,1,0,0
2496,2,0,0,1,0,0
2497,2,0,0,1,0,0
2498,2,0,0,1,0,0
2499,2,0,0,1,0,0
2500,2,0,0,1,0,0
2501,2,0,0,1,0,0
2502,2,0,0,1,0,0
2503,2,0,0,1,0,0
2504,2,0,0,1,0,0
2505,2,0,0,1,0,0
2506,2,0,0,1,0,0
2507,2,0,0,1,0,0
2508,2,0,0,1,0,0
2509,2,0,0,1,0,0
2510,2,0,0,1,0,0
2511,2,0,0,1,0,0
2512,2,0,0,1,0,0
2513,2,0,0,1,0,0
2514,2,0,0,1,0,0
2515,2,0,0,1,0,0
2516,2,0,0,1,0,0
2517,2,0,0,1,0,0
2518,2,0,0,1,0,0
2519,2,0,0,1,0,0
2520,2,0,0,1,0,0
2521,2,0,0,1,0,0
2522,2,0,0,1,0,0
2523,2,0,0,1,0,0
2524,2,0,0,1,0,0
2525,2,0,0,1,0,0
2526,2,0,0,1,0,0
2527,2,0,0,1,0,0
2528,2,0,0,1,0,0
2529,2,0,0,1,0,0
2530,2,0,0,1,0,0
2531,2,0,0,1,0,0
2532,2,0,0,1,0,0
2533,2,0,0,1,0,0
2534,2,0,0,1,0,0
2535,2,0,0,1,0,0
2536,2,0,0,1,0,0
2537,2,0,0,1,0,0
2538,2,0,0,1,0,0
2539,2,0,0,1,0,0
2540,2,0,0,1,0,0
2541,2,0,0,1,0,0
2542,2,0,0,1,0,0
2543,2,0,0,1,0,0
2544,2,0,0,1,0,0
2545,2,0,0,1,0,0
2546,2,0,0,1,0,0
2547,2,0,0,1,0,0
2548,2,0,0,1,0,0
2549,2,0,0,1,0,0
2550,2,0,0,1,0,0
2551,2,0,0,1,0,0
2552,2,0,0,1,0,0
2553,2,0,0,1,0,0
2554,2,0,0,1,0,0
2555,2,0,0,1,0,0
2556,2,0,0,1,0,0
2557,2,0,0,1,0,0
2558,2,0,0,1,0,0
2559,2,0,0,1,0,0
2560,2,0,0,1,0,0
2561,2,0,0,1,0,0
2562,2,0,0,1,0,0
2563,2,0,0,1,0,0
2564,2,0,0,1,0,0
2565,2,0,0,1,0,0
2566,2,0,0,1,0,0
2567,2,0,0,1,0,0
2568,2,0,0,1,0,0
2569,2,0,0,1,0,0
2570,2,0,0,1,0,0
2571,2,0,0,1,0,0
2572,2,0,0,1,0,0
2573,2,0,0,1,0,0
2574,2,0,0,1,0,0
2575,2,0,0,1,0,0
2576,2,0,0,1,0,0
2577,2,0,0,1,0,0
2578,2,0,0,1,0,0
2579,2,0,0,1,0,0
2580,2,0,0,1,0,0
2581,2,0,0,1,0,0
2582,2,0,0,1,0,0
2583,2,0,0,1,0,0
2584,2,0,0,1,0,0
2585,2,0,0,1,0,0
2586,2,0,0,1,0,0
2587,2,0,0,1,0,0
2588,2,0,0,1,0,0
2589,2,0,0,1,0,0
2590,2,0,0,1,0,0
2591,2,0,0,1,0,0
2592,2,0,0,1,0,0
2593,2,0,0,1,0,0
2594,2,0,0,1,0,0
2595,2,0,0,1,0,0
2596,2,0,0,1,0,0
2597,2,0,0,1,0,0
2598,2,0,0,1,0,0
2599,2,0,0,1,0,0
2600,2,0,0,1,0,0
2601,2,0,0,1,0,0
2602,2,0,0,1,0,0
2603,2,0,0,1,0,0
2604,2,0,0,1,0,0
2605,2,0,0,1,0,0
2606,2,0,0,1,0,0
2607,2,0,0,1,0,0
2608,2,0,0,1,0,0
2609,2,0,0,1,0,0
2610,2,0,0,1,0,0
2611,2,0,0,1,0,0
2612,2,0,0,1,0,0
2613,2,0,0,1,0,0
2614,2,0,0,1,0,0
2615,2,0,0,1,0,0
2616,2,0,0,1,0,0
2617,2,0,0,1,0,0
2618,2,0,0,1,0,0
2619,2,0,0,1,0,0
2620,2,0,0,1,0,0
2621,2,0,0,1,0,0
2622,2,0,0,1,0,0
2623,2,0,0,1,0,0
2624,2,0,0,1,0,0
2625,2,0,0,1,0,0
2626,2,0,0,1,0,0
2627,2,0,0,1,0,0
2628,2,0,0,1,0,0
2629,2,0,0,1,0,0
2630,2,0,0,1,0,0
2631,2,0,0,1,0,0
2632,2,0,0,1,0,0
2633,2,0,0,1,0,0
2634,2,0,0,1,0,0
2635,2,0,0,1,0,0
2636,2,0,0,1,0,0
2637,2,0,0,1,0,0
2638,2,0,0,1,0,0
2639,2,0,0,1,0,0
2640,2,0,0,1,0,0
2641,2,0,0,1,0,0
2642,2,0,0,1,0,0
2643,2,0,0,1,0,0
2644,2,0,0,1,0,0
2645,2,0,0,1,0,0
2646,2,0,0,1,0,0
2647,2,0,0,1,0,0
2648,2,0,0,1,0,0
2649,2,0,0,1,0,0
2650,2,0,0,1,0,0
2651,2,0,0,1,0,0
2652,2,0,0,1,0,0
2653,2,0,0,1,0,0
2654,2,0,0,1,0,0
2655,2,0,0,1,0,0
2656,2,0,0,1,0,0
2657,2,0,0,1,0,0
2658,2,0,0,1,0,0
2659,2,0,0,1,0,0
2660,2,0,0,1,0,0
2661,2,0,0,1,0,0
2662,2,0,0,1,0,0
2663,2,0,0,1,0,0
2664,2,0,0,1,0,0
2665,2,0,0,1,0,0
2666,2,0,0,1,0,0
2667,2,0,0,1,0,0
2668,2,0,0,1,0,0
2669,2,0,0,1,0,0
2670,2,0,0,1,0,0
2671,2,0,0,1,0,0
2672,2,0,0,1,0,0
2673,2,0,0,1,0,0
2674,2,0,0,1,0,0
2675,2,0,0,1,0,0
2676,2,0,0,1,0,0
2677,2,0,0,1,0,0
2678,2,0,0,1,0,0
2679,2,0,0,1,0,0
2680,2,0,0,1,0,0
2681,2,0,0,1,0,0
2682,2,0,0,1,0,0
2683,2,0,0,1,0,0
2684,2,0,0,1,0,0
2685,2,0,0,1,0,0
2686,2,0,0,1,0,0
2687,2,0,0,1,0,0
2688,2,0,0,1,0,0
2689,2,0,0,1,0,0
2690,2,0,0,1,0,0
2691,2,0,0,1,0,0
2692,2,0,0,1,0,0
2693,2,0,0,1,0,0
2694,2,0,0,1,0,0
2695,2,0,0,1,0,0
2696,2,0,0,1,0,0
2697,2,0,0,1,0,0
2698,2,0,0,1,0,0
2699,2,0,0,1,0,0
2700,2,0,0,1,0,0
2701,2,0,0,1,0,0
2702,2,0,0,1,0,0
2703,2,0,0,1,0,0
2704,2,0,0,1,0,0
2705,2,0,0,1,0,0
2706,2,0,0,1,0,0
2707,2,0,0,1,0,0
2708,2,0,0,1,0,0
2709,2,0,0,1,0,0
2710,2,0,0,1,0,0
2711,2,0,0,1,0,0
2712,2,0,0,1,0,0
2713,2,0,0,1,0,0
2714,2,0,0,1,0,0
2715,2,0,0,1,0,0
2716,2,0,0,1,0,0
2717,2,0,0,1,0,0
2718,2,0,0,1,0,0
2719,2,0,0,1,0,0
2720,2,0,0,1,0,0
2721,2,0,0,1,0,0
2722,2,0,0,1,0,0
2723,2,0,0,1,0,0
2724,2,0,0,1,0,0
2725,2,0,0,1,0,0
2726,2,0,0,1,0,0
2727,2,0,0,1,0,0
2728,2,0,0,1,0,0
2729,2,0,0,1,0,0
2730,2,0,0,1,0,0
2731,2,0,0,1,0,0
2732,2,0,0,1,0,0
2733,2,0,0,1,0,0
2734,2,0,0,1,0,0
2735,2,0,0,1,0,0
2736,2,0,0,1,0,0
2737,2,0,0,1,0,0
2738,2,0,0,1,0,0
2739,2,0,0,1,0,0
2740,2,0,0,1,0,0
2741,2,0,0,1,0,0
2742,2,0,0,1,0,0
2743,2,0,0,1,0,0
2744,2,0,0,1,0,0
2745,2,0,0,1,0,0
2746,2,0,0,1,0,0
2747,2,0,0,1,0,0
2748,2,0,0,1,0,0
2749,2,0,0,1,0,0
2750,2,0,0,1,0,0
2751,2,0,0,1,0,0
2752,2,0,0,1,0,0
2753,2,0,0,1,0,0
2754,2,0,0,1,0,0
2755,2,0,0,1,0,0
2756,2,0,0,1,0,0
2757,2,0,0,1,0,0
2758,2,0,0,1,0,0
2759,2,0,0,1,0,0
2760,2,0,0,1,0,0
2761,2,0,0,1,0,0
2762,2,0,0,1,0,0
2763,2,0,0,1,0,0
2764,2,0,0,1,0,0
2765,2,0,0,1,0,0
2766,2,0,0,1,0,0
2767,2,0,0,1,0,0
2768,2,0,0,1,0,0
2769,2,0,0,1,0,0
2770,2,0,0,1,0,0
2771,2,0,0,1,0,0
2772,2,0,0,1,0,0
2773,2,0,0,1,0,0
2774,2,0,0,1,0,0
2775,2,0,0,1,0,0
2776,2,0,0,1,0,0
2777,2,0,0,1,0,0
2778,2,0,0,1,0,0
2779,2,0,0,1,0,0
2780,2,0,0,1,0,0
2781,2,0,0,1,0,0
2782,2,0,0,1,0,0
2783,2,0,0,1,0,0
2784,2,0,0,1,0,0
2785,2,0,0,1,0,0
2786,2,0,0,1,0,0
2787,2,0,0,1,0,0
2788,2,0,0,1,0,0
2789,2,0,0,1,0,0
2790,2,0,0,1,0,0
2791,2,0,0,1,0,0
2792,2,0,0,1,0,0
2793,2,0,0,1,0,0
2794,2,0,0,1,0,0
2795,2,0,0,1,0,0
2796,2,0,0,1,0,0
2797,2,0,0,1,0,0
2798,2,0,0,1,0,0
2799,2,0,0,1,0,0
2800,2,0,0,1,0,0
2801,2,0,0,1,0,0
2802,2,0,0,1,0,0
2803,2,0,0,1,0,0
2804,2,0,0,1,0,0
2805,2,0,0,1,0,0
2806,2,0,0,1,0,0
2807,2,0,0,1,0,0
2808,2,0,0,1,0,0
2809,2,0,0,1,0,0
2810,2,0,0,1,0,0
2811,2,0,0,1,0,0
2812,2,0,0,1,0,0
2813,2,0,0,1,0,0
2814,2,0,0,1,0,0
2815,2,0,0,1,0,0
2816,2,0,0,1,0,0
2817,2,0,0,1,0,0
2818,2,0,0,1,0,0
2819,2,0,0,1,0,0
2820,2,0,0,1,0,0
2821,2,0,0,1,0,0
2822,2,0,0,1,0,0
2823,2,0,0,1,0,0
2824,2,0,0,1,0,0
2825,2,0,0,1,0,0
2826,2,0,0,1,0,0
2827,2,0,0,1,0,0
2828,2,0,0,1,0,0
2829,2,0,0,1,0,0
2830,2,0,0,1,0,0
2831,2,0,0,1,0,0
2832,2,0,0,1,0,0
2833,2,0,0,1,0,0
2834,2,0,0,1,0,0
2835,2,0,0,1,0,0
2836,2,0,0,1,0,0
2837,2,0,0,1,0,0
2838,2,0,0,1,0,0
2839,2,0,0,1,0,0
2840,2,0,0,1,0,0
2841,2,0,0,1,0,0
2842,2,0,0,1,0,0
2843,2,0,0,1,0,0
2844,2,0,0,1,0,0
2845,2,0,0,1,0,0
2846,2,0,0,1,0,0
2847,2,0,0,1,0,0
2848,2,0,0,1,0,0
2849,2,0,0,1,0,0
2850,2,0,0,1,0,0
2851,2,0,0,1,0,0
2852,2,0,0,1,0,0
2853,2,0,0,1,0,0
2854,2,0,0,1,0,0
2855,2,0,0,1,0,0
2856,2,0,0,1,0,0
2857,2,0,0,1,0,0
2858,2,0,0,1,0,0
2859,2,0,0,1,0,0
2860,2,0,0,1,0,0
2861,2,0,0,1,0,0
2862,2,0,0,1,0,0
2863,2,0,0,1,0,0
2864,2,0,0,1,0,0
2865,2,0,0,1,0,0
2866,2,0,0,1,0,0
2867,2,0,0,1,0,0
2868,2,0,0,1,0,0
2869,2,0,0,1,0,0
2870,2,0,0,1,0,0
2871,2,0,0,1,0,0
2872,2,0,0,1,0,0
2873,2,0,0,1,0,0
2874,2,0,0,1,0,0
2875,2,0,0,1,0,0
2876,2,0,0,1,0,0
2877,2,0,0,1,0,0
2878,2,0,0,1,0,0
2879,2,0,0,1,0,0
2880,2,0,0,1,0,0
2881,2,0,0,1,0,0
2882,2,0,0,1,0,0
2883,2,0,0,1,0,0
2884,2,0,0,1,0,0
2885,2,0,0,1,0,0
2886,2,0,0,1,0,0
2887,2,0,0,1,0,0
2888,2,0,0,1,0,0
2889,2,0,0,1,0,0
2890,2,0,0,1,0,0
2891,2,0,0,1,0,0
2892,2,0,0,1,0,0
2893,2,0,0,1,0,0
2894,2,0,0,1,0,0
2895,2,0,0,1,0,0
2896,2,0,0,1,0,0
2897,2,0,0,1,0,0
2898,2,0,0,1,0,0
2899,2,0,0,1,0,0
2900,2,0,0,1,0,0
2901,2,0,0,1,0,0
2902,2,0,0,1,0,0
2903,2,0,0,1,0,0
2904,2,0,0,1,0,0
2905,2,0,0,1,0,0
2906,2,0,0,1,0,0
2907,2,0,0,1,0,0
2908,2,0,0,1,0,0
2909,2,0,0,1,0,0
2910,2,0,0,1,0,0
2911,2,0,0,1,0,0
2912,2,0,0,1,0,0
2913,2,0,0,1,0,0
2914,2,0,0,1,0,0
2915,2,0,0,1,0,0
2916,2,0,0,1,0,0
2917,2,0,0,1,0,0
2918,2,0,0,1,0,0
2919,2,0,0,1,0,0
2920,2,0,0,1,0,0
2921,2,0,0,1,0,0
2922,2,0,0,1,0,0
2923,2,0,0,1,0,0
2924,2,0,0,1,0,0
2925,2,0,0,1,0,0
2926,2,0,0,1,0,0
2927,2,0,0,1,0,0
2928,2,0,0,1,0,0
2929,2,0,0,1,0,0
2930,2,0,0,1,0,0
2931,2,0,0,1,0,0
2932,2,0,0,1,0,0
2933,2,0,0,1,0,0
2934,2,0,0,1,0,0
2935,2,0,0,1,0,0
2936,2,0,0,1,0,0
2937,2,0,0,1,0,0
2938,2,0,0,1,0,0
2939,2,0,0,1,0,0
2940,2,0,0,1,0,0
2941,2,0,0,1,0,0
2942,2,0,0,1,0,0
2943,2,0,0,1,0,0
2944,2,0,0,1,0,0
2945,2,0,0,1,0,0
2946,2,0,0,1,0,0
2947,2,0,0,1,0,0
2948,2,0,0,1,0,0
2949,2,0,0,1,0,0
2950,2,0,0,1,0,0
2951,2,0,0,1,0,0
2952,2,0,0,1,0,0
2953,2,0,0,1,0,0
2954,2,0,0,1,0,0
2955,2,0,0,1,0,0
2956,2,0,0,1,0,0
2957,2,0,0,1,0,0
2958,2,0,0,1,0,0
2959,2,0,0,1,0,0
2960,2,0,0,1,0,0
2961,2,0,0,1,0,0
2962,2,0,0,1,0,0
2963,2,0,0,1,0,0
2964,2,0,0,1,0,0
2965,2,0,0,1,0,0
2966,2,0,0,1,0,0
2967,2,0,0,1,0,0
2968,2,0,0,1,0,0
2969,2,0,0,1,0,0
2970,2,0,0,1,0,0
2971,2,0,0,1,0,0
2972,2,0,0,1,0,0
2973,2,0,0,1,0,0
2974,2,0,0,1,0,0
2975,2,0,0,1,0,0
2976,2,0,0,1,0,0
2977,2,0,0,1,0,0
2978,2,0,0,1,0,0
2979,2,0,0,1,0,0
2980,2,0,0,1,0,0
2981,2,0,0,1,0,0
2982,2,0,0,1,0,0
2983,2,0,0,1,0,0
2984,2,0,0,1,0,0
2985,2,0,0,1,0,0
2986,2,0,0,1,0,0
2987,2,0,0,1,0,0
2988,2,0,0,1,0,0
2989,2,0,0,1,0,0
2990,2,0,0,1,0,0
2991,2,0,0,1,0,0
2992,2,0,0,1,0,0
2993,2,0,0,1,0,0
2994,2,0,0,1,0,0
2995,2,0,0,1,0,0
2996,2,0,0,1,0,0
2997,2,0,0,1,0,0
2998,2,0,0,1,0,0
2999,2,0,0,1,0,0
3000,2,0,0,1,0,0
3001,2,0,0,1,0,0
3002,2,0,0,1,0,0
3003,2,0,0,1,0,0
3004,2,0,0,1,0,0
3005,2,0,0,1,0,0
3006,2,0,0,1,0,0
3007,2,0,0,1,0,0
3008,2,0,0,1,0,0
3009,2,0,0,1,0,0
3010,2,0,0,1,0,0
3011,2,0,0,1,0,0
3012,2,0,0,1,0,0
3013,2,0,0,1,0,0
3014,2,0,0,1,0,0
3015,2,0,0,1,0,0
3016,2,0,0,1,0,0
3017,2,0,0,1,0,0
3018,2,0,0,1,0,0
3019,2,0,0,1,0,0
3020,2,0,0,1,0,0
3021,2,0,0,1,0,0
3022,2,0,0,1,0,0
3023,2,0,0,1,0,0
3024,2,0,0,1,0,0
3025,2,0,0,1,0,0
3026,2,0,0,1,0,0
3027,2,0,0,1,0,0
3028,2,0,0,1,0,0
3029,2,0,0,1,0,0
3030,2,0,0,1,0,0
3031,2,0,0,1,0,0
3032,2,0,0,1,0,0
3033,2,0,0,1,0,0
3034,2,0,0,1,0,0
3035,2,0,0,1,0,0
3036,2,0,0,1,0,0
3037,2,0,0,1,0,0
3038,2,0,0,1,0,0
3039,2,0,0,1,0,0
3040,2,0,0,1,0,0
3041,2,0,0,1,0,0
3042,2,0,0,1,0,0
3043,2,0,0,1,0,0
3044,2,0,0,1,0,0
3045,2,0,0,1,0,0
3046,2,0,0,1,0,0
3047,2,0,0,1,0,0
3048,2,0,0,1,0,0
3049,2,0,0,1,0,0
3050,2,0,0,1,0,0
3051,2,0,0,1,0,0
3052,2,0,0,1,0,0
3053,2,0,0,1,0,0
3054,2,0,0,1,0,0
3055,2,0,0,1,0,0
3056,2,0,0,1,0,0
3057,2,0,0,1,0,0
3058,2,0,0,1,0,0
3059,2,0,0,1,0,0
3060,2,0,0,1,0,0
3061,2,0,0,1,0,0
3062,2,0,0,1,0,0
3063,2,0,0,1,0,0
3064,2,0,0,1,0,0
3065,2,0,0,1,0,0
3066,2,0,0,1,0,0
3067,2,0,0,1,0,0
3068,2,0,0,1,0,0
3069,2,0,0,1,0,0
3070,2,0,0,1,0,0
3071,2,0,0,1,0,0
3072,2,0,0,1,0,0
3073,2,0,0,1,0,0
3074,2,0,0,1,0,0
3075,2,0,0,1,0,0
3076,2,0,0,1,0,0
3077,2,0,0,1,0,0
3078,2,0,0,1,0,0
3079,2,0,0,1,0,0
3080,2,0,0,1,0,0
3081,2,0,0,1,0,0
3082,2,0,0,1,0,0
3083,2,0,0,1,0,0
3084,2,0,0,1,0,0
3085,2,0,0,1,0,0
3086,2,0,0,1,0,0
3087,2,0,0,1,0,0
3088,2,0,0,1,0,0
3089,2,0,0,1,0,0
3090,2,0,0,1,0,0
3091,2,0,0,1,0,0
3092,2,0,0,1,0,0
3093,2,0,0,1,0,0
3094,2,0,0,1,0,0
3095,2,0,0,1,0,0
3096,2,0,0,1,0,0
3097,2,0,0,1,0,0
3098,2,0,0,1,0,0
3099,2,0,0,1,0,0
3100,2,0,0,1,0,0
3101,2,0,0,1,0,0
3102,2,0,0,1,0,0
3103,2,0,0,1,0,0
3104,2,0,0,1,0,0
3105,2,0,0,1,0,0
3106,2,0,0,1,0,0
3107,2,0,0,1,0,0
3108,2,0,0,1,0,0
3109,2,0,0,1,0,0
3110,2,0,0,1,0,0
3111,2,0,0,1,0,0
3112,2,0,0,1,0,0
3113,2,0,0,1,0,0
3114,2,0,0,1,0,0
3115,2,0,0,1,0,0
3116,2,0,0,1,0,0
3117,2,0,0,1,0,0
3118,2,0,0,1,0,0
3119,2,0,0,1,0,0
3120,2,0,0,1,0,0
3121,2,0,0,1,0,0
3122,2,0,0,1,0,0
3123,2,0,0,1,0,0
3124,2,0,0,1,0,0
3125,2,0,0,1,0,0
3126,2,0,0,1,0,0
3127,2,0,0,1,0,0
3128,2,0,0,1,0,0
3129,2,0,0,1,0,0
3130,2,0,0,1,0,0
3131,2,0,0,1,0,0
3132,2,0,0,1,0,0
3133,2,0,0,1,0,0
3134,2,0,0,1,0,0
3135,2,0,0,1,0,0
3136,2,0,0,1,0,0
3137,2,0,0,1,0,0
3138,2,0,0,1,0,0
3139,2,0,0,1,0,0
3140,2,0,0,1,0,0
3141,2,0,0,1,0,0
3142,2,0,0,1,0,0
3143,2,0,0,1,0,0
3144,2,0,0,1,0,0
3145,2,0,0,1,0,0
3146,2,0,0,1,0,0
3147,2,0,0,1,0,0
3148,2,0,0,1,0,0
3149,2,0,0,1,0,0
3150,2,0,0,1,0,0
3151,2,0,0,1,0,0
3152,2,0,0,1,0,0
3153,2,0,0,1,0,0
3154,2,0,0,1,0,0
3155,2,0,0,1,0,0
3156,2,0,0,1,0,0
3157,2,0,0,1,0,0
3158,2,0,0,1,0,0
3159,2,0,0,1,0,0
3160,2,0,0,1,0,0
3161,2,0,0,1,0,0
3162,2,0,0,1,0,0
3163,2,0,0,1,0,0
3164,2,0,0,1,0,0
3165,2,0,0,1,0,0
3166,2,0,0,1,0,0
3167,2,0,0,1,0,0
3168,2,0,0,1,0,0
3169,2,0,0,1,0,0
3170,2,0,0,1,0,0
3171,2,0,0,1,0,0
3172,2,0,0,1,0,0
3173,2,0,0,1,0,0
3174,2,0,0,1,0,0
3175,2,0,0,1,0,0
3176,2,0,0,1,0,0
3177,2,0,0,1,0,0
3178,2,0,0,1,0,0
3179,2,0,0,1,0,0
3180,2,0,0,1,0,0
3181,2,0,0,1,0,0
3182,2,0,0,1,0,0
3183,2,0,0,1,0,0
3184,2,0,0,1,0,0
3185,2,0,0,1,0,0
3186,2,0,0,1,0,0
3187,2,0,0,1,0,0
3188,2,0,0,1,0,0
3189,2,0,0,1,0,0
3190,2,0,0,1,0,0
3191,2,0,0,1,0,0
3192,2,0,0,1,0,0
3193,2,0,0,1,0,0
3194,2,0,0,1,0,0
3195,2,0,0,1,0,0
3196,2,0,0,1,0,0
3197,2,0,0,1,0,0
3198,2,0,0,1,0,0
3199,2,0,0,1,0,0
3200,2,0,0,1,0,0
3201,2,0,0,1,0,0
3202,2,0,0,1,0,0
3203,2,0,0,1,0,0
3204,2,0,0,1,0,0
3205,2,0,0,1,0,0
3206,2,0,0,1,0,0
3207,2,0,0,1,0,0
3208,2,0,0,1,0,0
3209,2,0,0,1,0,0
3210,2,0,0,1,0,0
3211,2,0,0,1,0,0
3212,2,0,0,1,0,0
3213,2,0,0,1,0,0
3214,2,0,0,1,0,0
3215,2,0,0,1,0,0
3216,2,0,0,1,0,0
3217,2,0,0,1,0,0
3218,2,0,0,1,0,0
3219,2,0,0,1,0,0
3220,2,0,0,1,0,0
3221,2,0,0,1,0,0
3222,2,0,0,1,0,0
3223,2,0,0,1,0,0
3224,2,0,0,1,0,0
3225,2,0,0,1,0,0
3226,2,0,0,1,0,0
3227,2,0,0,1,0,0
3228,2,0,0,1,0,0
3229,2,0,0,1,0,0
3230,2,0,0,1,0,0
3231,2,0,0,1,0,0
3232,2,0,0,1,0,0
3233,2,0,0,1,0,0
3234,2,0,0,1,0,0
3235,2,0,0,1,0,0
3236,2,0,0,1,0,0
3237,2,0,0,1,0,0
3238,2,0,0,1,0,0
3239,2,0,0,1,0,0
3240,2,0,0,1,0,0
3241,2,0,0,1,0,0
3242,2,0,0,1,0,0
3243,2,0,0,1,0,0
3244,2,0,0,1,0,0
3245,2,0,0,1,0,0
3246,2,0,0,1,0,0
3247,2,0,0,1,0,0
3248,2,0,0,1,0,0
3249,2,0,0,1,0,0
3250,2,0,0,1,0,0
3251,2,0,0,1,0,0
3252,2,0,0,1,0,0
3253,2,0,0,1,0,0
3254,2,0,0,1,0,0
3255,2,0,0,1,0,0
3256,2,0,0,1,0,0
3257,2,0,0,1,0,0
3258,2,0,0,1,0,0
3259,2,0,0,1,0,0
3260,2,0,0,1,0,0
3261,2,0,0,1,0,0
3262,2,0,0,1,0,0
3263,2,0,0,1,0,0
3264,2,0,0,1,0,0
3265,2,0,0,1,0,0
3266,2,0,0,1,0,0
3267,2,0,0,1,0,0
3268,2,0,0,1,0,0
3269,2,0,0,1,0,0
3270,2,0,0,1,0,0
3271,2,0,0,1,0,0
3272,2,0,0,1,0,0
3273,2,0,0,1,0,0
3274,2,0,0,1,0,0
3275,2,0,0,1,0,0
3276,2,0,0,1,0,0
3277,2,0,0,1,0,0
3278,2,0,0,1,0,0
3279,2,0,0,1,0,0
3280,2,0,0,1,0,0
3281,2,0,0,1,0,0
3282,2,0,0,1,0,0
3283,2,0,0,1,0,0
3284,2,0,0,1,0,0
3285,2,0,0,1,0,0
3286,2,0,0,1,0,0
3287,2,0,0,1,0,0
3288,2,0,0,1,0,0
3289,2,0,0,1,0,0
3290,2,0,0,1,0,0
3291,2,0,0,1,0,0
3292,2,0,0,1,0,0
3293,2,0,0,1,0,0
3294,2,0,0,1,0,0
3295,2,0,0,1,0,0
3296,2,0,0,1,0,0
3297,2,0,0,1,0,0
3298,2,0,0,1,0,0
3299,2,0,0,1,0,0
3300,2,0,0,1,0,0
3301,2,0,0,1,0,0
3302,2,0,0,1,0,0
3303,2,0,0,1,0,0
3304,2,0,0,1,0,0
3305,2,0,0,1,0,0
3306,2,0,0,1,0,0
3307,2,0,0,1,0,0
3308,2,0,0,1,0,0
3309,2,0,0,1,0,0
3310,2,0,0,1,0,0
3311,2,0,0,1,0,0
3312,2,0,0,1,0,0
3313,2,0,0,1,0,0
3314,2,0,0,1,0,0
3315,2,0,0,1,0,0
3316,2,0,0,1,0,0
3317,2,0,0,1,0,0
3318,2,0,0,1,0,0
3319,2,0,0,1,0,0
3320,2,0,0,1,0,0
3321,2,0,0,1,0,0
3322,2,0,0,1,0,0
3323,2,0,0,1,0,0
3324,2,0,0,1,0,0
3325,2,0,0,1,0,0
3326,2,0,0,1,0,0
3327,2,0,0,1,0,0
3328,2,0,0,1,0,0
3329,2,0,0,1,0,0
3330,2,0,0,1,0,0
3331,2,0,0,1,0,0
3332,2,0,0,1,0,0
3333,2,0,0,1,0,0
3334,2,0,0,1,0,0
3335,2,0,0,1,0,0
3336,2,0,0,1,0,0
3337,2,0,0,1,0,0
3338,2,0,0,1,0,0
3339,2,0,0,1,0,0
3340,2,0,0,1,0,0
3341,2,0,0,1,0,0
3342,2,0,0,1,0,0
3343,2,0,0,1,0,0
3344,2,0,0,1,0,0
3345,2,0,0,1,0,0
3346,2,0,0,1,0,0
3347,2,0,0,1,0,0
3348,2,0,0,1,0,0
3349,2,0,0,1,0,0
3350,2,0,0,1,0,0
3351,2,0,0,1,0,0
3352,2,0,0,1,0,0
3353,2,0,0,1,0,0
3354,2,0,0,1,0,0
3355,2,0,0,1,0,0
3356,2,0,0,1,0,0
3357,2,0,0,1,0,0
3358,2,0,0,1,0,0
3359,2,0,0,1,0,0
3360,2,0,0,1,0,0
3361,2,0,0,1,0,0
3362,2,0,0,1,0,0
3363,2,0,0,1,0,0
3364,2,0,0,1,0,0
3365,2,0,0,1,0,0
3366,2,0,0,1,0,0
3367,2,0,0,1,0,0
3368,2,0,0,1,0,0
3369,2,0,0,1,0,0
3370,2,0,0,1,0,0
3371,2,0,0,1,0,0
3372,2,0,0,1,0,0
3373,2,0,0,1,0,0
3374,2,0,0,1,0,0
3375,2,0,0,1,0,0
3376,2,0,0,1,0,0
3377,2,0,0,1,0,0
3378,2,0,0,1,0,0
3379,2,0,0,1,0,0
3380,2,0,0,1,0,0
3381,2,0,0,1,0,0
3382,2,0,0,1,0,0
3383,2,0,0,1,0,0
3384,2,0,0,1,0,0
3385,2,0,0,1,0,0
3386,2,0,0,1,0,0
3387,2,0,0,1,0,0
3388,2,0,0,1,0,0
3389,2,0,0,1,0,0
3390,2,0,0,1,0,0
3391,2,0,0,1,0,0
3392,2,0,0,1,0,0
3393,2,0,0,1,0,0
3394,2,0,0,1,0,0
3395,2,0,0,1,0,0
3396,2,0,0,1,0,0
3397,2,0,0,1,0,0
3398,2,0,0,1,0,0
3399,2,0,0,1,0,0
3400,2,0,0,1,0,0
3401,2,0,0,1,0,0
3402,2,0,0,1,0,0
3403,2,0,0,1,0,0
3404,2,0,0,1,0,0
3405,2,0,0,1,0,0
3406,2,0,0,1,0,0
3407,2,0,0,1,0,0
3408,2,0,0,1,0,0
3409,2,0,0,1,0,0
3410,2,0,0,1,0,0
3411,2,0,0,1,0,0
3412,2,0,0,1,0,0
3413,2,0,0,1,0,0
3414,2,0,0,1,0,0
3415,2,0,0,1,0,0
3416,2,0,0,1,0,0
3417,2,0,0,1,0,0
3418,2,0,0,1,0,0
3419,2,0,0,1,0,0
3420,2,0,0,1,0,0
3421,2,0,0,1,0,0
3422,2,0,0,1,0,0
3423,2,0,0,1,0,0
3424,2,0,0,1,0,0
3425,2,0,0,1,0,0
3426,2,0,0,1,0,0
3427,2,0,0,1,0,0
3428,2,0,0,1,0,0
3429,2,0,0,1,0,0
3430,2,0,0,1,0,0
3431,2,0,0,1,0,0
3432,2,0,0,1,0,0
3433,2,0,0,1,0,0
3434,2,0,0,1,0,0
3435,2,0,0,1,0,0
3436,2,0,0,1,0,0
3437,2,0,0,1,0,0
3438,2,0,0,1,0,0
3439,2,0,0,1,0,0
3440,2,0,0,1,0,0
3441,2,0,0,1,0,0
3442,2,0,0,1,0,0
3443,2,0,0,1,0,0
3444,2,0,0,1,0,0
3445,2,0,0,1,0,0
3446,2,0,0,1,0,0
3447,2,0,0,1,0,0
3448,2,0,0,1,0,0
3449,2,0,0,1,0,0
3450,2,0,0,1,0,0
3451,2,0,0,1,0,0
3452,2,0,0,1,0,0
3453,2,0,0,1,0,0
3454,2,0,0,1,0,0
3455,2,0,0,1,0,0
3456,2,0,0,1,0,0
3457,2,0,0,1,0,0
3458,2,0,0,1,0,0
3459,2,0,0,1,0,0
3460,2,0,0,1,0,0
3461,2,0,0,1,0,0
3462,2,0,0,1,0,0
3463,2,0,0,1,0,0
3464,2,0,0,1,0,0
3465,2,0,0,1,0,0
3466,2,0,0,1,0,0
3467,2,0,0,1,0,0
3468,2,0,0,1,0,0
3469,2,0,0,1,0,0
3470,2,0,0,1,0,0
3471,2,0,0,1,0,0
3472,2,0,0,1,0,0
3473,2,0,0,1,0,0
3474,2,0,0,1,0,0
3475,2,0,0,1,0,0
3476,2,0,0,1,0,0
3477,2,0,0,1,0,0
3478,2,0,0,1,0,0
3479,2,0,0,1,0,0
3480,2,0,0,1,0,0
3481,2,0,0,1,0,0
3482,2,0,0,1,0,0
3483,2,0,0,1,0,0
3484,2,0,0,1,0,0
3485,2,0,0,1,0,0
3486,2,0,0,1,0,0
3487,2,0,0,1,0,0
3488,2,0,0,1,0,0
3489,2,0,0,1,0,0
3490,2,0,0,1,0,0
3491,2,0,0,1,0,0
3492,2,0,0,1,0,0
3493,2,0,0,1,0,0
3494,2,0,0,1,0,0
3495,2,0,0,1,0,0
3496,2,0,0,1,0,0
3497,2,0,0,1,0,0
3498,2,0,0,1,0,0
3499,2,0,0,1,0,0
3500,2,0,0,1,0,0
3501,2,0,0,1,0,0
3502,2,0,0,1,0,0
3503,2,0,0,1,0,0
3504,2,0,0,1,0,0
3505,2,0,0,1,0,0
3506,2,0,0,1,0,0
3507,2,0,0,1,0,0
3508,2,0,0,1,0,0
3509,2,0,0,1,0,0
3510,2,0,0,1,0,0
3511,2,0,0,1,0,0
3512,2,0,0,1,0,0
3513,2,0,0,1,0,0
3514,2,0,0,1,0,0
3515,2,0,0,1,0,0
3516,2,0,0,1,0,0
3517,2,0,0,1,0,0
3518,2,0,0,1,0,0
3519,2,0,0,1,0,0
3520,2,0,0,1,0,0
3521,2,0,0,1,0,0
3522,2,0,0,1,0,0
3523,2,0,0,1,0,0
3524,2,0,0,1,0,0
3525,2,0,0,1,0,0
3526,2,0,0,1,0,0
3527,2,0,0,1,0,0
3528,2,0,0,1,0,0
3529,2,0,0,1,0,0
3530,2,0,0,1,0,0
3531,2,0,0,1,0,0
3532,2,0,0,1,0,0
3533,2,0,0,1,0,0
3534,2,0,0,1,0,0
3535,2,0,0,1,0,0
3536,2,0,0,1,0,0
3537,2,0,0,1,0,0
3538,2,0,0,1,0,0
3539,2,0,0,1,0,0
3540,2,0,0,1,0,0
3541,2,0,0,1,0,0
3542,2,0,0,1,0,0
3543,2,0,0,1,0,0
3544,2,0,0,1,0,0
3545,2,0,0,1,0,0
3546,2,0,0,1,0,0
3547,2,0,0,1,0,0
3548,2,0,0,1,0,0
3549,2,0,0,1,0,0
3550,2,0,0,1,0,0
3551,2,0,0,1,0,0
3552,2,0,0,1,0,0
3553,2,0,0,1,0,0
3554,2,0,0,1,0,0
3555,2,0,0,1,0,0
3556,2,0,0,1,0,0
3557,2,0,0,1,0,0
3558,2,0,0,1,0,0
3559,2,0,0,1,0,0
3560,2,0,0,1,0,0
3561,2,0,0,1,0,0
3562,2,0,0,1,0,0
3563,2,0,0,1,0,0
3564,2,0,0,1,0,0
3565,2,0,0,1,0,0
3566,2,0,0,1,0,0
3567,2,0,0,1,0,0
3568,2,0,0,1,0,0
3569,2,0,0,1,0,0
3570,2,0,0,1,0,0
3571,2,0,0,1,0,0
3572,2,0,0,1,0,0
3573,2,0,0,1,0,0
3574,2,0,0,1,0,0
3575,2,0,0,1,0,0
3576,2,0,0,1,0,0
3577,2,0,0,1,0,0
3578,2,0,0,1,0,0
3579,2,0,0,1,0,0
3580,2,0,0,1,0,0
3581,2,0,0,1,0,0
3582,2,0,0,1,0,0
3583,2,0,0,1,0,0
3584,2,0,0,1,0,0
3585,2,0,0,1,0,0
3586,2,0,0,1,0,0
3587,2,0,0,1,0,0
3588,2,0,0,1,0,0
3589,2,0,0,1,0,0
3590,2,0,0,1,0,0
3591,2,0,0,1,0,0
3592,2,0,0,1,0,0
3593,2,0,0,1,0,0
3594,2,0,0,1,0,0
3595,2,0,0,1,0,0
3596,2,0,0,1,0,0
3597,2,0,0,1,0,0
3598,2,0,0,1,0,0
3599,2,0,0,1,0,0
3600,2,0,0,1,0,0
3601,2,0,0,1,0,0
3602,2,0,0,1,0,0
3603,2,0,0,1,0,0
3604,2,0,0,1,0,0
3605,2,0,0,1,0,0
3606,2,0,0,1,0,0
3607,2,0,0,1,0,0
3608,2,0,0,1,0,0
3609,2,0,0,1,0,0
3610,2,0,0,1,0,0
3611,2,0,0,1,0,0
3612,2,0,0,1,0,0
3613,2,0,0,1,0,0
3614,2,0,0,1,0,0
3615,2,0,0,1,0,0
3616,2,0,0,1,0,0
3617,2,0,0,1,0,0
3618,2,0,0,1,0,0
3619,2,0,0,1,0,0
3620,2,0,0,1,0,0
3621,2,0,0,1,0,0
3622,2,0,0,1,0,0
3623,2,0,0,1,0,0
3624,2,0,0,1,0,0
3625,2,0,0,1,0,0
3626,2,0,0,1,0,0
3627,2,0,0,1,0,0
3628,2,0,0,1,0,0
3629,2,0,0,1,0,0
3630,2,0,0,1,0,0
3631,2,0,0,1,0,0
3632,2,0,0,1,0,0
3633,2,0,0,1,0,0
3634,2,0,0,1,0,0
3635,2,0,0,1,0,0
3636,2,0,0,1,0,0
3637,2,0,0,1,0,0
3638,2,0,0,1,0,0
3639,2,0,0,1,0,0
3640,2,0,0,1,0,0
3641,2,0,0,1,0,0
3642,2,0,0,1,0,0
3643,2,0,0,1,0,0
3644,2,0,0,1,0,0
3645,2,0,0,1,0,0
3646,2,0,0,1,0,0
3647,2,0,0,1,0,0
3648,2,0,0,1,0,0
3649,2,0,0,1,0,0
3650,2,0,0,1,0,0
3651,2,0,0,1,0,0
3652,2,0,0,1,0,0
3653,2,0,0,1,0,0
3654,2,0,0,1,0,0
3655,2,0,0,1,0,0
3656,2,0,0,1,0,0
3657,2,0,0,1,0,0
3658,2,0,0,1,0,0
3659,2,0,0,1,0,0
3660,2,0,0,1,0,0
3661,2,0,0,1,0,0
3662,2,0,0,1,0,0
3663,2,0,0,1,0,0
3664,2,0,0,1,0,0
3665,2,0,0,1,0,0
3666,2,0,0,1,0,0
3667,2,0,0,1,0,0
3668,2,0,0,1,0,0
3669,2,0,0,1,0,0
3670,2,0,0,1,0,0
3671,2,0,0,1,0,0
3672,2,0,0,1,0,0
3673,2,0,0,1,0,0
3674,2,0,0,1,0,0
3675,2,0,0,1,0,0
3676,2,0,0,1,0,0
3677,2,0,0,1,0,0
3678,2,0,0,1,0,0
3679,2,0,0,1,0,0
3680,2,0,0,1,0,0
3681,2,0,0,1,0,0
3682,2,0,0,1,0,0
3683,2,0,0,1,0,0
3684,2,0,0,1,0,0
3685,2,0,0,1,0,0
3686,2,0,0,1,0,0
3687,2,0,0,1,0,0
3688,2,0,0,1,0,0
3689,2,0,0,1,0,0
3690,2,0,0,1,0,0
3691,2,0,0,1,0,0
3692,2,0,0,1,0,0
3693,2,0,0,1,0,0
3694,2,0,0,1,0,0
3695,2,0,0,1,0,0
3696,2,0,0,1,0,0
3697,2,0,0,1,0,0
3698,2,0,0,1,0,0
3699,2,0,0,1,0,0
3700,2,0,0,1,0,0
3701,2,0,0,1,0,0
3702,2,0,0,1,0,0
3703,2,0,0,1,0,0
3704,2,0,0,1,0,0
3705,2,0,0,1,0,0
3706,2,0,0,1,0,0
3707,2,0,0,1,0,0
3708,2,0,0,1,0,0
3709,2,0,0,1,0,0
3710,2,0,0,1,0,0
3711,2,0,0,1,0,0
3712,2,0,0,1,0,0
3713,2,0,0,1,0,0
3714,2,0,0,1,0,0
3715,2,0,0,1,0,0
3716,2,0,0,1,0,0
3717,2,0,0,1,0,0
3718,2,0,0,1,0,0
3719,2,0,0,1,0,0
3720,2,0,0,1,0,0
3721,2,0,0,1,0,0
3722,2,0,0,1,0,0
3723,2,0,0,1,0,0
3724,2,0,0,1,0,0
3725,2,0,0,1,0,0
3726,2,0,0,1,0,0
3727,2,0,0,1,0,0
3728,2,0,0,1,0,0
3729,2,0,0,1,0,0
3730,2,0,0,1,0,0
3731,2,0,0,1,0,0
3732,2,0,0,1,0,0
3733,2,0,0,1,0,0
3734,2,0,0,1,0,0
3735,2,0,0,1,0,0
3736,2,0,0,1,0,0
3737,2,0,0,1,0,0
3738,2,0,0,1,0,0
3739,2,0,0,1,0,0
3740,2,0,0,1,0,0
3741,2,0,0,1,0,0
3742,2,0,0,1,0,0
3743,2,0,0,1,0,0
3744,2,0,0,1,0,0
3745,2,0,0,1,0,0
3746,2,0,0,1,0,0
3747,2,0,0,1,0,0
3748,2,0,0,1,0,0
3749,2,0,0,1,0,0
3750,2,0,0,1,0,0
3751,2,0,0,1,0,0
3752,2,0,0,1,0,0
3753,2,0,0,1,0,0
3754,2,0,0,1,0,0
3755,2,0,0,1,0,0
3756,2,0,0,1,0,0
3757,2,0,0,1,0,0
3758,2,0,0,1,0,0
3759,2,0,0,1,0,0
3760,2,0,0,1,0,0
3761,2,0,0,1,0,0
3762,2,0,0,1,0,0
3763,2,0,0,1,0,0
3764,2,0,0,1,0,0
3765,2,0,0,1,0,0
3766,2,0,0,1,0,0
3767,2,0,0,1,0,0
3768,2,0,0,1,0,0
3769,2,0,0,1,0,0
3770,2,0,0,1,0,0
3771,2,0,0,1,0,0
3772,2,0,0,1,0,0
3773,2,0,0,1,0,0
3774,2,0,0,1,0,0
3775,2,0,0,1,0,0
3776,2,0,0,1,0,0
3777,2,0,0,1,0,0
3778,2,0,0,1,0,0
3779,2,0,0,1,0,0
3780,2,0,0,1,0,0
3781,2,0,0,1,0,0
3782,2,0,0,1,0,0
3783,2,0,0,1,0,0
3784,2,0,0,1,0,0
3785,2,0,0,1,0,0
3786,2,0,0,1,0,0
3787,2,0,0,1,0,0
3788,2,0,0,1,0,0
3789,2,0,0,1,0,0
3790,2,0,0,1,0,0
3791,2,0,0,1,0,0
3792,2,0,0,1,0,0
3793,2,0,0,1,0,0
3794,2,0,0,1,0,0
3795,2,0,0,1,0,0
3796,2,0,0,1,0,0
3797,2,0,0,1,0,0
3798,2,0,0,1,0,0
3799,2,0,0,1,0,0
3800,2,0,0,1,0,0
3801,2,0,0,1,0,0
3802,2,0,0,1,0,0
3803,2,0,0,1,0,0
3804,2,0,0,1,0,0
3805,2,0,0,1,0,0
3806,2,0,0,1,0,0
3807,2,0,0,1,0,0
3808,2,0,0,1,0,0
3809,2,0,0,1,0,0
3810,2,0,0,1,0,0
3811,2,0,0,1,0,0
3812,2,0,0,1,0,0
3813,2,0,0,1,0,0
3814,2,0,0,1,0,0
3815,2,0,0,1,0,0
3816,2,0,0,1,0,0
3817,2,0,0,1,0,0
3818,2,0,0,1,0,0
3819,2,0,0,1,0,0
3820,2,0,0,1,0,0
3821,2,0,0,1,0,0
3822,2,0,0,1,0,0
3823,2,0,0,1,0,0
3824,2,0,0,1,0,0
3825,2,0,0,1,0,0
3826,2,0,0,1,0,0
3827,2,0,0,1,0,0
3828,2,0,0,1,0,0
3829,2,0,0,1,0,0
3830,2,0,0,1,0,0
3831,2,0,0,1,0,0
3832,2,0,0,1,0,0
3833,2,0,0,1,0,0
3834,2,0,0,1,0,0
3835,2,0,0,1,0,0
3836,2,0,0,1,0,0
3837,2,0,0,1,0,0
3838,2,0,0,1,0,0
3839,2,0,0,1,0,0
3840,2,0,0,1,0,0
3841,2,0,0,1,0,0
3842,2,0,0,1,0,0
3843,2,0,0,1,0,0
3844,2,0,0,1,0,0
3845,2,0,0,1,0,0
3846,2,0,0,1,0,0
3847,2,0,0,1,0,0
3848,2,0,0,1,0,0
3849,2,0,0,1,0,0
3850,2,0,0,1,0,0
3851,2,0,0,1,0,0
3852,2,0,0,1,0,0
3853,2,0,0,1,0,0
3854,2,0,0,1,0,0
3855,2,0,0,1,0,0
3856,2,0,0,1,0,0
3857,2,0,0,1,0,0
3858,2,0,0,1,0,0
3859,2,0,0,1,0,0
3860,2,0,0,1,0,0
3861,2,0,0,1,0,0
3862,2,0,0,1,0,0
3863,2,0,0,1,0,0
3864,2,0,0,1,0,0
3865,2,0,0,1,0,0
3866,2,0,0,1,0,0
3867,2,0,0,1,0,0
3868,2,0,0,1,0,0
3869,2,0,0,1,0,0
3870,2,0,0,1,0,0
3871,2,0,0,1,0,0
3872,2,0,0,1,0,0
3873,2,0,0,1,0,0
3874,2,0,0,1,0,0
3875,2,0,0,1,0,0
3876,2,0,0,1,0,0
3877,2,0,0,1,0,0
3878,2,0,0,1,0,0
3879,2,0,0,1,0,0
3880,2,0,0,1,0,0
3881,2,0,0,1,0,0
3882,2,0,0,1,0,0
3883,2,0,0,1,0,0
3884,2,0,0,1,0,0
3885,2,0,0,1,0,0
3886,2,0,0,1,0,0
3887,2,0,0,1,0,0
3888,2,0,0,1,0,0
3889,2,0,0,1,0,0
3890,2,0,0,1,0,0
3891,2,0,0,1,0,0
3892,2,0,0,1,0,0
3893,2,0,0,1,0,0
3894,2,0,0,1,0,0
3895,2,0,0,1,0,0
3896,2,0,0,1,0,0
3897,2,0,0,1,0,0
3898,2,0,0,1,0,0
3899,2,0,0,1,0,0
3900,2,0,0,1,0,0
3901,2,0,0,1,0,0
3902,2,0,0,1,0,0
3903,2,0,0,1,0,0
3904,2,0,0,1,0,0
3905,2,0,0,1,0,0
3906,2,0,0,1,0,0
3907,2,0,0,1,0,0
3908,2,0,0,1,0,0
3909,2,0,0,1,0,0
3910,2,0,0,1,0,0
3911,2,0,0,1,0,0
3912,2,0,0,1,0,0
3913,2,0,0,1,0,0
3914,2,0,0,1,0,0
3915,2,0,0,1,0,0
3916,2,0,0,1,0,0
3917,2,0,0,1,0,0
3918,2,0,0,1,0,0
3919,2,0,0,1,0,0
3920,2,0,0,1,0,0
3921,2,0,0,1,0,0
3922,2,0,0,1,0,0
3923,2,0,0,1,0,0
3924,2,0,0,1,0,0
3925,2,0,0,1,0,0
3926,2,0,0,1,0,0
3927,2,0,0,1,0,0
3928,2,0,0,1,0,0
3929,2,0,0,1,0,0
3930,2,0,0,1,0,0
3931,2,0,0,1,0,0
3932,2,0,0,1,0,0
3933,2,0,0,1,0,0
3934,2,0,0,1,0,0
3935,2,0,0,1,0,0
3936,2,0,0,1,0,0
3937,2,0,0,1,0,0
3938,2,0,0,1,0,0
3939,2,0,0,1,0,0
3940,2,0,0,1,0,0
3941,2,0,0,1,0,0
3942,2,0,0,1,0,0
3943,2,0,0,1,0,0
3944,2,0,0,1,0,0
3945,2,0,0,1,0,0
3946,2,0,0,1,0,0
3947,2,0,0,1,0,0
3948,2,0,0,1,0,0
3949,2,0,0,1,0,0
3950,2,0,0,1,0,0
3951,2,0,0,1,0,0
3952,2,0,0,1,0,0
3953,2,0,0,1,0,0
3954,2,0,0,1,0,0
3955,2,0,0,1,0,0
3956,2,0,0,1,0,0
3957,2,0,0,1,0,0
3958,2,0,0,1,0,0
3959,2,0,0,1,0,0
3960,2,0,0,1,0,0
3961,2,0,0,1,0,0
3962,2,0,0,1,0,0
3963,2,0,0,1,0,0
3964,2,0,0,1,0,0
3965,2,0,0,1,0,0
3966,2,0,0,1,0,0
3967,2,0,0,1,0,0
3968,2,0,0,1,0,0
3969,2,0,0,1,0,0
3970,2,0,0,1,0,0
3971,2,0,0,1,0,0
3972,2,0,0,1,0,0
3973,2,0,0,1,0,0
3974,2,0,0,1,0,0
3975,2,0,0,1,0,0
3976,2,0,0,1,0,0
3977,2,0,0,1,0,0
3978,2,0,0,1,0,0
3979,2,0,0,1,0,0
3980,2,0,0,1,0,0
3981,2,0,0,1,0,0
3982,2,0,0,1,0,0
3983,2,0,0,1,0,0
3984,2,0,0,1,0,0
3985,2,0,0,1,0,0
3986,2,0,0,1,0,0
3987,2,0,0,1,0,0
3988,2,0,0,1,0,0
3989,2,0,0,1,0,0
3990,2,0,0,1,0,0
3991,2,0,0,1,0,0
3992,2,0,0,1,0,0
3993,2,0,0,1,0,0
3994,2,0,0,1,0,0
3995,2,0,0,1,0,0
3996,2,0,0,1,0,0
3997,2,0,0,1,0,0
3998,2,0,0,1,0,0
3999,2,0,0,1,0,0
4000,2,0,0,1,0,0
4001,2,0,0,1,0,0
4002,2,0,0,1,0,0
4003,2,0,0,1,0,0
4004,2,0,0,1,0,0
4005,2,0,0,1,0,0
4006,2,0,0,1,0,0
4007,2,0,0,1,0,0
4008,2,0,0,1,0,0
4009,2,0,0,1,0,0
4010,2,0,0,1,0,0
4011,2,0,0,1,0,0
4012,2,0,0,1,0,0
4013,2,0,0,1,0,0
4014,2,0,0,1,0,0
4015,2,0,0,1,0,0
4016,2,0,0,1,0,0
4017,2,0,0,1,0,0
4018,2,0,0,1,0,0
4019,2,0,0,1,0,0
4020,2,0,0,1,0,0
4021,2,0,0,1,0,0
4022,2,0,0,1,0,0
4023,2,0,0,1,0,0
4024,2,0,0,1,0,0
4025,2,0,0,1,0,0
4026,2,0,0,1,0,0
4027,2,0,0,1,0,0
4028,2,0,0,1,0,0
4029,2,0,0,1,0,0
4030,2,0,0,1,0,0
4031,2,0,0,1,0,0
4032,2,0,0,1,0,0
4033,2,0,0,1,0,0
4034,2,0,0,1,0,0
4035,2,0,0,1,0,0
4036,2,0,0,1,0,0
4037,2,0,0,1,0,0
4038,2,0,0,1,0,0
4039,2,0,0,1,0,0
4040,2,0,0,1,0,0
4041,2,0,0,1,0,0
4042,2,0,0,1,0,0
4043,2,0,0,1,0,0
4044,2,0,0,1,0,0
4045,2,0,0,1,0,0
4046,2,0,0,1,0,0
4047,2,0,0,1,0,0
4048,2,0,0,1,0,0
4049,2,0,0,1,0,0
4050,2,0,0,1,0,0
4051,2,0,0,1,0,0
4052,2,0,0,1,0,0
4053,2,0,0,1,0,0
4054,2,0,0,1,0,0
4055,2,0,0,1,0,0
4056,2,0,0,1,0,0
4057,2,0,0,1,0,0
4058,2,0,0,1,0,0
4059,2,0,0,1,0,0
4060,2,0,0,1,0,0
4061,2,0,0,1,0,0
4062,2,0,0,1,0,0
4063,2,0,0,1,0,0
4064,2,0,0,1,0,0
4065,2,0,0,1,0,0
4066,2,0,0,1,0,0
4067,2,0,0,1,0,0
4068,2,0,0,1,0,0
4069,2,0,0,1,0,0
4070,2,0,0,1,0,0
4071,2,0,0,1,0,0
4072,2,0,0,1,0,0
4073,2,0,0,1,0,0
4074,2,0,0,1,0,0
4075,2,0,0,1,0,0
4076,2,0,0,1,0,0
4077,2,0,0,1,0,0
4078,2,0,0,1,0,0
4079,2,0,0,1,0,0
4080,2,0,0,1,0,0
4081,2,0,0,1,0,0
4082,2,0,0,1,0,0
4083,2,0,0,1,0,0
4084,2,0,0,1,0,0
4085,2,0,0,1,0,0
4086,2,0,0,1,0,0
4087,2,0,0,1,0,0
4088,2,0,0,1,0,0
4089,2,0,0,1,0,0
4090,2,0,0,1,0,0
4091,2,0,0,1,0,0
4092,2,0,0,1,0,0
4093,2,0,0,1,0,0
4094,2,0,0,1,0,0
4095,2,0,0,1,0,0
4096,2,0,0,1,0,0
4097,2,0,0,1,0,0
4098,2,0,0,1,0,0
4099,2,0,0,1,0,0
4100,2,0,0,1,0,0
4101,2,0,0,1,0,0
4102,2,0,0,1,0,0
4103,2,0,0,1,0,0
4104,2,0,0,1,0,0
4105,2,0,0,1,0,0
4106,2,0,0,1,0,0
4107,2,0,0,1,0,0
4108,2,0,0,1,0,0
4109,2,0,0,1,0,0
4110,2,0,0,1,0,0
4111,2,0,0,1,0,0
4112,2,0,0,1,0,0
4113,2,0,0,1,0,0
4114,2,0,0,1,0,0
4115,2,0,0,1,0,0
4116,2,0,0,1,0,0
4117,2,0,0,1,0,0
4118,2,0,0,1,0,0
4119,2,0,0,1,0,0
4120,2,0,0,1,0,0
4121,2,0,0,1,0,0
4122,2,0,0,1,0,0
4123,2,0,0,1,0,0
4124,2,0,0,1,0,0
4125,2,0,0,1,0,0
4126,2,0,0,1,0,0
4127,2,0,0,1,0,0
4128,2,0,0,1,0,0
4129,2,0,0,1,0,0
4130,2,0,0,1,0,0
4131,2,0,0,1,0,0
4132,2,0,0,1,0,0
4133,2,0,0,1,0,0
4134,2,0,0,1,0,0
4135,2,0,0,1,0,0
4136,2,0,0,1,0,0
4137,2,0,0,1,0,0
4138,2,0,0,1,0,0
4139,2,0,0,1,0,0
4140,2,0,0,1,0,0
4141,2,0,0,1,0,0
4142,2,0,0,1,0,0
4143,2,0,0,1,0,0
4144,2,0,0,1,0,0
4145,2,0,0,1,0,0
4146,2,0,0,1,0,0
4147,2,0,0,1,0,0
4148,2,0,0,1,0,0
4149,2,0,0,1,0,0
4150,2,0,0,1,0,0
4151,2,0,0,1,0,0
4152,2,0,0,1,0,0
4153,2,0,0,1,0,0
4154,2,0,0,1,0,0
4155,2,0,0,1,0,0
4156,2,0,0,1,0,0
4157,2,0,0,1,0,0
4158,2,0,0,1,0,0
4159,2,0,0,1,0,0
4160,2,0,0,1,0,0
4161,2,0,0,1,0,0
4162,2,0,0,1,0,0
4163,2,0,0,1,0,0
4164,2,0,0,1,0,0
4165,2,0,0,1,0,0
4166,2,0,0,1,0,0
4167,2,0,0,1,0,0
4168,2,0,0,1,0,0
4169,2,0,0,1,0,0
4170,2,0,0,1,0,0
4171,2,0,0,1,0,0
4172,2,0,0,1,0,0
4173,2,0,0,1,0,0
4174,2,0,0,1,0,0
4175,2,0,0,1,0,0
4176,2,0,0,1,0,0
4177,2,0,0,1,0,0
4178,2,0,0,1,0,0
4179,2,0,0,1,0,0
4180,2,0,0,1,0,0
4181,2,0,0,1,0,0
4182,2,0,0,1,0,0
4183,2,0,0,1,0,0
4184,2,0,0,1,0,0
4185,2,0,0,1,0,0
4186,2,0,0,1,0,0
4187,2,0,0,1,0,0
4188,2,0,0,1,0,0
4189,2,0,0,1,0,0
4190,2,0,0,1,0,0
4191,2,0,0,1,0,0
4192,2,0,0,1,0,0
4193,2,0,0,1,0,0
4194,2,0,0,1,0,0
4195,2,0,0,1,0,0
4196,2,0,0,1,0,0
4197,2,0,0,1,0,0
4198,2,0,0,1,0,0
4199,2,0,0,1,0,0
4200,2,0,0,1,0,0
4201,2,0,0,1,0,0
4202,2,0,0,1,0,0
4203,2,0,0,1,0,0
4204,2,0,0,1,0,0
4205,2,0,0,1,0,0
4206,2,0,0,1,0,0
4207,2,0,0,1,0,0
4208,2,0,0,1,0,0
4209,2,0,0,1,0,0
4210,2,0,0,1,0,0
4211,2,0,0,1,0,0
4212,2,0,0,1,0,0
4213,2,0,0,1,0,0
4214,2,0,0,1,0,0
4215,2,0,0,1,0,0
4216,2,0,0,1,0,0
4217,2,0,0,1,0,0
4218,2,0,0,1,0,0
4219,2,0,0,1,0,0
4220,2,0,0,1,0,0
4221,2,0,0,1,0,0
4222,2,0,0,1,0,0
4223,2,0,0,1,0,0
4224,2,0,0,1,0,0
4225,2,0,0,1,0,0
4226,2,0,0,1,0,0
4227,2,0,0,1,0,0
4228,2,0,0,1,0,0
4229,2,0,0,1,0,0
4230,2,0,0,1,0,0
4231,2,0,0,1,0,0
4232,2,0,0,1,0,0
4233,2,0,0,1,0,0
4234,2,0,0,1,0,0
4235,2,0,0,1,0,0
4236,2,0,0,1,0,0
4237,2,0,0,1,0,0
4238,2,0,0,1,0,0
4239,2,0,0,1,0,0
4240,2,0,0,1,0,0
4241,2,0,0,1,0,0
4242,2,0,0,1,0,0
4243,2,0,0,1,0,0
4244,2,0,0,1,0,0
4245,2,0,0,1,0,0
4246,2,0,0,1,0,0
4247,2,0,0,1,0,0
4248,2,0,0,1,0,0
4249,2,0,0,1,0,0
4250,2,0,0,1,0,0
4251,2,0,0,1,0,0
4252,2,0,0,1,0,0
4253,2,0,0,1,0,0
4254,2,0,0,1,0,0
4255,2,0,0,1,0,0
4256,2,0,0,1,0,0
4257,2,0,0,1,0,0
4258,2,0,0,1,0,0
4259,2,0,0,1,0,0
4260,2,0,0,1,0,0
4261,2,0,0,1,0,0
4262,2,0,0,1,0,0
4263,2,0,0,1,0,0
4264,2,0,0,1,0,0
4265,2,0,0,1,0,0
4266,2,0,0,1,0,0
4267,2,0,0,1,0,0
4268,2,0,0,1,0,0
4269,2,0,0,1,0,0
4270,2,0,0,1,0,0
4271,2,0,0,1,0,0
4272,2,0,0,1,0,0
4273,2,0,0,1,0,0
4274,2,0,0,1,0,0
4275,2,0,0,1,0,0
4276,2,0,0,1,0,0
4277,2,0,0,1,0,0
4278,2,0,0,1,0,0
4279,2,0,0,1,0,0
4280,2,0,0,1,0,0
4281,2,0,0,1,0,0
4282,2,0,0,1,0,0
4283,2,0,0,1,0,0
4284,2,0,0,1,0,0
4285,2,0,0,1,0,0
4286,2,0,0,1,0,0
4287,2,0,0,1,0,0
4288,2,0,0,1,0,0
4289,2,0,0,1,0,0
4290,2,0,0,1,0,0
4291,2,0,0,1,0,0
4292,2,0,0,1,0,0
4293,2,0,0,1,0,0
4294,2,0,0,1,0,0
4295,2,0,0,1,0,0
4296,2,0,0,1,0,0
4297,2,0,0,1,0,0
4298,2,0,0,1,0,0
4299,2,0,0,1,0,0
4300,2,0,0,1,0,0
4301,2,0,0,1,0,0
4302,2,0,0,1,0,0
4303,2,0,0,1,0,0
4304,2,0,0,1,0,0
4305,2,0,0,1,0,0
4306,2,0,0,1,0,0
4307,2,0,0,1,0,0
4308,2,0,0,1,0,0
4309,2,0,0,1,0,0
4310,2,0,0,1,0,0
4311,2,0,0,1,0,0
4312,2,0,0,1,0,0
4313,2,0,0,1,0,0
4314,2,0,0,1,0,0
4315,2,0,0,1,0,0
4316,2,0,0,1,0,0
4317,2,0,0,1,0,0
4318,2,0,0,1,0,0
4319,2,0,0,1,0,0
4320,2,0,0,1,0,0
4321,2,0,0,1,0,0
4322,2,0,0,1,0,0
4323,2,0,0,1,0,0
4324,2,0,0,1,0,0
4325,2,0,0,1,0,0
4326,2,0,0,1,0,0
4327,2,0,0,1,0,0
4328,2,0,0,1,0,0
4329,2,0,0,1,0,0
4330,2,0,0,1,0,0
4331,2,0,0,1,0,0
4332,2,0,0,1,0,0
4333,2,0,0,1,0,0
4334,2,0,0,1,0,0
4335,2,0,0,1,0,0
4336,2,0,0,1,0,0
4337,2,0,0,1,0,0
4338,2,0,0,1,0,0
4339,2,0,0,1,0,0
4340,2,0,0,1,0,0
4341,2,0,0,1,0,0
4342,2,0,0,1,0,0
4343,2,0,0,1,0,0
4344,2,0,0,1,0,0
4345,2,0,0,1,0,0
4346,2,0,0,1,0,0
4347,2,0,0,1,0,0
4348,2,0,0,1,0,0
4349,2,0,0,1,0,0
4350,2,0,0,1,0,0
4351,2,0,0,1,0,0
4352,2,0,0,1,0,0
4353,2,0,0,1,0,0
4354,2,0,0,1,0,0
4355,2,0,0,1,0,0
4356,2,0,0,1,0,0
4357,2,0,0,1,0,0
4358,2,0,0,1,0,0
4359,2,0,0,1,0,0
4360,2,0,0,1,0,0
4361,2,0,0,1,0,0
4362,2,0,0,1,0,0
4363,2,0,0,1,0,0
4364,2,0,0,1,0,0
4365,2,0,0,1,0,0
4366,2,0,0,1,0,0
4367,2,0,0,1,0,0
4368,2,0,0,1,0,0
4369,2,0,0,1,0,0
4370,2,0,0,1,0,0
4371,2,0,0,1,0,0
4372,2,0,0,1,0,0
4373,2,0,0,1,0,0
4374,2,0,0,1,0,0
4375,2,0,0,1,0,0
4376,2,0,0,1,0,0
4377,2,0,0,1,0,0
4378,2,0,0,1,0,0
4379,2,0,0,1,0,0
4380,2,0,0,1,0,0
4381,2,0,0,1,0,0
4382,2,0,0,1,0,0
4383,2,0,0,1,0,0
4384,2,0,0,1,0,0
4385,2,0,0,1,0,0
4386,2,0,0,1,0,0
4387,2,0,0,1,0,0
4388,2,0,0,1,0,0
4389,2,0,0,1,0,0
4390,2,0,0,1,0,0
4391,2,0,0,1,0,0
4392,2,0,0,1,0,0
4393,2,0,0,1,0,0
4394,2,0,0,1,0,0
4395,2,0,0,1,0,0
4396,2,0,0,1,0,0
4397,2,0,0,1,0,0
4398,2,0,0,1,0,0
4399,2,0,0,1,0,0
4400,2,0,0,1,0,0
4401,2,0,0,1,0,0
4402,2,0,0,1,0,0
4403,2,0,0,1,0,0
4404,2,0,0,1,0,0
4405,2,0,0,1,0,0
4406,2,0,0,1,0,0
4407,2,0,0,1,0,0
4408,2,0,0,1,0,0
4409,2,0,0,1,0,0
4410,2,0,0,1,0,0
4411,2,0,0,1,0,0
4412,2,0,0,1,0,0
4413,2,0,0,1,0,0
4414,2,0,0,1,0,0
4415,2,0,0,1,0,0
4416,2,0,0,1,0,0
4417,2,0,0,1,0,0
4418,2,0,0,1,0,0
4419,2,0,0,1,0,0
4420,2,0,0,1,0,0
4421,2,0,0,1,0,0
4422,2,0,0,1,0,0
4423,2,0,0,1,0,0
4424,2,0,0,1,0,0
4425,2,0,0,1,0,0
4426,2,0,0,1,0,0
4427,2,0,0,1,0,0
4428,2,0,0,1,0,0
4429,2,0,0,1,0,0
4430,2,0,0,1,0,0
4431,2,0,0,1,0,0
4432,2,0,0,1,0,0
4433,2,0,0,1,0,0
4434,2,0,0,1,0,0
4435,2,0,0,1,0,0
4436,2,0,0,1,0,0
4437,2,0,0,1,0,0
4438,2,0,0,1,0,0
4439,2,0,0,1,0,0
4440,2,0,0,1,0,0
4441,2,0,0,1,0,0
4442,2,0,0,1,0,0
4443,2,0,0,1,0,0
4444,2,0,0,1,0,0
4445,2,0,0,1,0,0
4446,2,0,0,1,0,0
4447,2,0,0,1,0,0
4448,2,0,0,1,0,0
4449,2,0,0,1,0,0
4450,2,0,0,1,0,0
4451,2,0,0,1,0,0
4452,2,0,0,1,0,0
4453,2,0,0,1,0,0
4454,2,0,0,1,0,0
4455,2,0,0,1,0,0
4456,2,0,0,1,0,0
4457,2,0,0,1,0,0
4458,2,0,0,1,0,0
4459,2,0,0,1,0,0
4460,2,0,0,1,0,0
4461,2,0,0,1,0,0
4462,2,0,0,1,0,0
4463,2,0,0,1,0,0
4464,2,0,0,1,0,0
4465,2,0,0,1,0,0
4466,2,0,0,1,0,0
4467,2,0,0,1,0,0
4468,2,0,0,1,0,0
4469,2,0,0,1,0,0
4470,2,0,0,1,0,0
4471,2,0,0,1,0,0
4472,2,0,0,1,0,0
4473,2,0,0,1,0,0
4474,2,0,0,1,0,0
4475,2,0,0,1,0,0
4476,2,0,0,1,0,0
4477,2,0,0,1,0,0
4478,2,0,0,1,0,0
4479,2,0,0,1,0,0
4480,2,0,0,1,0,0
4481,2,0,0,1,0,0
4482,2,0,0,1,0,0
4483,2,0,0,1,0,0
4484,2,0,0,1,0,0
4485,2,0,0,1,0,0
4486,2,0,0,1,0,0
4487,2,0,0,1,0,0
4488,2,0,0,1,0,0
4489,2,0,0,1,0,0
4490,2,0,0,1,0,0
4491,2,0,0,1,0,0
4492,2,0,0,1,0,0
4493,2,0,0,1,0,0
4494,2,0,0,1,0,0
4495,2,0,0,1,0,0
4496,2,0,0,1,0,0
4497,2,0,0,1,0,0
4498,2,0,0,1,0,0
4499,2,0,0,1,0,0
4500,2,0,0,1,0,0
4501,2,0,0,1,0,0
4502,2,0,0,1,0,0
4503,2,0,0,1,0,0
4504,2,0,0,1,0,0
4505,2,0,0,1,0,0
4506,2,0,0,1,0,0
4507,2,0,0,1,0,0
4508,2,0,0,1,0,0
4509,2,0,0,1,0,0
4510,2,0,0,1,0,0
4511,2,0,0,1,0,0
4512,2,0,0,1,0,0
4513,2,0,0,1,0,0
4514,2,0,0,1,0,0
4515,2,0,0,1,0,0
4516,2,0,0,1,0,0
4517,2,0,0,1,0,0
4518,2,0,0,1,0,0
4519,2,0,0,1,0,0
4520,2,0,0,1,0,0
4521,2,0,0,1,0,0
4522,2,0,0,1,0,0
4523,2,0,0,1,0,0
4524,2,0,0,1,0,0
4525,2,0,0,1,0,0
4526,2,0,0,1,0,0
4527,2,0,0,1,0,0
4528,2,0,0,1,0,0
4529,2,0,0,1,0,0
4530,2,0,0,1,0,0
4531,2,0,0,1,0,0
4532,2,0,0,1,0,0
4533,2,0,0,1,0,0
4534,2,0,0,1,0,0
4535,2,0,0,1,0,0
4536,2,0,0,1,0,0
4537,2,0,0,1,0,0
4538,2,0,0,1,0,0
4539,2,0,0,1,0,0
4540,2,0,0,1,0,0
4541,2,0,0,1,0,0
4542,2,0,0,1,0,0
4543,2,0,0,1,0,0
4544,2,0,0,1,0,0
4545,2,0,0,1,0,0
4546,2,0,0,1,0,0
4547,2,0,0,1,0,0
4548,2,0,0,1,0,0
4549,2,0,0,1,0,0
4550,2,0,0,1,0,0
4551,2,0,0,1,0,0
4552,2,0,0,1,0,0
4553,2,0,0,1,0,0
4554,2,0,0,1,0,0
4555,2,0,0,1,0,0
4556,2,0,0,1,0,0
4557,2,0,0,1,0,0
4558,2,0,0,1,0,0
4559,2,0,0,1,0,0
4560,2,0,0,1,0,0
4561,2,0,0,1,0,0
4562,2,0,0,1,0,0
4563,2,0,0,1,0,0
4564,2,0,0,1,0,0
4565,2,0,0,1,0,0
4566,2,0,0,1,0,0
4567,2,0,0,1,0,0
4568,2,0,0,1,0,0
4569,2,0,0,1,0,0
4570,2,0,0,1,0,0
4571,2,0,0,1,0,0
4572,2,0,0,1,0,0
4573,2,0,0,1,0,0
4574,2,0,0,1,0,0
4575,2,0,0,1,0,0
4576,2,0,0,1,0,0
4577,2,0,0,1,0,0
4578,2,0,0,1,0,0
4579,2,0,0,1,0,0
4580,2,0,0,1,0,0
4581,2,0,0,1,0,0
4582,2,0,0,1,0,0
4583,2,0,0,1,0,0
4584,2,0,0,1,0,0
4585,2,0,0,1,0,0
4586,2,0,0,1,0,0
4587,2,0,0,1,0,0
4588,2,0,0,1,0,0
4589,2,0,0,1,0,0
4590,2,0,0,1,0,0
4591,2,0,0,1,0,0
4592,2,0,0,1,0,0
4593,2,0,0,1,0,0
4594,2,0,0,1,0,0
4595,2,0,0,1,0,0
4596,2,0,0,1,0,0
4597,2,0,0,1,0,0
4598,2,0,0,1,0,0
4599,2,0,0,1,0,0
4600,2,0,0,1,0,0
4601,2,0,0,1,0,0
4602,2,0,0,1,0,0
4603,2,0,0,1,0,0
4604,2,0,0,1,0,0
4605,2,0,0,1,0,0
4606,2,0,0,1,0,0
4607,2,0,0,1,0,0
4608,2,0,0,1,0,0
4609,2,0,0,1,0,0
4610,2,0,0,1,0,0
4611,2,0,0,1,0,0
4612,2,0,0,1,0,0
4613,2,0,0,1,0,0
4614,2,0,0,1,0,0
4615,2,0,0,1,0,0
4616,2,0,0,1,0,0
4617,2,0,0,1,0,0
4618,2,0,0,1,0,0
4619,2,0,0,1,0,0
4620,2,0,0,1,0,0
4621,2,0,0,1,0,0
4622,2,0,0,1,0,0
4623,2,0,0,1,0,0
4624,2,0,0,1,0,0
4625,2,0,0,1,0,0
4626,2,0,0,1,0,0
4627,2,0,0,1,0,0
4628,2,0,0,1,0,0
4629,2,0,0,1,0,0
4630,2,0,0,1,0,0
4631,2,0,0,1,0,0
4632,2,0,0,1,0,0
4633,2,0,0,1,0,0
4634,2,0,0,1,0,0
4635,2,0,0,1,0,0
4636,2,0,0,1,0,0
4637,2,0,0,1,0,0
4638,2,0,0,1,0,0
4639,2,0,0,1,0,0
4640,2,0,0,1,0,0
4641,2,0,0,1,0,0
4642,2,0,0,1,0,0
4643,2,0,0,1,0,0
4644,2,0,0,1,0,0
4645,2,0,0,1,0,0
4646,2,0,0,1,0,0
4647,2,0,0,1,0,0
4648,2,0,0,1,0,0
4649,2,0,0,1,0,0
4650,2,0,0,1,0,0
4651,2,0,0,1,0,0
4652,2,0,0,1,0,0
4653,2,0,0,1,0,0
4654,2,0,0,1,0,0
4655,2,0,0,1,0,0
4656,2,0,0,1,0,0
4657,2,0,0,1,0,0
4658,2,0,0,1,0,0
4659,2,0,0,1,0,0
4660,2,0,0,1,0,0
4661,2,0,0,1,0,0
4662,2,0,0,1,0,0
4663,2,0,0,1,0,0
4664,2,0,0,1,0,0
4665,2,0,0,1,0,0
4666,2,0,0,1,0,0
4667,2,0,0,1,0,0
4668,2,0,0,1,0,0
4669,2,0,0,1,0,0
4670,2,0,0,1,0,0
4671,2,0,0,1,0,0
4672,2,0,0,1,0,0
4673,2,0,0,1,0,0
4674,2,0,0,1,0,0
4675,2,0,0,1,0,0
4676,2,0,0,1,0,0
4677,2,0,0,1,0,0
4678,2,0,0,1,0,0
4679,2,0,0,1,0,0
4680,2,0,0,1,0,0
4681,2,0,0,1,0,0
4682,2,0,0,1,0,0
4683,2,0,0,1,0,0
4684,2,0,0,1,0,0
4685,2,0,0,1,0,0
4686,2,0,0,1,0,0
4687,2,0,0,1,0,0
4688,2,0,0,1,0,0
4689,2,0,0,1,0,0
4690,2,0,0,1,0,0
4691,2,0,0,1,0,0
4692,2,0,0,1,0,0
4693,2,0,0,1,0,0
4694,2,0,0,1,0,0
4695,2,0,0,1,0,0
4696,2,0,0,1,0,0
4697,2,0,0,1,0,0
4698,2,0,0,1,0,0
4699,2,0,0,1,0,0
4700,2,0,0,1,0,0
4701,2,0,0,1,0,0
4702,2,0,0,1,0,0
4703,2,0,0,1,0,0
4704,2,0,0,1,0,0
4705,2,0,0,1,0,0
4706,2,0,0,1,0,0
4707,2,0,0,1,0,0
4708,2,0,0,1,0,0
4709,2,0,0,1,0,0
4710,2,0,0,1,0,0
4711,2,0,0,1,0,0
4712,2,0,0,1,0,0
4713,2,0,0,1,0,0
4714,2,0,0,1,0,0
4715,2,0,0,1,0,0
4716,2,0,0,1,0,0
4717,2,0,0,1,0,0
4718,2,0,0,1,0,0
4719,2,0,0,1,0,0
4720,2,0,0,1,0,0
4721,2,0,0,1,0,0
4722,2,0,0,1,0,0
4723,2,0,0,1,0,0
4724,2,0,0,1,0,0
4725,2,0,0,1,0,0
4726,2,0,0,1,0,0
4727,2,0,0,1,0,0
4728,2,0,0,1,0,0
4729,2,0,0,1,0,0
4730,2,0,0,1,0,0
4731,2,0,0,1,0,0
4732,2,0,0,1,0,0
4733,2,0,0,1,0,0
4734,2,0,0,1,0,0
4735,2,0,0,1,0,0
4736,2,0,0,1,0,0
4737,2,0,0,1,0,0
4738,2,0,0,1,0,0
4739,2,0,0,1,0,0
4740,2,0,0,1,0,0
4741,2,0,0,1,0,0
4742,2,0,0,1,0,0
4743,2,0,0,1,0,0
4744,2,0,0,1,0,0
4745,2,0,0,1,0,0
4746,2,0,0,1,0,0
4747,2,0,0,1,0,0
4748,2,0,0,1,0,0
4749,2,0,0,1,0,0
4750,2,0,0,1,0,0
4751,2,0,0,1,0,0
4752,2,0,0,1,0,0
4753,2,0,0,1,0,0
4754,2,0,0,1,0,0
4755,2,0,0,1,0,0
4756,2,0,0,1,0,0
4757,2,0,0,1,0,0
4758,2,0,0,1,0,0
4759,2,0,0,1,0,0
4760,2,0,0,1,0,0
4761,2,0,0,1,0,0
4762,2,0,0,1,0,0
4763,2,0,0,1,0,0
4764,2,0,0,1,0,0
4765,2,0,0,1,0,0
4766,2,0,0,1,0,0
4767,2,0,0,1,0,0
4768,2,0,0,1,0,0
4769,2,0,0,1,0,0
4770,2,0,0,1,0,0
4771,2,0,0,1,0,0
4772,2,0,0,1,0,0
4773,2,0,0,1,0,0
4774,2,0,0,1,0,0
4775,2,0,0,1,0,0
4776,2,0,0,1,0,0
4777,2,0,0,1,0,0
4778,2,0,0,1,0,0
4779,2,0,0,1,0,0
4780,2,0,0,1,0,0
4781,2,0,0,1,0,0
4782,2,0,0,1,0,0
4783,2,0,0,1,0,0
4784,2,0,0,1,0,0
4785,2,0,0,1,0,0
4786,2,0,0,1,0,0
4787,2,0,0,1,0,0
4788,2,0,0,1,0,0
4789,2,0,0,1,0,0
4790,2,0,0,1,0,0
4791,2,0,0,1,0,0
4792,2,0,0,1,0,0
4793,2,0,0,1,0,0
4794,2,0,0,1,0,0
4795,2,0,0,1,0,0
4796,2,0,0,1,0,0
4797,2,0,0,1,0,0
4798,2,0,0,1,0,0
4799,2,0,0,1,0,0
4800,2,0,0,1,0,0
4801,2,0,0,1,0,0
4802,2,0,0,1,0,0
4803,2,0,0,1,0,0
4804,2,0,0,1,0,0
4805,2,0,0,1,0,0
4806,2,0,0,1,0,0
4807,2,0,0,1,0,0
4808,2,0,0,1,0,0
4809,2,0,0,1,0,0
4810,2,0,0,1,0,0
4811,2,0,0,1,0,0
4812,2,0,0,1,0,0
4813,2,0,0,1,0,0
4814,2,0,0,1,0,0
4815,2,0,0,1,0,0
4816,2,0,0,1,0,0
4817,2,0,0,1,0,0
4818,2,0,0,1,0,0
4819,2,0,0,1,0,0
4820,2,0,0,1,0,0
4821,2,0,0,1,0,0
4822,2,0,0,1,0,0
4823,2,0,0,1,0,0
4824,2,0,0,1,0,0
4825,2,0,0,1,0,0
4826,2,0,0,1,0,0
4827,2,0,0,1,0,0
4828,2,0,0,1,0,0
4829,2,0,0,1,0,0
4830,2,0,0,1,0,0
4831,2,0,0,1,0,0
4832,2,0,0,1,0,0
4833,2,0,0,1,0,0
4834,2,0,0,1,0,0
4835,2,0,0,1,0,0
4836,2,0,0,1,0,0
4837,2,0,0,1,0,0
4838,2,0,0,1,0,0
4839,2,0,0,1,0,0
4840,2,0,0,1,0,0
4841,2,0,0,1,0,0
4842,2,0,0,1,0,0
4843,2,0,0,1,0,0
4844,2,0,0,1,0,0
4845,2,0,0,1,0,0
4846,2,0,0,1,0,0
4847,2,0,0,1,0,0
4848,2,0,0,1,0,0
4849,2,0,0,1,0,0
4850,2,0,0,1,0,0
4851,2,0,0,1,0,0
4852,2,0,0,1,0,0
4853,2,0,0,1,0,0
4854,2,0,0,1,0,0
4855,2,0,0,1,0,0
4856,2,0,0,1,0,0
4857,2,0,0,1,0,0
4858,2,0,0,1,0,0
4859,2,0,0,1,0,0
4860,2,0,0,1,0,0
4861,2,0,0,1,0,0
4862,2,0,0,1,0,0
4863,2,0,0,1,0,0
4864,2,0,0,1,0,0
4865,2,0,0,1,0,0
4866,2,0,0,1,0,0
4867,2,0,0,1,0,0
4868,2,0,0,1,0,0
4869,2,0,0,1,0,0
4870,2,0,0,1,0,0
4871,2,0,0,1,0,0
4872,2,0,0,1,0,0
4873,2,0,0,1,0,0
4874,2,0,0,1,0,0
4875,2,0,0,1,0,0
4876,2,0,0,1,0,0
4877,2,0,0,1,0,0
4878,2,0,0,1,0,0
4879,2,0,0,1,0,0
4880,2,0,0,1,0,0
4881,2,0,0,1,0,0
4882,2,0,0,1,0,0
4883,2,0,0,1,0,0
4884,2,0,0,1,0,0
4885,2,0,0,1,0,0
4886,2,0,0,1,0,0
4887,2,0,0,1,0,0
4888,2,0,0,1,0,0
4889,2,0,0,1,0,0
4890,2,0,0,1,0,0
4891,2,0,0,1,0,0
4892,2,0,0,1,0,0
4893,2,0,0,1,0,0
4894,2,0,0,1,0,0
4895,2,0,0,1,0,0
4896,2,0,0,1,0,0
4897,2,0,0,1,0,0
4898,2,0,0,1,0,0
4899,2,0,0,1,0,0
4900,2,0,0,1,0,0
4901,2,0,0,1,0,0
4902,2,0,0,1,0,0
4903,2,0,0,1,0,0
4904,2,0,0,1,0,0
4905,2,0,0,1,0,0
4906,2,0,0,1,0,0
4907,2,0,0,1,0,0
4908,2,0,0,1,0,0
4909,2,0,0,1,0,0
4910,2,0,0,1,0,0
4911,2,0,0,1,0,0
4912,2,0,0,1,0,0
4913,2,0,0,1,0,0
4914,2,0,0,1,0,0
4915,2,0,0,1,0,0
4916,2,0,0,1,0,0
4917,2,0,0,1,0,0
4918,2,0,0,1,0,0
4919,2,0,0,1,0,0
4920,2,0,0,1,0,0
4921,2,0,0,1,0,0
4922,2,0,0,1,0,0
4923,2,0,0,1,0,0
4924,2,0,0,1,0,0
4925,2,0,0,1,0,0
4926,2,0,0,1,0,0
4927,2,0,0,1,0,0
4928,2,0,0,1,0,0
4929,2,0,0,1,0,0
4930,2,0,0,1,0,0
4931,2,0,0,1,0,0
4932,2,0,0,1,0,0
4933,2,0,0,1,0,0
4934,2,0,0,1,0,0
4935,2,0,0,1,0,0
4936,2,0,0,1,0,0
4937,2,0,0,1,0,0
4938,2,0,0,1,0,0
4939,2,0,0,1,0,0
4940,2,0,0,1,0,0
4941,2,0,0,1,0,0
4942,2,0,0,1,0,0
4943,2,0,0,1,0,0
4944,2,0,0,1,0,0
4945,2,0,0,1,0,0
4946,2,0,0,1,0,0
4947,2,0,0,1,0,0
4948,2,0,0,1,0,0
4949,2,0,0,1,0,0
4950,2,0,0,1,0,0
4951,2,0,0,1,0,0
4952,2,0,0,1,0,0
4953,2,0,0,1,0,0
4954,2,0,0,1,0,0
4955,2,0,0,1,0,0
4956,2,0,0,1,0,0
4957,2,0,0,1,0,0
4958,2,0,0,1,0,0
4959,2,0,0,1,0,0
4960,2,0,0,1,0,0
4961,2,0,0,1,0,0
4962,2,0,0,1,0,0
4963,2,0,0,1,0,0
4964,2,0,0,1,0,0
4965,2,0,0,1,0,0
4966,2,0,0,1,0,0
4967,2,0,0,1,0,0
4968,2,0,0,1,0,0
4969,2,0,0,1,0,0
4970,2,0,0,1,0,0
4971,2,0,0,1,0,0
4972,2,0,0,1,0,0
4973,2,0,0,1,0,0
4974,2,0,0,1,0,0
4975,2,0,0,1,0,0
4976,2,0,0,1,0,0
4977,2,0,0,1,0,0
4978,2,0,0,1,0,0
4979,2,0,0,1,0,0
4980,2,0,0,1,0,0
4981,2,0,0,1,0,0
4982,2,0,0,1,0,0
4983,2,0,0,1,0,0
4984,2,0,0,1,0,0
4985,2,0,0,1,0,0
4986,2,0,0,1,0,0
4987,2,0,0,1,0,0
4988,2,0,0,1,0,0
4989,2,0,0,1,0,0
4990,2,0,0,1,0,0
4991,2,0,0,1,0,0
4992,2,0,0,1,0,0
4993,2,0,0,1,0,0
4994,2,0,0,1,0,0
4995,2,0,0,1,0,0
4996,2,0,0,1,0,0
4997,2,0,0,1,0,0
4998,2,0,0,1,0,0
4999,2,0,0,1,0,0
5000,2,0,0,1,0,0
5001,2,0,0,1,0,0
5002,2,0,0,1,0,0
5003,2,0,0,1,0,0
5004,2,0,0,1,0,0
5005,2,0,0,1,0,0
5006,2,0,0,1,0,0
5007,2,0,0,1,0,0
5008,2,0,0,1,0,0
5009,2,0,0,1,0,0
5010,2,0,0,1,0,0
5011,2,0,0,1,0,0
5012,2,0,0,1,0,0
5013,2,0,0,1,0,0
5014,2,0,0,1,0,0
5015,2,0,0,1,0,0
5016,2,0,0,1,0,0
5017,2,0,0,1,0,0
5018,2,0,0,1,0,0
5019,2,0,0,1,0,0
5020,2,0,0,1,0,0
5021,2,0,0,1,0,0
5022,2,0,0,1,0,0
5023,2,0,0,1,0,0
5024,2,0,0,1,0,0
5025,2,0,0,1,0,0
5026,2,0,0,1,0,0
5027,2,0,0,1,0,0
5028,2,0,0,1,0,0
5029,2,0,0,1,0,0
5030,2,0,0,1,0,0
5031,2,0,0,1,0,0
5032,2,0,0,1,0,0
5033,2,0,0,1,0,0
5034,2,0,0,1,0,0
5035,2,0,0,1,0,0
5036,2,0,0,1,0,0
5037,2,0,0,1,0,0
5038,2,0,0,1,0,0
5039,2,0,0,1,0,0
5040,2,0,0,1,0,0
5041,2,0,0,1,0,0
5042,2,0,0,1,0,0
5043,2,0,0,1,0,0
5044,2,0,0,1,0,0
5045,2,0,0,1,0,0
5046,2,0,0,1,0,0
5047,2,0,0,1,0,0
5048,2,0,0,1,0,0
5049,2,0,0,1,0,0
5050,2,0,0,1,0,0
5051,2,0,0,1,0,0
5052,2,0,0,1,0,0
5053,2,0,0,1,0,0
5054,2,0,0,1,0,0
5055,2,0,0,1,0,0
5056,2,0,0,1,0,0
5057,2,0,0,1,0,0
5058,2,0,0,1,0,0
5059,2,0,0,1,0,0
5060,2,0,0,1,0,0
5061,2,0,0,1,0,0
5062,2,0,0,1,0,0
5063,2,0,0,1,0,0
5064,2,0,0,1,0,0
5065,2,0,0,1,0,0
5066,2,0,0,1,0,0
5067,2,0,0,1,0,0
5068,2,0,0,1,0,0
5069,2,0,0,1,0,0
5070,2,0,0,1,0,0
5071,2,0,0,1,0,0
5072,2,0,0,1,0,0
5073,2,0,0,1,0,0
5074,2,0,0,1,0,0
5075,2,0,0,1,0,0
5076,2,0,0,1,0,0
5077,2,0,0,1,0,0
5078,2,0,0,1,0,0
5079,2,0,0,1,0,0
5080,2,0,0,1,0,0
5081,2,0,0,1,0,0
5082,2,0,0,1,0,0
5083,2,0,0,1,0,0
5084,2,0,0,1,0,0
5085,2,0,0,1,0,0
5086,2,0,0,1,0,0
5087,2,0,0,1,0,0
5088,2,0,0,1,0,0
5089,2,0,0,1,0,0
5090,2,0,0,1,0,0
5091,2,0,0,1,0,0
5092,2,0,0,1,0,0
5093,2,0,0,1,0,0
5094,2,0,0,1,0,0
5095,2,0,0,1,0,0
5096,2,0,0,1,0,0
5097,2,0,0,1,0,0
5098,2,0,0,1,0,0
5099,2,0,0,1,0,0
5100,2,0,0,1,0,0
5101,2,0,0,1,0,0
5102,2,0,0,1,0,0
5103,2,0,0,1,0,0
5104,2,0,0,1,0,0
5105,2,0,0,1,0,0
5106,2,0,0,1,0,0
5107,2,0,0,1,0,0
5108,2,0,0,1,0,0
5109,2,0,0,1,0,0
5110,2,0,0,1,0,0
5111,2,0,0,1,0,0
5112,2,0,0,1,0,0
5113,2,0,0,1,0,0
5114,2,0,0,1,0,0
5115,2,0,0,1,0,0
5116,2,0,0,1,0,0
5117,2,0,0,1,0,0
5118,2,0,0,1,0,0
5119,2,0,0,1,0,0
5120,2,0,0,1,0,0
5121,2,0,0,1,0,0
5122,2,0,0,1,0,0
5123,2,0,0,1,0,0
5124,2,0,0,1,0,0
5125,2,0,0,1,0,0
5126,2,0,0,1,0,0
5127,2,0,0,1,0,0
5128,2,0,0,1,0,0
5129,2,0,0,1,0,0
5130,2,0,0,1,0,0
5131,2,0,0,1,0,0
5132,2,0,0,1,0,0
5133,2,0,0,1,0,0
5134,2,0,0,1,0,0
5135,2,0,0,1,0,0
5136,2,0,0,1,0,0
5137,2,0,0,1,0,0
5138,2,0,0,1,0,0
5139,2,0,0,1,0,0
5140,2,0,0,1,0,0
5141,2,0,0,1,0,0
5142,2,0,0,1,0,0
5143,2,0,0,1,0,0
5144,2,0,0,1,0,0
5145,2,0,0,1,0,0
5146,2,0,0,1,0,0
5147,2,0,0,1,0,0
5148,2,0,0,1,0,0
5149,2,0,0,1,0,0
5150,2,0,0,1,0,0
5151,2,0,0,1,0,0
5152,2,0,0,1,0,0
5153,2,0,0,1,0,0
5154,2,0,0,1,0,0
5155,2,0,0,1,0,0
5156,2,0,0,1,0,0
5157,2,0,0,1,0,0
5158,2,0,0,1,0,0
5159,2,0,0,1,0,0
5160,2,0,0,1,0,0
5161,2,0,0,1,0,0
5162,2,0,0,1,0,0
5163,2,0,0,1,0,0
5164,2,0,0,1,0,0
5165,2,0,0,1,0,0
5166,2,0,0,1,0,0
5167,2,0,0,1,0,0
5168,2,0,0,1,0,0
5169,2,0,0,1,0,0
5170,2,0,0,1,0,0
5171,2,0,0,1,0,0
5172,2,0,0,1,0,0
5173,2,0,0,1,0,0
5174,2,0,0,1,0,0
5175,2,0,0,1,0,0
5176,2,0,0,1,0,0
5177,2,0,0,1,0,0
5178,2,0,0,1,0,0
5179,2,0,0,1,0,0
5180,2,0,0,1,0,0
5181,2,0,0,1,0,0
5182,2,0,0,1,0,0
5183,2,0,0,1,0,0
5184,2,0,0,1,0,0
5185,2,0,0,1,0,0
5186,2,0,0,1,0,0
5187,2,0,0,1,0,0
5188,2,0,0,1,0,0
5189,2,0,0,1,0,0
5190,2,0,0,1,0,0
5191,2,0,0,1,0,0
5192,2,0,0,1,0,0
5193,2,0,0,1,0,0
5194,2,0,0,1,0,0
5195,2,0,0,1,0,0
5196,2,0,0,1,0,0
5197,2,0,0,1,0,0
5198,2,0,0,1,0,0
5199,2,0,0,1,0,0
5200,2,0,0,1,0,0
5201,2,0,0,1,0,0
5202,2,0,0,1,0,0
5203,2,0,0,1,0,0
5204,2,0,0,1,0,0
5205,2,0,0,1,0,0
5206,2,0,0,1,0,0
5207,2,0,0,1,0,0
5208,2,0,0,1,0,0
5209,2,0,0,1,0,0
5210,2,0,0,1,0,0
5211,2,0,0,1,0,0
5212,2,0,0,1,0,0
5213,2,0,0,1,0,0
5214,2,0,0,1,0,0
5215,2,0,0,1,0,0
5216,2,0,0,1,0,0
5217,2,0,0,1,0,0
5218,2,0,0,1,0,0
5219,2,0,0,1,0,0
5220,2,0,0,1,0,0
5221,2,0,0,1,0,0
5222,2,0,0,1,0,0
5223,2,0,0,1,0,0
5224,2,0,0,1,0,0
5225,2,0,0,1,0,0
5226,2,0,0,1,0,0
5227,2,0,0,1,0,0
5228,2,0,0,1,0,0
5229,2,0,0,1,0,0
5230,2,0,0,1,0,0
5231,2,0,0,1,0,0
5232,2,0,0,1,0,0
5233,2,0,0,1,0,0
5234,2,0,0,1,0,0
5235,2,0,0,1,0,0
5236,2,0,0,1,0,0
5237,2,0,0,1,0,0
5238,2,0,0,1,0,0
5239,2,0,0,1,0,0
5240,2,0,0,1,0,0
5241,2,0,0,1,0,0
5242,2,0,0,1,0,0
5243,2,0,0,1,0,0
5244,2,0,0,1,0,0
5245,2,0,0,1,0,0
5246,2,0,0,1,0,0
5247,2,0,0,1,0,0
5248,2,0,0,1,0,0
5249,2,0,0,1,0,0
5250,2,0,0,1,0,0
5251,2,0,0,1,0,0
5252,2,0,0,1,0,0
5253,2,0,0,1,0,0
5254,2,0,0,1,0,0
5255,2,0,0,1,0,0
5256,2,0,0,1,0,0
5257,2,0,0,1,0,0
5258,2,0,0,1,0,0
5259,2,0,0,1,0,0
5260,2,0,0,1,0,0
5261,2,0,0,1,0,0
5262,2,0,0,1,0,0
5263,2,0,0,1,0,0
5264,2,0,0,1,0,0
5265,2,0,0,1,0,0
5266,2,0,0,1,0,0
5267,2,0,0,1,0,0
5268,2,0,0,1,0,0
5269,2,0,0,1,0,0
5270,2,0,0,1,0,0
5271,2,0,0,1,0,0
5272,2,0,0,1,0,0
5273,2,0,0,1,0,0
5274,2,0,0,1,0,0
5275,2,0,0,1,0,0
5276,2,0,0,1,0,0
5277,2,0,0,1,0,0
5278,2,0,0,1,0,0
5279,2,0,0,1,0,0
5280,2,0,0,1,0,0
5281,2,0,0,1,0,0
5282,2,0,0,1,0,0
5283,2,0,0,1,0,0
5284,2,0,0,1,0,0
5285,2,0,0,1,0,0
5286,2,0,0,1,0,0
5287,2,0,0,1,0,0
5288,2,0,0,1,0,0
5289,2,0,0,1,0,0
5290,2,0,0,1,0,0
5291,2,0,0,1,0,0
5292,2,0,0,1,0,0
5293,2,0,0,1,0,0
5294,2,0,0,1,0,0
5295,2,0,0,1,0,0
5296,2,0,0,1,0,0
5297,2,0,0,1,0,0
5298,2,0,0,1,0,0
5299,2,0,0,1,0,0
5300,2,0,0,1,0,0
5301,2,0,0,1,0,0
5302,2,0,0,1,0,0
5303,2,0,0,1,0,0
5304,2,0,0,1,0,0
5305,2,0,0,1,0,0
5306,2,0,0,1,0,0
5307,2,0,0,1,0,0
5308,2,0,0,1,0,0
5309,2,0,0,1,0,0
5310,2,0,0,1,0,0
5311,2,0,0,1,0,0
5312,2,0,0,1,0,0
5313,2,0,0,1,0,0
5314,2,0,0,1,0,0
5315,2,0,0,1,0,0
5316,2,0,0,1,0,0
5317,2,0,0,1,0,0
5318,2,0,0,1,0,0
5319,2,0,0,1,0,0
5320,2,0,0,1,0,0
5321,2,0,0,1,0,0
5322,2,0,0,1,0,0
5323,2,0,0,1,0,0
5324,2,0,0,1,0,0
5325,2,0,0,1,0,0
5326,2,0,0,1,0,0
5327,2,0,0,1,0,0
5328,2,0,0,1,0,0
5329,2,0,0,1,0,0
5330,2,0,0,1,0,0
5331,2,0,0,1,0,0
5332,2,0,0,1,0,0
5333,2,0,0,1,0,0
5334,2,0,0,1,0,0
5335,2,0,0,1,0,0
5336,2,0,0,1,0,0
5337,2,0,0,1,0,0
5338,2,0,0,1,0,0
5339,2,0,0,1,0,0
5340,2,0,0,1,0,0
5341,2,0,0,1,0,0
5342,2,0,0,1,0,0
5343,2,0,0,1,0,0
5344,2,0,0,1,0,0
5345,2,0,0,1,0,0
5346,2,0,0,1,0,0
5347,2,0,0,1,0,0
5348,2,0,0,1,0,0
5349,2,0,0,1,0,0
5350,2,0,0,1,0,0
5351,2,0,0,1,0,0
5352,2,0,0,1,0,0
5353,2,0,0,1,0,0
5354,2,0,0,1,0,0
5355,2,0,0,1,0,0
5356,2,0,0,1,0,0
5357,2,0,0,1,0,0
5358,2,0,0,1,0,0
5359,2,0,0,1,0,0
5360,2,0,0,1,0,0
5361,2,0,0,1,0,0
5362,2,0,0,1,0,0
5363,2,0,0,1,0,0
5364,2,0,0,1,0,0
5365,2,0,0,1,0,0
5366,2,0,0,1,0,0
5367,2,0,0,1,0,0
5368,2,0,0,1,0,0
5369,2,0,0,1,0,0
5370,2,0,0,1,0,0
5371,2,0,0,1,0,0
5372,2,0,0,1,0,0
5373,2,0,0,1,0,0
5374,2,0,0,1,0,0
5375,2,0,0,1,0,0
5376,2,0,0,1,0,0
5377,2,0,0,1,0,0
5378,2,0,0,1,0,0
5379,2,0,0,1,0,0
5380,2,0,0,1,0,0
5381,2,0,0,1,0,0
5382,2,0,0,1,0,0
5383,2,0,0,1,0,0
5384,2,0,0,1,0,0
5385,2,0,0,1,0,0
5386,2,0,0,1,0,0
5387,2,0,0,1,0,0
5388,2,0,0,1,0,0
5389,2,0,0,1,0,0
5390,2,0,0,1,0,0
5391,2,0,0,1,0,0
5392,2,0,0,1,0,0
5393,2,0,0,1,0,0
5394,2,0,0,1,0,0
5395,2,0,0,1,0,0
5396,2,0,0,1,0,0
5397,2,0,0,1,0,0
5398,2,0,0,1,0,0
5399,2,0,0,1,0,0
5400,2,0,0,1,0,0
5401,2,0,0,1,0,0
5402,2,0,0,1,0,0
5403,2,0,0,1,0,0
5404,2,0,0,1,0,0
5405,2,0,0,1,0,0
5406,2,0,0,1,0,0
5407,2,0,0,1,0,0
5408,2,0,0,1,0,0
5409,2,0,0,1,0,0
5410,2,0,0,1,0,0
5411,2,0,0,1,0,0
5412,2,0,0,1,0,0
5413,2,0,0,1,0,0
5414,2,0,0,1,0,0
5415,2,0,0,1,0,0
5416,2,0,0,1,0,0
5417,2,0,0,1,0,0
5418,2,0,0,1,0,0
5419,2,0,0,1,0,0
5420,2,0,0,1,0,0
5421,2,0,0,1,0,0
5422,2,0,0,1,0,0
5423,2,0,0,1,0,0
5424,2,0,0,1,0,0
5425,2,0,0,1,0,0
5426,2,0,0,1,0,0
5427,2,0,0,1,0,0
5428,2,0,0,1,0,0
5429,2,0,0,1,0,0
5430,2,0,0,1,0,0
5431,2,0,0,1,0,0
5432,2,0,0,1,0,0
5433,2,0,0,1,0,0
5434,2,0,0,1,0,0
5435,2,0,0,1,0,0
5436,2,0,0,1,0,0
5437,2,0,0,1,0,0
5438,2,0,0,1,0,0
5439,2,0,0,1,0,0
5440,2,0,0,1,0,0
5441,2,0,0,1,0,0
5442,2,0,0,1,0,0
5443,2,0,0,1,0,0
5444,2,0,0,1,0,0
5445,2,0,0,1,0,0
5446,2,0,0,1,0,0
5447,2,0,0,1,0,0
5448,2,0,0,1,0,0
5449,2,0,0,1,0,0
5450,2,0,0,1,0,0
5451,2,0,0,1,0,0
5452,2,0,0,1,0,0
5453,2,0,0,1,0,0
5454,2,0,0,1,0,0
5455,2,0,0,1,0,0
5456,2,0,0,1,0,0
5457,2,0,0,1,0,0
5458,2,0,0,1,0,0
5459,2,0,0,1,0,0
5460,2,0,0,1,0,0
5461,2,0,0,1,0,0
5462,2,0,0,1,0,0
5463,2,0,0,1,0,0
5464,2,0,0,1,0,0
5465,2,0,0,1,0,0
5466,2,0,0,1,0,0
5467,2,0,0,1,0,0
5468,2,0,0,1,0,0
5469,2,0,0,1,0,0
5470,2,0,0,1,0,0
5471,2,0,0,1,0,0
5472,2,0,0,1,0,0
5473,2,0,0,1,0,0
5474,2,0,0,1,0,0
5475,2,0,0,1,0,0
5476,2,0,0,1,0,0
5477,2,0,0,1,0,0
5478,2,0,0,1,0,0
5479,2,0,0,1,0,0
5480,2,0,0,1,0,0
5481,2,0,0,1,0,0
5482,2,0,0,1,0,0
5483,2,0,0,1,0,0
5484,2,0,0,1,0,0
5485,2,0,0,1,0,0
5486,2,0,0,1,0,0
5487,2,0,0,1,0,0
5488,2,0,0,1,0,0
5489,2,0,0,1,0,0
5490,2,0,0,1,0,0
5491,2,0,0,1,0,0
5492,2,0,0,1,0,0
5493,2,0,0,1,0,0
5494,2,0,0,1,0,0
5495,2,0,0,1,0,0
5496,2,0,0,1,0,0
5497,2,0,0,1,0,0
5498,2,0,0,1,0,0
5499,2,0,0,1,0,0
5500,2,0,0,1,0,0
5501,2,0,0,1,0,0
5502,2,0,0,1,0,0
5503,2,0,0,1,0,0
5504,2,0,0,1,0,0
5505,2,0,0,1,0,0
5506,2,0,0,1,0,0
5507,2,0,0,1,0,0
5508,2,0,0,1,0,0
5509,2,0,0,1,0,0
5510,2,0,0,1,0,0
5511,2,0,0,1,0,0
5512,2,0,0,1,0,0
5513,2,0,0,1,0,0
5514,2,0,0,1,0,0
5515,2,0,0,1,0,0
5516,2,0,0,1,0,0
5517,2,0,0,1,0,0
5518,2,0,0,1,0,0
5519,2,0,0,1,0,0
5520,2,0,0,1,0,0
5521,2,0,0,1,0,0
5522,2,0,0,1,0,0
5523,2,0,0,1,0,0
5524,2,0,0,1,0,0
5525,2,0,0,1,0,0
5526,2,0,0,1,0,0
5527,2,0,0,1,0,0
5528,2,0,0,1,0,0
5529,2,0,0,1,0,0
5530,2,0,0,1,0,0
5531,2,0,0,1,0,0
5532,2,0,0,1,0,0
5533,2,0,0,1,0,0
5534,2,0,0,1,0,0
5535,2,0,0,1,0,0
5536,2,0,0,1,0,0
5537,2,0,0,1,0,0
5538,2,0,0,1,0,0
5539,2,0,0,1,0,0
5540,2,0,0,1,0,0
5541,2,0,0,1,0,0
5542,2,0,0,1,0,0
5543,2,0,0,1,0,0
5544,2,0,0,1,0,0
5545,2,0,0,1,0,0
5546,2,0,0,1,0,0
5547,2,0,0,1,0,0
5548,2,0,0,1,0,0
5549,2,0,0,1,0,0
5550,2,0,0,1,0,0
5551,2,0,0,1,0,0
5552,2,0,0,1,0,0
5553,2,0,0,1,0,0
5554,2,0,0,1,0,0
5555,2,0,0,1,0,0
5556,2,0,0,1,0,0
5557,2,0,0,1,0,0
5558,2,0,0,1,0,0
5559,2,0,0,1,0,0
5560,2,0,0,1,0,0
5561,2,0,0,1,0,0
5562,2,0,0,1,0,0
5563,2,0,0,1,0,0
5564,2,0,0,1,0,0
5565,2,0,0,1,0,0
5566,2,0,0,1,0,0
5567,2,0,0,1,0,0
5568,2,0,0,1,0,0
5569,2,0,0,1,0,0
5570,2,0,0,1,0,0
5571,2,0,0,1,0,0
5572,2,0,0,1,0,0
5573,2,0,0,1,0,0
5574,2,0,0,1,0,0
5575,2,0,0,1,0,0
5576,2,0,0,1,0,0
5577,2,0,0,1,0,0
5578,2,0,0,1,0,0
5579,2,0,0,1,0,0
5580,2,0,0,1,0,0
5581,2,0,0,1,0,0
5582,2,0,0,1,0,0
5583,2,0,0,1,0,0
5584,2,0,0,1,0,0
5585,2,0,0,1,0,0
5586,2,0,0,1,0,0
5587,2,0,0,1,0,0
5588,2,0,0,1,0,0
5589,2,0,0,1,0,0
5590,2,0,0,1,0,0
5591,2,0,0,1,0,0
5592,2,0,0,1,0,0
5593,2,0,0,1,0,0
5594,2,0,0,1,0,0
5595,2,0,0,1,0,0
5596,2,0,0,1,0,0
5597,2,0,0,1,0,0
5598,2,0,0,1,0,0
5599,2,0,0,1,0,0
5600,2,0,0,1,0,0
5601,2,0,0,1,0,0
5602,2,0,0,1,0,0
5603,2,0,0,1,0,0
5604,2,0,0,1,0,0
5605,2,0,0,1,0,0
5606,2,0,0,1,0,0
5607,2,0,0,1,0,0
5608,2,0,0,1,0,0
5609,2,0,0,1,0,0
5610,2,0,0,1,0,0
5611,2,0,0,1,0,0
5612,2,0,0,1,0,0
5613,2,0,0,1,0,0
5614,2,0,0,1,0,0
5615,2,0,0,1,0,0
5616,2,0,0,1,0,0
5617,2,0,0,1,0,0
5618,2,0,0,1,0,0
5619,2,0,0,1,0,0
5620,2,0,0,1,0,0
5621,2,0,0,1,0,0
5622,2,0,0,1,0,0
5623,2,0,0,1,0,0
5624,2,0,0,1,0,0
5625,2,0,0,1,0,0
5626,2,0,0,1,0,0
5627,2,0,0,1,0,0
5628,2,0,0,1,0,0
5629,2,0,0,1,0,0
5630,2,0,0,1,0,0
5631,2,0,0,1,0,0
5632,2,0,0,1,0,0
5633,2,0,0,1,0,0
5634,2,0,0,1,0,0
5635,2,0,0,1,0,0
5636,2,0,0,1,0,0
5637,2,0,0,1,0,0
5638,2,0,0,1,0,0
5639,2,0,0,1,0,0
5640,2,0,0,1,0,0
5641,2,0,0,1,0,0
5642,2,0,0,1,0,0
5643,2,0,0,1,0,0
5644,2,0,0,1,0,0
5645,2,0,0,1,0,0
5646,2,0,0,1,0,0
5647,2,0,0,1,0,0
5648,2,0,0,1,0,0
5649,2,0,0,1,0,0
5650,2,0,0,1,0,0
5651,2,0,0,1,0,0
5652,2,0,0,1,0,0
5653,2,0,0,1,0,0
5654,2,0,0,1,0,0
5655,2,0,0,1,0,0
5656,2,0,0,1,0,0
5657,2,0,0,1,0,0
5658,2,0,0,1,0,0
5659,2,0,0,1,0,0
5660,2,0,0,1,0,0
5661,2,0,0,1,0,0
5662,2,0,0,1,0,0
5663,2,0,0,1,0,0
5664,2,0,0,1,0,0
5665,2,0,0,1,0,0
5666,2,0,0,1,0,0
5667,2,0,0,1,0,0
5668,2,0,0,1,0,0
5669,2,0,0,1,0,0
5670,2,0,0,1,0,0
5671,2,0,0,1,0,0
5672,2,0,0,1,0,0
5673,2,0,0,1,0,0
5674,2,0,0,1,0,0
5675,2,0,0,1,0,0
5676,2,0,0,1,0,0
5677,2,0,0,1,0,0
5678,2,0,0,1,0,0
5679,2,0,0,1,0,0
5680,2,0,0,1,0,0
5681,2,0,0,1,0,0
5682,2,0,0,1,0,0
5683,2,0,0,1,0,0
5684,2,0,0,1,0,0
5685,2,0,0,1,0,0
5686,2,0,0,1,0,0
5687,2,0,0,1,0,0
5688,2,0,0,1,0,0
5689,2,0,0,1,0,0
5690,2,0,0,1,0,0
5691,2,0,0,1,0,0
5692,2,0,0,1,0,0
5693,2,0,0,1,0,0
5694,2,0,0,1,0,0
5695,2,0,0,1,0,0
5696,2,0,0,1,0,0
5697,2,0,0,1,0,0
5698,2,0,0,1,0,0
5699,2,0,0,1,0,0
5700,2,0,0,1,0,0
5701,2,0,0,1,0,0
5702,2,0,0,1,0,0
5703,2,0,0,1,0,0
5704,2,0,0,1,0,0
5705,2,0,0,1,0,0
5706,2,0,0,1,0,0
5707,2,0,0,1,0,0
5708,2,0,0,1,0,0
5709,2,0,0,1,0,0
5710,2,0,0,1,0,0
5711,2,0,0,1,0,0
5712,2,0,0,1,0,0
5713,2,0,0,1,0,0
5714,2,0,0,1,0,0
5715,2,0,0,1,0,0
5716,2,0,0,1,0,0
5717,2,0,0,1,0,0
5718,2,0,0,1,0,0
5719,2,0,0,1,0,0
5720,2,0,0,1,0,0
5721,2,0,0,1,0,0
5722,2,0,0,1,0,0
5723,2,0,0,1,0,0
5724,2,0,0,1,0,0
5725,2,0,0,1,0,0
5726,2,0,0,1,0,0
5727,2,0,0,1,0,0
5728,2,0,0,1,0,0
5729,2,0,0,1,0,0
5730,2,0,0,1,0,0
5731,2,0,0,1,0,0
5732,2,0,0,1,0,0
5733,2,0,0,1,0,0
5734,2,0,0,1,0,0
5735,2,0,0,1,0,0
5736,2,0,0,1,0,0
5737,2,0,0,1,0,0
5738,2,0,0,1,0,0
5739,2,0,0,1,0,0
5740,2,0,0,1,0,0
5741,2,0,0,1,0,0
5742,2,0,0,1,0,0
5743,2,0,0,1,0,0
5744,2,0,0,1,0,0
5745,2,0,0,1,0,0
5746,2,0,0,1,0,0
5747,2,0,0,1,0,0
5748,2,0,0,1,0,0
5749,2,0,0,1,0,0
5750,2,0,0,1,0,0
5751,2,0,0,1,0,0
5752,2,0,0,1,0,0
5753,2,0,0,1,0,0
5754,2,0,0,1,0,0
5755,2,0,0,1,0,0
5756,2,0,0,1,0,0
5757,2,0,0,1,0,0
5758,2,0,0,1,0,0
5759,2,0,0,1,0,0
5760,2,0,0,1,0,0
5761,2,0,0,1,0,0
5762,2,0,0,1,0,0
5763,2,0,0,1,0,0
5764,2,0,0,1,0,0
5765,2,0,0,1,0,0
5766,2,0,0,1,0,0
5767,2,0,0,1,0,0
5768,2,0,0,1,0,0
5769,2,0,0,1,0,0
5770,2,0,0,1,0,0
5771,2,0,0,1,0,0
5772,2,0,0,1,0,0
5773,2,0,0,1,0,0
5774,2,0,0,1,0,0
5775,2,0,0,1,0,0
5776,2,0,0,1,0,0
5777,2,0,0,1,0,0
5778,2,0,0,1,0,0
5779,2,0,0,1,0,0
5780,2,0,0,1,0,0
5781,2,0,0,1,0,0
5782,2,0,0,1,0,0
5783,2,0,0,1,0,0
5784,2,0,0,1,0,0
5785,2,0,0,1,0,0
5786,2,0,0,1,0,0
5787,2,0,0,1,0,0
5788,2,0,0,1,0,0
5789,2,0,0,1,0,0
5790,2,0,0,1,0,0
5791,2,0,0,1,0,0
5792,2,0,0,1,0,0
5793,2,0,0,1,0,0
5794,2,0,0,1,0,0
5795,2,0,0,1,0,0
5796,2,0,0,1,0,0
5797,2,0,0,1,0,0
5798,2,0,0,1,0,0
5799,2,0,0,1,0,0
5800,2,0,0,1,0,0
5801,2,0,0,1,0,0
5802,2,0,0,1,0,0
5803,2,0,0,1,0,0
5804,2,0,0,1,0,0
5805,2,0,0,1,0,0
5806,2,0,0,1,0,0
5807,2,0,0,1,0,0
5808,2,0,0,1,0,0
5809,2,0,0,1,0,0
5810,2,0,0,1,0,0
5811,2,0,0,1,0,0
5812,2,0,0,1,0,0
5813,2,0,0,1,0,0
5814,2,0,0,1,0,0
5815,2,0,0,1,0,0
5816,2,0,0,1,0,0
5817,2,0,0,1,0,0
5818,2,0,0,1,0,0
5819,2,0,0,1,0,0
5820,2,0,0,1,0,0
5821,2,0,0,1,0,0
5822,2,0,0,1,0,0
5823,2,0,0,1,0,0
5824,2,0,0,1,0,0
5825,2,0,0,1,0,0
5826,2,0,0,1,0,0
5827,2,0,0,1,0,0
5828,2,0,0,1,0,0
5829,2,0,0,1,0,0
5830,2,0,0,1,0,0
5831,2,0,0,1,0,0
5832,2,0,0,1,0,0
5833,2,0,0,1,0,0
5834,2,0,0,1,0,0
5835,2,0,0,1,0,0
5836,2,0,0,1,0,0
5837,2,0,0,1,0,0
5838,2,0,0,1,0,0
5839,2,0,0,1,0,0
5840,2,0,0,1,0,0
5841,2,0,0,1,0,0
5842,2,0,0,1,0,0
5843,2,0,0,1,0,0
5844,2,0,0,1,0,0
5845,2,0,0,1,0,0
5846,2,0,0,1,0,0
5847,2,0,0,1,0,0
5848,2,0,0,1,0,0
5849,2,0,0,1,0,0
5850,2,0,0,1,0,0
5851,2,0,0,1,0,0
5852,2,0,0,1,0,0
5853,2,0,0,1,0,0
5854,2,0,0,1,0,0
5855,2,0,0,1,0,0
5856,2,0,0,1,0,0
5857,2,0,0,1,0,0
5858,2,0,0,1,0,0
5859,2,0,0,1,0,0
5860,2,0,0,1,0,0
5861,2,0,0,1,0,0
5862,2,0,0,1,0,0
5863,2,0,0,1,0,0
5864,2,0,0,1,0,0
5865,2,0,0,1,0,0
5866,2,0,0,1,0,0
5867,2,0,0,1,0,0
5868,2,0,0,1,0,0
5869,2,0,0,1,0,0
5870,2,0,0,1,0,0
5871,2,0,0,1,0,0
5872,2,0,0,1,0,0
5873,2,0,0,1,0,0
5874,2,0,0,1,0,0
5875,2,0,0,1,0,0
5876,2,0,0,1,0,0
5877,2,0,0,1,0,0
5878,2,0,0,1,0,0
5879,2,0,0,1,0,0
5880,2,0,0,1,0,0
5881,2,0,0,1,0,0
5882,2,0,0,1,0,0
5883,2,0,0,1,0,0
5884,2,0,0,1,0,0
5885,2,0,0,1,0,0
5886,2,0,0,1,0,0
5887,2,0,0,1,0,0
5888,2,0,0,1,0,0
5889,2,0,0,1,0,0
5890,2,0,0,1,0,0
5891,2,0,0,1,0,0
5892,2,0,0,1,0,0
5893,2,0,0,1,0,0
5894,2,0,0,1,0,0
5895,2,0,0,1,0,0
5896,2,0,0,1,0,0
5897,2,0,0,1,0,0
5898,2,0,0,1,0,0
5899,2,0,0,1,0,0
5900,2,0,0,1,0,0
5901,2,0,0,1,0,0
5902,2,0,0,1,0,0
5903,2,0,0,1,0,0
5904,2,0,0,1,0,0
5905,2,0,0,1,0,0
5906,2,0,0,1,0,0
5907,2,0,0,1,0,0
5908,2,0,0,1,0,0
5909,2,0,0,1,0,0
5910,2,0,0,1,0,0
5911,2,0,0,1,0,0
5912,2,0,0,1,0,0
5913,2,0,0,1,0,0
5914,2,0,0,1,0,0
5915,2,0,0,1,0,0
5916,2,0,0,1,0,0
5917,2,0,0,1,0,0
5918,2,0,0,1,0,0
5919,2,0,0,1,0,0
5920,2,0,0,1,0,0
5921,2,0,0,1,0,0
5922,2,0,0,1,0,0
5923,2,0,0,1,0,0
5924,2,0,0,1,0,0
5925,2,0,0,1,0,0
5926,2,0,0,1,0,0
5927,2,0,0,1,0,0
5928,2,0,0,1,0,0
5929,2,0,0,1,0,0
5930,2,0,0,1,0,0
5931,2,0,0,1,0,0
5932,2,0,0,1,0,0
5933,2,0,0,1,0,0
5934,2,0,0,1,0,0
5935,2,0,0,1,0,0
5936,2,0,0,1,0,0
5937,2,0,0,1,0,0
5938,2,0,0,1,0,0
5939,2,0,0,1,0,0
5940,2,0,0,1,0,0
5941,2,0,0,1,0,0
5942,2,0,0,1,0,0
5943,2,0,0,1,0,0
5944,2,0,0,1,0,0
5945,2,0,0,1,0,0
5946,2,0,0,1,0,0
5947,2,0,0,1,0,0
5948,2,0,0,1,0,0
5949,2,0,0,1,0,0
5950,2,0,0,1,0,0
5951,2,0,0,1,0,0
5952,2,0,0,1,0,0
5953,2,0,0,1,0,0
5954,2,0,0,1,0,0
5955,2,0,0,1,0,0
5956,2,0,0,1,0,0
5957,2,0,0,1,0,0
5958,2,0,0,1,0,0
5959,2,0,0,1,0,0
5960,2,0,0,1,0,0
5961,2,0,0,1,0,0
5962,2,0,0,1,0,0
5963,2,0,0,1,0,0
5964,2,0,0,1,0,0
5965,2,0,0,1,0,0
5966,2,0,0,1,0,0
5967,2,0,0,1,0,0
5968,2,0,0,1,0,0
5969,2,0,0,1,0,0
5970,2,0,0,1,0,0
5971,2,0,0,1,0,0
5972,2,0,0,1,0,0
5973,2,0,0,1,0,0
5974,2,0,0,1,0,0
5975,2,0,0,1,0,0
5976,2,0,0,1,0,0
5977,2,0,0,1,0,0
5978,2,0,0,1,0,0
5979,2,0,0,1,0,0
5980,2,0,0,1,0,0
5981,2,0,0,1,0,0
5982,2,0,0,1,0,0
5983,2,0,0,1,0,0
5984,2,0,0,1,0,0
5985,2,0,0,1,0,0
5986,2,0,0,1,0,0
5987,2,0,0,1,0,0
5988,2,0,0,1,0,0
5989,2,0,0,1,0,0
5990,2,0,0,1,0,0
5991,2,0,0,1,0,0
5992,2,0,0,1,0,0
5993,2,0,0,1,0,0
5994,2,0,0,1,0,0
5995,2,0,0,1,0,0
5996,2,0,0,1,0,0
5997,2,0,0,1,0,0
5998,2,0,0,1,0,0
5999,2,0,0,1,0,0
6000,2,0,0,1,0,0
6001,2,0,0,1,0,0
6002,2,0,0,1,0,0
6003,2,0,0,1,0,0
6004,2,0,0,1,0,0
6005,2,0,0,1,0,0
6006,2,0,0,1,0,0
6007,2,0,0,1,0,0
6008,2,0,0,1,0,0
6009,2,0,0,1,0,0
6010,2,0,0,1,0,0
6011,2,0,0,1,0,0
6012,2,0,0,1,0,0
6013,2,0,0,1,0,0
6014,2,0,0,1,0,0
6015,2,0,0,1,0,0
6016,2,0,0,1,0,0
6017,2,0,0,1,0,0
6018,2,0,0,1,0,0
6019,2,0,0,1,0,0
6020,2,0,0,1,0,0
6021,2,0,0,1,0,0
6022,2,0,0,1,0,0
6023,2,0,0,1,0,0
6024,2,0,0,1,0,0
6025,2,0,0,1,0,0
6026,2,0,0,1,0,0
6027,2,0,0,1,0,0
6028,2,0,0,1,0,0
6029,2,0,0,1,0,0
6030,2,0,0,1,0,0
6031,2,0,0,1,0,0
6032,2,0,0,1,0,0
6033,2,0,0,1,0,0
6034,2,0,0,1,0,0
6035,2,0,0,1,0,0
6036,2,0,0,1,0,0
6037,2,0,0,1,0,0
6038,2,0,0,1,0,0
6039,2,0,0,1,0,0
6040,2,0,0,1,0,0
6041,2,0,0,1,0,0
6042,2,0,0,1,0,0
6043,2,0,0,1,0,0
6044,2,0,0,1,0,0
6045,2,0,0,1,0,0
6046,2,0,0,1,0,0
6047,2,0,0,1,0,0
6048,2,0,0,1,0,0
6049,2,0,0,1,0,0
6050,2,0,0,1,0,0
6051,2,0,0,1,0,0
6052,2,0,0,1,0,0
6053,2,0,0,1,0,0
6054,2,0,0,1,0,0
6055,2,0,0,1,0,0
6056,2,0,0,1,0,0
6057,2,0,0,1,0,0
6058,2,0,0,1,0,0
6059,2,0,0,1,0,0
6060,2,0,0,1,0,0
6061,2,0,0,1,0,0
6062,2,0,0,1,0,0
6063,2,0,0,1,0,0
6064,2,0,0,1,0,0
6065,2,0,0,1,0,0
6066,2,0,0,1,0,0
6067,2,0,0,1,0,0
6068,2,0,0,1,0,0
6069,2,0,0,1,0,0
6070,2,0,0,1,0,0
6071,2,0,0,1,0,0
6072,2,0,0,1,0,0
6073,2,0,0,1,0,0
6074,2,0,0,1,0,0
6075,2,0,0,1,0,0
6076,2,0,0,1,0,0
6077,2,0,0,1,0,0
6078,2,0,0,1,0,0
6079,2,0,0,1,0,0
6080,2,0,0,1,0,0
6081,2,0,0,1,0,0
6082,2,0,0,1,0,0
6083,2,0,0,1,0,0
6084,2,0,0,1,0,0
6085,2,0,0,1,0,0
6086,2,0,0,1,0,0
6087,2,0,0,1,0,0
6088,2,0,0,1,0,0
6089,2,0,0,1,0,0
6090,2,0,0,1,0,0
6091,2,0,0,1,0,0
6092,2,0,0,1,0,0
6093,2,0,0,1,0,0
6094,2,0,0,1,0,0
6095,2,0,0,1,0,0
6096,2,0,0,1,0,0
6097,2,0,0,1,0,0
6098,2,0,0,1,0,0
6099,2,0,0,1,0,0
6100,2,0,0,1,0,0
6101,2,0,0,1,0,0
6102,2,0,0,1,0,0
6103,2,0,0,1,0,0
6104,2,0,0,1,0,0
6105,2,0,0,1,0,0
6106,2,0,0,1,0,0
6107,2,0,0,1,0,0
6108,2,0,0,1,0,0
6109,2,0,0,1,0,0
6110,2,0,0,1,0,0
6111,2,0,0,1,0,0
6112,2,0,0,1,0,0
6113,2,0,0,1,0,0
6114,2,0,0,1,0,0
6115,2,0,0,1,0,0
6116,2,0,0,1,0,0
6117,2,0,0,1,0,0
6118,2,0,0,1,0,0
6119,2,0,0,1,0,0
6120,2,0,0,1,0,0
6121,2,0,0,1,0,0
6122,2,0,0,1,0,0
6123,2,0,0,1,0,0
6124,2,0,0,1,0,0
6125,2,0,0,1,0,0
6126,2,0,0,1,0,0
6127,2,0,0,1,0,0
6128,2,0,0,1,0,0
6129,2,0,0,1,0,0
6130,2,0,0,1,0,0
6131,2,0,0,1,0,0
6132,2,0,0,1,0,0
6133,2,0,0,1,0,0
6134,2,0,0,1,0,0
6135,2,0,0,1,0,0
6136,2,0,0,1,0,0
6137,2,0,0,1,0,0
6138,2,0,0,1,0,0
6139,2,0,0,1,0,0
6140,2,0,0,1,0,0
6141,2,0,0,1,0,0
6142,2,0,0,1,0,0
6143,2,0,0,1,0,0
6144,2,0,0,1,0,0
6145,2,0,0,1,0,0
6146,2,0,0,1,0,0
6147,2,0,0,1,0,0
6148,2,0,0,1,0,0
6149,2,0,0,1,0,0
6150,2,0,0,1,0,0
6151,2,0,0,1,0,0
6152,2,0,0,1,0,0
6153,2,0,0,1,0,0
6154,2,0,0,1,0,0
6155,2,0,0,1,0,0
6156,2,0,0,1,0,0
6157,2,0,0,1,0,0
6158,2,0,0,1,0,0
6159,2,0,0,1,0,0
6160,2,0,0,1,0,0
6161,2,0,0,1,0,0
6162,2,0,0,1,0,0
6163,2,0,0,1,0,0
6164,2,0,0,1,0,0
6165,2,0,0,1,0,0
6166,2,0,0,1,0,0
6167,2,0,0,1,0,0
6168,2,0,0,1,0,0
6169,2,0,0,1,0,0
6170,2,0,0,1,0,0
6171,2,0,0,1,0,0
6172,2,0,0,1,0,0
6173,2,0,0,1,0,0
6174,2,0,0,1,0,0
6175,2,0,0,1,0,0
6176,2,0,0,1,0,0
6177,2,0,0,1,0,0
6178,2,0,0,1,0,0
6179,2,0,0,1,0,0
6180,2,0,0,1,0,0
6181,2,0,0,1,0,0
6182,2,0,0,1,0,0
6183,2,0,0,1,0,0
6184,2,0,0,1,0,0
6185,2,0,0,1,0,0
6186,2,0,0,1,0,0
6187,2,0,0,1,0,0
6188,2,0,0,1,0,0
6189,2,0,0,1,0,0
6190,2,0,0,1,0,0
6191,2,0,0,1,0,0
6192,2,0,0,1,0,0
6193,2,0,0,1,0,0
6194,2,0,0,1,0,0
6195,2,0,0,1,0,0
6196,2,0,0,1,0,0
6197,2,0,0,1,0,0
6198,2,0,0,1,0,0
6199,2,0,0,1,0,0
6200,2,0,0,1,0,0
6201,2,0,0,1,0,0
6202,2,0,0,1,0,0
6203,2,0,0,1,0,0
6204,2,0,0,1,0,0
6205,2,0,0,1,0,0
6206,2,0,0,1,0,0
6207,2,0,0,1,0,0
6208,2,0,0,1,0,0
6209,2,0,0,1,0,0
6210,2,0,0,1,0,0
6211,2,0,0,1,0,0
6212,2,0,0,1,0,0
6213,2,0,0,1,0,0
6214,2,0,0,1,0,0
6215,2,0,0,1,0,0
6216,2,0,0,1,0,0
6217,2,0,0,1,0,0
6218,2,0,0,1,0,0
6219,2,0,0,1,0,0
6220,2,0,0,1,0,0
6221,2,0,0,1,0,0
6222,2,0,0,1,0,0
6223,2,0,0,1,0,0
6224,2,0,0,1,0,0
6225,2,0,0,1,0,0
6226,2,0,0,1,0,0
6227,2,0,0,1,0,0
6228,2,0,0,1,0,0
6229,2,0,0,1,0,0
6230,2,0,0,1,0,0
6231,2,0,0,1,0,0
6232,2,0,0,1,0,0
6233,2,0,0,1,0,0
6234,2,0,0,1,0,0
6235,2,0,0,1,0,0
6236,2,0,0,1,0,0
6237,2,0,0,1,0,0
6238,2,0,0,1,0,0
6239,2,0,0,1,0,0
6240,2,0,0,1,0,0
6241,2,0,0,1,0,0
6242,2,0,0,1,0,0
6243,2,0,0,1,0,0
6244,2,0,0,1,0,0
6245,2,0,0,1,0,0
6246,2,0,0,1,0,0
6247,2,0,0,1,0,0
6248,2,0,0,1,0,0
6249,2,0,0,1,0,0
6250,2,0,0,1,0,0
6251,2,0,0,1,0,0
6252,2,0,0,1,0,0
6253,2,0,0,1,0,0
6254,2,0,0,1,0,0
6255,2,0,0,1,0,0
6256,2,0,0,1,0,0
6257,2,0,0,1,0,0
6258,2,0,0,1,0,0
6259,2,0,0,1,0,0
6260,2,0,0,1,0,0
6261,2,0,0,1,0,0
6262,2,0,0,1,0,0
6263,2,0,0,1,0,0
6264,2,0,0,1,0,0
6265,2,0,0,1,0,0
6266,2,0,0,1,0,0
6267,2,0,0,1,0,0
6268,2,0,0,1,0,0
6269,2,0,0,1,0,0
6270,2,0,0,1,0,0
6271,2,0,0,1,0,0
6272,2,0,0,1,0,0
6273,2,0,0,1,0,0
6274,2,0,0,1,0,0
6275,2,0,0,1,0,0
6276,2,0,0,1,0,0
6277,2,0,0,1,0,0
6278,2,0,0,1,0,0
6279,2,0,0,1,0,0
6280,2,0,0,1,0,0
6281,2,0,0,1,0,0
6282,2,0,0,1,0,0
6283,2,0,0,1,0,0
6284,2,0,0,1,0,0
6285,2,0,0,1,0,0
6286,2,0,0,1,0,0
6287,2,0,0,1,0,0
6288,2,0,0,1,0,0
6289,2,0,0,1,0,0
6290,2,0,0,1,0,0
6291,2,0,0,1,0,0
6292,2,0,0,1,0,0
6293,2,0,0,1,0,0
6294,2,0,0,1,0,0
6295,2,0,0,1,0,0
6296,2,0,0,1,0,0
6297,2,0,0,1,0,0
6298,2,0,0,1,0,0
6299,2,0,0,1,0,0
6300,2,0,0,1,0,0
6301,2,0,0,1,0,0
6302,2,0,0,1,0,0
6303,2,0,0,1,0,0
6304,2,0,0,1,0,0
6305,2,0,0,1,0,0
6306,2,0,0,1,0,0
6307,2,0,0,1,0,0
6308,2,0,0,1,0,0
6309,2,0,0,1,0,0
6310,2,0,0,1,0,0
6311,2,0,0,1,0,0
6312,2,0,0,1,0,0
6313,2,0,0,1,0,0
6314,2,0,0,1,0,0
6315,2,0,0,1,0,0
6316,2,0,0,1,0,0
6317,2,0,0,1,0,0
6318,2,0,0,1,0,0
6319,2,0,0,1,0,0
6320,2,0,0,1,0,0
6321,2,0,0,1,0,0
6322,2,0,0,1,0,0
6323,2,0,0,1,0,0
6324,2,0,0,1,0,0
6325,2,0,0,1,0,0
6326,2,0,0,1,0,0
6327,2,0,0,1,0,0
6328,2,0,0,1,0,0
6329,2,0,0,1,0,0
6330,2,0,0,1,0,0
6331,2,0,0,1,0,0
6332,2,0,0,1,0,0
6333,2,0,0,1,0,0
6334,2,0,0,1,0,0
6335,2,0,0,1,0,0
6336,2,0,0,1,0,0
6337,2,0,0,1,0,0
6338,2,0,0,1,0,0
6339,2,0,0,1,0,0
6340,2,0,0,1,0,0
6341,2,0,0,1,0,0
6342,2,0,0,1,0,0
6343,2,0,0,1,0,0
6344,2,0,0,1,0,0
6345,2,0,0,1,0,0
6346,2,0,0,1,0,0
6347,2,0,0,1,0,0
6348,2,0,0,1,0,0
6349,2,0,0,1,0,0
6350,2,0,0,1,0,0
6351,2,0,0,1,0,0
6352,2,0,0,1,0,0
6353,2,0,0,1,0,0
6354,2,0,0,1,0,0
6355,2,0,0,1,0,0
6356,2,0,0,1,0,0
6357,2,0,0,1,0,0
6358,2,0,0,1,0,0
6359,2,0,0,1,0,0
6360,2,0,0,1,0,0
6361,2,0,0,1,0,0
6362,2,0,0,1,0,0
6363,2,0,0,1,0,0
6364,2,0,0,1,0,0
6365,2,0,0,1,0,0
6366,2,0,0,1,0,0
6367,2,0,0,1,0,0
6368,2,0,0,1,0,0
6369,2,0,0,1,0,0
6370,2,0,0,1,0,0
6371,2,0,0,1,0,0
6372,2,0,0,1,0,0
6373,2,0,0,1,0,0
6374,2,0,0,1,0,0
6375,2,0,0,1,0,0
6376,2,0,0,1,0,0
6377,2,0,0,1,0,0
6378,2,0,0,1,0,0
6379,2,0,0,1,0,0
6380,2,0,0,1,0,0
6381,2,0,0,1,0,0
6382,2,0,0,1,0,0
6383,2,0,0,1,0,0
6384,2,0,0,1,0,0
6385,2,0,0,1,0,0
6386,2,0,0,1,0,0
6387,2,0,0,1,0,0
6388,2,0,0,1,0,0
6389,2,0,0,1,0,0
6390,2,0,0,1,0,0
6391,2,0,0,1,0,0
6392,2,0,0,1,0,0
6393,2,0,0,1,0,0
6394,2,0,0,1,0,0
6395,2,0,0,1,0,0
6396,2,0,0,1,0,0
6397,2,0,0,1,0,0
6398,2,0,0,1,0,0
6399,2,0,0,1,0,0
6400,2,0,0,1,0,0
6401,2,0,0,1,0,0
6402,2,0,0,1,0,0
6403,2,0,0,1,0,0
6404,2,0,0,1,0,0
6405,2,0,0,1,0,0
6406,2,0,0,1,0,0
6407,2,0,0,1,0,0
6408,2,0,0,1,0,0
6409,2,0,0,1,0,0
6410,2,0,0,1,0,0
6411,2,0,0,1,0,0
6412,2,0,0,1,0,0
6413,2,0,0,1,0,0
6414,2,0,0,1,0,0
6415,2,0,0,1,0,0
6416,2,0,0,1,0,0
6417,2,0,0,1,0,0
6418,2,0,0,1,0,0
6419,2,0,0,1,0,0
6420,2,0,0,1,0,0
6421,2,0,0,1,0,0
6422,2,0,0,1,0,0
6423,2,0,0,1,0,0
6424,2,0,0,1,0,0
6425,2,0,0,1,0,0
6426,2,0,0,1,0,0
6427,2,0,0,1,0,0
6428,2,0,0,1,0,0
6429,2,0,0,1,0,0
6430,2,0,0,1,0,0
6431,2,0,0,1,0,0
6432,2,0,0,1,0,0
6433,2,0,0,1,0,0
6434,2,0,0,1,0,0
6435,2,0,0,1,0,0
6436,2,0,0,1,0,0
6437,2,0,0,1,0,0
6438,2,0,0,1,0,0
6439,2,0,0,1,0,0
6440,2,0,0,1,0,0
6441,2,0,0,1,0,0
6442,2,0,0,1,0,0
6443,2,0,0,1,0,0
6444,2,0,0,1,0,0
6445,2,0,0,1,0,0
6446,2,0,0,1,0,0
6447,2,0,0,1,0,0
6448,2,0,0,1,0,0
6449,2,0,0,1,0,0
6450,2,0,0,1,0,0
6451,2,0,0,1,0,0
6452,2,0,0,1,0,0
6453,2,0,0,1,0,0
6454,2,0,0,1,0,0
6455,2,0,0,1,0,0
6456,2,0,0,1,0,0
6457,2,0,0,1,0,0
6458,2,0,0,1,0,0
6459,2,0,0,1,0,0
6460,2,0,0,1,0,0
6461,2,0,0,1,0,0
6462,2,0,0,1,0,0
6463,2,0,0,1,0,0
6464,2,0,0,1,0,0
6465,2,0,0,1,0,0
6466,2,0,0,1,0,0
6467,2,0,0,1,0,0
6468,2,0,0,1,0,0
6469,2,0,0,1,0,0
6470,2,0,0,1,0,0
6471,2,0,0,1,0,0
6472,2,0,0,1,0,0
6473,2,0,0,1,0,0
6474,2,0,0,1,0,0
6475,2,0,0,1,0,0
6476,2,0,0,1,0,0
6477,2,0,0,1,0,0
6478,2,0,0,1,0,0
6479,2,0,0,1,0,0
6480,2,0,0,1,0,0
6481,2,0,0,1,0,0
6482,2,0,0,1,0,0
6483,2,0,0,1,0,0
6484,2,0,0,1,0,0
6485,2,0,0,1,0,0
6486,2,0,0,1,0,0
6487,2,0,0,1,0,0
6488,2,0,0,1,0,0
6489,2,0,0,1,0,0
6490,2,0,0,1,0,0
6491,2,0,0,1,0,0
6492,2,0,0,1,0,0
6493,2,0,0,1,0,0
6494,2,0,0,1,0,0
6495,2,0,0,1,0,0
6496,2,0,0,1,0,0
6497,2,0,0,1,0,0
6498,2,0,0,1,0,0
6499,2,0,0,1,0,0
6500,2,0,0,1,0,0
6501,2,0,0,1,0,0
6502,2,0,0,1,0,0
6503,2,0,0,1,0,0
6504,2,0,0,1,0,0
6505,2,0,0,1,0,0
6506,2,0,0,1,0,0
6507,2,0,0,1,0,0
6508,2,0,0,1,0,0
6509,2,0,0,1,0,0
6510,2,0,0,1,0,0
6511,2,0,0,1,0,0
6512,2,0,0,1,0,0
6513,2,0,0,1,0,0
6514,2,0,0,1,0,0
6515,2,0,0,1,0,0
6516,2,0,0,1,0,0
6517,2,0,0,1,0,0
6518,2,0,0,1,0,0
6519,2,0,0,1,0,0
6520,2,0,0,1,0,0
6521,2,0,0,1,0,0
6522,2,0,0,1,0,0
6523,2,0,0,1,0,0
6524,2,0,0,1,0,0
6525,2,0,0,1,0,0
6526,2,0,0,1,0,0
6527,2,0,0,1,0,0
6528,2,0,0,1,0,0
6529,2,0,0,1,0,0
6530,2,0,0,1,0,0
6531,2,0,0,1,0,0
6532,2,0,0,1,0,0
6533,2,0,0,1,0,0
6534,2,0,0,1,0,0
6535,2,0,0,1,0,0
6536,2,0,0,1,0,0
6537,2,0,0,1,0,0
6538,2,0,0,1,0,0
6539,2,0,0,1,0,0
6540,2,0,0,1,0,0
6541,2,0,0,1,0,0
6542,2,0,0,1,0,0
6543,2,0,0,1,0,0
6544,2,0,0,1,0,0
6545,2,0,0,1,0,0
6546,2,0,0,1,0,0
6547,2,0,0,1,0,0
6548,2,0,0,1,0,0
6549,2,0,0,1,0,0
6550,2,0,0,1,0,0
6551,2,0,0,1,0,0
6552,2,0,0,1,0,0
6553,2,0,0,1,0,0
6554,2,0,0,1,0,0
6555,2,0,0,1,0,0
6556,2,0,0,1,0,0
6557,2,0,0,1,0,0
6558,2,0,0,1,0,0
6559,2,0,0,1,0,0
6560,2,0,0,1,0,0
6561,2,0,0,1,0,0
6562,2,0,0,1,0,0
6563,2,0,0,1,0,0
6564,2,0,0,1,0,0
6565,2,0,0,1,0,0
6566,2,0,0,1,0,0
6567,2,0,0,1,0,0
6568,2,0,0,1,0,0
6569,2,0,0,1,0,0
6570,2,0,0,1,0,0
6571,2,0,0,1,0,0
6572,2,0,0,1,0,0
6573,2,0,0,1,0,0
6574,2,0,0,1,0,0
6575,2,0,0,1,0,0
6576,2,0,0,1,0,0
6577,2,0,0,1,0,0
6578,2,0,0,1,0,0
6579,2,0,0,1,0,0
6580,2,0,0,1,0,0
6581,2,0,0,1,0,0
6582,2,0,0,1,0,0
6583,2,0,0,1,0,0
6584,2,0,0,1,0,0
6585,2,0,0,1,0,0
6586,2,0,0,1,0,0
6587,2,0,0,1,0,0
6588,2,0,0,1,0,0
6589,2,0,0,1,0,0
6590,2,0,0,1,0,0
6591,2,0,0,1,0,0
6592,2,0,0,1,0,0
6593,2,0,0,1,0,0
6594,2,0,0,1,0,0
6595,2,0,0,1,0,0
6596,2,0,0,1,0,0
6597,2,0,0,1,0,0
6598,2,0,0,1,0,0
6599,2,0,0,1,0,0
6600,2,0,0,1,0,0
6601,2,0,0,1,0,0
6602,2,0,0,1,0,0
6603,2,0,0,1,0,0
6604,2,0,0,1,0,0
6605,2,0,0,1,0,0
6606,2,0,0,1,0,0
6607,2,0,0,1,0,0
6608,2,0,0,1,0,0
6609,2,0,0,1,0,0
6610,2,0,0,1,0,0
6611,2,0,0,1,0,0
6612,2,0,0,1,0,0
6613,2,0,0,1,0,0
6614,2,0,0,1,0,0
6615,2,0,0,1,0,0
6616,2,0,0,1,0,0
6617,2,0,0,1,0,0
6618,2,0,0,1,0,0
6619,2,0,0,1,0,0
6620,2,0,0,1,0,0
6621,2,0,0,1,0,0
6622,2,0,0,1,0,0
6623,2,0,0,1,0,0
6624,2,0,0,1,0,0
6625,2,0,0,1,0,0
6626,2,0,0,1,0,0
6627,2,0,0,1,0,0
6628,2,0,0,1,0,0
6629,2,0,0,1,0,0
6630,2,0,0,1,0,0
6631,2,0,0,1,0,0
6632,2,0,0,1,0,0
6633,2,0,0,1,0,0
6634,2,0,0,1,0,0
6635,2,0,0,1,0,0
6636,2,0,0,1,0,0
6637,2,0,0,1,0,0
6638,2,0,0,1,0,0
6639,2,0,0,1,0,0
6640,2,0,0,1,0,0
6641,2,0,0,1,0,0
6642,2,0,0,1,0,0
6643,2,0,0,1,0,0
6644,2,0,0,1,0,0
6645,2,0,0,1,0,0
6646,2,0,0,1,0,0
6647,2,0,0,1,0,0
6648,2,0,0,1,0,0
6649,2,0,0,1,0,0
6650,2,0,0,1,0,0
6651,2,0,0,1,0,0
6652,2,0,0,1,0,0
6653,2,0,0,1,0,0
6654,2,0,0,1,0,0
6655,2,0,0,1,0,0
6656,2,0,0,1,0,0
6657,2,0,0,1,0,0
6658,2,0,0,1,0,0
6659,2,0,0,1,0,0
6660,2,0,0,1,0,0
6661,2,0,0,1,0,0
6662,2,0,0,1,0,0
6663,2,0,0,1,0,0
6664,2,0,0,1,0,0
6665,2,0,0,1,0,0
6666,2,0,0,1,0,0
6667,2,0,0,1,0,0
6668,2,0,0,1,0,0
6669,2,0,0,1,0,0
6670,2,0,0,1,0,0
6671,2,0,0,1,0,0
6672,2,0,0,1,0,0
6673,2,0,0,1,0,0
6674,2,0,0,1,0,0
6675,2,0,0,1,0,0
6676,2,0,0,1,0,0
6677,2,0,0,1,0,0
6678,2,0,0,1,0,0
6679,2,0,0,1,0,0
6680,2,0,0,1,0,0
6681,2,0,0,1,0,0
6682,2,0,0,1,0,0
6683,2,0,0,1,0,0
6684,2,0,0,1,0,0
6685,2,0,0,1,0,0
6686,2,0,0,1,0,0
6687,2,0,0,1,0,0
6688,2,0,0,1,0,0
6689,2,0,0,1,0,0
6690,2,0,0,1,0,0
6691,2,0,0,1,0,0
6692,2,0,0,1,0,0
6693,2,0,0,1,0,0
6694,2,0,0,1,0,0
6695,2,0,0,1,0,0
6696,2,0,0,1,0,0
6697,2,0,0,1,0,0
6698,2,0,0,1,0,0
6699,2,0,0,1,0,0
6700,2,0,0,1,0,0
6701,2,0,0,1,0,0
6702,2,0,0,1,0,0
6703,2,0,0,1,0,0
6704,2,0,0,1,0,0
6705,2,0,0,1,0,0
6706,2,0,0,1,0,0
6707,2,0,0,1,0,0
6708,2,0,0,1,0,0
6709,2,0,0,1,0,0
6710,2,0,0,1,0,0
6711,2,0,0,1,0,0
6712,2,0,0,1,0,0
6713,2,0,0,1,0,0
6714,2,0,0,1,0,0
6715,2,0,0,1,0,0
6716,2,0,0,1,0,0
6717,2,0,0,1,0,0
6718,2,0,0,1,0,0
6719,2,0,0,1,0,0
6720,2,0,0,1,0,0
6721,2,0,0,1,0,0
6722,2,0,0,1,0,0
6723,2,0,0,1,0,0
6724,2,0,0,1,0,0
6725,2,0,0,1,0,0
6726,2,0,0,1,0,0
6727,2,0,0,1,0,0
6728,2,0,0,1,0,0
6729,2,0,0,1,0,0
6730,2,0,0,1,0,0
6731,2,0,0,1,0,0
6732,2,0,0,1,0,0
6733,2,0,0,1,0,0
6734,2,0,0,1,0,0
6735,2,0,0,1,0,0
6736,2,0,0,1,0,0
6737,2,0,0,1,0,0
6738,2,0,0,1,0,0
6739,2,0,0,1,0,0
6740,2,0,0,1,0,0
6741,2,0,0,1,0,0
6742,2,0,0,1,0,0
6743,2,0,0,1,0,0
6744,2,0,0,1,0,0
6745,2,0,0,1,0,0
6746,2,0,0,1,0,0
6747,2,0,0,1,0,0
6748,2,0,0,1,0,0
6749,2,0,0,1,0,0
6750,2,0,0,1,0,0
6751,2,0,0,1,0,0
6752,2,0,0,1,0,0
6753,2,0,0,1,0,0
6754,2,0,0,1,0,0
6755,2,0,0,1,0,0
6756,2,0,0,1,0,0
6757,2,0,0,1,0,0
6758,2,0,0,1,0,0
6759,2,0,0,1,0,0
6760,2,0,0,1,0,0
6761,2,0,0,1,0,0
6762,2,0,0,1,0,0
6763,2,0,0,1,0,0
6764,2,0,0,1,0,0
6765,2,0,0,1,0,0
6766,2,0,0,1,0,0
6767,2,0,0,1,0,0
6768,2,0,0,1,0,0
6769,2,0,0,1,0,0
6770,2,0,0,1,0,0
6771,2,0,0,1,0,0
6772,2,0,0,1,0,0
6773,2,0,0,1,0,0
6774,2,0,0,1,0,0
6775,2,0,0,1,0,0
6776,2,0,0,1,0,0
6777,2,0,0,1,0,0
6778,2,0,0,1,0,0
6779,2,0,0,1,0,0
6780,2,0,0,1,0,0
6781,2,0,0,1,0,0
6782,2,0,0,1,0,0
6783,2,0,0,1,0,0
6784,2,0,0,1,0,0
6785,2,0,0,1,0,0
6786,2,0,0,1,0,0
6787,2,0,0,1,0,0
6788,2,0,0,1,0,0
6789,2,0,0,1,0,0
6790,2,0,0,1,0,0
6791,2,0,0,1,0,0
6792,2,0,0,1,0,0
6793,2,0,0,1,0,0
6794,2,0,0,1,0,0
6795,2,0,0,1,0,0
6796,2,0,0,1,0,0
6797,2,0,0,1,0,0
6798,2,0,0,1,0,0
6799,2,0,0,1,0,0
6800,2,0,0,1,0,0
6801,2,0,0,1,0,0
6802,2,0,0,1,0,0
6803,2,0,0,1,0,0
6804,2,0,0,1,0,0
6805,2,0,0,1,0,0
6806,2,0,0,1,0,0
6807,2,0,0,1,0,0
6808,2,0,0,1,0,0
6809,2,0,0,1,0,0
6810,2,0,0,1,0,0
6811,2,0,0,1,0,0
6812,2,0,0,1,0,0
6813,2,0,0,1,0,0
6814,2,0,0,1,0,0
6815,2,0,0,1,0,0
6816,2,0,0,1,0,0
6817,2,0,0,1,0,0
6818,2,0,0,1,0,0
6819,2,0,0,1,0,0
6820,2,0,0,1,0,0
6821,2,0,0,1,0,0
6822,2,0,0,1,0,0
6823,2,0,0,1,0,0
6824,2,0,0,1,0,0
6825,2,0,0,1,0,0
6826,2,0,0,1,0,0
6827,2,0,0,1,0,0
6828,2,0,0,1,0,0
6829,2,0,0,1,0,0
6830,2,0,0,1,0,0
6831,2,0,0,1,0,0
6832,2,0,0,1,0,0
6833,2,0,0,1,0,0
6834,2,0,0,1,0,0
6835,2,0,0,1,0,0
6836,2,0,0,1,0,0
6837,2,0,0,1,0,0
6838,2,0,0,1,0,0
6839,2,0,0,1,0,0
6840,2,0,0,1,0,0
6841,2,0,0,1,0,0
6842,2,0,0,1,0,0
6843,2,0,0,1,0,0
6844,2,0,0,1,0,0
6845,2,0,0,1,0,0
6846,2,0,0,1,0,0
6847,2,0,0,1,0,0
6848,2,0,0,1,0,0
6849,2,0,0,1,0,0
6850,2,0,0,1,0,0
6851,2,0,0,1,0,0
6852,2,0,0,1,0,0
6853,2,0,0,1,0,0
6854,2,0,0,1,0,0
6855,2,0,0,1,0,0
6856,2,0,0,1,0,0
6857,2,0,0,1,0,0
6858,2,0,0,1,0,0
6859,2,0,0,1,0,0
6860,2,0,0,1,0,0
6861,2,0,0,1,0,0
6862,2,0,0,1,0,0
6863,2,0,0,1,0,0
6864,2,0,0,1,0,0
6865,2,0,0,1,0,0
6866,2,0,0,1,0,0
6867,2,0,0,1,0,0
6868,2,0,0,1,0,0
6869,2,0,0,1,0,0
6870,2,0,0,1,0,0
6871,2,0,0,1,0,0
6872,2,0,0,1,0,0
6873,2,0,0,1,0,0
6874,2,0,0,1,0,0
6875,2,0,0,1,0,0
6876,2,0,0,1,0,0
6877,2,0,0,1,0,0
6878,2,0,0,1,0,0
6879,2,0,0,1,0,0
6880,2,0,0,1,0,0
6881,2,0,0,1,0,0
6882,2,0,0,1,0,0
6883,2,0,0,1,0,0
6884,2,0,0,1,0,0
6885,2,0,0,1,0,0
6886,2,0,0,1,0,0
6887,2,0,0,1,0,0
6888,2,0,0,1,0,0
6889,2,0,0,1,0,0
6890,2,0,0,1,0,0
6891,2,0,0,1,0,0
6892,2,0,0,1,0,0
6893,2,0,0,1,0,0
6894,2,0,0,1,0,0
6895,2,0,0,1,0,0
6896,2,0,0,1,0,0
6897,2,0,0,1,0,0
6898,2,0,0,1,0,0
6899,2,0,0,1,0,0
6900,2,0,0,1,0,0
6901,2,0,0,1,0,0
6902,2,0,0,1,0,0
6903,2,0,0,1,0,0
6904,2,0,0,1,0,0
6905,2,0,0,1,0,0
6906,2,0,0,1,0,0
6907,2,0,0,1,0,0
6908,2,0,0,1,0,0
6909,2,0,0,1,0,0
6910,2,0,0,1,0,0
6911,2,0,0,1,0,0
6912,2,0,0,1,0,0
6913,2,0,0,1,0,0
6914,2,0,0,1,0,0
6915,2,0,0,1,0,0
6916,2,0,0,1,0,0
6917,2,0,0,1,0,0
6918,2,0,0,1,0,0
6919,2,0,0,1,0,0
6920,2,0,0,1,0,0
6921,2,0,0,1,0,0
6922,2,0,0,1,0,0
6923,2,0,0,1,0,0
6924,2,0,0,1,0,0
6925,2,0,0,1,0,0
6926,2,0,0,1,0,0
6927,2,0,0,1,0,0
6928,2,0,0,1,0,0
6929,2,0,0,1,0,0
6930,2,0,0,1,0,0
6931,2,0,0,1,0,0
6932,2,0,0,1,0,0
6933,2,0,0,1,0,0
6934,2,0,0,1,0,0
6935,2,0,0,1,0,0
6936,2,0,0,1,0,0
6937,2,0,0,1,0,0
6938,2,0,0,1,0,0
6939,2,0,0,1,0,0
6940,2,0,0,1,0,0
6941,2,0,0,1,0,0
6942,2,0,0,1,0,0
6943,2,0,0,1,0,0
6944,2,0,0,1,0,0
6945,2,0,0,1,0,0
6946,2,0,0,1,0,0
6947,2,0,0,1,0,0
6948,2,0,0,1,0,0
6949,2,0,0,1,0,0
6950,2,0,0,1,0,0
6951,2,0,0,1,0,0
6952,2,0,0,1,0,0
6953,2,0,0,1,0,0
6954,2,0,0,1,0,0
6955,2,0,0,1,0,0
6956,2,0,0,1,0,0
6957,2,0,0,1,0,0
6958,2,0,0,1,0,0
6959,2,0,0,1,0,0
6960,2,0,0,1,0,0
6961,2,0,0,1,0,0
6962,2,0,0,1,0,0
6963,2,0,0,1,0,0
6964,2,0,0,1,0,0
6965,2,0,0,1,0,0
6966,2,0,0,1,0,0
6967,2,0,0,1,0,0
6968,2,0,0,1,0,0
6969,2,0,0,1,0,0
6970,2,0,0,1,0,0
6971,2,0,0,1,0,0
6972,2,0,0,1,0,0
6973,2,0,0,1,0,0
6974,2,0,0,1,0,0
6975,2,0,0,1,0,0
6976,2,0,0,1,0,0
6977,2,0,0,1,0,0
6978,2,0,0,1,0,0
6979,2,0,0,1,0,0
6980,2,0,0,1,0,0
6981,2,0,0,1,0,0
6982,2,0,0,1,0,0
6983,2,0,0,1,0,0
6984,2,0,0,1,0,0
6985,2,0,0,1,0,0
6986,2,0,0,1,0,0
6987,2,0,0,1,0,0
6988,2,0,0,1,0,0
6989,2,0,0,1,0,0
6990,2,0,0,1,0,0
6991,2,0,0,1,0,0
6992,2,0,0,1,0,0
6993,2,0,0,1,0,0
6994,2,0,0,1,0,0
6995,2,0,0,1,0,0
6996,2,0,0,1,0,0
6997,2,0,0,1,0,0
6998,2,0,0,1,0,0
6999,2,0,0,1,0,0
7000,2,0,0,1,0,0
7001,2,0,0,1,0,0
7002,2,0,0,1,0,0
7003,2,0,0,1,0,0
7004,2,0,0,1,0,0
7005,2,0,0,1,0,0
7006,2,0,0,1,0,0
7007,2,0,0,1,0,0
7008,2,0,0,1,0,0
7009,2,0,0,1,0,0
7010,2,0,0,1,0,0
7011,2,0,0,1,0,0
7012,2,0,0,1,0,0
7013,2,0,0,1,0,0
7014,2,0,0,1,0,0
7015,2,0,0,1,0,0
7016,2,0,0,1,0,0
7017,2,0,0,1,0,0
7018,2,0,0,1,0,0
7019,2,0,0,1,0,0
7020,2,0,0,1,0,0
7021,2,0,0,1,0,0
7022,2,0,0,1,0,0
7023,2,0,0,1,0,0
7024,2,0,0,1,0,0
7025,2,0,0,1,0,0
7026,2,0,0,1,0,0
7027,2,0,0,1,0,0
7028,2,0,0,1,0,0
7029,2,0,0,1,0,0
7030,2,0,0,1,0,0
7031,2,0,0,1,0,0
7032,2,0,0,1,0,0
7033,2,0,0,1,0,0
7034,2,0,0,1,0,0
7035,2,0,0,1,0,0
7036,2,0,0,1,0,0
7037,2,0,0,1,0,0
7038,2,0,0,1,0,0
7039,2,0,0,1,0,0
7040,2,0,0,1,0,0
7041,2,0,0,1,0,0
7042,2,0,0,1,0,0
7043,2,0,0,1,0,0
7044,2,0,0,1,0,0
7045,2,0,0,1,0,0
7046,2,0,0,1,0,0
7047,2,0,0,1,0,0
7048,2,0,0,1,0,0
7049,2,0,0,1,0,0
7050,2,0,0,1,0,0
7051,2,0,0,1,0,0
7052,2,0,0,1,0,0
7053,2,0,0,1,0,0
7054,2,0,0,1,0,0
7055,2,0,0,1,0,0
7056,2,0,0,1,0,0
7057,2,0,0,1,0,0
7058,2,0,0,1,0,0
7059,2,0,0,1,0,0
7060,2,0,0,1,0,0
7061,2,0,0,1,0,0
7062,2,0,0,1,0,0
7063,2,0,0,1,0,0
7064,2,0,0,1,0,0
7065,2,0,0,1,0,0
7066,2,0,0,1,0,0
7067,2,0,0,1,0,0
7068,2,0,0,1,0,0
7069,2,0,0,1,0,0
7070,2,0,0,1,0,0
7071,2,0,0,1,0,0
7072,2,0,0,1,0,0
7073,2,0,0,1,0,0
7074,2,0,0,1,0,0
7075,2,0,0,1,0,0
7076,2,0,0,1,0,0
7077,2,0,0,1,0,0
7078,2,0,0,1,0,0
7079,2,0,0,1,0,0
7080,2,0,0,1,0,0
7081,2,0,0,1,0,0
7082,2,0,0,1,0,0
7083,2,0,0,1,0,0
7084,2,0,0,1,0,0
7085,2,0,0,1,0,0
7086,2,0,0,1,0,0
7087,2,0,0,1,0,0
7088,2,0,0,1,0,0
7089,2,0,0,1,0,0
7090,2,0,0,1,0,0
7091,2,0,0,1,0,0
7092,2,0,0,1,0,0
7093,2,0,0,1,0,0
7094,2,0,0,1,0,0
7095,2,0,0,1,0,0
7096,2,0,0,1,0,0
7097,2,0,0,1,0,0
7098,2,0,0,1,0,0
7099,2,0,0,1,0,0
7100,2,0,0,1,0,0
7101,2,0,0,1,0,0
7102,2,0,0,1,0,0
7103,2,0,0,1,0,0
7104,2,0,0,1,0,0
7105,2,0,0,1,0,0
7106,2,0,0,1,0,0
7107,2,0,0,1,0,0
7108,2,0,0,1,0,0
7109,2,0,0,1,0,0
7110,2,0,0,1,0,0
7111,2,0,0,1,0,0
7112,2,0,0,1,0,0
7113,2,0,0,1,0,0
7114,2,0,0,1,0,0
7115,2,0,0,1,0,0
7116,2,0,0,1,0,0
7117,2,0,0,1,0,0
7118,2,0,0,1,0,0
7119,2,0,0,1,0,0
7120,2,0,0,1,0,0
7121,2,0,0,1,0,0
7122,2,0,0,1,0,0
7123,2,0,0,1,0,0
7124,2,0,0,1,0,0
7125,2,0,0,1,0,0
7126,2,0,0,1,0,0
7127,2,0,0,1,0,0
7128,2,0,0,1,0,0
7129,2,0,0,1,0,0
7130,2,0,0,1,0,0
7131,2,0,0,1,0,0
7132,2,0,0,1,0,0
7133,2,0,0,1,0,0
7134,2,0,0,1,0,0
7135,2,0,0,1,0,0
7136,2,0,0,1,0,0
7137,2,0,0,1,0,0
7138,2,0,0,1,0,0
7139,2,0,0,1,0,0
7140,2,0,0,1,0,0
7141,2,0,0,1,0,0
7142,2,0,0,1,0,0
7143,2,0,0,1,0,0
7144,2,0,0,1,0,0
7145,2,0,0,1,0,0
7146,2,0,0,1,0,0
7147,2,0,0,1,0,0
7148,2,0,0,1,0,0
7149,2,0,0,1,0,0
7150,2,0,0,1,0,0
7151,2,0,0,1,0,0
7152,2,0,0,1,0,0
7153,2,0,0,1,0,0
7154,2,0,0,1,0,0
7155,2,0,0,1,0,0
7156,2,0,0,1,0,0
7157,2,0,0,1,0,0
7158,2,0,0,1,0,0
7159,2,0,0,1,0,0
7160,2,0,0,1,0,0
7161,2,0,0,1,0,0
7162,2,0,0,1,0,0
7163,2,0,0,1,0,0
7164,2,0,0,1,0,0
7165,2,0,0,1,0,0
7166,2,0,0,1,0,0
7167,2,0,0,1,0,0
7168,2,0,0,1,0,0
7169,2,0,0,1,0,0
7170,2,0,0,1,0,0
7171,2,0,0,1,0,0
7172,2,0,0,1,0,0
7173,2,0,0,1,0,0
7174,2,0,0,1,0,0
7175,2,0,0,1,0,0
7176,2,0,0,1,0,0
7177,2,0,0,1,0,0
7178,2,0,0,1,0,0
7179,2,0,0,1,0,0
7180,2,0,0,1,0,0
7181,2,0,0,1,0,0
7182,2,0,0,1,0,0
7183,2,0,0,1,0,0
7184,2,0,0,1,0,0
7185,2,0,0,1,0,0
7186,2,0,0,1,0,0
7187,2,0,0,1,0,0
7188,2,0,0,1,0,0
7189,2,0,0,1,0,0
7190,2,0,0,1,0,0
7191,2,0,0,1,0,0
7192,2,0,0,1,0,0
7193,2,0,0,1,0,0
7194,2,0,0,1,0,0
7195,2,0,0,1,0,0
7196,2,0,0,1,0,0
7197,2,0,0,1,0,0
7198,2,0,0,1,0,0
7199,2,0,0,1,0,0
7200,2,0,0,1,0,0
7201,2,0,0,1,0,0
7202,2,0,0,1,0,0
7203,2,0,0,1,0,0
7204,2,0,0,1,0,0
7205,2,0,0,1,0,0
7206,2,0,0,1,0,0
7207,2,0,0,1,0,0
7208,2,0,0,1,0,0
7209,2,0,0,1,0,0
7210,2,0,0,1,0,0
7211,2,0,0,1,0,0
7212,2,0,0,1,0,0
7213,2,0,0,1,0,0
7214,2,0,0,1,0,0
7215,2,0,0,1,0,0
7216,2,0,0,1,0,0
7217,2,0,0,1,0,0
7218,2,0,0,1,0,0
7219,2,0,0,1,0,0
7220,2,0,0,1,0,0
7221,2,0,0,1,0,0
7222,2,0,0,1,0,0
7223,2,0,0,1,0,0
7224,2,0,0,1,0,0
7225,2,0,0,1,0,0
7226,2,0,0,1,0,0
7227,2,0,0,1,0,0
7228,2,0,0,1,0,0
7229,2,0,0,1,0,0
7230,2,0,0,1,0,0
7231,2,0,0,1,0,0
7232,2,0,0,1,0,0
7233,2,0,0,1,0,0
7234,2,0,0,1,0,0
7235,2,0,0,1,0,0
7236,2,0,0,1,0,0
7237,2,0,0,1,0,0
7238,2,0,0,1,0,0
7239,2,0,0,1,0,0
7240,2,0,0,1,0,0
7241,2,0,0,1,0,0
7242,2,0,0,1,0,0
7243,2,0,0,1,0,0
7244,2,0,0,1,0,0
7245,2,0,0,1,0,0
7246,2,0,0,1,0,0
7247,2,0,0,1,0,0
7248,2,0,0,1,0,0
7249,2,0,0,1,0,0
7250,2,0,0,1,0,0
7251,2,0,0,1,0,0
7252,2,0,0,1,0,0
7253,2,0,0,1,0,0
7254,2,0,0,1,0,0
7255,2,0,0,1,0,0
7256,2,0,0,1,0,0
7257,2,0,0,1,0,0
7258,2,0,0,1,0,0
7259,2,0,0,1,0,0
7260,2,0,0,1,0,0
7261,2,0,0,1,0,0
7262,2,0,0,1,0,0
7263,2,0,0,1,0,0
7264,2,0,0,1,0,0
7265,2,0,0,1,0,0
7266,2,0,0,1,0,0
7267,2,0,0,1,0,0
7268,2,0,0,1,0,0
7269,2,0,0,1,0,0
7270,2,0,0,1,0,0
7271,2,0,0,1,0,0
7272,2,0,0,1,0,0
7273,2,0,0,1,0,0
7274,2,0,0,1,0,0
7275,2,0,0,1,0,0
7276,2,0,0,1,0,0
7277,2,0,0,1,0,0
7278,2,0,0,1,0,0
7279,2,0,0,1,0,0
7280,2,0,0,1,0,0
7281,2,0,0,1,0,0
7282,2,0,0,1,0,0
7283,2,0,0,1,0,0
7284,2,0,0,1,0,0
7285,2,0,0,1,0,0
7286,2,0,0,1,0,0
7287,2,0,0,1,0,0
7288,2,0,0,1,0,0
7289,2,0,0,1,0,0
7290,2,0,0,1,0,0
7291,2,0,0,1,0,0
7292,2,0,0,1,0,0
7293,2,0,0,1,0,0
7294,2,0,0,1,0,0
7295,2,0,0,1,0,0
7296,2,0,0,1,0,0
7297,2,0,0,1,0,0
7298,2,0,0,1,0,0
7299,2,0,0,1,0,0
7300,2,0,0,1,0,0
7301,2,0,0,1,0,0
7302,2,0,0,1,0,0
7303,2,0,0,1,0,0
7304,2,0,0,1,0,0
7305,2,0,0,1,0,0
7306,2,0,0,1,0,0
7307,2,0,0,1,0,0
7308,2,0,0,1,0,0
7309,2,0,0,1,0,0
7310,2,0,0,1,0,0
7311,2,0,0,1,0,0
7312,2,0,0,1,0,0
7313,2,0,0,1,0,0
7314,2,0,0,1,0,0
7315,2,0,0,1,0,0
7316,2,0,0,1,0,0
7317,2,0,0,1,0,0
7318,2,0,0,1,0,0
7319,2,0,0,1,0,0
7320,2,0,0,1,0,0
7321,2,0,0,1,0,0
7322,2,0,0,1,0,0
7323,2,0,0,1,0,0
7324,2,0,0,1,0,0
7325,2,0,0,1,0,0
7326,2,0,0,1,0,0
7327,2,0,0,1,0,0
7328,2,0,0,1,0,0
7329,2,0,0,1,0,0
7330,2,0,0,1,0,0
7331,2,0,0,1,0,0
7332,2,0,0,1,0,0
7333,2,0,0,1,0,0
7334,2,0,0,1,0,0
7335,2,0,0,1,0,0
7336,2,0,0,1,0,0
7337,2,0,0,1,0,0
7338,2,0,0,1,0,0
7339,2,0,0,1,0,0
7340,2,0,0,1,0,0
7341,2,0,0,1,0,0
7342,2,0,0,1,0,0
7343,2,0,0,1,0,0
7344,2,0,0,1,0,0
7345,2,0,0,1,0,0
7346,2,0,0,1,0,0
7347,2,0,0,1,0,0
7348,2,0,0,1,0,0
7349,2,0,0,1,0,0
7350,2,0,0,1,0,0
7351,2,0,0,1,0,0
7352,2,0,0,1,0,0
7353,2,0,0,1,0,0
7354,2,0,0,1,0,0
7355,2,0,0,1,0,0
7356,2,0,0,1,0,0
7357,2,0,0,1,0,0
7358,2,0,0,1,0,0
7359,2,0,0,1,0,0
7360,2,0,0,1,0,0
7361,2,0,0,1,0,0
7362,2,0,0,1,0,0
7363,2,0,0,1,0,0
7364,2,0,0,1,0,0
7365,2,0,0,1,0,0
7366,2,0,0,1,0,0
7367,2,0,0,1,0,0
7368,2,0,0,1,0,0
7369,2,0,0,1,0,0
7370,2,0,0,1,0,0
7371,2,0,0,1,0,0
7372,2,0,0,1,0,0
7373,2,0,0,1,0,0
7374,2,0,0,1,0,0
7375,2,0,0,1,0,0
7376,2,0,0,1,0,0
7377,2,0,0,1,0,0
7378,2,0,0,1,0,0
7379,2,0,0,1,0,0
7380,2,0,0,1,0,0
7381,2,0,0,1,0,0
7382,2,0,0,1,0,0
7383,2,0,0,1,0,0
7384,2,0,0,1,0,0
7385,2,0,0,1,0,0
7386,2,0,0,1,0,0
7387,2,0,0,1,0,0
7388,2,0,0,1,0,0
7389,2,0,0,1,0,0
7390,2,0,0,1,0,0
7391,2,0,0,1,0,0
7392,2,0,0,1,0,0
7393,2,0,0,1,0,0
7394,2,0,0,1,0,0
7395,2,0,0,1,0,0
7396,2,0,0,1,0,0
7397,2,0,0,1,0,0
7398,2,0,0,1,0,0
7399,2,0,0,1,0,0
7400,2,0,0,1,0,0
7401,2,0,0,1,0,0
7402,2,0,0,1,0,0
7403,2,0,0,1,0,0
7404,2,0,0,1,0,0
7405,2,0,0,1,0,0
7406,2,0,0,1,0,0
7407,2,0,0,1,0,0
7408,2,0,0,1,0,0
7409,2,0,0,1,0,0
7410,2,0,0,1,0,0
7411,2,0,0,1,0,0
7412,2,0,0,1,0,0
7413,2,0,0,1,0,0
7414,2,0,0,1,0,0
7415,2,0,0,1,0,0
7416,2,0,0,1,0,0
7417,2,0,0,1,0,0
7418,2,0,0,1,0,0
7419,2,0,0,1,0,0
7420,2,0,0,1,0,0
7421,2,0,0,1,0,0
7422,2,0,0,1,0,0
7423,2,0,0,1,0,0
7424,2,0,0,1,0,0
7425,2,0,0,1,0,0
7426,2,0,0,1,0,0
7427,2,0,0,1,0,0
7428,2,0,0,1,0,0
7429,2,0,0,1,0,0
7430,2,0,0,1,0,0
7431,2,0,0,1,0,0
7432,2,0,0,1,0,0
7433,2,0,0,1,0,0
7434,2,0,0,1,0,0
7435,2,0,0,1,0,0
7436,2,0,0,1,0,0
7437,2,0,0,1,0,0
7438,2,0,0,1,0,0
7439,2,0,0,1,0,0
7440,2,0,0,1,0,0
7441,2,0,0,1,0,0
7442,2,0,0,1,0,0
7443,2,0,0,1,0,0
7444,2,0,0,1,0,0
7445,2,0,0,1,0,0
7446,2,0,0,1,0,0
7447,2,0,0,1,0,0
7448,2,0,0,1,0,0
7449,2,0,0,1,0,0
7450,2,0,0,1,0,0
7451,2,0,0,1,0,0
7452,2,0,0,1,0,0
7453,2,0,0,1,0,0
7454,2,0,0,1,0,0
7455,2,0,0,1,0,0
7456,2,0,0,1,0,0
7457,2,0,0,1,0,0
7458,2,0,0,1,0,0
7459,2,0,0,1,0,0
7460,2,0,0,1,0,0
7461,2,0,0,1,0,0
7462,2,0,0,1,0,0
7463,2,0,0,1,0,0
7464,2,0,0,1,0,0
7465,2,0,0,1,0,0
7466,2,0,0,1,0,0
7467,2,0,0,1,0,0
7468,2,0,0,1,0,0
7469,2,0,0,1,0,0
7470,2,0,0,1,0,0
7471,2,0,0,1,0,0
7472,2,0,0,1,0,0
7473,2,0,0,1,0,0
7474,2,0,0,1,0,0
7475,2,0,0,1,0,0
7476,2,0,0,1,0,0
7477,2,0,0,1,0,0
7478,2,0,0,1,0,0
7479,2,0,0,1,0,0
7480,2,0,0,1,0,0
7481,2,0,0,1,0,0
7482,2,0,0,1,0,0
7483,2,0,0,1,0,0
7484,2,0,0,1,0,0
7485,2,0,0,1,0,0
7486,2,0,0,1,0,0
7487,2,0,0,1,0,0
7488,2,0,0,1,0,0
7489,2,0,0,1,0,0
7490,2,0,0,1,0,0
7491,2,0,0,1,0,0
7492,2,0,0,1,0,0
7493,2,0,0,1,0,0
7494,2,0,0,1,0,0
7495,2,0,0,1,0,0
7496,2,0,0,1,0,0
7497,2,0,0,1,0,0
7498,2,0,0,1,0,0
7499,2,0,0,1,0,0
7500,2,0,0,1,0,0
7501,2,0,0,1,0,0
7502,2,0,0,1,0,0
7503,2,0,0,1,0,0
7504,2,0,0,1,0,0
7505,2,0,0,1,0,0
7506,2,0,0,1,0,0
7507,2,0,0,1,0,0
7508,2,0,0,1,0,0
7509,2,0,0,1,0,0
7510,2,0,0,1,0,0
7511,2,0,0,1,0,0
7512,2,0,0,1,0,0
7513,2,0,0,1,0,0
7514,2,0,0,1,0,0
7515,2,0,0,1,0,0
7516,2,0,0,1,0,0
7517,2,0,0,1,0,0
7518,2,0,0,1,0,0
7519,2,0,0,1,0,0
7520,2,0,0,1,0,0
7521,2,0,0,1,0,0
7522,2,0,0,1,0,0
7523,2,0,0,1,0,0
7524,2,0,0,1,0,0
7525,2,0,0,1,0,0
7526,2,0,0,1,0,0
7527,2,0,0,1,0,0
7528,2,0,0,1,0,0
7529,2,0,0,1,0,0
7530,2,0,0,1,0,0
7531,2,0,0,1,0,0
7532,2,0,0,1,0,0
7533,2,0,0,1,0,0
7534,2,0,0,1,0,0
7535,2,0,0,1,0,0
7536,2,0,0,1,0,0
7537,2,0,0,1,0,0
7538,2,0,0,1,0,0
7539,2,0,0,1,0,0
7540,2,0,0,1,0,0
7541,2,0,0,1,0,0
7542,2,0,0,1,0,0
7543,2,0,0,1,0,0
7544,2,0,0,1,0,0
7545,2,0,0,1,0,0
7546,2,0,0,1,0,0
7547,2,0,0,1,0,0
7548,2,0,0,1,0,0
7549,2,0,0,1,0,0
7550,2,0,0,1,0,0
7551,2,0,0,1,0,0
7552,2,0,0,1,0,0
7553,2,0,0,1,0,0
7554,2,0,0,1,0,0
7555,2,0,0,1,0,0
7556,2,0,0,1,0,0
7557,2,0,0,1,0,0
7558,2,0,0,1,0,0
7559,2,0,0,1,0,0
7560,2,0,0,1,0,0
7561,2,0,0,1,0,0
7562,2,0,0,1,0,0
7563,2,0,0,1,0,0
7564,2,0,0,1,0,0
7565,2,0,0,1,0,0
7566,2,0,0,1,0,0
7567,2,0,0,1,0,0
7568,2,0,0,1,0,0
7569,2,0,0,1,0,0
7570,2,0,0,1,0,0
7571,2,0,0,1,0,0
7572,2,0,0,1,0,0
7573,2,0,0,1,0,0
7574,2,0,0,1,0,0
7575,2,0,0,1,0,0
7576,2,0,0,1,0,0
7577,2,0,0,1,0,0
7578,2,0,0,1,0,0
7579,2,0,0,1,0,0
7580,2,0,0,1,0,0
7581,2,0,0,1,0,0
7582,2,0,0,1,0,0
7583,2,0,0,1,0,0
7584,2,0,0,1,0,0
7585,2,0,0,1,0,0
7586,2,0,0,1,0,0
7587,2,0,0,1,0,0
7588,2,0,0,1,0,0
7589,2,0,0,1,0,0
7590,2,0,0,1,0,0
7591,2,0,0,1,0,0
7592,2,0,0,1,0,0
7593,2,0,0,1,0,0
7594,2,0,0,1,0,0
7595,2,0,0,1,0,0
7596,2,0,0,1,0,0
7597,2,0,0,1,0,0
7598,2,0,0,1,0,0
7599,2,0,0,1,0,0
7600,2,0,0,1,0,0
7601,2,0,0,1,0,0
7602,2,0,0,1,0,0
7603,2,0,0,1,0,0
7604,2,0,0,1,0,0
7605,2,0,0,1,0,0
7606,2,0,0,1,0,0
7607,2,0,0,1,0,0
7608,2,0,0,1,0,0
7609,2,0,0,1,0,0
7610,2,0,0,1,0,0
7611,2,0,0,1,0,0
7612,2,0,0,1,0,0
7613,2,0,0,1,0,0
7614,2,0,0,1,0,0
7615,2,0,0,1,0,0
7616,2,0,0,1,0,0
7617,2,0,0,1,0,0
7618,2,0,0,1,0,0
7619,2,0,0,1,0,0
7620,2,0,0,1,0,0
7621,2,0,0,1,0,0
7622,2,0,0,1,0,0
7623,2,0,0,1,0,0
7624,2,0,0,1,0,0
7625,2,0,0,1,0,0
7626,2,0,0,1,0,0
7627,2,0,0,1,0,0
7628,2,0,0,1,0,0
7629,2,0,0,1,0,0
7630,2,0,0,1,0,0
7631,2,0,0,1,0,0
7632,2,0,0,1,0,0
7633,2,0,0,1,0,0
7634,2,0,0,1,0,0
7635,2,0,0,1,0,0
7636,2,0,0,1,0,0
7637,2,0,0,1,0,0
7638,2,0,0,1,0,0
7639,2,0,0,1,0,0
7640,2,0,0,1,0,0
7641,2,0,0,1,0,0
7642,2,0,0,1,0,0
7643,2,0,0,1,0,0
7644,2,0,0,1,0,0
7645,2,0,0,1,0,0
7646,2,0,0,1,0,0
7647,2,0,0,1,0,0
7648,2,0,0,1,0,0
7649,2,0,0,1,0,0
7650,2,0,0,1,0,0
7651,2,0,0,1,0,0
7652,2,0,0,1,0,0
7653,2,0,0,1,0,0
7654,2,0,0,1,0,0
7655,2,0,0,1,0,0
7656,2,0,0,1,0,0
7657,2,0,0,1,0,0
7658,2,0,0,1,0,0
7659,2,0,0,1,0,0
7660,2,0,0,1,0,0
7661,2,0,0,1,0,0
7662,2,0,0,1,0,0
7663,2,0,0,1,0,0
7664,2,0,0,1,0,0
7665,2,0,0,1,0,0
7666,2,0,0,1,0,0
7667,2,0,0,1,0,0
7668,2,0,0,1,0,0
7669,2,0,0,1,0,0
7670,2,0,0,1,0,0
7671,2,0,0,1,0,0
7672,2,0,0,1,0,0
7673,2,0,0,1,0,0
7674,2,0,0,1,0,0
7675,2,0,0,1,0,0
7676,2,0,0,1,0,0
7677,2,0,0,1,0,0
7678,2,0,0,1,0,0
7679,2,0,0,1,0,0
7680,2,0,0,1,0,0
7681,2,0,0,1,0,0
7682,2,0,0,1,0,0
7683,2,0,0,1,0,0
7684,2,0,0,1,0,0
7685,2,0,0,1,0,0
7686,2,0,0,1,0,0
7687,2,0,0,1,0,0
7688,2,0,0,1,0,0
7689,2,0,0,1,0,0
7690,2,0,0,1,0,0
7691,2,0,0,1,0,0
7692,2,0,0,1,0,0
7693,2,0,0,1,0,0
7694,2,0,0,1,0,0
7695,2,0,0,1,0,0
7696,2,0,0,1,0,0
7697,2,0,0,1,0,0
7698,2,0,0,1,0,0
7699,2,0,0,1,0,0
7700,2,0,0,1,0,0
7701,2,0,0,1,0,0
7702,2,0,0,1,0,0
7703,2,0,0,1,0,0
7704,2,0,0,1,0,0
7705,2,0,0,1,0,0
7706,2,0,0,1,0,0
7707,2,0,0,1,0,0
7708,2,0,0,1,0,0
7709,2,0,0,1,0,0
7710,2,0,0,1,0,0
7711,2,0,0,1,0,0
7712,2,0,0,1,0,0
7713,2,0,0,1,0,0
7714,2,0,0,1,0,0
7715,2,0,0,1,0,0
7716,2,0,0,1,0,0
7717,2,0,0,1,0,0
7718,2,0,0,1,0,0
7719,2,0,0,1,0,0
7720,2,0,0,1,0,0
7721,2,0,0,1,0,0
7722,2,0,0,1,0,0
7723,2,0,0,1,0,0
7724,2,0,0,1,0,0
7725,2,0,0,1,0,0
7726,2,0,0,1,0,0
7727,2,0,0,1,0,0
7728,2,0,0,1,0,0
7729,2,0,0,1,0,0
7730,2,0,0,1,0,0
7731,2,0,0,1,0,0
7732,2,0,0,1,0,0
7733,2,0,0,1,0,0
7734,2,0,0,1,0,0
7735,2,0,0,1,0,0
7736,2,0,0,1,0,0
7737,2,0,0,1,0,0
7738,2,0,0,1,0,0
7739,2,0,0,1,0,0
7740,2,0,0,1,0,0
7741,2,0,0,1,0,0
7742,2,0,0,1,0,0
7743,2,0,0,1,0,0
7744,2,0,0,1,0,0
7745,2,0,0,1,0,0
7746,2,0,0,1,0,0
7747,2,0,0,1,0,0
7748,2,0,0,1,0,0
7749,2,0,0,1,0,0
7750,2,0,0,1,0,0
7751,2,0,0,1,0,0
7752,2,0,0,1,0,0
7753,2,0,0,1,0,0
7754,2,0,0,1,0,0
7755,2,0,0,1,0,0
7756,2,0,0,1,0,0
7757,2,0,0,1,0,0
7758,2,0,0,1,0,0
7759,2,0,0,1,0,0
7760,2,0,0,1,0,0
7761,2,0,0,1,0,0
7762,2,0,0,1,0,0
7763,2,0,0,1,0,0
7764,2,0,0,1,0,0
7765,2,0,0,1,0,0
7766,2,0,0,1,0,0
7767,2,0,0,1,0,0
7768,2,0,0,1,0,0
7769,2,0,0,1,0,0
7770,2,0,0,1,0,0
7771,2,0,0,1,0,0
7772,2,0,0,1,0,0
7773,2,0,0,1,0,0
7774,2,0,0,1,0,0
7775,2,0,0,1,0,0
7776,2,0,0,1,0,0
7777,2,0,0,1,0,0
7778,2,0,0,1,0,0
7779,2,0,0,1,0,0
7780,2,0,0,1,0,0
7781,2,0,0,1,0,0
7782,2,0,0,1,0,0
7783,2,0,0,1,0,0
7784,2,0,0,1,0,0
7785,2,0,0,1,0,0
7786,2,0,0,1,0,0
7787,2,0,0,1,0,0
7788,2,0,0,1,0,0
7789,2,0,0,1,0,0
7790,2,0,0,1,0,0
7791,2,0,0,1,0,0
7792,2,0,0,1,0,0
7793,2,0,0,1,0,0
7794,2,0,0,1,0,0
7795,2,0,0,1,0,0
7796,2,0,0,1,0,0
7797,2,0,0,1,0,0
7798,2,0,0,1,0,0
7799,2,0,0,1,0,0
7800,2,0,0,1,0,0
7801,2,0,0,1,0,0
7802,2,0,0,1,0,0
7803,2,0,0,1,0,0
7804,2,0,0,1,0,0
7805,2,0,0,1,0,0
7806,2,0,0,1,0,0
7807,2,0,0,1,0,0
7808,2,0,0,1,0,0
7809,2,0,0,1,0,0
7810,2,0,0,1,0,0
7811,2,0,0,1,0,0
7812,2,0,0,1,0,0
7813,2,0,0,1,0,0
7814,2,0,0,1,0,0
7815,2,0,0,1,0,0
7816,2,0,0,1,0,0
7817,2,0,0,1,0,0
7818,2,0,0,1,0,0
7819,2,0,0,1,0,0
7820,2,0,0,1,0,0
7821,2,0,0,1,0,0
7822,2,0,0,1,0,0
7823,2,0,0,1,0,0
7824,2,0,0,1,0,0
7825,2,0,0,1,0,0
7826,2,0,0,1,0,0
7827,2,0,0,1,0,0
7828,2,0,0,1,0,0
7829,2,0,0,1,0,0
7830,2,0,0,1,0,0
7831,2,0,0,1,0,0
7832,2,0,0,1,0,0
7833,2,0,0,1,0,0
7834,2,0,0,1,0,0
7835,2,0,0,1,0,0
7836,2,0,0,1,0,0
7837,2,0,0,1,0,0
7838,2,0,0,1,0,0
7839,2,0,0,1,0,0
7840,2,0,0,1,0,0
7841,2,0,0,1,0,0
7842,2,0,0,1,0,0
7843,2,0,0,1,0,0
7844,2,0,0,1,0,0
7845,2,0,0,1,0,0
7846,2,0,0,1,0,0
7847,2,0,0,1,0,0
7848,2,0,0,1,0,0
7849,2,0,0,1,0,0
7850,2,0,0,1,0,0
7851,2,0,0,1,0,0
7852,2,0,0,1,0,0
7853,2,0,0,1,0,0
7854,2,0,0,1,0,0
7855,2,0,0,1,0,0
7856,2,0,0,1,0,0
7857,2,0,0,1,0,0
7858,2,0,0,1,0,0
7859,2,0,0,1,0,0
7860,2,0,0,1,0,0
7861,2,0,0,1,0,0
7862,2,0,0,1,0,0
7863,2,0,0,1,0,0
7864,2,0,0,1,0,0
7865,2,0,0,1,0,0
7866,2,0,0,1,0,0
7867,2,0,0,1,0,0
7868,2,0,0,1,0,0
7869,2,0,0,1,0,0
7870,2,0,0,1,0,0
7871,2,0,0,1,0,0
7872,2,0,0,1,0,0
7873,2,0,0,1,0,0
7874,2,0,0,1,0,0
7875,2,0,0,1,0,0
7876,2,0,0,1,0,0
7877,2,0,0,1,0,0
7878,2,0,0,1,0,0
7879,2,0,0,1,0,0
7880,2,0,0,1,0,0
7881,2,0,0,1,0,0
7882,2,0,0,1,0,0
7883,2,0,0,1,0,0
7884,2,0,0,1,0,0
7885,2,0,0,1,0,0
7886,2,0,0,1,0,0
7887,2,0,0,1,0,0
7888,2,0,0,1,0,0
7889,2,0,0,1,0,0
7890,2,0,0,1,0,0
7891,2,0,0,1,0,0
7892,2,0,0,1,0,0
7893,2,0,0,1,0,0
7894,2,0,0,1,0,0
7895,2,0,0,1,0,0
7896,2,0,0,1,0,0
7897,2,0,0,1,0,0
7898,2,0,0,1,0,0
7899,2,0,0,1,0,0
7900,2,0,0,1,0,0
7901,2,0,0,1,0,0
7902,2,0,0,1,0,0
7903,2,0,0,1,0,0
7904,2,0,0,1,0,0
7905,2,0,0,1,0,0
7906,2,0,0,1,0,0
7907,2,0,0,1,0,0
7908,2,0,0,1,0,0
7909,2,0,0,1,0,0
7910,2,0,0,1,0,0
7911,2,0,0,1,0,0
7912,2,0,0,1,0,0
7913,2,0,0,1,0,0
7914,2,0,0,1,0,0
7915,2,0,0,1,0,0
7916,2,0,0,1,0,0
7917,2,0,0,1,0,0
7918,2,0,0,1,0,0
7919,2,0,0,1,0,0
7920,2,0,0,1,0,0
7921,2,0,0,1,0,0
7922,2,0,0,1,0,0
7923,2,0,0,1,0,0
7924,2,0,0,1,0,0
7925,2,0,0,1,0,0
7926,2,0,0,1,0,0
7927,2,0,0,1,0,0
7928,2,0,0,1,0,0
7929,2,0,0,1,0,0
7930,2,0,0,1,0,0
7931,2,0,0,1,0,0
7932,2,0,0,1,0,0
7933,2,0,0,1,0,0
7934,2,0,0,1,0,0
7935,2,0,0,1,0,0
7936,2,0,0,1,0,0
7937,2,0,0,1,0,0
7938,2,0,0,1,0,0
7939,2,0,0,1,0,0
7940,2,0,0,1,0,0
7941,2,0,0,1,0,0
7942,2,0,0,1,0,0
7943,2,0,0,1,0,0
7944,2,0,0,1,0,0
7945,2,0,0,1,0,0
7946,2,0,0,1,0,0
7947,2,0,0,1,0,0
7948,2,0,0,1,0,0
7949,2,0,0,1,0,0
7950,2,0,0,1,0,0
7951,2,0,0,1,0,0
7952,2,0,0,1,0,0
7953,2,0,0,1,0,0
7954,2,0,0,1,0,0
7955,2,0,0,1,0,0
7956,2,0,0,1,0,0
7957,2,0,0,1,0,0
7958,2,0,0,1,0,0
7959,2,0,0,1,0,0
7960,2,0,0,1,0,0
7961,2,0,0,1,0,0
7962,2,0,0,1,0,0
7963,2,0,0,1,0,0
7964,2,0,0,1,0,0
7965,2,0,0,1,0,0
7966,2,0,0,1,0,0
7967,2,0,0,1,0,0
7968,2,0,0,1,0,0
7969,2,0,0,1,0,0
7970,2,0,0,1,0,0
7971,2,0,0,1,0,0
7972,2,0,0,1,0,0
7973,2,0,0,1,0,0
7974,2,0,0,1,0,0
7975,2,0,0,1,0,0
7976,2,0,0,1,0,0
7977,2,0,0,1,0,0
7978,2,0,0,1,0,0
7979,2,0,0,1,0,0
7980,2,0,0,1,0,0
7981,2,0,0,1,0,0
7982,2,0,0,1,0,0
7983,2,0,0,1,0,0
7984,2,0,0,1,0,0
7985,2,0,0,1,0,0
7986,2,0,0,1,0,0
7987,2,0,0,1,0,0
7988,2,0,0,1,0,0
7989,2,0,0,1,0,0
7990,2,0,0,1,0,0
7991,2,0,0,1,0,0
7992,2,0,0,1,0,0
7993,2,0,0,1,0,0
7994,2,0,0,1,0,0
7995,2,0,0,1,0,0
7996,2,0,0,1,0,0
7997,2,0,0,1,0,0
7998,2,0,0,1,0,0
7999,2,0,0,1,0,0
8000,2,0,0,1,0,0
16003,2,0,0,0,0,0
16001,2,0,0,0,0,0
16002,5,5,5,0,0,5
16006,2,0,0,0,0,0
16004,2,0,0,0,0,0
16005,5,5,5,0,0,5
16009,2,0,0,0,0,0
16007,2,0,0,0,0,0
16008,5,5,5,0,0,5
16012,2,0,0,0,0,0
16010,2,0,0,0,0,0
16011,5,5,5,0,0,5
16015,2,0,0,0,0,0
16013,2,0,0,0,0,0
16014,5,5,5,0,0,5
16018,2,0,0,0,0,0
16016,2,0,0,0,0,0
16017,5,5,5,0,0,5
16021,2,0,0,0,0,0
16019,2,0,0,0,0,0
16020,5,5,5,0,0,5
16024,2,0,0,0,0,0
16022,2,0,0,0,0,0
16023,5,5,5,0,0,5
16027,2,0,0,0,0,0
16025,2,0,0,0,0,0
16026,5,5,5,0,0,5
16030,2,0,0,0,0,0
16028,2,0,0,0,0,0
16029,5,5,5,0,0,5
16033,2,0,0,0,0,0
16031,2,0,0,0,0,0
16032,5,5,5,0,0,5
16036,2,0,0,0,0,0
16034,2,0,0,0,0,0
16035,5,5,5,0,0,5
16039,2,0,0,0,0,0
16037,2,0,0,0,0,0
16038,5,5,5,0,0,5
16042,2,0,0,0,0,0
16040,2,0,0,0,0,0
16041,5,5,5,0,0,5
16045,2,0,0,0,0,0
16043,2,0,0,0,0,0
16044,5,5,5,0,0,5
16048,2,0,0,0,0,0
16046,2,0,0,0,0,0
16047,5,5,5,0,0,5
16051,2,0,0,0,0,0
16049,2,0,0,0,0,0
16050,5,5,5,0,0,5
16054,2,0,0,0,0,0
16052,2,0,0,0,0,0
16053,5,5,5,0,0,5
16057,2,0,0,0,0,0
16055,2,0,0,0,0,0
16056,5,5,5,0,0,5
16060,2,0,0,0,0,0
16058,2,0,0,0,0,0
16059,5,5,5,0,0,5
16063,2,0,0,0,0,0
16061,2,0,0,0,0,0
16062,5,5,5,0,0,5
16066,2,0,0,0,0,0
16064,2,0,0,0,0,0
16065,5,5,5,0,0,5
16069,2,0,0,0,0,0
16067,2,0,0,0,0,0
16068,5,5,5,0,0,5
16072,2,0,0,0,0,0
16070,2,0,0,0,0,0
16071,5,5,5,0,0,5
16075,2,0,0,0,0,0
16073,2,0,0,0,0,0
16074,5,5,5,0,0,5
16078,2,0,0,0,0,0
16076,2,0,0,0,0,0
16077,5,5,5,0,0,5
16081,2,0,0,0,0,0
16079,2,0,0,0,0,0
16080,5,5,5,0,0,5
16084,2,0,0,0,0,0
16082,2,0,0,0,0,0
16083,5,5,5,0,0,5
16087,2,0,0,0,0,0
16085,2,0,0,0,0,0
16086,5,5,5,0,0,5
16090,2,0,0,0,0,0
16088,2,0,0,0,0,0
16089,5,5,5,0,0,5
16093,2,0,0,0,0,0
16091,2,0,0,0,0,0
16092,5,5,5,0,0,5
16096,2,0,0,0,0,0
16094,2,0,0,0,0,0
16095,5,5,5,0,0,5
16099,2,0,0,0,0,0
16097,2,0,0,0,0,0
16098,5,5,5,0,0,5
16102,2,0,0,0,0,0
16100,2,0,0,0,0,0
16101,5,5,5,0,0,5
16105,2,0,0,0,0,0
16103,2,0,0,0,0,0
16104,5,5,5,0,0,5
16108,2,0,0,0,0,0
16106,2,0,0,0,0,0
16107,5,5,5,0,0,5
16111,2,0,0,0,0,0
16109,2,0,0,0,0,0
16110,5,5,5,0,0,5
16114,2,0,0,0,0,0
16112,2,0,0,0,0,0
16113,5,5,5,0,0,5
16117,2,0,0,0,0,0
16115,2,0,0,0,0,0
16116,5,5,5,0,0,5
16120,2,0,0,0,0,0
16118,2,0,0,0,0,0
16119,5,5,5,0,0,5
16123,2,0,0,0,0,0
16121,2,0,0,0,0,0
16122,5,5,5,0,0,5
16126,2,0,0,0,0,0
16124,2,0,0,0,0,0
16125,5,5,5,0,0,5
16129,2,0,0,0,0,0
16127,2,0,0,0,0,0
16128,5,5,5,0,0,5
16132,2,0,0,0,0,0
16130,2,0,0,0,0,0
16131,5,5,5,0,0,5
16135,2,0,0,0,0,0
16133,2,0,0,0,0,0
16134,5,5,5,0,0,5
16138,2,0,0,0,0,0
16136,2,0,0,0,0,0
16137,5,5,5,0,0,5
16141,2,0,0,0,0,0
16139,2,0,0,0,0,0
16140,5,5,5,0,0,5
16144,2,0,0,0,0,0
16142,2,0,0,0,0,0
16143,5,5,5,0,0,5
16147,2,0,0,0,0,0
16145,2,0,0,0,0,0
16146,5,5,5,0,0,5
16150,2,0,0,0,0,0
16148,2,0,0,0,0,0
16149,5,5,5,0,0,5
16153,2,0,0,0,0,0
16151,2,0,0,0,0,0
16152,5,5,5,0,0,5
16156,2,0,0,0,0,0
16154,2,0,0,0,0,0
16155,5,5,5,0,0,5
16159,2,0,0,0,0,0
16157,2,0,0,0,0,0
16158,5,5,5,0,0,5
16162,2,0,0,0,0,0
16160,2,0,0,0,0,0
16161,5,5,5,0,0,5
16165,2,0,0,0,0,0
16163,2,0,0,0,0,0
16164,5,5,5,0,0,5
16168,2,0,0,0,0,0
16166,2,0,0,0,0,0
16167,5,5,5,0,0,5
16171,2,0,0,0,0,0
16169,2,0,0,0,0,0
16170,5,5,5,0,0,5
16174,2,0,0,0,0,0
16172,2,0,0,0,0,0
16173,5,5,5,0,0,5
16177,2,0,0,0,0,0
16175,2,0,0,0,0,0
16176,5,5,5,0,0,5
16180,2,0,0,0,0,0
16178,2,0,0,0,0,0
16179,5,5,5,0,0,5
16183,2,0,0,0,0,0
16181,2,0,0,0,0,0
16182,5,5,5,0,0,5
16186,2,0,0,0,0,0
16184,2,0,0,0,0,0
16185,5,5,5,0,0,5
16189,2,0,0,0,0,0
16187,2,0,0,0,0,0
16188,5,5,5,0,0,5
16192,2,0,0,0,0,0
16190,2,0,0,0,0,0
16191,5,5,5,0,0,5
16195,2,0,0,0,0,0
16193,2,0,0,0,0,0
16194,5,5,5,0,0,5
16198,2,0,0,0,0,0
16196,2,0,0,0,0,0
16197,5,5,5,0,0,5
16201,2,0,0,0,0,0
16199,2,0,0,0,0,0
16200,5,5,5,0,0,5
16204,2,0,0,0,0,0
16202,2,0,0,0,0,0
16203,5,5,5,0,0,5
16207,2,0,0,0,0,0
16205,2,0,0,0,0,0
16206,5,5,5,0,0,5
16210,2,0,0,0,0,0
16208,2,0,0,0,0,0
16209,5,5,5,0,0,5
16213,2,0,0,0,0,0
16211,2,0,0,0,0,0
16212,5,5,5,0,0,5
16216,2,0,0,0,0,0
16214,2,0,0,0,0,0
16215,5,5,5,0,0,5
16219,2,0,0,0,0,0
16217,2,0,0,0,0,0
16218,5,5,5,0,0,5
16222,2,0,0,0,0,0
16220,2,0,0,0,0,0
16221,5,5,5,0,0,5
16225,2,0,0,0,0,0
16223,2,0,0,0,0,0
16224,5,5,5,0,0,5
16228,2,0,0,0,0,0
16226,2,0,0,0,0,0
16227,5,5,5,0,0,5
16231,2,0,0,0,0,0
16229,2,0,0,0,0,0
16230,5,5,5,0,0,5
16234,2,0,0,0,0,0
16232,2,0,0,0,0,0
16233,5,5,5,0,0,5
16237,2,0,0,0,0,0
16235,2,0,0,0,0,0
16236,5,5,5,0,0,5
16240,2,0,0,0,0,0
16238,2,0,0,0,0,0
16239,5,5,5,0,0,5
16243,2,0,0,0,0,0
16241,2,0,0,0,0,0
16242,5,5,5,0,0,5
16246,2,0,0,0,0,0
16244,2,0,0,0,0,0
16245,5,5,5,0,0,5
16249,2,0,0,0,0,0
16247,2,0,0,0,0,0
16248,5,5,5,0,0,5
16252,2,0,0,0,0,0
16250,2,0,0,0,0,0
16251,5,5,5,0,0,5
16255,2,0,0,0,0,0
16253,2,0,0,0,0,0
16254,5,5,5,0,0,5
16258,2,0,0,0,0,0
16256,2,0,0,0,0,0
16257,5,5,5,0,0,5
16261,2,0,0,0,0,0
16259,2,0,0,0,0,0
16260,5,5,5,0,0,5
16264,2,0,0,0,0,0
16262,2,0,0,0,0,0
16263,5,5,5,0,0,5
16267,2,0,0,0,0,0
16265,2,0,0,0,0,0
16266,5,5,5,0,0,5
16270,2,0,0,0,0,0
16268,2,0,0,0,0,0
16269,5,5,5,0,0,5
16273,2,0,0,0,0,0
16271,2,0,0,0,0,0
16272,5,5,5,0,0,5
16276,2,0,0,0,0,0
16274,2,0,0,0,0,0
16275,5,5,5,0,0,5
16279,2,0,0,0,0,0
16277,2,0,0,0,0,0
16278,5,5,5,0,0,5
16282,2,0,0,0,0,0
16280,2,0,0,0,0,0
16281,5,5,5,0,0,5
16285,2,0,0,0,0,0
16283,2,0,0,0,0,0
16284,5,5,5,0,0,5
16288,2,0,0,0,0,0
16286,2,0,0,0,0,0
16287,5,5,5,0,0,5
16291,2,0,0,0,0,0
16289,2,0,0,0,0,0
16290,5,5,5,0,0,5
16294,2,0,0,0,0,0
16292,2,0,0,0,0,0
16293,5,5,5,0,0,5
16297,2,0,0,0,0,0
16295,2,0,0,0,0,0
16296,5,5,5,0,0,5
16300,2,0,0,0,0,0
16298,2,0,0,0,0,0
16299,5,5,5,0,0,5
16303,2,0,0,0,0,0
16301,2,0,0,0,0,0
16302,5,5,5,0,0,5
16306,2,0,0,0,0,0
16304,2,0,0,0,0,0
16305,5,5,5,0,0,5
16309,2,0,0,0,0,0
16307,2,0,0,0,0,0
16308,5,5,5,0,0,5
16312,2,0,0,0,0,0
16310,2,0,0,0,0,0
16311,5,5,5,0,0,5
16315,2,0,0,0,0,0
16313,2,0,0,0,0,0
16314,5,5,5,0,0,5
16318,2,0,0,0,0,0
16316,2,0,0,0,0,0
16317,5,5,5,0,0,5
16321,2,0,0,0,0,0
16319,2,0,0,0,0,0
16320,5,5,5,0,0,5
16324,2,0,0,0,0,0
16322,2,0,0,0,0,0
16323,5,5,5,0,0,5
16327,2,0,0,0,0,0
16325,2,0,0,0,0,0
16326,5,5,5,0,0,5
16330,2,0,0,0,0,0
16328,2,0,0,0,0,0
16329,5,5,5,0,0,5
16333,2,0,0,0,0,0
16331,2,0,0,0,0,0
16332,5,5,5,0,0,5
16336,2,0,0,0,0,0
16334,2,0,0,0,0,0
16335,5,5,5,0,0,5
16339,2,0,0,0,0,0
16337,2,0,0,0,0,0
16338,5,5,5,0,0,5
16342,2,0,0,0,0,0
16340,2,0,0,0,0,0
16341,5,5,5,0,0,5
16345,2,0,0,0,0,0
16343,2,0,0,0,0,0
16344,5,5,5,0,0,5
16348,2,0,0,0,0,0
16346,2,0,0,0,0,0
16347,5,5,5,0,0,5
16351,2,0,0,0,0,0
16349,2,0,0,0,0,0
16350,5,5,5,0,0,5
16354,2,0,0,0,0,0
16352,2,0,0,0,0,0
16353,5,5,5,0,0,5
16357,2,0,0,0,0,0
16355,2,0,0,0,0,0
16356,5,5,5,0,0,5
16360,2,0,0,0,0,0
16358,2,0,0,0,0,0
16359,5,5,5,0,0,5
16363,2,0,0,0,0,0
16361,2,0,0,0,0,0
16362,5,5,5,0,0,5
16366,2,0,0,0,0,0
16364,2,0,0,0,0,0
16365,5,5,5,0,0,5
16369,2,0,0,0,0,0
16367,2,0,0,0,0,0
16368,5,5,5,0,0,5
16372,2,0,0,0,0,0
16370,2,0,0,0,0,0
16371,5,5,5,0,0,5
16375,2,0,0,0,0,0
16373,2,0,0,0,0,0
16374,5,5,5,0,0,5
16378,2,0,0,0,0,0
16376,2,0,0,0,0,0
16377,5,5,5,0,0,5
16381,2,0,0,0,0,0
16379,2,0,0,0,0,0
16380,5,5,5,0,0,5
16384,2,0,0,0,0,0
16382,2,0,0,0,0,0
16383,5,5,5,0,0,5
16387,2,0,0,0,0,0
16385,2,0,0,0,0,0
16386,5,5,5,0,0,5
16390,2,0,0,0,0,0
16388,2,0,0,0,0,0
16389,5,5,5,0,0,5
16393,2,0,0,0,0,0
16391,2,0,0,0,0,0
16392,5,5,5,0,0,5
16396,2,0,0,0,0,0
16394,2,0,0,0,0,0
16395,5,5,5,0,0,5
16399,2,0,0,0,0,0
16397,2,0,0,0,0,0
16398,5,5,5,0,0,5
16402,2,0,0,0,0,0
16400,2,0,0,0,0,0
16401,5,5,5,0,0,5
16405,2,0,0,0,0,0
16403,2,0,0,0,0,0
16404,5,5,5,0,0,5
16408,2,0,0,0,0,0
16406,2,0,0,0,0,0
16407,5,5,5,0,0,5
16411,2,0,0,0,0,0
16409,2,0,0,0,0,0
16410,5,5,5,0,0,5
16414,2,0,0,0,0,0
16412,2,0,0,0,0,0
16413,5,5,5,0,0,5
16417,2,0,0,0,0,0
16415,2,0,0,0,0,0
16416,5,5,5,0,0,5
16420,2,0,0,0,0,0
16418,2,0,0,0,0,0
16419,5,5,5,0,0,5
16423,2,0,0,0,0,0
16421,2,0,0,0,0,0
16422,5,5,5,0,0,5
16426,2,0,0,0,0,0
16424,2,0,0,0,0,0
16425,5,5,5,0,0,5
16429,2,0,0,0,0,0
16427,2,0,0,0,0,0
16428,5,5,5,0,0,5
16432,2,0,0,0,0,0
16430,2,0,0,0,0,0
16431,5,5,5,0,0,5
16435,2,0,0,0,0,0
16433,2,0,0,0,0,0
16434,5,5,5,0,0,5
16438,2,0,0,0,0,0
16436,2,0,0,0,0,0
16437,5,5,5,0,0,5
16441,2,0,0,0,0,0
16439,2,0,0,0,0,0
16440,5,5,5,0,0,5
16444,2,0,0,0,0,0
16442,2,0,0,0,0,0
16443,5,5,5,0,0,5
16447,2,0,0,0,0,0
16445,2,0,0,0,0,0
16446,5,5,5,0,0,5
16450,2,0,0,0,0,0
16448,2,0,0,0,0,0
16449,5,5,5,0,0,5
16453,2,0,0,0,0,0
16451,2,0,0,0,0,0
16452,5,5,5,0,0,5
16456,2,0,0,0,0,0
16454,2,0,0,0,0,0
16455,5,5,5,0,0,5
16459,2,0,0,0,0,0
16457,2,0,0,0,0,0
16458,5,5,5,0,0,5
16462,2,0,0,0,0,0
16460,2,0,0,0,0,0
16461,5,5,5,0,0,5
16465,2,0,0,0,0,0
16463,2,0,0,0,0,0
16464,5,5,5,0,0,5
16468,2,0,0,0,0,0
16466,2,0,0,0,0,0
16467,5,5,5,0,0,5
16471,2,0,0,0,0,0
16469,2,0,0,0,0,0
16470,5,5,5,0,0,5
16474,2,0,0,0,0,0
16472,2,0,0,0,0,0
16473,5,5,5,0,0,5
16477,2,0,0,0,0,0
16475,2,0,0,0,0,0
16476,5,5,5,0,0,5
16480,2,0,0,0,0,0
16478,2,0,0,0,0,0
16479,5,5,5,0,0,5
16483,2,0,0,0,0,0
16481,2,0,0,0,0,0
16482,5,5,5,0,0,5
16486,2,0,0,0,0,0
16484,2,0,0,0,0,0
16485,5,5,5,0,0,5
16489,2,0,0,0,0,0
16487,2,0,0,0,0,0
16488,5,5,5,0,0,5
16492,2,0,0,0,0,0
16490,2,0,0,0,0,0
16491,5,5,5,0,0,5
16495,2,0,0,0,0,0
16493,2,0,0,0,0,0
16494,5,5,5,0,0,5
16498,2,0,0,0,0,0
16496,2,0,0,0,0,0
16497,5,5,5,0,0,5
16501,2,0,0,0,0,0
16499,2,0,0,0,0,0
16500,5,5,5,0,0,5
16504,2,0,0,0,0,0
16502,2,0,0,0,0,0
16503,5,5,5,0,0,5
16507,2,0,0,0,0,0
16505,2,0,0,0,0,0
16506,5,5,5,0,0,5
16510,2,0,0,0,0,0
16508,2,0,0,0,0,0
16509,5,5,5,0,0,5
16513,2,0,0,0,0,0
16511,2,0,0,0,0,0
16512,5,5,5,0,0,5
16516,2,0,0,0,0,0
16514,2,0,0,0,0,0
16515,5,5,5,0,0,5
16519,2,0,0,0,0,0
16517,2,0,0,0,0,0
16518,5,5,5,0,0,5
16522,2,0,0,0,0,0
16520,2,0,0,0,0,0
16521,5,5,5,0,0,5
16525,2,0,0,0,0,0
16523,2,0,0,0,0,0
16524,5,5,5,0,0,5
16528,2,0,0,0,0,0
16526,2,0,0,0,0,0
16527,5,5,5,0,0,5
16531,2,0,0,0,0,0
16529,2,0,0,0,0,0
16530,5,5,5,0,0,5
16534,2,0,0,0,0,0
16532,2,0,0,0,0,0
16533,5,5,5,0,0,5
16537,2,0,0,0,0,0
16535,2,0,0,0,0,0
16536,5,5,5,0,0,5
16540,2,0,0,0,0,0
16538,2,0,0,0,0,0
16539,5,5,5,0,0,5
16543,2,0,0,0,0,0
16541,2,0,0,0,0,0
16542,5,5,5,0,0,5
16546,2,0,0,0,0,0
16544,2,0,0,0,0,0
16545,5,5,5,0,0,5
16549,2,0,0,0,0,0
16547,2,0,0,0,0,0
16548,5,5,5,0,0,5
16552,2,0,0,0,0,0
16550,2,0,0,0,0,0
16551,5,5,5,0,0,5
16555,2,0,0,0,0,0
16553,2,0,0,0,0,0
16554,5,5,5,0,0,5
16558,2,0,0,0,0,0
16556,2,0,0,0,0,0
16557,5,5,5,0,0,5
16561,2,0,0,0,0,0
16559,2,0,0,0,0,0
16560,5,5,5,0,0,5
16564,2,0,0,0,0,0
16562,2,0,0,0,0,0
16563,5,5,5,0,0,5
16567,2,0,0,0,0,0
16565,2,0,0,0,0,0
16566,5,5,5,0,0,5
16570,2,0,0,0,0,0
16568,2,0,0,0,0,0
16569,5,5,5,0,0,5
16573,2,0,0,0,0,0
16571,2,0,0,0,0,0
16572,5,5,5,0,0,5
16576,2,0,0,0,0,0
16574,2,0,0,0,0,0
16575,5,5,5,0,0,5
16579,2,0,0,0,0,0
16577,2,0,0,0,0,0
16578,5,5,5,0,0,5
16582,2,0,0,0,0,0
16580,2,0,0,0,0,0
16581,5,5,5,0,0,5
16585,2,0,0,0,0,0
16583,2,0,0,0,0,0
16584,5,5,5,0,0,5
16588,2,0,0,0,0,0
16586,2,0,0,0,0,0
16587,5,5,5,0,0,5
16591,2,0,0,0,0,0
16589,2,0,0,0,0,0
16590,5,5,5,0,0,5
16594,2,0,0,0,0,0
16592,2,0,0,0,0,0
16593,5,5,5,0,0,5
16597,2,0,0,0,0,0
16595,2,0,0,0,0,0
16596,5,5,5,0,0,5
16600,2,0,0,0,0,0
16598,2,0,0,0,0,0
16599,5,5,5,0,0,5
16603,2,0,0,0,0,0
16601,2,0,0,0,0,0
16602,5,5,5,0,0,5
16606,2,0,0,0,0,0
16604,2,0,0,0,0,0
16605,5,5,5,0,0,5
16609,2,0,0,0,0,0
16607,2,0,0,0,0,0
16608,5,5,5,0,0,5
16612,2,0,0,0,0,0
16610,2,0,0,0,0,0
16611,5,5,5,0,0,5
16615,2,0,0,0,0,0
16613,2,0,0,0,0,0
16614,5,5,5,0,0,5
16618,2,0,0,0,0,0
16616,2,0,0,0,0,0
16617,5,5,5,0,0,5
16621,2,0,0,0,0,0
16619,2,0,0,0,0,0
16620,5,5,5,0,0,5
16624,2,0,0,0,0,0
16622,2,0,0,0,0,0
16623,5,5,5,0,0,5
16627,2,0,0,0,0,0
16625,2,0,0,0,0,0
16626,5,5,5,0,0,5
16630,2,0,0,0,0,0
16628,2,0,0,0,0,0
16629,5,5,5,0,0,5
16633,2,0,0,0,0,0
16631,2,0,0,0,0,0
16632,5,5,5,0,0,5
16636,2,0,0,0,0,0
16634,2,0,0,0,0,0
16635,5,5,5,0,0,5
16639,2,0,0,0,0,0
16637,2,0,0,0,0,0
16638,5,5,5,0,0,5
16642,2,0,0,0,0,0
16640,2,0,0,0,0,0
16641,5,5,5,0,0,5
16645,2,0,0,0,0,0
16643,2,0,0,0,0,0
16644,5,5,5,0,0,5
16648,2,0,0,0,0,0
16646,2,0,0,0,0,0
16647,5,5,5,0,0,5
16651,2,0,0,0,0,0
16649,2,0,0,0,0,0
16650,5,5,5,0,0,5
16654,2,0,0,0,0,0
16652,2,0,0,0,0,0
16653,5,5,5,0,0,5
16657,2,0,0,0,0,0
16655,2,0,0,0,0,0
16656,5,5,5,0,0,5
16660,2,0,0,0,0,0
16658,2,0,0,0,0,0
16659,5,5,5,0,0,5
16663,2,0,0,0,0,0
16661,2,0,0,0,0,0
16662,5,5,5,0,0,5
16666,2,0,0,0,0,0
16664,2,0,0,0,0,0
16665,5,5,5,0,0,5
16669,2,0,0,0,0,0
16667,2,0,0,0,0,0
16668,5,5,5,0,0,5
16672,2,0,0,0,0,0
16670,2,0,0,0,0,0
16671,5,5,5,0,0,5
16675,2,0,0,0,0,0
16673,2,0,0,0,0,0
16674,5,5,5,0,0,5
16678,2,0,0,0,0,0
16676,2,0,0,0,0,0
16677,5,5,5,0,0,5
16681,2,0,0,0,0,0
16679,2,0,0,0,0,0
16680,5,5,5,0,0,5
16684,2,0,0,0,0,0
16682,2,0,0,0,0,0
16683,5,5,5,0,0,5
16687,2,0,0,0,0,0
16685,2,0,0,0,0,0
16686,5,5,5,0,0,5
16690,2,0,0,0,0,0
16688,2,0,0,0,0,0
16689,5,5,5,0,0,5
16693,2,0,0,0,0,0
16691,2,0,0,0,0,0
16692,5,5,5,0,0,5
16696,2,0,0,0,0,0
16694,2,0,0,0,0,0
16695,5,5,5,0,0,5
16699,2,0,0,0,0,0
16697,2,0,0,0,0,0
16698,5,5,5,0,0,5
16702,2,0,0,0,0,0
16700,2,0,0,0,0,0
16701,5,5,5,0,0,5
16705,2,0,0,0,0,0
16703,2,0,0,0,0,0
16704,5,5,5,0,0,5
16708,2,0,0,0,0,0
16706,2,0,0,0,0,0
16707,5,5,5,0,0,5
16711,2,0,0,0,0,0
16709,2,0,0,0,0,0
16710,5,5,5,0,0,5
16714,2,0,0,0,0,0
16712,2,0,0,0,0,0
16713,5,5,5,0,0,5
16717,2,0,0,0,0,0
16715,2,0,0,0,0,0
16716,5,5,5,0,0,5
16720,2,0,0,0,0,0
16718,2,0,0,0,0,0
16719,5,5,5,0,0,5
16723,2,0,0,0,0,0
16721,2,0,0,0,0,0
16722,5,5,5,0,0,5
16726,2,0,0,0,0,0
16724,2,0,0,0,0,0
16725,5,5,5,0,0,5
16729,2,0,0,0,0,0
16727,2,0,0,0,0,0
16728,5,5,5,0,0,5
16732,2,0,0,0,0,0
16730,2,0,0,0,0,0
16731,5,5,5,0,0,5
16735,2,0,0,0,0,0
16733,2,0,0,0,0,0
16734,5,5,5,0,0,5
16738,2,0,0,0,0,0
16736,2,0,0,0,0,0
16737,5,5,5,0,0,5
16741,2,0,0,0,0,0
16739,2,0,0,0,0,0
16740,5,5,5,0,0,5
16744,2,0,0,0,0,0
16742,2,0,0,0,0,0
16743,5,5,5,0,0,5
16747,2,0,0,0,0,0
16745,2,0,0,0,0,0
16746,5,5,5,0,0,5
16750,2,0,0,0,0,0
16748,2,0,0,0,0,0
16749,5,5,5,0,0,5
16753,2,0,0,0,0,0
16751,2,0,0,0,0,0
16752,5,5,5,0,0,5
16756,2,0,0,0,0,0
16754,2,0,0,0,0,0
16755,5,5,5,0,0,5
16759,2,0,0,0,0,0
16757,2,0,0,0,0,0
16758,5,5,5,0,0,5
16762,2,0,0,0,0,0
16760,2,0,0,0,0,0
16761,5,5,5,0,0,5
16765,2,0,0,0,0,0
16763,2,0,0,0,0,0
16764,5,5,5,0,0,5
16768,2,0,0,0,0,0
16766,2,0,0,0,0,0
16767,5,5,5,0,0,5
16771,2,0,0,0,0,0
16769,2,0,0,0,0,0
16770,5,5,5,0,0,5
16774,2,0,0,0,0,0
16772,2,0,0,0,0,0
16773,5,5,5,0,0,5
16777,2,0,0,0,0,0
16775,2,0,0,0,0,0
16776,5,5,5,0,0,5
16780,2,0,0,0,0,0
16778,2,0,0,0,0,0
16779,5,5,5,0,0,5
16783,2,0,0,0,0,0
16781,2,0,0,0,0,0
16782,5,5,5,0,0,5
16786,2,0,0,0,0,0
16784,2,0,0,0,0,0
16785,5,5,5,0,0,5
16789,2,0,0,0,0,0
16787,2,0,0,0,0,0
16788,5,5,5,0,0,5
16792,2,0,0,0,0,0
16790,2,0,0,0,0,0
16791,5,5,5,0,0,5
16795,2,0,0,0,0,0
16793,2,0,0,0,0,0
16794,5,5,5,0,0,5
16798,2,0,0,0,0,0
16796,2,0,0,0,0,0
16797,5,5,5,0,0,5
16801,2,0,0,0,0,0
16799,2,0,0,0,0,0
16800,5,5,5,0,0,5
16804,2,0,0,0,0,0
16802,2,0,0,0,0,0
16803,5,5,5,0,0,5
16807,2,0,0,0,0,0
16805,2,0,0,0,0,0
16806,5,5,5,0,0,5
16810,2,0,0,0,0,0
16808,2,0,0,0,0,0
16809,5,5,5,0,0,5
16813,2,0,0,0,0,0
16811,2,0,0,0,0,0
16812,5,5,5,0,0,5
16816,2,0,0,0,0,0
16814,2,0,0,0,0,0
16815,5,5,5,0,0,5
16819,2,0,0,0,0,0
16817,2,0,0,0,0,0
16818,5,5,5,0,0,5
16822,2,0,0,0,0,0
16820,2,0,0,0,0,0
16821,5,5,5,0,0,5
16825,2,0,0,0,0,0
16823,2,0,0,0,0,0
16824,5,5,5,0,0,5
16828,2,0,0,0,0,0
16826,2,0,0,0,0,0
16827,5,5,5,0,0,5
16831,2,0,0,0,0,0
16829,2,0,0,0,0,0
16830,5,5,5,0,0,5
16834,2,0,0,0,0,0
16832,2,0,0,0,0,0
16833,5,5,5,0,0,5
16837,2,0,0,0,0,0
16835,2,0,0,0,0,0
16836,5,5,5,0,0,5
16840,2,0,0,0,0,0
16838,2,0,0,0,0,0
16839,5,5,5,0,0,5
16843,2,0,0,0,0,0
16841,2,0,0,0,0,0
16842,5,5,5,0,0,5
16846,2,0,0,0,0,0
16844,2,0,0,0,0,0
16845,5,5,5,0,0,5
16849,2,0,0,0,0,0
16847,2,0,0,0,0,0
16848,5,5,5,0,0,5
16852,2,0,0,0,0,0
16850,2,0,0,0,0,0
16851,5,5,5,0,0,5
16855,2,0,0,0,0,0
16853,2,0,0,0,0,0
16854,5,5,5,0,0,5
16858,2,0,0,0,0,0
16856,2,0,0,0,0,0
16857,5,5,5,0,0,5
16861,2,0,0,0,0,0
16859,2,0,0,0,0,0
16860,5,5,5,0,0,5
16864,2,0,0,0,0,0
16862,2,0,0,0,0,0
16863,5,5,5,0,0,5
16867,2,0,0,0,0,0
16865,2,0,0,0,0,0
16866,5,5,5,0,0,5
16870,2,0,0,0,0,0
16868,2,0,0,0,0,0
16869,5,5,5,0,0,5
16873,2,0,0,0,0,0
16871,2,0,0,0,0,0
16872,5,5,5,0,0,5
16876,2,0,0,0,0,0
16874,2,0,0,0,0,0
16875,5,5,5,0,0,5
16879,2,0,0,0,0,0
16877,2,0,0,0,0,0
16878,5,5,5,0,0,5
16882,2,0,0,0,0,0
16880,2,0,0,0,0,0
16881,5,5,5,0,0,5
16885,2,0,0,0,0,0
16883,2,0,0,0,0,0
16884,5,5,5,0,0,5
16888,2,0,0,0,0,0
16886,2,0,0,0,0,0
16887,5,5,5,0,0,5
16891,2,0,0,0,0,0
16889,2,0,0,0,0,0
16890,5,5,5,0,0,5
16894,2,0,0,0,0,0
16892,2,0,0,0,0,0
16893,5,5,5,0,0,5
16897,2,0,0,0,0,0
16895,2,0,0,0,0,0
16896,5,5,5,0,0,5
16900,2,0,0,0,0,0
16898,2,0,0,0,0,0
16899,5,5,5,0,0,5
16903,2,0,0,0,0,0
16901,2,0,0,0,0,0
16902,5,5,5,0,0,5
16906,2,0,0,0,0,0
16904,2,0,0,0,0,0
16905,5,5,5,0,0,5
16909,2,0,0,0,0,0
16907,2,0,0,0,0,0
16908,5,5,5,0,0,5
16912,2,0,0,0,0,0
16910,2,0,0,0,0,0
16911,5,5,5,0,0,5
16915,2,0,0,0,0,0
16913,2,0,0,0,0,0
16914,5,5,5,0,0,5
16918,2,0,0,0,0,0
16916,2,0,0,0,0,0
16917,5,5,5,0,0,5
16921,2,0,0,0,0,0
16919,2,0,0,0,0,0
16920,5,5,5,0,0,5
16924,2,0,0,0,0,0
16922,2,0,0,0,0,0
16923,5,5,5,0,0,5
16927,2,0,0,0,0,0
16925,2,0,0,0,0,0
16926,5,5,5,0,0,5
16930,2,0,0,0,0,0
16928,2,0,0,0,0,0
16929,5,5,5,0,0,5
16933,2,0,0,0,0,0
16931,2,0,0,0,0,0
16932,5,5,5,0,0,5
16936,2,0,0,0,0,0
16934,2,0,0,0,0,0
16935,5,5,5,0,0,5
16939,2,0,0,0,0,0
16937,2,0,0,0,0,0
16938,5,5,5,0,0,5
16942,2,0,0,0,0,0
16940,2,0,0,0,0,0
16941,5,5,5,0,0,5
16945,2,0,0,0,0,0
16943,2,0,0,0,0,0
16944,5,5,5,0,0,5
16948,2,0,0,0,0,0
16946,2,0,0,0,0,0
16947,5,5,5,0,0,5
16951,2,0,0,0,0,0
16949,2,0,0,0,0,0
16950,5,5,5,0,0,5
16954,2,0,0,0,0,0
16952,2,0,0,0,0,0
16953,5,5,5,0,0,5
16957,2,0,0,0,0,0
16955,2,0,0,0,0,0
16956,5,5,5,0,0,5
16960,2,0,0,0,0,0
16958,2,0,0,0,0,0
16959,5,5,5,0,0,5
16963,2,0,0,0,0,0
16961,2,0,0,0,0,0
16962,5,5,5,0,0,5
16966,2,0,0,0,0,0
16964,2,0,0,0,0,0
16965,5,5,5,0,0,5
16969,2,0,0,0,0,0
16967,2,0,0,0,0,0
16968,5,5,5,0,0,5
16972,2,0,0,0,0,0
16970,2,0,0,0,0,0
16971,5,5,5,0,0,5
16975,2,0,0,0,0,0
16973,2,0,0,0,0,0
16974,5,5,5,0,0,5
16978,2,0,0,0,0,0
16976,2,0,0,0,0,0
16977,5,5,5,0,0,5
16981,2,0,0,0,0,0
16979,2,0,0,0,0,0
16980,5,5,5,0,0,5
16984,2,0,0,0,0,0
16982,2,0,0,0,0,0
16983,5,5,5,0,0,5
16987,2,0,0,0,0,0
16985,2,0,0,0,0,0
16986,5,5,5,0,0,5
16990,2,0,0,0,0,0
16988,2,0,0,0,0,0
16989,5,5,5,0,0,5
16993,2,0,0,0,0,0
16991,2,0,0,0,0,0
16992,5,5,5,0,0,5
16996,2,0,0,0,0,0
16994,2,0,0,0,0,0
16995,5,5,5,0,0,5
16999,2,0,0,0,0,0
16997,2,0,0,0,0,0
16998,5,5,5,0,0,5
17002,2,0,0,0,0,0
17000,2,0,0,0,0,0
17001,5,5,5,0,0,5
17005,2,0,0,0,0,0
17003,2,0,0,0,0,0
17004,5,5,5,0,0,5
17008,2,0,0,0,0,0
17006,2,0,0,0,0,0
17007,5,5,5,0,0,5
17011,2,0,0,0,0,0
17009,2,0,0,0,0,0
17010,5,5,5,0,0,5
17014,2,0,0,0,0,0
17012,2,0,0,0,0,0
17013,5,5,5,0,0,5
17017,2,0,0,0,0,0
17015,2,0,0,0,0,0
17016,5,5,5,0,0,5
17020,2,0,0,0,0,0
17018,2,0,0,0,0,0
17019,5,5,5,0,0,5
17023,2,0,0,0,0,0
17021,2,0,0,0,0,0
17022,5,5,5,0,0,5
17026,2,0,0,0,0,0
17024,2,0,0,0,0,0
17025,5,5,5,0,0,5
17029,2,0,0,0,0,0
17027,2,0,0,0,0,0
17028,5,5,5,0,0,5
17032,2,0,0,0,0,0
17030,2,0,0,0,0,0
17031,5,5,5,0,0,5
17035,2,0,0,0,0,0
17033,2,0,0,0,0,0
17034,5,5,5,0,0,5
17038,2,0,0,0,0,0
17036,2,0,0,0,0,0
17037,5,5,5,0,0,5
17041,2,0,0,0,0,0
17039,2,0,0,0,0,0
17040,5,5,5,0,0,5
17044,2,0,0,0,0,0
17042,2,0,0,0,0,0
17043,5,5,5,0,0,5
17047,2,0,0,0,0,0
17045,2,0,0,0,0,0
17046,5,5,5,0,0,5
17050,2,0,0,0,0,0
17048,2,0,0,0,0,0
17049,5,5,5,0,0,5
17053,2,0,0,0,0,0
17051,2,0,0,0,0,0
17052,5,5,5,0,0,5
17056,2,0,0,0,0,0
17054,2,0,0,0,0,0
17055,5,5,5,0,0,5
17059,2,0,0,0,0,0
17057,2,0,0,0,0,0
17058,5,5,5,0,0,5
17062,2,0,0,0,0,0
17060,2,0,0,0,0,0
17061,5,5,5,0,0,5
17065,2,0,0,0,0,0
17063,2,0,0,0,0,0
17064,5,5,5,0,0,5
17068,2,0,0,0,0,0
17066,2,0,0,0,0,0
17067,5,5,5,0,0,5
17071,2,0,0,0,0,0
17069,2,0,0,0,0,0
17070,5,5,5,0,0,5
17074,2,0,0,0,0,0
17072,2,0,0,0,0,0
17073,5,5,5,0,0,5
17077,2,0,0,0,0,0
17075,2,0,0,0,0,0
17076,5,5,5,0,0,5
17080,2,0,0,0,0,0
17078,2,0,0,0,0,0
17079,5,5,5,0,0,5
17083,2,0,0,0,0,0
17081,2,0,0,0,0,0
17082,5,5,5,0,0,5
17086,2,0,0,0,0,0
17084,2,0,0,0,0,0
17085,5,5,5,0,0,5
17089,2,0,0,0,0,0
17087,2,0,0,0,0,0
17088,5,5,5,0,0,5
17092,2,0,0,0,0,0
17090,2,0,0,0,0,0
17091,5,5,5,0,0,5
17095,2,0,0,0,0,0
17093,2,0,0,0,0,0
17094,5,5,5,0,0,5
17098,2,0,0,0,0,0
17096,2,0,0,0,0,0
17097,5,5,5,0,0,5
17101,2,0,0,0,0,0
17099,2,0,0,0,0,0
17100,5,5,5,0,0,5
17104,2,0,0,0,0,0
17102,2,0,0,0,0,0
17103,5,5,5,0,0,5
17107,2,0,0,0,0,0
17105,2,0,0,0,0,0
17106,5,5,5,0,0,5
17110,2,0,0,0,0,0
17108,2,0,0,0,0,0
17109,5,5,5,0,0,5
17113,2,0,0,0,0,0
17111,2,0,0,0,0,0
17112,5,5,5,0,0,5
17116,2,0,0,0,0,0
17114,2,0,0,0,0,0
17115,5,5,5,0,0,5
17119,2,0,0,0,0,0
17117,2,0,0,0,0,0
17118,5,5,5,0,0,5
17122,2,0,0,0,0,0
17120,2,0,0,0,0,0
17121,5,5,5,0,0,5
17125,2,0,0,0,0,0
17123,2,0,0,0,0,0
17124,5,5,5,0,0,5
17128,2,0,0,0,0,0
17126,2,0,0,0,0,0
17127,5,5,5,0,0,5
17131,2,0,0,0,0,0
17129,2,0,0,0,0,0
17130,5,5,5,0,0,5
17134,2,0,0,0,0,0
17132,2,0,0,0,0,0
17133,5,5,5,0,0,5
17137,2,0,0,0,0,0
17135,2,0,0,0,0,0
17136,5,5,5,0,0,5
17140,2,0,0,0,0,0
17138,2,0,0,0,0,0
17139,5,5,5,0,0,5
17143,2,0,0,0,0,0
17141,2,0,0,0,0,0
17142,5,5,5,0,0,5
17146,2,0,0,0,0,0
17144,2,0,0,0,0,0
17145,5,5,5,0,0,5
17149,2,0,0,0,0,0
17147,2,0,0,0,0,0
17148,5,5,5,0,0,5
17152,2,0,0,0,0,0
17150,2,0,0,0,0,0
17151,5,5,5,0,0,5
17155,2,0,0,0,0,0
17153,2,0,0,0,0,0
17154,5,5,5,0,0,5
17158,2,0,0,0,0,0
17156,2,0,0,0,0,0
17157,5,5,5,0,0,5
17161,2,0,0,0,0,0
17159,2,0,0,0,0,0
17160,5,5,5,0,0,5
17164,2,0,0,0,0,0
17162,2,0,0,0,0,0
17163,5,5,5,0,0,5
17167,2,0,0,0,0,0
17165,2,0,0,0,0,0
17166,5,5,5,0,0,5
17170,2,0,0,0,0,0
17168,2,0,0,0,0,0
17169,5,5,5,0,0,5
17173,2,0,0,0,0,0
17171,2,0,0,0,0,0
17172,5,5,5,0,0,5
17176,2,0,0,0,0,0
17174,2,0,0,0,0,0
17175,5,5,5,0,0,5
17179,2,0,0,0,0,0
17177,2,0,0,0,0,0
17178,5,5,5,0,0,5
17182,2,0,0,0,0,0
17180,2,0,0,0,0,0
17181,5,5,5,0,0,5
17185,2,0,0,0,0,0
17183,2,0,0,0,0,0
17184,5,5,5,0,0,5
17188,2,0,0,0,0,0
17186,2,0,0,0,0,0
17187,5,5,5,0,0,5
17191,2,0,0,0,0,0
17189,2,0,0,0,0,0
17190,5,5,5,0,0,5
17194,2,0,0,0,0,0
17192,2,0,0,0,0,0
17193,5,5,5,0,0,5
17197,2,0,0,0,0,0
17195,2,0,0,0,0,0
17196,5,5,5,0,0,5
17200,2,0,0,0,0,0
17198,2,0,0,0,0,0
17199,5,5,5,0,0,5
17203,2,0,0,0,0,0
17201,2,0,0,0,0,0
17202,5,5,5,0,0,5
17206,2,0,0,0,0,0
17204,2,0,0,0,0,0
17205,5,5,5,0,0,5
17209,2,0,0,0,0,0
17207,2,0,0,0,0,0
17208,5,5,5,0,0,5
17212,2,0,0,0,0,0
17210,2,0,0,0,0,0
17211,5,5,5,0,0,5
17215,2,0,0,0,0,0
17213,2,0,0,0,0,0
17214,5,5,5,0,0,5
17218,2,0,0,0,0,0
17216,2,0,0,0,0,0
17217,5,5,5,0,0,5
17221,2,0,0,0,0,0
17219,2,0,0,0,0,0
17220,5,5,5,0,0,5
17224,2,0,0,0,0,0
17222,2,0,0,0,0,0
17223,5,5,5,0,0,5
17227,2,0,0,0,0,0
17225,2,0,0,0,0,0
17226,5,5,5,0,0,5
17230,2,0,0,0,0,0
17228,2,0,0,0,0,0
17229,5,5,5,0,0,5
17233,2,0,0,0,0,0
17231,2,0,0,0,0,0
17232,5,5,5,0,0,5
17236,2,0,0,0,0,0
17234,2,0,0,0,0,0
17235,5,5,5,0,0,5
17239,2,0,0,0,0,0
17237,2,0,0,0,0,0
17238,5,5,5,0,0,5
17242,2,0,0,0,0,0
17240,2,0,0,0,0,0
17241,5,5,5,0,0,5
17245,2,0,0,0,0,0
17243,2,0,0,0,0,0
17244,5,5,5,0,0,5
17248,2,0,0,0,0,0
17246,2,0,0,0,0,0
17247,5,5,5,0,0,5
17251,2,0,0,0,0,0
17249,2,0,0,0,0,0
17250,5,5,5,0,0,5
17254,2,0,0,0,0,0
17252,2,0,0,0,0,0
17253,5,5,5,0,0,5
17257,2,0,0,0,0,0
17255,2,0,0,0,0,0
17256,5,5,5,0,0,5
17260,2,0,0,0,0,0
17258,2,0,0,0,0,0
17259,5,5,5,0,0,5
17263,2,0,0,0,0,0
17261,2,0,0,0,0,0
17262,5,5,5,0,0,5
17266,2,0,0,0,0,0
17264,2,0,0,0,0,0
17265,5,5,5,0,0,5
17269,2,0,0,0,0,0
17267,2,0,0,0,0,0
17268,5,5,5,0,0,5
17272,2,0,0,0,0,0
17270,2,0,0,0,0,0
17271,5,5,5,0,0,5
17275,2,0,0,0,0,0
17273,2,0,0,0,0,0
17274,5,5,5,0,0,5
17278,2,0,0,0,0,0
17276,2,0,0,0,0,0
17277,5,5,5,0,0,5
17281,2,0,0,0,0,0
17279,2,0,0,0,0,0
17280,5,5,5,0,0,5
17284,2,0,0,0,0,0
17282,2,0,0,0,0,0
17283,5,5,5,0,0,5
17287,2,0,0,0,0,0
17285,2,0,0,0,0,0
17286,5,5,5,0,0,5
17290,2,0,0,0,0,0
17288,2,0,0,0,0,0
17289,5,5,5,0,0,5
17293,2,0,0,0,0,0
17291,2,0,0,0,0,0
17292,5,5,5,0,0,5
17296,2,0,0,0,0,0
17294,2,0,0,0,0,0
17295,5,5,5,0,0,5
17299,2,0,0,0,0,0
17297,2,0,0,0,0,0
17298,5,5,5,0,0,5
17302,2,0,0,0,0,0
17300,2,0,0,0,0,0
17301,5,5,5,0,0,5
17305,2,0,0,0,0,0
17303,2,0,0,0,0,0
17304,5,5,5,0,0,5
17308,2,0,0,0,0,0
17306,2,0,0,0,0,0
17307,5,5,5,0,0,5
17311,2,0,0,0,0,0
17309,2,0,0,0,0,0
17310,5,5,5,0,0,5
17314,2,0,0,0,0,0
17312,2,0,0,0,0,0
17313,5,5,5,0,0,5
17317,2,0,0,0,0,0
17315,2,0,0,0,0,0
17316,5,5,5,0,0,5
17320,2,0,0,0,0,0
17318,2,0,0,0,0,0
17319,5,5,5,0,0,5
17323,2,0,0,0,0,0
17321,2,0,0,0,0,0
17322,5,5,5,0,0,5
17326,2,0,0,0,0,0
17324,2,0,0,0,0,0
17325,5,5,5,0,0,5
17329,2,0,0,0,0,0
17327,2,0,0,0,0,0
17328,5,5,5,0,0,5
17332,2,0,0,0,0,0
17330,2,0,0,0,0,0
17331,5,5,5,0,0,5
17335,2,0,0,0,0,0
17333,2,0,0,0,0,0
17334,5,5,5,0,0,5
17338,2,0,0,0,0,0
17336,2,0,0,0,0,0
17337,5,5,5,0,0,5
17341,2,0,0,0,0,0
17339,2,0,0,0,0,0
17340,5,5,5,0,0,5
17344,2,0,0,0,0,0
17342,2,0,0,0,0,0
17343,5,5,5,0,0,5
17347,2,0,0,0,0,0
17345,2,0,0,0,0,0
17346,5,5,5,0,0,5
17350,2,0,0,0,0,0
17348,2,0,0,0,0,0
17349,5,5,5,0,0,5
17353,2,0,0,0,0,0
17351,2,0,0,0,0,0
17352,5,5,5,0,0,5
17356,2,0,0,0,0,0
17354,2,0,0,0,0,0
17355,5,5,5,0,0,5
17359,2,0,0,0,0,0
17357,2,0,0,0,0,0
17358,5,5,5,0,0,5
17362,2,0,0,0,0,0
17360,2,0,0,0,0,0
17361,5,5,5,0,0,5
17365,2,0,0,0,0,0
17363,2,0,0,0,0,0
17364,5,5,5,0,0,5
17368,2,0,0,0,0,0
17366,2,0,0,0,0,0
17367,5,5,5,0,0,5
17371,2,0,0,0,0,0
17369,2,0,0,0,0,0
17370,5,5,5,0,0,5
17374,2,0,0,0,0,0
17372,2,0,0,0,0,0
17373,5,5,5,0,0,5
17377,2,0,0,0,0,0
17375,2,0,0,0,0,0
17376,5,5,5,0,0,5
17380,2,0,0,0,0,0
17378,2,0,0,0,0,0
17379,5,5,5,0,0,5
17383,2,0,0,0,0,0
17381,2,0,0,0,0,0
17382,5,5,5,0,0,5
17386,2,0,0,0,0,0
17384,2,0,0,0,0,0
17385,5,5,5,0,0,5
17389,2,0,0,0,0,0
17387,2,0,0,0,0,0
17388,5,5,5,0,0,5
17392,2,0,0,0,0,0
17390,2,0,0,0,0,0
17391,5,5,5,0,0,5
17395,2,0,0,0,0,0
17393,2,0,0,0,0,0
17394,5,5,5,0,0,5
17398,2,0,0,0,0,0
17396,2,0,0,0,0,0
17397,5,5,5,0,0,5
17401,2,0,0,0,0,0
17399,2,0,0,0,0,0
17400,5,5,5,0,0,5
17404,2,0,0,0,0,0
17402,2,0,0,0,0,0
17403,5,5,5,0,0,5
17407,2,0,0,0,0,0
17405,2,0,0,0,0,0
17406,5,5,5,0,0,5
17410,2,0,0,0,0,0
17408,2,0,0,0,0,0
17409,5,5,5,0,0,5
17413,2,0,0,0,0,0
17411,2,0,0,0,0,0
17412,5,5,5,0,0,5
17416,2,0,0,0,0,0
17414,2,0,0,0,0,0
17415,5,5,5,0,0,5
17419,2,0,0,0,0,0
17417,2,0,0,0,0,0
17418,5,5,5,0,0,5
17422,2,0,0,0,0,0
17420,2,0,0,0,0,0
17421,5,5,5,0,0,5
17425,2,0,0,0,0,0
17423,2,0,0,0,0,0
17424,5,5,5,0,0,5
17428,2,0,0,0,0,0
17426,2,0,0,0,0,0
17427,5,5,5,0,0,5
17431,2,0,0,0,0,0
17429,2,0,0,0,0,0
17430,5,5,5,0,0,5
17434,2,0,0,0,0,0
17432,2,0,0,0,0,0
17433,5,5,5,0,0,5
17437,2,0,0,0,0,0
17435,2,0,0,0,0,0
17436,5,5,5,0,0,5
17440,2,0,0,0,0,0
17438,2,0,0,0,0,0
17439,5,5,5,0,0,5
17443,2,0,0,0,0,0
17441,2,0,0,0,0,0
17442,5,5,5,0,0,5
17446,2,0,0,0,0,0
17444,2,0,0,0,0,0
17445,5,5,5,0,0,5
17449,2,0,0,0,0,0
17447,2,0,0,0,0,0
17448,5,5,5,0,0,5
17452,2,0,0,0,0,0
17450,2,0,0,0,0,0
17451,5,5,5,0,0,5
17455,2,0,0,0,0,0
17453,2,0,0,0,0,0
17454,5,5,5,0,0,5
17458,2,0,0,0,0,0
17456,2,0,0,0,0,0
17457,5,5,5,0,0,5
17461,2,0,0,0,0,0
17459,2,0,0,0,0,0
17460,5,5,5,0,0,5
17464,2,0,0,0,0,0
17462,2,0,0,0,0,0
17463,5,5,5,0,0,5
17467,2,0,0,0,0,0
17465,2,0,0,0,0,0
17466,5,5,5,0,0,5
17470,2,0,0,0,0,0
17468,2,0,0,0,0,0
17469,5,5,5,0,0,5
17473,2,0,0,0,0,0
17471,2,0,0,0,0,0
17472,5,5,5,0,0,5
17476,2,0,0,0,0,0
17474,2,0,0,0,0,0
17475,5,5,5,0,0,5
17479,2,0,0,0,0,0
17477,2,0,0,0,0,0
17478,5,5,5,0,0,5
17482,2,0,0,0,0,0
17480,2,0,0,0,0,0
17481,5,5,5,0,0,5
17485,2,0,0,0,0,0
17483,2,0,0,0,0,0
17484,5,5,5,0,0,5
17488,2,0,0,0,0,0
17486,2,0,0,0,0,0
17487,5,5,5,0,0,5
17491,2,0,0,0,0,0
17489,2,0,0,0,0,0
17490,5,5,5,0,0,5
17494,2,0,0,0,0,0
17492,2,0,0,0,0,0
17493,5,5,5,0,0,5
17497,2,0,0,0,0,0
17495,2,0,0,0,0,0
17496,5,5,5,0,0,5
17500,2,0,0,0,0,0
17498,2,0,0,0,0,0
17499,5,5,5,0,0,5
17503,2,0,0,0,0,0
17501,2,0,0,0,0,0
17502,5,5,5,0,0,5
17506,2,0,0,0,0,0
17504,2,0,0,0,0,0
17505,5,5,5,0,0,5
17509,2,0,0,0,0,0
17507,2,0,0,0,0,0
17508,5,5,5,0,0,5
17512,2,0,0,0,0,0
17510,2,0,0,0,0,0
17511,5,5,5,0,0,5
17515,2,0,0,0,0,0
17513,2,0,0,0,0,0
17514,5,5,5,0,0,5
17518,2,0,0,0,0,0
17516,2,0,0,0,0,0
17517,5,5,5,0,0,5
17521,2,0,0,0,0,0
17519,2,0,0,0,0,0
17520,5,5,5,0,0,5
17524,2,0,0,0,0,0
17522,2,0,0,0,0,0
17523,5,5,5,0,0,5
17527,2,0,0,0,0,0
17525,2,0,0,0,0,0
17526,5,5,5,0,0,5
17530,2,0,0,0,0,0
17528,2,0,0,0,0,0
17529,5,5,5,0,0,5
17533,2,0,0,0,0,0
17531,2,0,0,0,0,0
17532,5,5,5,0,0,5
17536,2,0,0,0,0,0
17534,2,0,0,0,0,0
17535,5,5,5,0,0,5
17539,2,0,0,0,0,0
17537,2,0,0,0,0,0
17538,5,5,5,0,0,5
17542,2,0,0,0,0,0
17540,2,0,0,0,0,0
17541,5,5,5,0,0,5
17545,2,0,0,0,0,0
17543,2,0,0,0,0,0
17544,5,5,5,0,0,5
17548,2,0,0,0,0,0
17546,2,0,0,0,0,0
17547,5,5,5,0,0,5
17551,2,0,0,0,0,0
17549,2,0,0,0,0,0
17550,5,5,5,0,0,5
17554,2,0,0,0,0,0
17552,2,0,0,0,0,0
17553,5,5,5,0,0,5
17557,2,0,0,0,0,0
17555,2,0,0,0,0,0
17556,5,5,5,0,0,5
17560,2,0,0,0,0,0
17558,2,0,0,0,0,0
17559,5,5,5,0,0,5
17563,2,0,0,0,0,0
17561,2,0,0,0,0,0
17562,5,5,5,0,0,5
17566,2,0,0,0,0,0
17564,2,0,0,0,0,0
17565,5,5,5,0,0,5
17569,2,0,0,0,0,0
17567,2,0,0,0,0,0
17568,5,5,5,0,0,5
17572,2,0,0,0,0,0
17570,2,0,0,0,0,0
17571,5,5,5,0,0,5
17575,2,0,0,0,0,0
17573,2,0,0,0,0,0
17574,5,5,5,0,0,5
17578,2,0,0,0,0,0
17576,2,0,0,0,0,0
17577,5,5,5,0,0,5
17581,2,0,0,0,0,0
17579,2,0,0,0,0,0
17580,5,5,5,0,0,5
17584,2,0,0,0,0,0
17582,2,0,0,0,0,0
17583,5,5,5,0,0,5
17587,2,0,0,0,0,0
17585,2,0,0,0,0,0
17586,5,5,5,0,0,5
17590,2,0,0,0,0,0
17588,2,0,0,0,0,0
17589,5,5,5,0,0,5
17593,2,0,0,0,0,0
17591,2,0,0,0,0,0
17592,5,5,5,0,0,5
17596,2,0,0,0,0,0
17594,2,0,0,0,0,0
17595,5,5,5,0,0,5
17599,2,0,0,0,0,0
17597,2,0,0,0,0,0
17598,5,5,5,0,0,5
17602,2,0,0,0,0,0
17600,2,0,0,0,0,0
17601,5,5,5,0,0,5
17605,2,0,0,0,0,0
17603,2,0,0,0,0,0
17604,5,5,5,0,0,5
17608,2,0,0,0,0,0
17606,2,0,0,0,0,0
17607,5,5,5,0,0,5
17611,2,0,0,0,0,0
17609,2,0,0,0,0,0
17610,5,5,5,0,0,5
17614,2,0,0,0,0,0
17612,2,0,0,0,0,0
17613,5,5,5,0,0,5
17617,2,0,0,0,0,0
17615,2,0,0,0,0,0
17616,5,5,5,0,0,5
17620,2,0,0,0,0,0
17618,2,0,0,0,0,0
17619,5,5,5,0,0,5
17623,2,0,0,0,0,0
17621,2,0,0,0,0,0
17622,5,5,5,0,0,5
17626,2,0,0,0,0,0
17624,2,0,0,0,0,0
17625,5,5,5,0,0,5
17629,2,0,0,0,0,0
17627,2,0,0,0,0,0
17628,5,5,5,0,0,5
17632,2,0,0,0,0,0
17630,2,0,0,0,0,0
17631,5,5,5,0,0,5
17635,2,0,0,0,0,0
17633,2,0,0,0,0,0
17634,5,5,5,0,0,5
17638,2,0,0,0,0,0
17636,2,0,0,0,0,0
17637,5,5,5,0,0,5
17641,2,0,0,0,0,0
17639,2,0,0,0,0,0
17640,5,5,5,0,0,5
17644,2,0,0,0,0,0
17642,2,0,0,0,0,0
17643,5,5,5,0,0,5
17647,2,0,0,0,0,0
17645,2,0,0,0,0,0
17646,5,5,5,0,0,5
17650,2,0,0,0,0,0
17648,2,0,0,0,0,0
17649,5,5,5,0,0,5
17653,2,0,0,0,0,0
17651,2,0,0,0,0,0
17652,5,5,5,0,0,5
17656,2,0,0,0,0,0
17654,2,0,0,0,0,0
17655,5,5,5,0,0,5
17659,2,0,0,0,0,0
17657,2,0,0,0,0,0
17658,5,5,5,0,0,5
17662,2,0,0,0,0,0
17660,2,0,0,0,0,0
17661,5,5,5,0,0,5
17665,2,0,0,0,0,0
17663,2,0,0,0,0,0
17664,5,5,5,0,0,5
17668,2,0,0,0,0,0
17666,2,0,0,0,0,0
17667,5,5,5,0,0,5
17671,2,0,0,0,0,0
17669,2,0,0,0,0,0
17670,5,5,5,0,0,5
17674,2,0,0,0,0,0
17672,2,0,0,0,0,0
17673,5,5,5,0,0,5
17677,2,0,0,0,0,0
17675,2,0,0,0,0,0
17676,5,5,5,0,0,5
17680,2,0,0,0,0,0
17678,2,0,0,0,0,0
17679,5,5,5,0,0,5
17683,2,0,0,0,0,0
17681,2,0,0,0,0,0
17682,5,5,5,0,0,5
17686,2,0,0,0,0,0
17684,2,0,0,0,0,0
17685,5,5,5,0,0,5
17689,2,0,0,0,0,0
17687,2,0,0,0,0,0
17688,5,5,5,0,0,5
17692,2,0,0,0,0,0
17690,2,0,0,0,0,0
17691,5,5,5,0,0,5
17695,2,0,0,0,0,0
17693,2,0,0,0,0,0
17694,5,5,5,0,0,5
17698,2,0,0,0,0,0
17696,2,0,0,0,0,0
17697,5,5,5,0,0,5
17701,2,0,0,0,0,0
17699,2,0,0,0,0,0
17700,5,5,5,0,0,5
17704,2,0,0,0,0,0
17702,2,0,0,0,0,0
17703,5,5,5,0,0,5
17707,2,0,0,0,0,0
17705,2,0,0,0,0,0
17706,5,5,5,0,0,5
17710,2,0,0,0,0,0
17708,2,0,0,0,0,0
17709,5,5,5,0,0,5
17713,2,0,0,0,0,0
17711,2,0,0,0,0,0
17712,5,5,5,0,0,5
17716,2,0,0,0,0,0
17714,2,0,0,0,0,0
17715,5,5,5,0,0,5
17719,2,0,0,0,0,0
17717,2,0,0,0,0,0
17718,5,5,5,0,0,5
17722,2,0,0,0,0,0
17720,2,0,0,0,0,0
17721,5,5,5,0,0,5
17725,2,0,0,0,0,0
17723,2,0,0,0,0,0
17724,5,5,5,0,0,5
17728,2,0,0,0,0,0
17726,2,0,0,0,0,0
17727,5,5,5,0,0,5
17731,2,0,0,0,0,0
17729,2,0,0,0,0,0
17730,5,5,5,0,0,5
17734,2,0,0,0,0,0
17732,2,0,0,0,0,0
17733,5,5,5,0,0,5
17737,2,0,0,0,0,0
17735,2,0,0,0,0,0
17736,5,5,5,0,0,5
17740,2,0,0,0,0,0
17738,2,0,0,0,0,0
17739,5,5,5,0,0,5
17743,2,0,0,0,0,0
17741,2,0,0,0,0,0
17742,5,5,5,0,0,5
17746,2,0,0,0,0,0
17744,2,0,0,0,0,0
17745,5,5,5,0,0,5
17749,2,0,0,0,0,0
17747,2,0,0,0,0,0
17748,5,5,5,0,0,5
17752,2,0,0,0,0,0
17750,2,0,0,0,0,0
17751,5,5,5,0,0,5
17755,2,0,0,0,0,0
17753,2,0,0,0,0,0
17754,5,5,5,0,0,5
17758,2,0,0,0,0,0
17756,2,0,0,0,0,0
17757,5,5,5,0,0,5
17761,2,0,0,0,0,0
17759,2,0,0,0,0,0
17760,5,5,5,0,0,5
17764,2,0,0,0,0,0
17762,2,0,0,0,0,0
17763,5,5,5,0,0,5
17767,2,0,0,0,0,0
17765,2,0,0,0,0,0
17766,5,5,5,0,0,5
17770,2,0,0,0,0,0
17768,2,0,0,0,0,0
17769,5,5,5,0,0,5
17773,2,0,0,0,0,0
17771,2,0,0,0,0,0
17772,5,5,5,0,0,5
17776,2,0,0,0,0,0
17774,2,0,0,0,0,0
17775,5,5,5,0,0,5
17779,2,0,0,0,0,0
17777,2,0,0,0,0,0
17778,5,5,5,0,0,5
17782,2,0,0,0,0,0
17780,2,0,0,0,0,0
17781,5,5,5,0,0,5
17785,2,0,0,0,0,0
17783,2,0,0,0,0,0
17784,5,5,5,0,0,5
17788,2,0,0,0,0,0
17786,2,0,0,0,0,0
17787,5,5,5,0,0,5
17791,2,0,0,0,0,0
17789,2,0,0,0,0,0
17790,5,5,5,0,0,5
17794,2,0,0,0,0,0
17792,2,0,0,0,0,0
17793,5,5,5,0,0,5
17797,2,0,0,0,0,0
17795,2,0,0,0,0,0
17796,5,5,5,0,0,5
17800,2,0,0,0,0,0
17798,2,0,0,0,0,0
17799,5,5,5,0,0,5
17803,2,0,0,0,0,0
17801,2,0,0,0,0,0
17802,5,5,5,0,0,5
17806,2,0,0,0,0,0
17804,2,0,0,0,0,0
17805,5,5,5,0,0,5
17809,2,0,0,0,0,0
17807,2,0,0,0,0,0
17808,5,5,5,0,0,5
17812,2,0,0,0,0,0
17810,2,0,0,0,0,0
17811,5,5,5,0,0,5
17815,2,0,0,0,0,0
17813,2,0,0,0,0,0
17814,5,5,5,0,0,5
17818,2,0,0,0,0,0
17816,2,0,0,0,0,0
17817,5,5,5,0,0,5
17821,2,0,0,0,0,0
17819,2,0,0,0,0,0
17820,5,5,5,0,0,5
17824,2,0,0,0,0,0
17822,2,0,0,0,0,0
17823,5,5,5,0,0,5
17827,2,0,0,0,0,0
17825,2,0,0,0,0,0
17826,5,5,5,0,0,5
17830,2,0,0,0,0,0
17828,2,0,0,0,0,0
17829,5,5,5,0,0,5
17833,2,0,0,0,0,0
17831,2,0,0,0,0,0
17832,5,5,5,0,0,5
17836,2,0,0,0,0,0
17834,2,0,0,0,0,0
17835,5,5,5,0,0,5
17839,2,0,0,0,0,0
17837,2,0,0,0,0,0
17838,5,5,5,0,0,5
17842,2,0,0,0,0,0
17840,2,0,0,0,0,0
17841,5,5,5,0,0,5
17845,2,0,0,0,0,0
17843,2,0,0,0,0,0
17844,5,5,5,0,0,5
17848,2,0,0,0,0,0
17846,2,0,0,0,0,0
17847,5,5,5,0,0,5
17851,2,0,0,0,0,0
17849,2,0,0,0,0,0
17850,5,5,5,0,0,5
17854,2,0,0,0,0,0
17852,2,0,0,0,0,0
17853,5,5,5,0,0,5
17857,2,0,0,0,0,0
17855,2,0,0,0,0,0
17856,5,5,5,0,0,5
17860,2,0,0,0,0,0
17858,2,0,0,0,0,0
17859,5,5,5,0,0,5
17863,2,0,0,0,0,0
17861,2,0,0,0,0,0
17862,5,5,5,0,0,5
17866,2,0,0,0,0,0
17864,2,0,0,0,0,0
17865,5,5,5,0,0,5
17869,2,0,0,0,0,0
17867,2,0,0,0,0,0
17868,5,5,5,0,0,5
17872,2,0,0,0,0,0
17870,2,0,0,0,0,0
17871,5,5,5,0,0,5
17875,2,0,0,0,0,0
17873,2,0,0,0,0,0
17874,5,5,5,0,0,5
17878,2,0,0,0,0,0
17876,2,0,0,0,0,0
17877,5,5,5,0,0,5
17881,2,0,0,0,0,0
17879,2,0,0,0,0,0
17880,5,5,5,0,0,5
17884,2,0,0,0,0,0
17882,2,0,0,0,0,0
17883,5,5,5,0,0,5
17887,2,0,0,0,0,0
17885,2,0,0,0,0,0
17886,5,5,5,0,0,5
17890,2,0,0,0,0,0
17888,2,0,0,0,0,0
17889,5,5,5,0,0,5
17893,2,0,0,0,0,0
17891,2,0,0,0,0,0
17892,5,5,5,0,0,5
17896,2,0,0,0,0,0
17894,2,0,0,0,0,0
17895,5,5,5,0,0,5
17899,2,0,0,0,0,0
17897,2,0,0,0,0,0
17898,5,5,5,0,0,5
17902,2,0,0,0,0,0
17900,2,0,0,0,0,0
17901,5,5,5,0,0,5
17905,2,0,0,0,0,0
17903,2,0,0,0,0,0
17904,5,5,5,0,0,5
17908,2,0,0,0,0,0
17906,2,0,0,0,0,0
17907,5,5,5,0,0,5
17911,2,0,0,0,0,0
17909,2,0,0,0,0,0
17910,5,5,5,0,0,5
17914,2,0,0,0,0,0
17912,2,0,0,0,0,0
17913,5,5,5,0,0,5
17917,2,0,0,0,0,0
17915,2,0,0,0,0,0
17916,5,5,5,0,0,5
17920,2,0,0,0,0,0
17918,2,0,0,0,0,0
17919,5,5,5,0,0,5
17923,2,0,0,0,0,0
17921,2,0,0,0,0,0
17922,5,5,5,0,0,5
17926,2,0,0,0,0,0
17924,2,0,0,0,0,0
17925,5,5,5,0,0,5
17929,2,0,0,0,0,0
17927,2,0,0,0,0,0
17928,5,5,5,0,0,5
17932,2,0,0,0,0,0
17930,2,0,0,0,0,0
17931,5,5,5,0,0,5
17935,2,0,0,0,0,0
17933,2,0,0,0,0,0
17934,5,5,5,0,0,5
17938,2,0,0,0,0,0
17936,2,0,0,0,0,0
17937,5,5,5,0,0,5
17941,2,0,0,0,0,0
17939,2,0,0,0,0,0
17940,5,5,5,0,0,5
17944,2,0,0,0,0,0
17942,2,0,0,0,0,0
17943,5,5,5,0,0,5
17947,2,0,0,0,0,0
17945,2,0,0,0,0,0
17946,5,5,5,0,0,5
17950,2,0,0,0,0,0
17948,2,0,0,0,0,0
17949,5,5,5,0,0,5
17953,2,0,0,0,0,0
17951,2,0,0,0,0,0
17952,5,5,5,0,0,5
17956,2,0,0,0,0,0
17954,2,0,0,0,0,0
17955,5,5,5,0,0,5
17959,2,0,0,0,0,0
17957,2,0,0,0,0,0
17958,5,5,5,0,0,5
17962,2,0,0,0,0,0
17960,2,0,0,0,0,0
17961,5,5,5,0,0,5
17965,2,0,0,0,0,0
17963,2,0,0,0,0,0
17964,5,5,5,0,0,5
17968,2,0,0,0,0,0
17966,2,0,0,0,0,0
17967,5,5,5,0,0,5
17971,2,0,0,0,0,0
17969,2,0,0,0,0,0
17970,5,5,5,0,0,5
17974,2,0,0,0,0,0
17972,2,0,0,0,0,0
17973,5,5,5,0,0,5
17977,2,0,0,0,0,0
17975,2,0,0,0,0,0
17976,5,5,5,0,0,5
17980,2,0,0,0,0,0
17978,2,0,0,0,0,0
17979,5,5,5,0,0,5
17983,2,0,0,0,0,0
17981,2,0,0,0,0,0
17982,5,5,5,0,0,5
17986,2,0,0,0,0,0
17984,2,0,0,0,0,0
17985,5,5,5,0,0,5
17989,2,0,0,0,0,0
17987,2,0,0,0,0,0
17988,5,5,5,0,0,5
17992,2,0,0,0,0,0
17990,2,0,0,0,0,0
17991,5,5,5,0,0,5
17995,2,0,0,0,0,0
17993,2,0,0,0,0,0
17994,5,5,5,0,0,5
17998,2,0,0,0,0,0
17996,2,0,0,0,0,0
17997,5,5,5,0,0,5
18001,2,0,0,0,0,0
17999,2,0,0,0,0,0
18000,5,5,5,0,0,5
18004,2,0,0,0,0,0
18002,2,0,0,0,0,0
18003,5,5,5,0,0,5
18007,2,0,0,0,0,0
18005,2,0,0,0,0,0
18006,5,5,5,0,0,5
18010,2,0,0,0,0,0
18008,2,0,0,0,0,0
18009,5,5,5,0,0,5
18013,2,0,0,0,0,0
18011,2,0,0,0,0,0
18012,5,5,5,0,0,5
18016,2,0,0,0,0,0
18014,2,0,0,0,0,0
18015,5,5,5,0,0,5
18019,2,0,0,0,0,0
18017,2,0,0,0,0,0
18018,5,5,5,0,0,5
18022,2,0,0,0,0,0
18020,2,0,0,0,0,0
18021,5,5,5,0,0,5
18025,2,0,0,0,0,0
18023,2,0,0,0,0,0
18024,5,5,5,0,0,5
18028,2,0,0,0,0,0
18026,2,0,0,0,0,0
18027,5,5,5,0,0,5
18031,2,0,0,0,0,0
18029,2,0,0,0,0,0
18030,5,5,5,0,0,5
18034,2,0,0,0,0,0
18032,2,0,0,0,0,0
18033,5,5,5,0,0,5
18037,2,0,0,0,0,0
18035,2,0,0,0,0,0
18036,5,5,5,0,0,5
18040,2,0,0,0,0,0
18038,2,0,0,0,0,0
18039,5,5,5,0,0,5
18043,2,0,0,0,0,0
18041,2,0,0,0,0,0
18042,5,5,5,0,0,5
18046,2,0,0,0,0,0
18044,2,0,0,0,0,0
18045,5,5,5,0,0,5
18049,2,0,0,0,0,0
18047,2,0,0,0,0,0
18048,5,5,5,0,0,5
18052,2,0,0,0,0,0
18050,2,0,0,0,0,0
18051,5,5,5,0,0,5
18055,2,0,0,0,0,0
18053,2,0,0,0,0,0
18054,5,5,5,0,0,5
18058,2,0,0,0,0,0
18056,2,0,0,0,0,0
18057,5,5,5,0,0,5
18061,2,0,0,0,0,0
18059,2,0,0,0,0,0
18060,5,5,5,0,0,5
18064,2,0,0,0,0,0
18062,2,0,0,0,0,0
18063,5,5,5,0,0,5
18067,2,0,0,0,0,0
18065,2,0,0,0,0,0
18066,5,5,5,0,0,5
18070,2,0,0,0,0,0
18068,2,0,0,0,0,0
18069,5,5,5,0,0,5
18073,2,0,0,0,0,0
18071,2,0,0,0,0,0
18072,5,5,5,0,0,5
18076,2,0,0,0,0,0
18074,2,0,0,0,0,0
18075,5,5,5,0,0,5
18079,2,0,0,0,0,0
18077,2,0,0,0,0,0
18078,5,5,5,0,0,5
18082,2,0,0,0,0,0
18080,2,0,0,0,0,0
18081,5,5,5,0,0,5
18085,2,0,0,0,0,0
18083,2,0,0,0,0,0
18084,5,5,5,0,0,5
18088,2,0,0,0,0,0
18086,2,0,0,0,0,0
18087,5,5,5,0,0,5
18091,2,0,0,0,0,0
18089,2,0,0,0,0,0
18090,5,5,5,0,0,5
18094,2,0,0,0,0,0
18092,2,0,0,0,0,0
18093,5,5,5,0,0,5
18097,2,0,0,0,0,0
18095,2,0,0,0,0,0
18096,5,5,5,0,0,5
18100,2,0,0,0,0,0
18098,2,0,0,0,0,0
18099,5,5,5,0,0,5
18103,2,0,0,0,0,0
18101,2,0,0,0,0,0
18102,5,5,5,0,0,5
18106,2,0,0,0,0,0
18104,2,0,0,0,0,0
18105,5,5,5,0,0,5
18109,2,0,0,0,0,0
18107,2,0,0,0,0,0
18108,5,5,5,0,0,5
18112,2,0,0,0,0,0
18110,2,0,0,0,0,0
18111,5,5,5,0,0,5
18115,2,0,0,0,0,0
18113,2,0,0,0,0,0
18114,5,5,5,0,0,5
18118,2,0,0,0,0,0
18116,2,0,0,0,0,0
18117,5,5,5,0,0,5
18121,2,0,0,0,0,0
18119,2,0,0,0,0,0
18120,5,5,5,0,0,5
18124,2,0,0,0,0,0
18122,2,0,0,0,0,0
18123,5,5,5,0,0,5
18127,2,0,0,0,0,0
18125,2,0,0,0,0,0
18126,5,5,5,0,0,5
18130,2,0,0,0,0,0
18128,2,0,0,0,0,0
18129,5,5,5,0,0,5
18133,2,0,0,0,0,0
18131,2,0,0,0,0,0
18132,5,5,5,0,0,5
18136,2,0,0,0,0,0
18134,2,0,0,0,0,0
18135,5,5,5,0,0,5
18139,2,0,0,0,0,0
18137,2,0,0,0,0,0
18138,5,5,5,0,0,5
18142,2,0,0,0,0,0
18140,2,0,0,0,0,0
18141,5,5,5,0,0,5
18145,2,0,0,0,0,0
18143,2,0,0,0,0,0
18144,5,5,5,0,0,5
18148,2,0,0,0,0,0
18146,2,0,0,0,0,0
18147,5,5,5,0,0,5
18151,2,0,0,0,0,0
18149,2,0,0,0,0,0
18150,5,5,5,0,0,5
18154,2,0,0,0,0,0
18152,2,0,0,0,0,0
18153,5,5,5,0,0,5
18157,2,0,0,0,0,0
18155,2,0,0,0,0,0
18156,5,5,5,0,0,5
18160,2,0,0,0,0,0
18158,2,0,0,0,0,0
18159,5,5,5,0,0,5
18163,2,0,0,0,0,0
18161,2,0,0,0,0,0
18162,5,5,5,0,0,5
18166,2,0,0,0,0,0
18164,2,0,0,0,0,0
18165,5,5,5,0,0,5
18169,2,0,0,0,0,0
18167,2,0,0,0,0,0
18168,5,5,5,0,0,5
18172,2,0,0,0,0,0
18170,2,0,0,0,0,0
18171,5,5,5,0,0,5
18175,2,0,0,0,0,0
18173,2,0,0,0,0,0
18174,5,5,5,0,0,5
18178,2,0,0,0,0,0
18176,2,0,0,0,0,0
18177,5,5,5,0,0,5
18181,2,0,0,0,0,0
18179,2,0,0,0,0,0
18180,5,5,5,0,0,5
18184,2,0,0,0,0,0
18182,2,0,0,0,0,0
18183,5,5,5,0,0,5
18187,2,0,0,0,0,0
18185,2,0,0,0,0,0
18186,5,5,5,0,0,5
18190,2,0,0,0,0,0
18188,2,0,0,0,0,0
18189,5,5,5,0,0,5
18193,2,0,0,0,0,0
18191,2,0,0,0,0,0
18192,5,5,5,0,0,5
18196,2,0,0,0,0,0
18194,2,0,0,0,0,0
18195,5,5,5,0,0,5
18199,2,0,0,0,0,0
18197,2,0,0,0,0,0
18198,5,5,5,0,0,5
18202,2,0,0,0,0,0
18200,2,0,0,0,0,0
18201,5,5,5,0,0,5
18205,2,0,0,0,0,0
18203,2,0,0,0,0,0
18204,5,5,5,0,0,5
18208,2,0,0,0,0,0
18206,2,0,0,0,0,0
18207,5,5,5,0,0,5
18211,2,0,0,0,0,0
18209,2,0,0,0,0,0
18210,5,5,5,0,0,5
18214,2,0,0,0,0,0
18212,2,0,0,0,0,0
18213,5,5,5,0,0,5
18217,2,0,0,0,0,0
18215,2,0,0,0,0,0
18216,5,5,5,0,0,5
18220,2,0,0,0,0,0
18218,2,0,0,0,0,0
18219,5,5,5,0,0,5
18223,2,0,0,0,0,0
18221,2,0,0,0,0,0
18222,5,5,5,0,0,5
18226,2,0,0,0,0,0
18224,2,0,0,0,0,0
18225,5,5,5,0,0,5
18229,2,0,0,0,0,0
18227,2,0,0,0,0,0
18228,5,5,5,0,0,5
18232,2,0,0,0,0,0
18230,2,0,0,0,0,0
18231,5,5,5,0,0,5
18235,2,0,0,0,0,0
18233,2,0,0,0,0,0
18234,5,5,5,0,0,5
18238,2,0,0,0,0,0
18236,2,0,0,0,0,0
18237,5,5,5,0,0,5
18241,2,0,0,0,0,0
18239,2,0,0,0,0,0
18240,5,5,5,0,0,5
18244,2,0,0,0,0,0
18242,2,0,0,0,0,0
18243,5,5,5,0,0,5
18247,2,0,0,0,0,0
18245,2,0,0,0,0,0
18246,5,5,5,0,0,5
18250,2,0,0,0,0,0
18248,2,0,0,0,0,0
18249,5,5,5,0,0,5
18253,2,0,0,0,0,0
18251,2,0,0,0,0,0
18252,5,5,5,0,0,5
18256,2,0,0,0,0,0
18254,2,0,0,0,0,0
18255,5,5,5,0,0,5
18259,2,0,0,0,0,0
18257,2,0,0,0,0,0
18258,5,5,5,0,0,5
18262,2,0,0,0,0,0
18260,2,0,0,0,0,0
18261,5,5,5,0,0,5
18265,2,0,0,0,0,0
18263,2,0,0,0,0,0
18264,5,5,5,0,0,5
18268,2,0,0,0,0,0
18266,2,0,0,0,0,0
18267,5,5,5,0,0,5
18271,2,0,0,0,0,0
18269,2,0,0,0,0,0
18270,5,5,5,0,0,5
18274,2,0,0,0,0,0
18272,2,0,0,0,0,0
18273,5,5,5,0,0,5
18277,2,0,0,0,0,0
18275,2,0,0,0,0,0
18276,5,5,5,0,0,5
18280,2,0,0,0,0,0
18278,2,0,0,0,0,0
18279,5,5,5,0,0,5
18283,2,0,0,0,0,0
18281,2,0,0,0,0,0
18282,5,5,5,0,0,5
18286,2,0,0,0,0,0
18284,2,0,0,0,0,0
18285,5,5,5,0,0,5
18289,2,0,0,0,0,0
18287,2,0,0,0,0,0
18288,5,5,5,0,0,5
18292,2,0,0,0,0,0
18290,2,0,0,0,0,0
18291,5,5,5,0,0,5
18295,2,0,0,0,0,0
18293,2,0,0,0,0,0
18294,5,5,5,0,0,5
18298,2,0,0,0,0,0
18296,2,0,0,0,0,0
18297,5,5,5,0,0,5
18301,2,0,0,0,0,0
18299,2,0,0,0,0,0
18300,5,5,5,0,0,5
18304,2,0,0,0,0,0
18302,2,0,0,0,0,0
18303,5,5,5,0,0,5
18307,2,0,0,0,0,0
18305,2,0,0,0,0,0
18306,5,5,5,0,0,5
18310,2,0,0,0,0,0
18308,2,0,0,0,0,0
18309,5,5,5,0,0,5
18313,2,0,0,0,0,0
18311,2,0,0,0,0,0
18312,5,5,5,0,0,5
18316,2,0,0,0,0,0
18314,2,0,0,0,0,0
18315,5,5,5,0,0,5
18319,2,0,0,0,0,0
18317,2,0,0,0,0,0
18318,5,5,5,0,0,5
18322,2,0,0,0,0,0
18320,2,0,0,0,0,0
18321,5,5,5,0,0,5
18325,2,0,0,0,0,0
18323,2,0,0,0,0,0
18324,5,5,5,0,0,5
18328,2,0,0,0,0,0
18326,2,0,0,0,0,0
18327,5,5,5,0,0,5
18331,2,0,0,0,0,0
18329,2,0,0,0,0,0
18330,5,5,5,0,0,5
18334,2,0,0,0,0,0
18332,2,0,0,0,0,0
18333,5,5,5,0,0,5
18337,2,0,0,0,0,0
18335,2,0,0,0,0,0
18336,5,5,5,0,0,5
18340,2,0,0,0,0,0
18338,2,0,0,0,0,0
18339,5,5,5,0,0,5
18343,2,0,0,0,0,0
18341,2,0,0,0,0,0
18342,5,5,5,0,0,5
18346,2,0,0,0,0,0
18344,2,0,0,0,0,0
18345,5,5,5,0,0,5
18349,2,0,0,0,0,0
18347,2,0,0,0,0,0
18348,5,5,5,0,0,5
18352,2,0,0,0,0,0
18350,2,0,0,0,0,0
18351,5,5,5,0,0,5
18355,2,0,0,0,0,0
18353,2,0,0,0,0,0
18354,5,5,5,0,0,5
18358,2,0,0,0,0,0
18356,2,0,0,0,0,0
18357,5,5,5,0,0,5
18361,2,0,0,0,0,0
18359,2,0,0,0,0,0
18360,5,5,5,0,0,5
18364,2,0,0,0,0,0
18362,2,0,0,0,0,0
18363,5,5,5,0,0,5
18367,2,0,0,0,0,0
18365,2,0,0,0,0,0
18366,5,5,5,0,0,5
18370,2,0,0,0,0,0
18368,2,0,0,0,0,0
18369,5,5,5,0,0,5
18373,2,0,0,0,0,0
18371,2,0,0,0,0,0
18372,5,5,5,0,0,5
18376,2,0,0,0,0,0
18374,2,0,0,0,0,0
18375,5,5,5,0,0,5
18379,2,0,0,0,0,0
18377,2,0,0,0,0,0
18378,5,5,5,0,0,5
18382,2,0,0,0,0,0
18380,2,0,0,0,0,0
18381,5,5,5,0,0,5
18385,2,0,0,0,0,0
18383,2,0,0,0,0,0
18384,5,5,5,0,0,5
18388,2,0,0,0,0,0
18386,2,0,0,0,0,0
18387,5,5,5,0,0,5
18391,2,0,0,0,0,0
18389,2,0,0,0,0,0
18390,5,5,5,0,0,5
18394,2,0,0,0,0,0
18392,2,0,0,0,0,0
18393,5,5,5,0,0,5
18397,2,0,0,0,0,0
18395,2,0,0,0,0,0
18396,5,5,5,0,0,5
18400,2,0,0,0,0,0
18398,2,0,0,0,0,0
18399,5,5,5,0,0,5
18403,2,0,0,0,0,0
18401,2,0,0,0,0,0
18402,5,5,5,0,0,5
18406,2,0,0,0,0,0
18404,2,0,0,0,0,0
18405,5,5,5,0,0,5
18409,2,0,0,0,0,0
18407,2,0,0,0,0,0
18408,5,5,5,0,0,5
18412,2,0,0,0,0,0
18410,2,0,0,0,0,0
18411,5,5,5,0,0,5
18415,2,0,0,0,0,0
18413,2,0,0,0,0,0
18414,5,5,5,0,0,5
18418,2,0,0,0,0,0
18416,2,0,0,0,0,0
18417,5,5,5,0,0,5
18421,2,0,0,0,0,0
18419,2,0,0,0,0,0
18420,5,5,5,0,0,5
18424,2,0,0,0,0,0
18422,2,0,0,0,0,0
18423,5,5,5,0,0,5
18427,2,0,0,0,0,0
18425,2,0,0,0,0,0
18426,5,5,5,0,0,5
18430,2,0,0,0,0,0
18428,2,0,0,0,0,0
18429,5,5,5,0,0,5
18433,2,0,0,0,0,0
18431,2,0,0,0,0,0
18432,5,5,5,0,0,5
18436,2,0,0,0,0,0
18434,2,0,0,0,0,0
18435,5,5,5,0,0,5
18439,2,0,0,0,0,0
18437,2,0,0,0,0,0
18438,5,5,5,0,0,5
18442,2,0,0,0,0,0
18440,2,0,0,0,0,0
18441,5,5,5,0,0,5
18445,2,0,0,0,0,0
18443,2,0,0,0,0,0
18444,5,5,5,0,0,5
18448,2,0,0,0,0,0
18446,2,0,0,0,0,0
18447,5,5,5,0,0,5
18451,2,0,0,0,0,0
18449,2,0,0,0,0,0
18450,5,5,5,0,0,5
18454,2,0,0,0,0,0
18452,2,0,0,0,0,0
18453,5,5,5,0,0,5
18457,2,0,0,0,0,0
18455,2,0,0,0,0,0
18456,5,5,5,0,0,5
18460,2,0,0,0,0,0
18458,2,0,0,0,0,0
18459,5,5,5,0,0,5
18463,2,0,0,0,0,0
18461,2,0,0,0,0,0
18462,5,5,5,0,0,5
18466,2,0,0,0,0,0
18464,2,0,0,0,0,0
18465,5,5,5,0,0,5
18469,2,0,0,0,0,0
18467,2,0,0,0,0,0
18468,5,5,5,0,0,5
18472,2,0,0,0,0,0
18470,2,0,0,0,0,0
18471,5,5,5,0,0,5
18475,2,0,0,0,0,0
18473,2,0,0,0,0,0
18474,5,5,5,0,0,5
18478,2,0,0,0,0,0
18476,2,0,0,0,0,0
18477,5,5,5,0,0,5
18481,2,0,0,0,0,0
18479,2,0,0,0,0,0
18480,5,5,5,0,0,5
18484,2,0,0,0,0,0
18482,2,0,0,0,0,0
18483,5,5,5,0,0,5
18487,2,0,0,0,0,0
18485,2,0,0,0,0,0
18486,5,5,5,0,0,5
18490,2,0,0,0,0,0
18488,2,0,0,0,0,0
18489,5,5,5,0,0,5
18493,2,0,0,0,0,0
18491,2,0,0,0,0,0
18492,5,5,5,0,0,5
18496,2,0,0,0,0,0
18494,2,0,0,0,0,0
18495,5,5,5,0,0,5
18499,2,0,0,0,0,0
18497,2,0,0,0,0,0
18498,5,5,5,0,0,5
18502,2,0,0,0,0,0
18500,2,0,0,0,0,0
18501,5,5,5,0,0,5
18505,2,0,0,0,0,0
18503,2,0,0,0,0,0
18504,5,5,5,0,0,5
18508,2,0,0,0,0,0
18506,2,0,0,0,0,0
18507,5,5,5,0,0,5
18511,2,0,0,0,0,0
18509,2,0,0,0,0,0
18510,5,5,5,0,0,5
18514,2,0,0,0,0,0
18512,2,0,0,0,0,0
18513,5,5,5,0,0,5
18517,2,0,0,0,0,0
18515,2,0,0,0,0,0
18516,5,5,5,0,0,5
18520,2,0,0,0,0,0
18518,2,0,0,0,0,0
18519,5,5,5,0,0,5
18523,2,0,0,0,0,0
18521,2,0,0,0,0,0
18522,5,5,5,0,0,5
18526,2,0,0,0,0,0
18524,2,0,0,0,0,0
18525,5,5,5,0,0,5
18529,2,0,0,0,0,0
18527,2,0,0,0,0,0
18528,5,5,5,0,0,5
18532,2,0,0,0,0,0
18530,2,0,0,0,0,0
18531,5,5,5,0,0,5
18535,2,0,0,0,0,0
18533,2,0,0,0,0,0
18534,5,5,5,0,0,5
18538,2,0,0,0,0,0
18536,2,0,0,0,0,0
18537,5,5,5,0,0,5
18541,2,0,0,0,0,0
18539,2,0,0,0,0,0
18540,5,5,5,0,0,5
18544,2,0,0,0,0,0
18542,2,0,0,0,0,0
18543,5,5,5,0,0,5
18547,2,0,0,0,0,0
18545,2,0,0,0,0,0
18546,5,5,5,0,0,5
18550,2,0,0,0,0,0
18548,2,0,0,0,0,0
18549,5,5,5,0,0,5
18553,2,0,0,0,0,0
18551,2,0,0,0,0,0
18552,5,5,5,0,0,5
18556,2,0,0,0,0,0
18554,2,0,0,0,0,0
18555,5,5,5,0,0,5
18559,2,0,0,0,0,0
18557,2,0,0,0,0,0
18558,5,5,5,0,0,5
18562,2,0,0,0,0,0
18560,2,0,0,0,0,0
18561,5,5,5,0,0,5
18565,2,0,0,0,0,0
18563,2,0,0,0,0,0
18564,5,5,5,0,0,5
18568,2,0,0,0,0,0
18566,2,0,0,0,0,0
18567,5,5,5,0,0,5
18571,2,0,0,0,0,0
18569,2,0,0,0,0,0
18570,5,5,5,0,0,5
18574,2,0,0,0,0,0
18572,2,0,0,0,0,0
18573,5,5,5,0,0,5
18577,2,0,0,0,0,0
18575,2,0,0,0,0,0
18576,5,5,5,0,0,5
18580,2,0,0,0,0,0
18578,2,0,0,0,0,0
18579,5,5,5,0,0,5
18583,2,0,0,0,0,0
18581,2,0,0,0,0,0
18582,5,5,5,0,0,5
18586,2,0,0,0,0,0
18584,2,0,0,0,0,0
18585,5,5,5,0,0,5
18589,2,0,0,0,0,0
18587,2,0,0,0,0,0
18588,5,5,5,0,0,5
18592,2,0,0,0,0,0
18590,2,0,0,0,0,0
18591,5,5,5,0,0,5
18595,2,0,0,0,0,0
18593,2,0,0,0,0,0
18594,5,5,5,0,0,5
18598,2,0,0,0,0,0
18596,2,0,0,0,0,0
18597,5,5,5,0,0,5
18601,2,0,0,0,0,0
18599,2,0,0,0,0,0
18600,5,5,5,0,0,5
18604,2,0,0,0,0,0
18602,2,0,0,0,0,0
18603,5,5,5,0,0,5
18607,2,0,0,0,0,0
18605,2,0,0,0,0,0
18606,5,5,5,0,0,5
18610,2,0,0,0,0,0
18608,2,0,0,0,0,0
18609,5,5,5,0,0,5
18613,2,0,0,0,0,0
18611,2,0,0,0,0,0
18612,5,5,5,0,0,5
18616,2,0,0,0,0,0
18614,2,0,0,0,0,0
18615,5,5,5,0,0,5
18619,2,0,0,0,0,0
18617,2,0,0,0,0,0
18618,5,5,5,0,0,5
18622,2,0,0,0,0,0
18620,2,0,0,0,0,0
18621,5,5,5,0,0,5
18625,2,0,0,0,0,0
18623,2,0,0,0,0,0
18624,5,5,5,0,0,5
18628,2,0,0,0,0,0
18626,2,0,0,0,0,0
18627,5,5,5,0,0,5
18631,2,0,0,0,0,0
18629,2,0,0,0,0,0
18630,5,5,5,0,0,5
18634,2,0,0,0,0,0
18632,2,0,0,0,0,0
18633,5,5,5,0,0,5
18637,2,0,0,0,0,0
18635,2,0,0,0,0,0
18636,5,5,5,0,0,5
18640,2,0,0,0,0,0
18638,2,0,0,0,0,0
18639,5,5,5,0,0,5
18643,2,0,0,0,0,0
18641,2,0,0,0,0,0
18642,5,5,5,0,0,5
18646,2,0,0,0,0,0
18644,2,0,0,0,0,0
18645,5,5,5,0,0,5
18649,2,0,0,0,0,0
18647,2,0,0,0,0,0
18648,5,5,5,0,0,5
18652,2,0,0,0,0,0
18650,2,0,0,0,0,0
18651,5,5,5,0,0,5
18655,2,0,0,0,0,0
18653,2,0,0,0,0,0
18654,5,5,5,0,0,5
18658,2,0,0,0,0,0
18656,2,0,0,0,0,0
18657,5,5,5,0,0,5
18661,2,0,0,0,0,0
18659,2,0,0,0,0,0
18660,5,5,5,0,0,5
18664,2,0,0,0,0,0
18662,2,0,0,0,0,0
18663,5,5,5,0,0,5
18667,2,0,0,0,0,0
18665,2,0,0,0,0,0
18666,5,5,5,0,0,5
18670,2,0,0,0,0,0
18668,2,0,0,0,0,0
18669,5,5,5,0,0,5
18673,2,0,0,0,0,0
18671,2,0,0,0,0,0
18672,5,5,5,0,0,5
18676,2,0,0,0,0,0
18674,2,0,0,0,0,0
18675,5,5,5,0,0,5
18679,2,0,0,0,0,0
18677,2,0,0,0,0,0
18678,5,5,5,0,0,5
18682,2,0,0,0,0,0
18680,2,0,0,0,0,0
18681,5,5,5,0,0,5
18685,2,0,0,0,0,0
18683,2,0,0,0,0,0
18684,5,5,5,0,0,5
18688,2,0,0,0,0,0
18686,2,0,0,0,0,0
18687,5,5,5,0,0,5
18691,2,0,0,0,0,0
18689,2,0,0,0,0,0
18690,5,5,5,0,0,5
18694,2,0,0,0,0,0
18692,2,0,0,0,0,0
18693,5,5,5,0,0,5
18697,2,0,0,0,0,0
18695,2,0,0,0,0,0
18696,5,5,5,0,0,5
18700,2,0,0,0,0,0
18698,2,0,0,0,0,0
18699,5,5,5,0,0,5
18703,2,0,0,0,0,0
18701,2,0,0,0,0,0
18702,5,5,5,0,0,5
18706,2,0,0,0,0,0
18704,2,0,0,0,0,0
18705,5,5,5,0,0,5
18709,2,0,0,0,0,0
18707,2,0,0,0,0,0
18708,5,5,5,0,0,5
18712,2,0,0,0,0,0
18710,2,0,0,0,0,0
18711,5,5,5,0,0,5
18715,2,0,0,0,0,0
18713,2,0,0,0,0,0
18714,5,5,5,0,0,5
18718,2,0,0,0,0,0
18716,2,0,0,0,0,0
18717,5,5,5,0,0,5
18721,2,0,0,0,0,0
18719,2,0,0,0,0,0
18720,5,5,5,0,0,5
18724,2,0,0,0,0,0
18722,2,0,0,0,0,0
18723,5,5,5,0,0,5
18727,2,0,0,0,0,0
18725,2,0,0,0,0,0
18726,5,5,5,0,0,5
18730,2,0,0,0,0,0
18728,2,0,0,0,0,0
18729,5,5,5,0,0,5
18733,2,0,0,0,0,0
18731,2,0,0,0,0,0
18732,5,5,5,0,0,5
18736,2,0,0,0,0,0
18734,2,0,0,0,0,0
18735,5,5,5,0,0,5
18739,2,0,0,0,0,0
18737,2,0,0,0,0,0
18738,5,5,5,0,0,5
18742,2,0,0,0,0,0
18740,2,0,0,0,0,0
18741,5,5,5,0,0,5
18745,2,0,0,0,0,0
18743,2,0,0,0,0,0
18744,5,5,5,0,0,5
18748,2,0,0,0,0,0
18746,2,0,0,0,0,0
18747,5,5,5,0,0,5
18751,2,0,0,0,0,0
18749,2,0,0,0,0,0
18750,5,5,5,0,0,5
18754,2,0,0,0,0,0
18752,2,0,0,0,0,0
18753,5,5,5,0,0,5
18757,2,0,0,0,0,0
18755,2,0,0,0,0,0
18756,5,5,5,0,0,5
18760,2,0,0,0,0,0
18758,2,0,0,0,0,0
18759,5,5,5,0,0,5
18763,2,0,0,0,0,0
18761,2,0,0,0,0,0
18762,5,5,5,0,0,5
18766,2,0,0,0,0,0
18764,2,0,0,0,0,0
18765,5,5,5,0,0,5
18769,2,0,0,0,0,0
18767,2,0,0,0,0,0
18768,5,5,5,0,0,5
18772,2,0,0,0,0,0
18770,2,0,0,0,0,0
18771,5,5,5,0,0,5
18775,2,0,0,0,0,0
18773,2,0,0,0,0,0
18774,5,5,5,0,0,5
18778,2,0,0,0,0,0
18776,2,0,0,0,0,0
18777,5,5,5,0,0,5
18781,2,0,0,0,0,0
18779,2,0,0,0,0,0
18780,5,5,5,0,0,5
18784,2,0,0,0,0,0
18782,2,0,0,0,0,0
18783,5,5,5,0,0,5
18787,2,0,0,0,0,0
18785,2,0,0,0,0,0
18786,5,5,5,0,0,5
18790,2,0,0,0,0,0
18788,2,0,0,0,0,0
18789,5,5,5,0,0,5
18793,2,0,0,0,0,0
18791,2,0,0,0,0,0
18792,5,5,5,0,0,5
18796,2,0,0,0,0,0
18794,2,0,0,0,0,0
18795,5,5,5,0,0,5
18799,2,0,0,0,0,0
18797,2,0,0,0,0,0
18798,5,5,5,0,0,5
18802,2,0,0,0,0,0
18800,2,0,0,0,0,0
18801,5,5,5,0,0,5
18805,2,0,0,0,0,0
18803,2,0,0,0,0,0
18804,5,5,5,0,0,5
18808,2,0,0,0,0,0
18806,2,0,0,0,0,0
18807,5,5,5,0,0,5
18811,2,0,0,0,0,0
18809,2,0,0,0,0,0
18810,5,5,5,0,0,5
18814,2,0,0,0,0,0
18812,2,0,0,0,0,0
18813,5,5,5,0,0,5
18817,2,0,0,0,0,0
18815,2,0,0,0,0,0
18816,5,5,5,0,0,5
18820,2,0,0,0,0,0
18818,2,0,0,0,0,0
18819,5,5,5,0,0,5
18823,2,0,0,0,0,0
18821,2,0,0,0,0,0
18822,5,5,5,0,0,5
18826,2,0,0,0,0,0
18824,2,0,0,0,0,0
18825,5,5,5,0,0,5
18829,2,0,0,0,0,0
18827,2,0,0,0,0,0
18828,5,5,5,0,0,5
18832,2,0,0,0,0,0
18830,2,0,0,0,0,0
18831,5,5,5,0,0,5
18835,2,0,0,0,0,0
18833,2,0,0,0,0,0
18834,5,5,5,0,0,5
18838,2,0,0,0,0,0
18836,2,0,0,0,0,0
18837,5,5,5,0,0,5
18841,2,0,0,0,0,0
18839,2,0,0,0,0,0
18840,5,5,5,0,0,5
18844,2,0,0,0,0,0
18842,2,0,0,0,0,0
18843,5,5,5,0,0,5
18847,2,0,0,0,0,0
18845,2,0,0,0,0,0
18846,5,5,5,0,0,5
18850,2,0,0,0,0,0
18848,2,0,0,0,0,0
18849,5,5,5,0,0,5
18853,2,0,0,0,0,0
18851,2,0,0,0,0,0
18852,5,5,5,0,0,5
18856,2,0,0,0,0,0
18854,2,0,0,0,0,0
18855,5,5,5,0,0,5
18859,2,0,0,0,0,0
18857,2,0,0,0,0,0
18858,5,5,5,0,0,5
18862,2,0,0,0,0,0
18860,2,0,0,0,0,0
18861,5,5,5,0,0,5
18865,2,0,0,0,0,0
18863,2,0,0,0,0,0
18864,5,5,5,0,0,5
18868,2,0,0,0,0,0
18866,2,0,0,0,0,0
18867,5,5,5,0,0,5
18871,2,0,0,0,0,0
18869,2,0,0,0,0,0
18870,5,5,5,0,0,5
18874,2,0,0,0,0,0
18872,2,0,0,0,0,0
18873,5,5,5,0,0,5
18877,2,0,0,0,0,0
18875,2,0,0,0,0,0
18876,5,5,5,0,0,5
18880,2,0,0,0,0,0
18878,2,0,0,0,0,0
18879,5,5,5,0,0,5
18883,2,0,0,0,0,0
18881,2,0,0,0,0,0
18882,5,5,5,0,0,5
18886,2,0,0,0,0,0
18884,2,0,0,0,0,0
18885,5,5,5,0,0,5
18889,2,0,0,0,0,0
18887,2,0,0,0,0,0
18888,5,5,5,0,0,5
18892,2,0,0,0,0,0
18890,2,0,0,0,0,0
18891,5,5,5,0,0,5
18895,2,0,0,0,0,0
18893,2,0,0,0,0,0
18894,5,5,5,0,0,5
18898,2,0,0,0,0,0
18896,2,0,0,0,0,0
18897,5,5,5,0,0,5
18901,2,0,0,0,0,0
18899,2,0,0,0,0,0
18900,5,5,5,0,0,5
18904,2,0,0,0,0,0
18902,2,0,0,0,0,0
18903,5,5,5,0,0,5
18907,2,0,0,0,0,0
18905,2,0,0,0,0,0
18906,5,5,5,0,0,5
18910,2,0,0,0,0,0
18908,2,0,0,0,0,0
18909,5,5,5,0,0,5
18913,2,0,0,0,0,0
18911,2,0,0,0,0,0
18912,5,5,5,0,0,5
18916,2,0,0,0,0,0
18914,2,0,0,0,0,0
18915,5,5,5,0,0,5
18919,2,0,0,0,0,0
18917,2,0,0,0,0,0
18918,5,5,5,0,0,5
18922,2,0,0,0,0,0
18920,2,0,0,0,0,0
18921,5,5,5,0,0,5
18925,2,0,0,0,0,0
18923,2,0,0,0,0,0
18924,5,5,5,0,0,5
18928,2,0,0,0,0,0
18926,2,0,0,0,0,0
18927,5,5,5,0,0,5
18931,2,0,0,0,0,0
18929,2,0,0,0,0,0
18930,5,5,5,0,0,5
18934,2,0,0,0,0,0
18932,2,0,0,0,0,0
18933,5,5,5,0,0,5
18937,2,0,0,0,0,0
18935,2,0,0,0,0,0
18936,5,5,5,0,0,5
18940,2,0,0,0,0,0
18938,2,0,0,0,0,0
18939,5,5,5,0,0,5
18943,2,0,0,0,0,0
18941,2,0,0,0,0,0
18942,5,5,5,0,0,5
18946,2,0,0,0,0,0
18944,2,0,0,0,0,0
18945,5,5,5,0,0,5
18949,2,0,0,0,0,0
18947,2,0,0,0,0,0
18948,5,5,5,0,0,5
18952,2,0,0,0,0,0
18950,2,0,0,0,0,0
18951,5,5,5,0,0,5
18955,2,0,0,0,0,0
18953,2,0,0,0,0,0
18954,5,5,5,0,0,5
18958,2,0,0,0,0,0
18956,2,0,0,0,0,0
18957,5,5,5,0,0,5
18961,2,0,0,0,0,0
18959,2,0,0,0,0,0
18960,5,5,5,0,0,5
18964,2,0,0,0,0,0
18962,2,0,0,0,0,0
18963,5,5,5,0,0,5
18967,2,0,0,0,0,0
18965,2,0,0,0,0,0
18966,5,5,5,0,0,5
18970,2,0,0,0,0,0
18968,2,0,0,0,0,0
18969,5,5,5,0,0,5
18973,2,0,0,0,0,0
18971,2,0,0,0,0,0
18972,5,5,5,0,0,5
18976,2,0,0,0,0,0
18974,2,0,0,0,0,0
18975,5,5,5,0,0,5
18979,2,0,0,0,0,0
18977,2,0,0,0,0,0
18978,5,5,5,0,0,5
18982,2,0,0,0,0,0
18980,2,0,0,0,0,0
18981,5,5,5,0,0,5
18985,2,0,0,0,0,0
18983,2,0,0,0,0,0
18984,5,5,5,0,0,5
18988,2,0,0,0,0,0
18986,2,0,0,0,0,0
18987,5,5,5,0,0,5
18991,2,0,0,0,0,0
18989,2,0,0,0,0,0
18990,5,5,5,0,0,5
18994,2,0,0,0,0,0
18992,2,0,0,0,0,0
18993,5,5,5,0,0,5
18997,2,0,0,0,0,0
18995,2,0,0,0,0,0
18996,5,5,5,0,0,5
19000,2,0,0,0,0,0
18998,2,0,0,0,0,0
18999,5,5,5,0,0,5
19003,2,0,0,0,0,0
19001,2,0,0,0,0,0
19002,5,5,5,0,0,5
19006,2,0,0,0,0,0
19004,2,0,0,0,0,0
19005,5,5,5,0,0,5
19009,2,0,0,0,0,0
19007,2,0,0,0,0,0
19008,5,5,5,0,0,5
19012,2,0,0,0,0,0
19010,2,0,0,0,0,0
19011,5,5,5,0,0,5
19015,2,0,0,0,0,0
19013,2,0,0,0,0,0
19014,5,5,5,0,0,5
19018,2,0,0,0,0,0
19016,2,0,0,0,0,0
19017,5,5,5,0,0,5
19021,2,0,0,0,0,0
19019,2,0,0,0,0,0
19020,5,5,5,0,0,5
19024,2,0,0,0,0,0
19022,2,0,0,0,0,0
19023,5,5,5,0,0,5
19027,2,0,0,0,0,0
19025,2,0,0,0,0,0
19026,5,5,5,0,0,5
19030,2,0,0,0,0,0
19028,2,0,0,0,0,0
19029,5,5,5,0,0,5
19033,2,0,0,0,0,0
19031,2,0,0,0,0,0
19032,5,5,5,0,0,5
19036,2,0,0,0,0,0
19034,2,0,0,0,0,0
19035,5,5,5,0,0,5
19039,2,0,0,0,0,0
19037,2,0,0,0,0,0
19038,5,5,5,0,0,5
19042,2,0,0,0,0,0
19040,2,0,0,0,0,0
19041,5,5,5,0,0,5
19045,2,0,0,0,0,0
19043,2,0,0,0,0,0
19044,5,5,5,0,0,5
19048,2,0,0,0,0,0
19046,2,0,0,0,0,0
19047,5,5,5,0,0,5
19051,2,0,0,0,0,0
19049,2,0,0,0,0,0
19050,5,5,5,0,0,5
19054,2,0,0,0,0,0
19052,2,0,0,0,0,0
19053,5,5,5,0,0,5
19057,2,0,0,0,0,0
19055,2,0,0,0,0,0
19056,5,5,5,0,0,5
19060,2,0,0,0,0,0
19058,2,0,0,0,0,0
19059,5,5,5,0,0,5
19063,2,0,0,0,0,0
19061,2,0,0,0,0,0
19062,5,5,5,0,0,5
19066,2,0,0,0,0,0
19064,2,0,0,0,0,0
19065,5,5,5,0,0,5
19069,2,0,0,0,0,0
19067,2,0,0,0,0,0
19068,5,5,5,0,0,5
19072,2,0,0,0,0,0
19070,2,0,0,0,0,0
19071,5,5,5,0,0,5
19075,2,0,0,0,0,0
19073,2,0,0,0,0,0
19074,5,5,5,0,0,5
19078,2,0,0,0,0,0
19076,2,0,0,0,0,0
19077,5,5,5,0,0,5
19081,2,0,0,0,0,0
19079,2,0,0,0,0,0
19080,5,5,5,0,0,5
19084,2,0,0,0,0,0
19082,2,0,0,0,0,0
19083,5,5,5,0,0,5
19087,2,0,0,0,0,0
19085,2,0,0,0,0,0
19086,5,5,5,0,0,5
19090,2,0,0,0,0,0
19088,2,0,0,0,0,0
19089,5,5,5,0,0,5
19093,2,0,0,0,0,0
19091,2,0,0,0,0,0
19092,5,5,5,0,0,5
19096,2,0,0,0,0,0
19094,2,0,0,0,0,0
19095,5,5,5,0,0,5
19099,2,0,0,0,0,0
19097,2,0,0,0,0,0
19098,5,5,5,0,0,5
19102,2,0,0,0,0,0
19100,2,0,0,0,0,0
19101,5,5,5,0,0,5
19105,2,0,0,0,0,0
19103,2,0,0,0,0,0
19104,5,5,5,0,0,5
19108,2,0,0,0,0,0
19106,2,0,0,0,0,0
19107,5,5,5,0,0,5
19111,2,0,0,0,0,0
19109,2,0,0,0,0,0
19110,5,5,5,0,0,5
19114,2,0,0,0,0,0
19112,2,0,0,0,0,0
19113,5,5,5,0,0,5
19117,2,0,0,0,0,0
19115,2,0,0,0,0,0
19116,5,5,5,0,0,5
19120,2,0,0,0,0,0
19118,2,0,0,0,0,0
19119,5,5,5,0,0,5
19123,2,0,0,0,0,0
19121,2,0,0,0,0,0
19122,5,5,5,0,0,5
19126,2,0,0,0,0,0
19124,2,0,0,0,0,0
19125,5,5,5,0,0,5
19129,2,0,0,0,0,0
19127,2,0,0,0,0,0
19128,5,5,5,0,0,5
19132,2,0,0,0,0,0
19130,2,0,0,0,0,0
19131,5,5,5,0,0,5
19135,2,0,0,0,0,0
19133,2,0,0,0,0,0
19134,5,5,5,0,0,5
19138,2,0,0,0,0,0
19136,2,0,0,0,0,0
19137,5,5,5,0,0,5
19141,2,0,0,0,0,0
19139,2,0,0,0,0,0
19140,5,5,5,0,0,5
19144,2,0,0,0,0,0
19142,2,0,0,0,0,0
19143,5,5,5,0,0,5
19147,2,0,0,0,0,0
19145,2,0,0,0,0,0
19146,5,5,5,0,0,5
19150,2,0,0,0,0,0
19148,2,0,0,0,0,0
19149,5,5,5,0,0,5
19153,2,0,0,0,0,0
19151,2,0,0,0,0,0
19152,5,5,5,0,0,5
19156,2,0,0,0,0,0
19154,2,0,0,0,0,0
19155,5,5,5,0,0,5
19159,2,0,0,0,0,0
19157,2,0,0,0,0,0
19158,5,5,5,0,0,5
19162,2,0,0,0,0,0
19160,2,0,0,0,0,0
19161,5,5,5,0,0,5
19165,2,0,0,0,0,0
19163,2,0,0,0,0,0
19164,5,5,5,0,0,5
19168,2,0,0,0,0,0
19166,2,0,0,0,0,0
19167,5,5,5,0,0,5
19171,2,0,0,0,0,0
19169,2,0,0,0,0,0
19170,5,5,5,0,0,5
19174,2,0,0,0,0,0
19172,2,0,0,0,0,0
19173,5,5,5,0,0,5
19177,2,0,0,0,0,0
19175,2,0,0,0,0,0
19176,5,5,5,0,0,5
19180,2,0,0,0,0,0
19178,2,0,0,0,0,0
19179,5,5,5,0,0,5
19183,2,0,0,0,0,0
19181,2,0,0,0,0,0
19182,5,5,5,0,0,5
19186,2,0,0,0,0,0
19184,2,0,0,0,0,0
19185,5,5,5,0,0,5
19189,2,0,0,0,0,0
19187,2,0,0,0,0,0
19188,5,5,5,0,0,5
19192,2,0,0,0,0,0
19190,2,0,0,0,0,0
19191,5,5,5,0,0,5
19195,2,0,0,0,0,0
19193,2,0,0,0,0,0
19194,5,5,5,0,0,5
19198,2,0,0,0,0,0
19196,2,0,0,0,0,0
19197,5,5,5,0,0,5
19201,2,0,0,0,0,0
19199,2,0,0,0,0,0
19200,5,5,5,0,0,5
19204,2,0,0,0,0,0
19202,2,0,0,0,0,0
19203,5,5,5,0,0,5
19207,2,0,0,0,0,0
19205,2,0,0,0,0,0
19206,5,5,5,0,0,5
19210,2,0,0,0,0,0
19208,2,0,0,0,0,0
19209,5,5,5,0,0,5
19213,2,0,0,0,0,0
19211,2,0,0,0,0,0
19212,5,5,5,0,0,5
19216,2,0,0,0,0,0
19214,2,0,0,0,0,0
19215,5,5,5,0,0,5
19219,2,0,0,0,0,0
19217,2,0,0,0,0,0
19218,5,5,5,0,0,5
19222,2,0,0,0,0,0
19220,2,0,0,0,0,0
19221,5,5,5,0,0,5
19225,2,0,0,0,0,0
19223,2,0,0,0,0,0
19224,5,5,5,0,0,5
19228,2,0,0,0,0,0
19226,2,0,0,0,0,0
19227,5,5,5,0,0,5
19231,2,0,0,0,0,0
19229,2,0,0,0,0,0
19230,5,5,5,0,0,5
19234,2,0,0,0,0,0
19232,2,0,0,0,0,0
19233,5,5,5,0,0,5
19237,2,0,0,0,0,0
19235,2,0,0,0,0,0
19236,5,5,5,0,0,5
19240,2,0,0,0,0,0
19238,2,0,0,0,0,0
19239,5,5,5,0,0,5
19243,2,0,0,0,0,0
19241,2,0,0,0,0,0
19242,5,5,5,0,0,5
19246,2,0,0,0,0,0
19244,2,0,0,0,0,0
19245,5,5,5,0,0,5
19249,2,0,0,0,0,0
19247,2,0,0,0,0,0
19248,5,5,5,0,0,5
19252,2,0,0,0,0,0
19250,2,0,0,0,0,0
19251,5,5,5,0,0,5
19255,2,0,0,0,0,0
19253,2,0,0,0,0,0
19254,5,5,5,0,0,5
19258,2,0,0,0,0,0
19256,2,0,0,0,0,0
19257,5,5,5,0,0,5
19261,2,0,0,0,0,0
19259,2,0,0,0,0,0
19260,5,5,5,0,0,5
19264,2,0,0,0,0,0
19262,2,0,0,0,0,0
19263,5,5,5,0,0,5
19267,2,0,0,0,0,0
19265,2,0,0,0,0,0
19266,5,5,5,0,0,5
19270,2,0,0,0,0,0
19268,2,0,0,0,0,0
19269,5,5,5,0,0,5
19273,2,0,0,0,0,0
19271,2,0,0,0,0,0
19272,5,5,5,0,0,5
19276,2,0,0,0,0,0
19274,2,0,0,0,0,0
19275,5,5,5,0,0,5
19279,2,0,0,0,0,0
19277,2,0,0,0,0,0
19278,5,5,5,0,0,5
19282,2,0,0,0,0,0
19280,2,0,0,0,0,0
19281,5,5,5,0,0,5
19285,2,0,0,0,0,0
19283,2,0,0,0,0,0
19284,5,5,5,0,0,5
19288,2,0,0,0,0,0
19286,2,0,0,0,0,0
19287,5,5,5,0,0,5
19291,2,0,0,0,0,0
19289,2,0,0,0,0,0
19290,5,5,5,0,0,5
19294,2,0,0,0,0,0
19292,2,0,0,0,0,0
19293,5,5,5,0,0,5
19297,2,0,0,0,0,0
19295,2,0,0,0,0,0
19296,5,5,5,0,0,5
19300,2,0,0,0,0,0
19298,2,0,0,0,0,0
19299,5,5,5,0,0,5
19303,2,0,0,0,0,0
19301,2,0,0,0,0,0
19302,5,5,5,0,0,5
19306,2,0,0,0,0,0
19304,2,0,0,0,0,0
19305,5,5,5,0,0,5
19309,2,0,0,0,0,0
19307,2,0,0,0,0,0
19308,5,5,5,0,0,5
19312,2,0,0,0,0,0
19310,2,0,0,0,0,0
19311,5,5,5,0,0,5
19315,2,0,0,0,0,0
19313,2,0,0,0,0,0
19314,5,5,5,0,0,5
19318,2,0,0,0,0,0
19316,2,0,0,0,0,0
19317,5,5,5,0,0,5
19321,2,0,0,0,0,0
19319,2,0,0,0,0,0
19320,5,5,5,0,0,5
19324,2,0,0,0,0,0
19322,2,0,0,0,0,0
19323,5,5,5,0,0,5
19327,2,0,0,0,0,0
19325,2,0,0,0,0,0
19326,5,5,5,0,0,5
19330,2,0,0,0,0,0
19328,2,0,0,0,0,0
19329,5,5,5,0,0,5
19333,2,0,0,0,0,0
19331,2,0,0,0,0,0
19332,5,5,5,0,0,5
19336,2,0,0,0,0,0
19334,2,0,0,0,0,0
19335,5,5,5,0,0,5
19339,2,0,0,0,0,0
19337,2,0,0,0,0,0
19338,5,5,5,0,0,5
19342,2,0,0,0,0,0
19340,2,0,0,0,0,0
19341,5,5,5,0,0,5
19345,2,0,0,0,0,0
19343,2,0,0,0,0,0
19344,5,5,5,0,0,5
19348,2,0,0,0,0,0
19346,2,0,0,0,0,0
19347,5,5,5,0,0,5
19351,2,0,0,0,0,0
19349,2,0,0,0,0,0
19350,5,5,5,0,0,5
19354,2,0,0,0,0,0
19352,2,0,0,0,0,0
19353,5,5,5,0,0,5
19357,2,0,0,0,0,0
19355,2,0,0,0,0,0
19356,5,5,5,0,0,5
19360,2,0,0,0,0,0
19358,2,0,0,0,0,0
19359,5,5,5,0,0,5
19363,2,0,0,0,0,0
19361,2,0,0,0,0,0
19362,5,5,5,0,0,5
19366,2,0,0,0,0,0
19364,2,0,0,0,0,0
19365,5,5,5,0,0,5
19369,2,0,0,0,0,0
19367,2,0,0,0,0,0
19368,5,5,5,0,0,5
19372,2,0,0,0,0,0
19370,2,0,0,0,0,0
19371,5,5,5,0,0,5
19375,2,0,0,0,0,0
19373,2,0,0,0,0,0
19374,5,5,5,0,0,5
19378,2,0,0,0,0,0
19376,2,0,0,0,0,0
19377,5,5,5,0,0,5
19381,2,0,0,0,0,0
19379,2,0,0,0,0,0
19380,5,5,5,0,0,5
19384,2,0,0,0,0,0
19382,2,0,0,0,0,0
19383,5,5,5,0,0,5
19387,2,0,0,0,0,0
19385,2,0,0,0,0,0
19386,5,5,5,0,0,5
19390,2,0,0,0,0,0
19388,2,0,0,0,0,0
19389,5,5,5,0,0,5
19393,2,0,0,0,0,0
19391,2,0,0,0,0,0
19392,5,5,5,0,0,5
19396,2,0,0,0,0,0
19394,2,0,0,0,0,0
19395,5,5,5,0,0,5
19399,2,0,0,0,0,0
19397,2,0,0,0,0,0
19398,5,5,5,0,0,5
19402,2,0,0,0,0,0
19400,2,0,0,0,0,0
19401,5,5,5,0,0,5
19405,2,0,0,0,0,0
19403,2,0,0,0,0,0
19404,5,5,5,0,0,5
19408,2,0,0,0,0,0
19406,2,0,0,0,0,0
19407,5,5,5,0,0,5
19411,2,0,0,0,0,0
19409,2,0,0,0,0,0
19410,5,5,5,0,0,5
19414,2,0,0,0,0,0
19412,2,0,0,0,0,0
19413,5,5,5,0,0,5
19417,2,0,0,0,0,0
19415,2,0,0,0,0,0
19416,5,5,5,0,0,5
19420,2,0,0,0,0,0
19418,2,0,0,0,0,0
19419,5,5,5,0,0,5
19423,2,0,0,0,0,0
19421,2,0,0,0,0,0
19422,5,5,5,0,0,5
19426,2,0,0,0,0,0
19424,2,0,0,0,0,0
19425,5,5,5,0,0,5
19429,2,0,0,0,0,0
19427,2,0,0,0,0,0
19428,5,5,5,0,0,5
19432,2,0,0,0,0,0
19430,2,0,0,0,0,0
19431,5,5,5,0,0,5
19435,2,0,0,0,0,0
19433,2,0,0,0,0,0
19434,5,5,5,0,0,5
19438,2,0,0,0,0,0
19436,2,0,0,0,0,0
19437,5,5,5,0,0,5
19441,2,0,0,0,0,0
19439,2,0,0,0,0,0
19440,5,5,5,0,0,5
19444,2,0,0,0,0,0
19442,2,0,0,0,0,0
19443,5,5,5,0,0,5
19447,2,0,0,0,0,0
19445,2,0,0,0,0,0
19446,5,5,5,0,0,5
19450,2,0,0,0,0,0
19448,2,0,0,0,0,0
19449,5,5,5,0,0,5
19453,2,0,0,0,0,0
19451,2,0,0,0,0,0
19452,5,5,5,0,0,5
19456,2,0,0,0,0,0
19454,2,0,0,0,0,0
19455,5,5,5,0,0,5
19459,2,0,0,0,0,0
19457,2,0,0,0,0,0
19458,5,5,5,0,0,5
19462,2,0,0,0,0,0
19460,2,0,0,0,0,0
19461,5,5,5,0,0,5
19465,2,0,0,0,0,0
19463,2,0,0,0,0,0
19464,5,5,5,0,0,5
19468,2,0,0,0,0,0
19466,2,0,0,0,0,0
19467,5,5,5,0,0,5
19471,2,0,0,0,0,0
19469,2,0,0,0,0,0
19470,5,5,5,0,0,5
19474,2,0,0,0,0,0
19472,2,0,0,0,0,0
19473,5,5,5,0,0,5
19477,2,0,0,0,0,0
19475,2,0,0,0,0,0
19476,5,5,5,0,0,5
19480,2,0,0,0,0,0
19478,2,0,0,0,0,0
19479,5,5,5,0,0,5
19483,2,0,0,0,0,0
19481,2,0,0,0,0,0
19482,5,5,5,0,0,5
19486,2,0,0,0,0,0
19484,2,0,0,0,0,0
19485,5,5,5,0,0,5
19489,2,0,0,0,0,0
19487,2,0,0,0,0,0
19488,5,5,5,0,0,5
19492,2,0,0,0,0,0
19490,2,0,0,0,0,0
19491,5,5,5,0,0,5
19495,2,0,0,0,0,0
19493,2,0,0,0,0,0
19494,5,5,5,0,0,5
19498,2,0,0,0,0,0
19496,2,0,0,0,0,0
19497,5,5,5,0,0,5
19501,2,0,0,0,0,0
19499,2,0,0,0,0,0
19500,5,5,5,0,0,5
19504,2,0,0,0,0,0
19502,2,0,0,0,0,0
19503,5,5,5,0,0,5
19507,2,0,0,0,0,0
19505,2,0,0,0,0,0
19506,5,5,5,0,0,5
19510,2,0,0,0,0,0
19508,2,0,0,0,0,0
19509,5,5,5,0,0,5
19513,2,0,0,0,0,0
19511,2,0,0,0,0,0
19512,5,5,5,0,0,5
19516,2,0,0,0,0,0
19514,2,0,0,0,0,0
19515,5,5,5,0,0,5
19519,2,0,0,0,0,0
19517,2,0,0,0,0,0
19518,5,5,5,0,0,5
19522,2,0,0,0,0,0
19520,2,0,0,0,0,0
19521,5,5,5,0,0,5
19525,2,0,0,0,0,0
19523,2,0,0,0,0,0
19524,5,5,5,0,0,5
19528,2,0,0,0,0,0
19526,2,0,0,0,0,0
19527,5,5,5,0,0,5
19531,2,0,0,0,0,0
19529,2,0,0,0,0,0
19530,5,5,5,0,0,5
19534,2,0,0,0,0,0
19532,2,0,0,0,0,0
19533,5,5,5,0,0,5
19537,2,0,0,0,0,0
19535,2,0,0,0,0,0
19536,5,5,5,0,0,5
19540,2,0,0,0,0,0
19538,2,0,0,0,0,0
19539,5,5,5,0,0,5
19543,2,0,0,0,0,0
19541,2,0,0,0,0,0
19542,5,5,5,0,0,5
19546,2,0,0,0,0,0
19544,2,0,0,0,0,0
19545,5,5,5,0,0,5
19549,2,0,0,0,0,0
19547,2,0,0,0,0,0
19548,5,5,5,0,0,5
19552,2,0,0,0,0,0
19550,2,0,0,0,0,0
19551,5,5,5,0,0,5
19555,2,0,0,0,0,0
19553,2,0,0,0,0,0
19554,5,5,5,0,0,5
19558,2,0,0,0,0,0
19556,2,0,0,0,0,0
19557,5,5,5,0,0,5
19561,2,0,0,0,0,0
19559,2,0,0,0,0,0
19560,5,5,5,0,0,5
19564,2,0,0,0,0,0
19562,2,0,0,0,0,0
19563,5,5,5,0,0,5
19567,2,0,0,0,0,0
19565,2,0,0,0,0,0
19566,5,5,5,0,0,5
19570,2,0,0,0,0,0
19568,2,0,0,0,0,0
19569,5,5,5,0,0,5
19573,2,0,0,0,0,0
19571,2,0,0,0,0,0
19572,5,5,5,0,0,5
19576,2,0,0,0,0,0
19574,2,0,0,0,0,0
19575,5,5,5,0,0,5
19579,2,0,0,0,0,0
19577,2,0,0,0,0,0
19578,5,5,5,0,0,5
19582,2,0,0,0,0,0
19580,2,0,0,0,0,0
19581,5,5,5,0,0,5
19585,2,0,0,0,0,0
19583,2,0,0,0,0,0
19584,5,5,5,0,0,5
19588,2,0,0,0,0,0
19586,2,0,0,0,0,0
19587,5,5,5,0,0,5
19591,2,0,0,0,0,0
19589,2,0,0,0,0,0
19590,5,5,5,0,0,5
19594,2,0,0,0,0,0
19592,2,0,0,0,0,0
19593,5,5,5,0,0,5
19597,2,0,0,0,0,0
19595,2,0,0,0,0,0
19596,5,5,5,0,0,5
19600,2,0,0,0,0,0
19598,2,0,0,0,0,0
19599,5,5,5,0,0,5
19603,2,0,0,0,0,0
19601,2,0,0,0,0,0
19602,5,5,5,0,0,5
19606,2,0,0,0,0,0
19604,2,0,0,0,0,0
19605,5,5,5,0,0,5
19609,2,0,0,0,0,0
19607,2,0,0,0,0,0
19608,5,5,5,0,0,5
19612,2,0,0,0,0,0
19610,2,0,0,0,0,0
19611,5,5,5,0,0,5
19615,2,0,0,0,0,0
19613,2,0,0,0,0,0
19614,5,5,5,0,0,5
19618,2,0,0,0,0,0
19616,2,0,0,0,0,0
19617,5,5,5,0,0,5
19621,2,0,0,0,0,0
19619,2,0,0,0,0,0
19620,5,5,5,0,0,5
19624,2,0,0,0,0,0
19622,2,0,0,0,0,0
19623,5,5,5,0,0,5
19627,2,0,0,0,0,0
19625,2,0,0,0,0,0
19626,5,5,5,0,0,5
19630,2,0,0,0,0,0
19628,2,0,0,0,0,0
19629,5,5,5,0,0,5
19633,2,0,0,0,0,0
19631,2,0,0,0,0,0
19632,5,5,5,0,0,5
19636,2,0,0,0,0,0
19634,2,0,0,0,0,0
19635,5,5,5,0,0,5
19639,2,0,0,0,0,0
19637,2,0,0,0,0,0
19638,5,5,5,0,0,5
19642,2,0,0,0,0,0
19640,2,0,0,0,0,0
19641,5,5,5,0,0,5
19645,2,0,0,0,0,0
19643,2,0,0,0,0,0
19644,5,5,5,0,0,5
19648,2,0,0,0,0,0
19646,2,0,0,0,0,0
19647,5,5,5,0,0,5
19651,2,0,0,0,0,0
19649,2,0,0,0,0,0
19650,5,5,5,0,0,5
19654,2,0,0,0,0,0
19652,2,0,0,0,0,0
19653,5,5,5,0,0,5
19657,2,0,0,0,0,0
19655,2,0,0,0,0,0
19656,5,5,5,0,0,5
19660,2,0,0,0,0,0
19658,2,0,0,0,0,0
19659,5,5,5,0,0,5
19663,2,0,0,0,0,0
19661,2,0,0,0,0,0
19662,5,5,5,0,0,5
19666,2,0,0,0,0,0
19664,2,0,0,0,0,0
19665,5,5,5,0,0,5
19669,2,0,0,0,0,0
19667,2,0,0,0,0,0
19668,5,5,5,0,0,5
19672,2,0,0,0,0,0
19670,2,0,0,0,0,0
19671,5,5,5,0,0,5
19675,2,0,0,0,0,0
19673,2,0,0,0,0,0
19674,5,5,5,0,0,5
19678,2,0,0,0,0,0
19676,2,0,0,0,0,0
19677,5,5,5,0,0,5
19681,2,0,0,0,0,0
19679,2,0,0,0,0,0
19680,5,5,5,0,0,5
19684,2,0,0,0,0,0
19682,2,0,0,0,0,0
19683,5,5,5,0,0,5
19687,2,0,0,0,0,0
19685,2,0,0,0,0,0
19686,5,5,5,0,0,5
19690,2,0,0,0,0,0
19688,2,0,0,0,0,0
19689,5,5,5,0,0,5
19693,2,0,0,0,0,0
19691,2,0,0,0,0,0
19692,5,5,5,0,0,5
19696,2,0,0,0,0,0
19694,2,0,0,0,0,0
19695,5,5,5,0,0,5
19699,2,0,0,0,0,0
19697,2,0,0,0,0,0
19698,5,5,5,0,0,5
19702,2,0,0,0,0,0
19700,2,0,0,0,0,0
19701,5,5,5,0,0,5
19705,2,0,0,0,0,0
19703,2,0,0,0,0,0
19704,5,5,5,0,0,5
19708,2,0,0,0,0,0
19706,2,0,0,0,0,0
19707,5,5,5,0,0,5
19711,2,0,0,0,0,0
19709,2,0,0,0,0,0
19710,5,5,5,0,0,5
19714,2,0,0,0,0,0
19712,2,0,0,0,0,0
19713,5,5,5,0,0,5
19717,2,0,0,0,0,0
19715,2,0,0,0,0,0
19716,5,5,5,0,0,5
19720,2,0,0,0,0,0
19718,2,0,0,0,0,0
19719,5,5,5,0,0,5
19723,2,0,0,0,0,0
19721,2,0,0,0,0,0
19722,5,5,5,0,0,5
19726,2,0,0,0,0,0
19724,2,0,0,0,0,0
19725,5,5,5,0,0,5
19729,2,0,0,0,0,0
19727,2,0,0,0,0,0
19728,5,5,5,0,0,5
19732,2,0,0,0,0,0
19730,2,0,0,0,0,0
19731,5,5,5,0,0,5
19735,2,0,0,0,0,0
19733,2,0,0,0,0,0
19734,5,5,5,0,0,5
19738,2,0,0,0,0,0
19736,2,0,0,0,0,0
19737,5,5,5,0,0,5
19741,2,0,0,0,0,0
19739,2,0,0,0,0,0
19740,5,5,5,0,0,5
19744,2,0,0,0,0,0
19742,2,0,0,0,0,0
19743,5,5,5,0,0,5
19747,2,0,0,0,0,0
19745,2,0,0,0,0,0
19746,5,5,5,0,0,5
19750,2,0,0,0,0,0
19748,2,0,0,0,0,0
19749,5,5,5,0,0,5
19753,2,0,0,0,0,0
19751,2,0,0,0,0,0
19752,5,5,5,0,0,5
19756,2,0,0,0,0,0
19754,2,0,0,0,0,0
19755,5,5,5,0,0,5
19759,2,0,0,0,0,0
19757,2,0,0,0,0,0
19758,5,5,5,0,0,5
19762,2,0,0,0,0,0
19760,2,0,0,0,0,0
19761,5,5,5,0,0,5
19765,2,0,0,0,0,0
19763,2,0,0,0,0,0
19764,5,5,5,0,0,5
19768,2,0,0,0,0,0
19766,2,0,0,0,0,0
19767,5,5,5,0,0,5
19771,2,0,0,0,0,0
19769,2,0,0,0,0,0
19770,5,5,5,0,0,5
19774,2,0,0,0,0,0
19772,2,0,0,0,0,0
19773,5,5,5,0,0,5
19777,2,0,0,0,0,0
19775,2,0,0,0,0,0
19776,5,5,5,0,0,5
19780,2,0,0,0,0,0
19778,2,0,0,0,0,0
19779,5,5,5,0,0,5
19783,2,0,0,0,0,0
19781,2,0,0,0,0,0
19782,5,5,5,0,0,5
19786,2,0,0,0,0,0
19784,2,0,0,0,0,0
19785,5,5,5,0,0,5
19789,2,0,0,0,0,0
19787,2,0,0,0,0,0
19788,5,5,5,0,0,5
19792,2,0,0,0,0,0
19790,2,0,0,0,0,0
19791,5,5,5,0,0,5
19795,2,0,0,0,0,0
19793,2,0,0,0,0,0
19794,5,5,5,0,0,5
19798,2,0,0,0,0,0
19796,2,0,0,0,0,0
19797,5,5,5,0,0,5
19801,2,0,0,0,0,0
19799,2,0,0,0,0,0
19800,5,5,5,0,0,5
19804,2,0,0,0,0,0
19802,2,0,0,0,0,0
19803,5,5,5,0,0,5
19807,2,0,0,0,0,0
19805,2,0,0,0,0,0
19806,5,5,5,0,0,5
19810,2,0,0,0,0,0
19808,2,0,0,0,0,0
19809,5,5,5,0,0,5
19813,2,0,0,0,0,0
19811,2,0,0,0,0,0
19812,5,5,5,0,0,5
19816,2,0,0,0,0,0
19814,2,0,0,0,0,0
19815,5,5,5,0,0,5
19819,2,0,0,0,0,0
19817,2,0,0,0,0,0
19818,5,5,5,0,0,5
19822,2,0,0,0,0,0
19820,2,0,0,0,0,0
19821,5,5,5,0,0,5
19825,2,0,0,0,0,0
19823,2,0,0,0,0,0
19824,5,5,5,0,0,5
19828,2,0,0,0,0,0
19826,2,0,0,0,0,0
19827,5,5,5,0,0,5
19831,2,0,0,0,0,0
19829,2,0,0,0,0,0
19830,5,5,5,0,0,5
19834,2,0,0,0,0,0
19832,2,0,0,0,0,0
19833,5,5,5,0,0,5
19837,2,0,0,0,0,0
19835,2,0,0,0,0,0
19836,5,5,5,0,0,5
19840,2,0,0,0,0,0
19838,2,0,0,0,0,0
19839,5,5,5,0,0,5
19843,2,0,0,0,0,0
19841,2,0,0,0,0,0
19842,5,5,5,0,0,5
19846,2,0,0,0,0,0
19844,2,0,0,0,0,0
19845,5,5,5,0,0,5
19849,2,0,0,0,0,0
19847,2,0,0,0,0,0
19848,5,5,5,0,0,5
19852,2,0,0,0,0,0
19850,2,0,0,0,0,0
19851,5,5,5,0,0,5
19855,2,0,0,0,0,0
19853,2,0,0,0,0,0
19854,5,5,5,0,0,5
19858,2,0,0,0,0,0
19856,2,0,0,0,0,0
19857,5,5,5,0,0,5
19861,2,0,0,0,0,0
19859,2,0,0,0,0,0
19860,5,5,5,0,0,5
19864,2,0,0,0,0,0
19862,2,0,0,0,0,0
19863,5,5,5,0,0,5
19867,2,0,0,0,0,0
19865,2,0,0,0,0,0
19866,5,5,5,0,0,5
19870,2,0,0,0,0,0
19868,2,0,0,0,0,0
19869,5,5,5,0,0,5
19873,2,0,0,0,0,0
19871,2,0,0,0,0,0
19872,5,5,5,0,0,5
19876,2,0,0,0,0,0
19874,2,0,0,0,0,0
19875,5,5,5,0,0,5
19879,2,0,0,0,0,0
19877,2,0,0,0,0,0
19878,5,5,5,0,0,5
19882,2,0,0,0,0,0
19880,2,0,0,0,0,0
19881,5,5,5,0,0,5
19885,2,0,0,0,0,0
19883,2,0,0,0,0,0
19884,5,5,5,0,0,5
19888,2,0,0,0,0,0
19886,2,0,0,0,0,0
19887,5,5,5,0,0,5
19891,2,0,0,0,0,0
19889,2,0,0,0,0,0
19890,5,5,5,0,0,5
19894,2,0,0,0,0,0
19892,2,0,0,0,0,0
19893,5,5,5,0,0,5
19897,2,0,0,0,0,0
19895,2,0,0,0,0,0
19896,5,5,5,0,0,5
19900,2,0,0,0,0,0
19898,2,0,0,0,0,0
19899,5,5,5,0,0,5
19903,2,0,0,0,0,0
19901,2,0,0,0,0,0
19902,5,5,5,0,0,5
19906,2,0,0,0,0,0
19904,2,0,0,0,0,0
19905,5,5,5,0,0,5
19909,2,0,0,0,0,0
19907,2,0,0,0,0,0
19908,5,5,5,0,0,5
19912,2,0,0,0,0,0
19910,2,0,0,0,0,0
19911,5,5,5,0,0,5
19915,2,0,0,0,0,0
19913,2,0,0,0,0,0
19914,5,5,5,0,0,5
19918,2,0,0,0,0,0
19916,2,0,0,0,0,0
19917,5,5,5,0,0,5
19921,2,0,0,0,0,0
19919,2,0,0,0,0,0
19920,5,5,5,0,0,5
19924,2,0,0,0,0,0
19922,2,0,0,0,0,0
19923,5,5,5,0,0,5
19927,2,0,0,0,0,0
19925,2,0,0,0,0,0
19926,5,5,5,0,0,5
19930,2,0,0,0,0,0
19928,2,0,0,0,0,0
19929,5,5,5,0,0,5
19933,2,0,0,0,0,0
19931,2,0,0,0,0,0
19932,5,5,5,0,0,5
19936,2,0,0,0,0,0
19934,2,0,0,0,0,0
19935,5,5,5,0,0,5
19939,2,0,0,0,0,0
19937,2,0,0,0,0,0
19938,5,5,5,0,0,5
19942,2,0,0,0,0,0
19940,2,0,0,0,0,0
19941,5,5,5,0,0,5
19945,2,0,0,0,0,0
19943,2,0,0,0,0,0
19944,5,5,5,0,0,5
19948,2,0,0,0,0,0
19946,2,0,0,0,0,0
19947,5,5,5,0,0,5
19951,2,0,0,0,0,0
19949,2,0,0,0,0,0
19950,5,5,5,0,0,5
19954,2,0,0,0,0,0
19952,2,0,0,0,0,0
19953,5,5,5,0,0,5
19957,2,0,0,0,0,0
19955,2,0,0,0,0,0
19956,5,5,5,0,0,5
19960,2,0,0,0,0,0
19958,2,0,0,0,0,0
19959,5,5,5,0,0,5
19963,2,0,0,0,0,0
19961,2,0,0,0,0,0
19962,5,5,5,0,0,5
19966,2,0,0,0,0,0
19964,2,0,0,0,0,0
19965,5,5,5,0,0,5
19969,2,0,0,0,0,0
19967,2,0,0,0,0,0
19968,5,5,5,0,0,5
19972,2,0,0,0,0,0
19970,2,0,0,0,0,0
19971,5,5,5,0,0,5
19975,2,0,0,0,0,0
19973,2,0,0,0,0,0
19974,5,5,5,0,0,5
19978,2,0,0,0,0,0
19976,2,0,0,0,0,0
19977,5,5,5,0,0,5
19981,2,0,0,0,0,0
19979,2,0,0,0,0,0
19980,5,5,5,0,0,5
19984,2,0,0,0,0,0
19982,2,0,0,0,0,0
19983,5,5,5,0,0,5
19987,2,0,0,0,0,0
19985,2,0,0,0,0,0
19986,5,5,5,0,0,5
19990,2,0,0,0,0,0
19988,2,0,0,0,0,0
19989,5,5,5,0,0,5
19993,2,0,0,0,0,0
19991,2,0,0,0,0,0
19992,5,5,5,0,0,5
19996,2,0,0,0,0,0
19994,2,0,0,0,0,0
19995,5,5,5,0,0,5
19999,2,0,0,0,0,0
19997,2,0,0,0,0,0
19998,5,5,5,0,0,5
20002,2,0,0,0,0,0
20000,2,0,0,0,0,0
20001,5,5,5,0,0,5
20005,2,0,0,0,0,0
20003,2,0,0,0,0,0
20004,5,5,5,0,0,5
20008,2,0,0,0,0,0
20006,2,0,0,0,0,0
20007,5,5,5,0,0,5
20011,2,0,0,0,0,0
20009,2,0,0,0,0,0
20010,5,5,5,0,0,5
20014,2,0,0,0,0,0
20012,2,0,0,0,0,0
20013,5,5,5,0,0,5
20017,2,0,0,0,0,0
20015,2,0,0,0,0,0
20016,5,5,5,0,0,5
20020,2,0,0,0,0,0
20018,2,0,0,0,0,0
20019,5,5,5,0,0,5
20023,2,0,0,0,0,0
20021,2,0,0,0,0,0
20022,5,5,5,0,0,5
20026,2,0,0,0,0,0
20024,2,0,0,0,0,0
20025,5,5,5,0,0,5
20029,2,0,0,0,0,0
20027,2,0,0,0,0,0
20028,5,5,5,0,0,5
20032,2,0,0,0,0,0
20030,2,0,0,0,0,0
20031,5,5,5,0,0,5
20035,2,0,0,0,0,0
20033,2,0,0,0,0,0
20034,5,5,5,0,0,5
20038,2,0,0,0,0,0
20036,2,0,0,0,0,0
20037,5,5,5,0,0,5
20041,2,0,0,0,0,0
20039,2,0,0,0,0,0
20040,5,5,5,0,0,5
20044,2,0,0,0,0,0
20042,2,0,0,0,0,0
20043,5,5,5,0,0,5
20047,2,0,0,0,0,0
20045,2,0,0,0,0,0
20046,5,5,5,0,0,5
20050,2,0,0,0,0,0
20048,2,0,0,0,0,0
20049,5,5,5,0,0,5
20053,2,0,0,0,0,0
20051,2,0,0,0,0,0
20052,5,5,5,0,0,5
20056,2,0,0,0,0,0
20054,2,0,0,0,0,0
20055,5,5,5,0,0,5
20059,2,0,0,0,0,0
20057,2,0,0,0,0,0
20058,5,5,5,0,0,5
20062,2,0,0,0,0,0
20060,2,0,0,0,0,0
20061,5,5,5,0,0,5
20065,2,0,0,0,0,0
20063,2,0,0,0,0,0
20064,5,5,5,0,0,5
20068,2,0,0,0,0,0
20066,2,0,0,0,0,0
20067,5,5,5,0,0,5
20071,2,0,0,0,0,0
20069,2,0,0,0,0,0
20070,5,5,5,0,0,5
20074,2,0,0,0,0,0
20072,2,0,0,0,0,0
20073,5,5,5,0,0,5
20077,2,0,0,0,0,0
20075,2,0,0,0,0,0
20076,5,5,5,0,0,5
20080,2,0,0,0,0,0
20078,2,0,0,0,0,0
20079,5,5,5,0,0,5
20083,2,0,0,0,0,0
20081,2,0,0,0,0,0
20082,5,5,5,0,0,5
20086,2,0,0,0,0,0
20084,2,0,0,0,0,0
20085,5,5,5,0,0,5
20089,2,0,0,0,0,0
20087,2,0,0,0,0,0
20088,5,5,5,0,0,5
20092,2,0,0,0,0,0
20090,2,0,0,0,0,0
20091,5,5,5,0,0,5
20095,2,0,0,0,0,0
20093,2,0,0,0,0,0
20094,5,5,5,0,0,5
20098,2,0,0,0,0,0
20096,2,0,0,0,0,0
20097,5,5,5,0,0,5
20101,2,0,0,0,0,0
20099,2,0,0,0,0,0
20100,5,5,5,0,0,5
20104,2,0,0,0,0,0
20102,2,0,0,0,0,0
20103,5,5,5,0,0,5
20107,2,0,0,0,0,0
20105,2,0,0,0,0,0
20106,5,5,5,0,0,5
20110,2,0,0,0,0,0
20108,2,0,0,0,0,0
20109,5,5,5,0,0,5
20113,2,0,0,0,0,0
20111,2,0,0,0,0,0
20112,5,5,5,0,0,5
20116,2,0,0,0,0,0
20114,2,0,0,0,0,0
20115,5,5,5,0,0,5
20119,2,0,0,0,0,0
20117,2,0,0,0,0,0
20118,5,5,5,0,0,5
20122,2,0,0,0,0,0
20120,2,0,0,0,0,0
20121,5,5,5,0,0,5
20125,2,0,0,0,0,0
20123,2,0,0,0,0,0
20124,5,5,5,0,0,5
20128,2,0,0,0,0,0
20126,2,0,0,0,0,0
20127,5,5,5,0,0,5
20131,2,0,0,0,0,0
20129,2,0,0,0,0,0
20130,5,5,5,0,0,5
20134,2,0,0,0,0,0
20132,2,0,0,0,0,0
20133,5,5,5,0,0,5
20137,2,0,0,0,0,0
20135,2,0,0,0,0,0
20136,5,5,5,0,0,5
20140,2,0,0,0,0,0
20138,2,0,0,0,0,0
20139,5,5,5,0,0,5
20143,2,0,0,0,0,0
20141,2,0,0,0,0,0
20142,5,5,5,0,0,5
20146,2,0,0,0,0,0
20144,2,0,0,0,0,0
20145,5,5,5,0,0,5
20149,2,0,0,0,0,0
20147,2,0,0,0,0,0
20148,5,5,5,0,0,5
20152,2,0,0,0,0,0
20150,2,0,0,0,0,0
20151,5,5,5,0,0,5
20155,2,0,0,0,0,0
20153,2,0,0,0,0,0
20154,5,5,5,0,0,5
20158,2,0,0,0,0,0
20156,2,0,0,0,0,0
20157,5,5,5,0,0,5
20161,2,0,0,0,0,0
20159,2,0,0,0,0,0
20160,5,5,5,0,0,5
20164,2,0,0,0,0,0
20162,2,0,0,0,0,0
20163,5,5,5,0,0,5
20167,2,0,0,0,0,0
20165,2,0,0,0,0,0
20166,5,5,5,0,0,5
20170,2,0,0,0,0,0
20168,2,0,0,0,0,0
20169,5,5,5,0,0,5
20173,2,0,0,0,0,0
20171,2,0,0,0,0,0
20172,5,5,5,0,0,5
20176,2,0,0,0,0,0
20174,2,0,0,0,0,0
20175,5,5,5,0,0,5
20179,2,0,0,0,0,0
20177,2,0,0,0,0,0
20178,5,5,5,0,0,5
20182,2,0,0,0,0,0
20180,2,0,0,0,0,0
20181,5,5,5,0,0,5
20185,2,0,0,0,0,0
20183,2,0,0,0,0,0
20184,5,5,5,0,0,5
20188,2,0,0,0,0,0
20186,2,0,0,0,0,0
20187,5,5,5,0,0,5
20191,2,0,0,0,0,0
20189,2,0,0,0,0,0
20190,5,5,5,0,0,5
20194,2,0,0,0,0,0
20192,2,0,0,0,0,0
20193,5,5,5,0,0,5
20197,2,0,0,0,0,0
20195,2,0,0,0,0,0
20196,5,5,5,0,0,5
20200,2,0,0,0,0,0
20198,2,0,0,0,0,0
20199,5,5,5,0,0,5
20203,2,0,0,0,0,0
20201,2,0,0,0,0,0
20202,5,5,5,0,0,5
20206,2,0,0,0,0,0
20204,2,0,0,0,0,0
20205,5,5,5,0,0,5
20209,2,0,0,0,0,0
20207,2,0,0,0,0,0
20208,5,5,5,0,0,5
20212,2,0,0,0,0,0
20210,2,0,0,0,0,0
20211,5,5,5,0,0,5
20215,2,0,0,0,0,0
20213,2,0,0,0,0,0
20214,5,5,5,0,0,5
20218,2,0,0,0,0,0
20216,2,0,0,0,0,0
20217,5,5,5,0,0,5
20221,2,0,0,0,0,0
20219,2,0,0,0,0,0
20220,5,5,5,0,0,5
20224,2,0,0,0,0,0
20222,2,0,0,0,0,0
20223,5,5,5,0,0,5
20227,2,0,0,0,0,0
20225,2,0,0,0,0,0
20226,5,5,5,0,0,5
20230,2,0,0,0,0,0
20228,2,0,0,0,0,0
20229,5,5,5,0,0,5
20233,2,0,0,0,0,0
20231,2,0,0,0,0,0
20232,5,5,5,0,0,5
20236,2,0,0,0,0,0
20234,2,0,0,0,0,0
20235,5,5,5,0,0,5
20239,2,0,0,0,0,0
20237,2,0,0,0,0,0
20238,5,5,5,0,0,5
20242,2,0,0,0,0,0
20240,2,0,0,0,0,0
20241,5,5,5,0,0,5
20245,2,0,0,0,0,0
20243,2,0,0,0,0,0
20244,5,5,5,0,0,5
20248,2,0,0,0,0,0
20246,2,0,0,0,0,0
20247,5,5,5,0,0,5
20251,2,0,0,0,0,0
20249,2,0,0,0,0,0
20250,5,5,5,0,0,5
20254,2,0,0,0,0,0
20252,2,0,0,0,0,0
20253,5,5,5,0,0,5
20257,2,0,0,0,0,0
20255,2,0,0,0,0,0
20256,5,5,5,0,0,5
20260,2,0,0,0,0,0
20258,2,0,0,0,0,0
20259,5,5,5,0,0,5
20263,2,0,0,0,0,0
20261,2,0,0,0,0,0
20262,5,5,5,0,0,5
20266,2,0,0,0,0,0
20264,2,0,0,0,0,0
20265,5,5,5,0,0,5
20269,2,0,0,0,0,0
20267,2,0,0,0,0,0
20268,5,5,5,0,0,5
20272,2,0,0,0,0,0
20270,2,0,0,0,0,0
20271,5,5,5,0,0,5
20275,2,0,0,0,0,0
20273,2,0,0,0,0,0
20274,5,5,5,0,0,5
20278,2,0,0,0,0,0
20276,2,0,0,0,0,0
20277,5,5,5,0,0,5
20281,2,0,0,0,0,0
20279,2,0,0,0,0,0
20280,5,5,5,0,0,5
20284,2,0,0,0,0,0
20282,2,0,0,0,0,0
20283,5,5,5,0,0,5
20287,2,0,0,0,0,0
20285,2,0,0,0,0,0
20286,5,5,5,0,0,5
20290,2,0,0,0,0,0
20288,2,0,0,0,0,0
20289,5,5,5,0,0,5
20293,2,0,0,0,0,0
20291,2,0,0,0,0,0
20292,5,5,5,0,0,5
20296,2,0,0,0,0,0
20294,2,0,0,0,0,0
20295,5,5,5,0,0,5
20299,2,0,0,0,0,0
20297,2,0,0,0,0,0
20298,5,5,5,0,0,5
20302,2,0,0,0,0,0
20300,2,0,0,0,0,0
20301,5,5,5,0,0,5
20305,2,0,0,0,0,0
20303,2,0,0,0,0,0
20304,5,5,5,0,0,5
20308,2,0,0,0,0,0
20306,2,0,0,0,0,0
20307,5,5,5,0,0,5
20311,2,0,0,0,0,0
20309,2,0,0,0,0,0
20310,5,5,5,0,0,5
20314,2,0,0,0,0,0
20312,2,0,0,0,0,0
20313,5,5,5,0,0,5
20317,2,0,0,0,0,0
20315,2,0,0,0,0,0
20316,5,5,5,0,0,5
20320,2,0,0,0,0,0
20318,2,0,0,0,0,0
20319,5,5,5,0,0,5
20323,2,0,0,0,0,0
20321,2,0,0,0,0,0
20322,5,5,5,0,0,5
20326,2,0,0,0,0,0
20324,2,0,0,0,0,0
20325,5,5,5,0,0,5
20329,2,0,0,0,0,0
20327,2,0,0,0,0,0
20328,5,5,5,0,0,5
20332,2,0,0,0,0,0
20330,2,0,0,0,0,0
20331,5,5,5,0,0,5
20335,2,0,0,0,0,0
20333,2,0,0,0,0,0
20334,5,5,5,0,0,5
20338,2,0,0,0,0,0
20336,2,0,0,0,0,0
20337,5,5,5,0,0,5
20341,2,0,0,0,0,0
20339,2,0,0,0,0,0
20340,5,5,5,0,0,5
20344,2,0,0,0,0,0
20342,2,0,0,0,0,0
20343,5,5,5,0,0,5
20347,2,0,0,0,0,0
20345,2,0,0,0,0,0
20346,5,5,5,0,0,5
20350,2,0,0,0,0,0
20348,2,0,0,0,0,0
20349,5,5,5,0,0,5
20353,2,0,0,0,0,0
20351,2,0,0,0,0,0
20352,5,5,5,0,0,5
20356,2,0,0,0,0,0
20354,2,0,0,0,0,0
20355,5,5,5,0,0,5
20359,2,0,0,0,0,0
20357,2,0,0,0,0,0
20358,5,5,5,0,0,5
20362,2,0,0,0,0,0
20360,2,0,0,0,0,0
20361,5,5,5,0,0,5
20365,2,0,0,0,0,0
20363,2,0,0,0,0,0
20364,5,5,5,0,0,5
20368,2,0,0,0,0,0
20366,2,0,0,0,0,0
20367,5,5,5,0,0,5
20371,2,0,0,0,0,0
20369,2,0,0,0,0,0
20370,5,5,5,0,0,5
20374,2,0,0,0,0,0
20372,2,0,0,0,0,0
20373,5,5,5,0,0,5
20377,2,0,0,0,0,0
20375,2,0,0,0,0,0
20376,5,5,5,0,0,5
20380,2,0,0,0,0,0
20378,2,0,0,0,0,0
20379,5,5,5,0,0,5
20383,2,0,0,0,0,0
20381,2,0,0,0,0,0
20382,5,5,5,0,0,5
20386,2,0,0,0,0,0
20384,2,0,0,0,0,0
20385,5,5,5,0,0,5
20389,2,0,0,0,0,0
20387,2,0,0,0,0,0
20388,5,5,5,0,0,5
20392,2,0,0,0,0,0
20390,2,0,0,0,0,0
20391,5,5,5,0,0,5
20395,2,0,0,0,0,0
20393,2,0,0,0,0,0
20394,5,5,5,0,0,5
20398,2,0,0,0,0,0
20396,2,0,0,0,0,0
20397,5,5,5,0,0,5
20401,2,0,0,0,0,0
20399,2,0,0,0,0,0
20400,5,5,5,0,0,5
20404,2,0,0,0,0,0
20402,2,0,0,0,0,0
20403,5,5,5,0,0,5
20407,2,0,0,0,0,0
20405,2,0,0,0,0,0
20406,5,5,5,0,0,5
20410,2,0,0,0,0,0
20408,2,0,0,0,0,0
20409,5,5,5,0,0,5
20413,2,0,0,0,0,0
20411,2,0,0,0,0,0
20412,5,5,5,0,0,5
20416,2,0,0,0,0,0
20414,2,0,0,0,0,0
20415,5,5,5,0,0,5
20419,2,0,0,0,0,0
20417,2,0,0,0,0,0
20418,5,5,5,0,0,5
20422,2,0,0,0,0,0
20420,2,0,0,0,0,0
20421,5,5,5,0,0,5
20425,2,0,0,0,0,0
20423,2,0,0,0,0,0
20424,5,5,5,0,0,5
20428,2,0,0,0,0,0
20426,2,0,0,0,0,0
20427,5,5,5,0,0,5
20431,2,0,0,0,0,0
20429,2,0,0,0,0,0
20430,5,5,5,0,0,5
20434,2,0,0,0,0,0
20432,2,0,0,0,0,0
20433,5,5,5,0,0,5
20437,2,0,0,0,0,0
20435,2,0,0,0,0,0
20436,5,5,5,0,0,5
20440,2,0,0,0,0,0
20438,2,0,0,0,0,0
20439,5,5,5,0,0,5
20443,2,0,0,0,0,0
20441,2,0,0,0,0,0
20442,5,5,5,0,0,5
20446,2,0,0,0,0,0
20444,2,0,0,0,0,0
20445,5,5,5,0,0,5
20449,2,0,0,0,0,0
20447,2,0,0,0,0,0
20448,5,5,5,0,0,5
20452,2,0,0,0,0,0
20450,2,0,0,0,0,0
20451,5,5,5,0,0,5
20455,2,0,0,0,0,0
20453,2,0,0,0,0,0
20454,5,5,5,0,0,5
20458,2,0,0,0,0,0
20456,2,0,0,0,0,0
20457,5,5,5,0,0,5
20461,2,0,0,0,0,0
20459,2,0,0,0,0,0
20460,5,5,5,0,0,5
20464,2,0,0,0,0,0
20462,2,0,0,0,0,0
20463,5,5,5,0,0,5
20467,2,0,0,0,0,0
20465,2,0,0,0,0,0
20466,5,5,5,0,0,5
20470,2,0,0,0,0,0
20468,2,0,0,0,0,0
20469,5,5,5,0,0,5
20473,2,0,0,0,0,0
20471,2,0,0,0,0,0
20472,5,5,5,0,0,5
20476,2,0,0,0,0,0
20474,2,0,0,0,0,0
20475,5,5,5,0,0,5
20479,2,0,0,0,0,0
20477,2,0,0,0,0,0
20478,5,5,5,0,0,5
20482,2,0,0,0,0,0
20480,2,0,0,0,0,0
20481,5,5,5,0,0,5
20485,2,0,0,0,0,0
20483,2,0,0,0,0,0
20484,5,5,5,0,0,5
20488,2,0,0,0,0,0
20486,2,0,0,0,0,0
20487,5,5,5,0,0,5
20491,2,0,0,0,0,0
20489,2,0,0,0,0,0
20490,5,5,5,0,0,5
20494,2,0,0,0,0,0
20492,2,0,0,0,0,0
20493,5,5,5,0,0,5
20497,2,0,0,0,0,0
20495,2,0,0,0,0,0
20496,5,5,5,0,0,5
20500,2,0,0,0,0,0
20498,2,0,0,0,0,0
20499,5,5,5,0,0,5
20503,2,0,0,0,0,0
20501,2,0,0,0,0,0
20502,5,5,5,0,0,5
20506,2,0,0,0,0,0
20504,2,0,0,0,0,0
20505,5,5,5,0,0,5
20509,2,0,0,0,0,0
20507,2,0,0,0,0,0
20508,5,5,5,0,0,5
20512,2,0,0,0,0,0
20510,2,0,0,0,0,0
20511,5,5,5,0,0,5
20515,2,0,0,0,0,0
20513,2,0,0,0,0,0
20514,5,5,5,0,0,5
20518,2,0,0,0,0,0
20516,2,0,0,0,0,0
20517,5,5,5,0,0,5
20521,2,0,0,0,0,0
20519,2,0,0,0,0,0
20520,5,5,5,0,0,5
20524,2,0,0,0,0,0
20522,2,0,0,0,0,0
20523,5,5,5,0,0,5
20527,2,0,0,0,0,0
20525,2,0,0,0,0,0
20526,5,5,5,0,0,5
20530,2,0,0,0,0,0
20528,2,0,0,0,0,0
20529,5,5,5,0,0,5
20533,2,0,0,0,0,0
20531,2,0,0,0,0,0
20532,5,5,5,0,0,5
20536,2,0,0,0,0,0
20534,2,0,0,0,0,0
20535,5,5,5,0,0,5
20539,2,0,0,0,0,0
20537,2,0,0,0,0,0
20538,5,5,5,0,0,5
20542,2,0,0,0,0,0
20540,2,0,0,0,0,0
20541,5,5,5,0,0,5
20545,2,0,0,0,0,0
20543,2,0,0,0,0,0
20544,5,5,5,0,0,5
20548,2,0,0,0,0,0
20546,2,0,0,0,0,0
20547,5,5,5,0,0,5
20551,2,0,0,0,0,0
20549,2,0,0,0,0,0
20550,5,5,5,0,0,5
20554,2,0,0,0,0,0
20552,2,0,0,0,0,0
20553,5,5,5,0,0,5
20557,2,0,0,0,0,0
20555,2,0,0,0,0,0
20556,5,5,5,0,0,5
20560,2,0,0,0,0,0
20558,2,0,0,0,0,0
20559,5,5,5,0,0,5
20563,2,0,0,0,0,0
20561,2,0,0,0,0,0
20562,5,5,5,0,0,5
20566,2,0,0,0,0,0
20564,2,0,0,0,0,0
20565,5,5,5,0,0,5
20569,2,0,0,0,0,0
20567,2,0,0,0,0,0
20568,5,5,5,0,0,5
20572,2,0,0,0,0,0
20570,2,0,0,0,0,0
20571,5,5,5,0,0,5
20575,2,0,0,0,0,0
20573,2,0,0,0,0,0
20574,5,5,5,0,0,5
20578,2,0,0,0,0,0
20576,2,0,0,0,0,0
20577,5,5,5,0,0,5
20581,2,0,0,0,0,0
20579,2,0,0,0,0,0
20580,5,5,5,0,0,5
20584,2,0,0,0,0,0
20582,2,0,0,0,0,0
20583,5,5,5,0,0,5
20587,2,0,0,0,0,0
20585,2,0,0,0,0,0
20586,5,5,5,0,0,5
20590,2,0,0,0,0,0
20588,2,0,0,0,0,0
20589,5,5,5,0,0,5
20593,2,0,0,0,0,0
20591,2,0,0,0,0,0
20592,5,5,5,0,0,5
20596,2,0,0,0,0,0
20594,2,0,0,0,0,0
20595,5,5,5,0,0,5
20599,2,0,0,0,0,0
20597,2,0,0,0,0,0
20598,5,5,5,0,0,5
20602,2,0,0,0,0,0
20600,2,0,0,0,0,0
20601,5,5,5,0,0,5
20605,2,0,0,0,0,0
20603,2,0,0,0,0,0
20604,5,5,5,0,0,5
20608,2,0,0,0,0,0
20606,2,0,0,0,0,0
20607,5,5,5,0,0,5
20611,2,0,0,0,0,0
20609,2,0,0,0,0,0
20610,5,5,5,0,0,5
20614,2,0,0,0,0,0
20612,2,0,0,0,0,0
20613,5,5,5,0,0,5
20617,2,0,0,0,0,0
20615,2,0,0,0,0,0
20616,5,5,5,0,0,5
20620,2,0,0,0,0,0
20618,2,0,0,0,0,0
20619,5,5,5,0,0,5
20623,2,0,0,0,0,0
20621,2,0,0,0,0,0
20622,5,5,5,0,0,5
20626,2,0,0,0,0,0
20624,2,0,0,0,0,0
20625,5,5,5,0,0,5
20629,2,0,0,0,0,0
20627,2,0,0,0,0,0
20628,5,5,5,0,0,5
20632,2,0,0,0,0,0
20630,2,0,0,0,0,0
20631,5,5,5,0,0,5
20635,2,0,0,0,0,0
20633,2,0,0,0,0,0
20634,5,5,5,0,0,5
20638,2,0,0,0,0,0
20636,2,0,0,0,0,0
20637,5,5,5,0,0,5
20641,2,0,0,0,0,0
20639,2,0,0,0,0,0
20640,5,5,5,0,0,5
20644,2,0,0,0,0,0
20642,2,0,0,0,0,0
20643,5,5,5,0,0,5
20647,2,0,0,0,0,0
20645,2,0,0,0,0,0
20646,5,5,5,0,0,5
20650,2,0,0,0,0,0
20648,2,0,0,0,0,0
20649,5,5,5,0,0,5
20653,2,0,0,0,0,0
20651,2,0,0,0,0,0
20652,5,5,5,0,0,5
20656,2,0,0,0,0,0
20654,2,0,0,0,0,0
20655,5,5,5,0,0,5
20659,2,0,0,0,0,0
20657,2,0,0,0,0,0
20658,5,5,5,0,0,5
20662,2,0,0,0,0,0
20660,2,0,0,0,0,0
20661,5,5,5,0,0,5
20665,2,0,0,0,0,0
20663,2,0,0,0,0,0
20664,5,5,5,0,0,5
20668,2,0,0,0,0,0
20666,2,0,0,0,0,0
20667,5,5,5,0,0,5
20671,2,0,0,0,0,0
20669,2,0,0,0,0,0
20670,5,5,5,0,0,5
20674,2,0,0,0,0,0
20672,2,0,0,0,0,0
20673,5,5,5,0,0,5
20677,2,0,0,0,0,0
20675,2,0,0,0,0,0
20676,5,5,5,0,0,5
20680,2,0,0,0,0,0
20678,2,0,0,0,0,0
20679,5,5,5,0,0,5
20683,2,0,0,0,0,0
20681,2,0,0,0,0,0
20682,5,5,5,0,0,5
20686,2,0,0,0,0,0
20684,2,0,0,0,0,0
20685,5,5,5,0,0,5
20689,2,0,0,0,0,0
20687,2,0,0,0,0,0
20688,5,5,5,0,0,5
20692,2,0,0,0,0,0
20690,2,0,0,0,0,0
20691,5,5,5,0,0,5
20695,2,0,0,0,0,0
20693,2,0,0,0,0,0
20694,5,5,5,0,0,5
20698,2,0,0,0,0,0
20696,2,0,0,0,0,0
20697,5,5,5,0,0,5
20701,2,0,0,0,0,0
20699,2,0,0,0,0,0
20700,5,5,5,0,0,5
20704,2,0,0,0,0,0
20702,2,0,0,0,0,0
20703,5,5,5,0,0,5
20707,2,0,0,0,0,0
20705,2,0,0,0,0,0
20706,5,5,5,0,0,5
20710,2,0,0,0,0,0
20708,2,0,0,0,0,0
20709,5,5,5,0,0,5
20713,2,0,0,0,0,0
20711,2,0,0,0,0,0
20712,5,5,5,0,0,5
20716,2,0,0,0,0,0
20714,2,0,0,0,0,0
20715,5,5,5,0,0,5
20719,2,0,0,0,0,0
20717,2,0,0,0,0,0
20718,5,5,5,0,0,5
20722,2,0,0,0,0,0
20720,2,0,0,0,0,0
20721,5,5,5,0,0,5
20725,2,0,0,0,0,0
20723,2,0,0,0,0,0
20724,5,5,5,0,0,5
20728,2,0,0,0,0,0
20726,2,0,0,0,0,0
20727,5,5,5,0,0,5
20731,2,0,0,0,0,0
20729,2,0,0,0,0,0
20730,5,5,5,0,0,5
20734,2,0,0,0,0,0
20732,2,0,0,0,0,0
20733,5,5,5,0,0,5
20737,2,0,0,0,0,0
20735,2,0,0,0,0,0
20736,5,5,5,0,0,5
20740,2,0,0,0,0,0
20738,2,0,0,0,0,0
20739,5,5,5,0,0,5
20743,2,0,0,0,0,0
20741,2,0,0,0,0,0
20742,5,5,5,0,0,5
20746,2,0,0,0,0,0
20744,2,0,0,0,0,0
20745,5,5,5,0,0,5
20749,2,0,0,0,0,0
20747,2,0,0,0,0,0
20748,5,5,5,0,0,5
20752,2,0,0,0,0,0
20750,2,0,0,0,0,0
20751,5,5,5,0,0,5
20755,2,0,0,0,0,0
20753,2,0,0,0,0,0
20754,5,5,5,0,0,5
20758,2,0,0,0,0,0
20756,2,0,0,0,0,0
20757,5,5,5,0,0,5
20761,2,0,0,0,0,0
20759,2,0,0,0,0,0
20760,5,5,5,0,0,5
20764,2,0,0,0,0,0
20762,2,0,0,0,0,0
20763,5,5,5,0,0,5
20767,2,0,0,0,0,0
20765,2,0,0,0,0,0
20766,5,5,5,0,0,5
20770,2,0,0,0,0,0
20768,2,0,0,0,0,0
20769,5,5,5,0,0,5
20773,2,0,0,0,0,0
20771,2,0,0,0,0,0
20772,5,5,5,0,0,5
20776,2,0,0,0,0,0
20774,2,0,0,0,0,0
20775,5,5,5,0,0,5
20779,2,0,0,0,0,0
20777,2,0,0,0,0,0
20778,5,5,5,0,0,5
20782,2,0,0,0,0,0
20780,2,0,0,0,0,0
20781,5,5,5,0,0,5
20785,2,0,0,0,0,0
20783,2,0,0,0,0,0
20784,5,5,5,0,0,5
20788,2,0,0,0,0,0
20786,2,0,0,0,0,0
20787,5,5,5,0,0,5
20791,2,0,0,0,0,0
20789,2,0,0,0,0,0
20790,5,5,5,0,0,5
20794,2,0,0,0,0,0
20792,2,0,0,0,0,0
20793,5,5,5,0,0,5
20797,2,0,0,0,0,0
20795,2,0,0,0,0,0
20796,5,5,5,0,0,5
20800,2,0,0,0,0,0
20798,2,0,0,0,0,0
20799,5,5,5,0,0,5
20803,2,0,0,0,0,0
20801,2,0,0,0,0,0
20802,5,5,5,0,0,5
20806,2,0,0,0,0,0
20804,2,0,0,0,0,0
20805,5,5,5,0,0,5
20809,2,0,0,0,0,0
20807,2,0,0,0,0,0
20808,5,5,5,0,0,5
20812,2,0,0,0,0,0
20810,2,0,0,0,0,0
20811,5,5,5,0,0,5
20815,2,0,0,0,0,0
20813,2,0,0,0,0,0
20814,5,5,5,0,0,5
20818,2,0,0,0,0,0
20816,2,0,0,0,0,0
20817,5,5,5,0,0,5
20821,2,0,0,0,0,0
20819,2,0,0,0,0,0
20820,5,5,5,0,0,5
20824,2,0,0,0,0,0
20822,2,0,0,0,0,0
20823,5,5,5,0,0,5
20827,2,0,0,0,0,0
20825,2,0,0,0,0,0
20826,5,5,5,0,0,5
20830,2,0,0,0,0,0
20828,2,0,0,0,0,0
20829,5,5,5,0,0,5
20833,2,0,0,0,0,0
20831,2,0,0,0,0,0
20832,5,5,5,0,0,5
20836,2,0,0,0,0,0
20834,2,0,0,0,0,0
20835,5,5,5,0,0,5
20839,2,0,0,0,0,0
20837,2,0,0,0,0,0
20838,5,5,5,0,0,5
20842,2,0,0,0,0,0
20840,2,0,0,0,0,0
20841,5,5,5,0,0,5
20845,2,0,0,0,0,0
20843,2,0,0,0,0,0
20844,5,5,5,0,0,5
20848,2,0,0,0,0,0
20846,2,0,0,0,0,0
20847,5,5,5,0,0,5
20851,2,0,0,0,0,0
20849,2,0,0,0,0,0
20850,5,5,5,0,0,5
20854,2,0,0,0,0,0
20852,2,0,0,0,0,0
20853,5,5,5,0,0,5
20857,2,0,0,0,0,0
20855,2,0,0,0,0,0
20856,5,5,5,0,0,5
20860,2,0,0,0,0,0
20858,2,0,0,0,0,0
20859,5,5,5,0,0,5
20863,2,0,0,0,0,0
20861,2,0,0,0,0,0
20862,5,5,5,0,0,5
20866,2,0,0,0,0,0
20864,2,0,0,0,0,0
20865,5,5,5,0,0,5
20869,2,0,0,0,0,0
20867,2,0,0,0,0,0
20868,5,5,5,0,0,5
20872,2,0,0,0,0,0
20870,2,0,0,0,0,0
20871,5,5,5,0,0,5
20875,2,0,0,0,0,0
20873,2,0,0,0,0,0
20874,5,5,5,0,0,5
20878,2,0,0,0,0,0
20876,2,0,0,0,0,0
20877,5,5,5,0,0,5
20881,2,0,0,0,0,0
20879,2,0,0,0,0,0
20880,5,5,5,0,0,5
20884,2,0,0,0,0,0
20882,2,0,0,0,0,0
20883,5,5,5,0,0,5
20887,2,0,0,0,0,0
20885,2,0,0,0,0,0
20886,5,5,5,0,0,5
20890,2,0,0,0,0,0
20888,2,0,0,0,0,0
20889,5,5,5,0,0,5
20893,2,0,0,0,0,0
20891,2,0,0,0,0,0
20892,5,5,5,0,0,5
20896,2,0,0,0,0,0
20894,2,0,0,0,0,0
20895,5,5,5,0,0,5
20899,2,0,0,0,0,0
20897,2,0,0,0,0,0
20898,5,5,5,0,0,5
20902,2,0,0,0,0,0
20900,2,0,0,0,0,0
20901,5,5,5,0,0,5
20905,2,0,0,0,0,0
20903,2,0,0,0,0,0
20904,5,5,5,0,0,5
20908,2,0,0,0,0,0
20906,2,0,0,0,0,0
20907,5,5,5,0,0,5
20911,2,0,0,0,0,0
20909,2,0,0,0,0,0
20910,5,5,5,0,0,5
20914,2,0,0,0,0,0
20912,2,0,0,0,0,0
20913,5,5,5,0,0,5
20917,2,0,0,0,0,0
20915,2,0,0,0,0,0
20916,5,5,5,0,0,5
20920,2,0,0,0,0,0
20918,2,0,0,0,0,0
20919,5,5,5,0,0,5
20923,2,0,0,0,0,0
20921,2,0,0,0,0,0
20922,5,5,5,0,0,5
20926,2,0,0,0,0,0
20924,2,0,0,0,0,0
20925,5,5,5,0,0,5
20929,2,0,0,0,0,0
20927,2,0,0,0,0,0
20928,5,5,5,0,0,5
20932,2,0,0,0,0,0
20930,2,0,0,0,0,0
20931,5,5,5,0,0,5
20935,2,0,0,0,0,0
20933,2,0,0,0,0,0
20934,5,5,5,0,0,5
20938,2,0,0,0,0,0
20936,2,0,0,0,0,0
20937,5,5,5,0,0,5
20941,2,0,0,0,0,0
20939,2,0,0,0,0,0
20940,5,5,5,0,0,5
20944,2,0,0,0,0,0
20942,2,0,0,0,0,0
20943,5,5,5,0,0,5
20947,2,0,0,0,0,0
20945,2,0,0,0,0,0
20946,5,5,5,0,0,5
20950,2,0,0,0,0,0
20948,2,0,0,0,0,0
20949,5,5,5,0,0,5
20953,2,0,0,0,0,0
20951,2,0,0,0,0,0
20952,5,5,5,0,0,5
20956,2,0,0,0,0,0
20954,2,0,0,0,0,0
20955,5,5,5,0,0,5
20959,2,0,0,0,0,0
20957,2,0,0,0,0,0
20958,5,5,5,0,0,5
20962,2,0,0,0,0,0
20960,2,0,0,0,0,0
20961,5,5,5,0,0,5
20965,2,0,0,0,0,0
20963,2,0,0,0,0,0
20964,5,5,5,0,0,5
20968,2,0,0,0,0,0
20966,2,0,0,0,0,0
20967,5,5,5,0,0,5
20971,2,0,0,0,0,0
20969,2,0,0,0,0,0
20970,5,5,5,0,0,5
20974,2,0,0,0,0,0
20972,2,0,0,0,0,0
20973,5,5,5,0,0,5
20977,2,0,0,0,0,0
20975,2,0,0,0,0,0
20976,5,5,5,0,0,5
20980,2,0,0,0,0,0
20978,2,0,0,0,0,0
20979,5,5,5,0,0,5
20983,2,0,0,0,0,0
20981,2,0,0,0,0,0
20982,5,5,5,0,0,5
20986,2,0,0,0,0,0
20984,2,0,0,0,0,0
20985,5,5,5,0,0,5
20989,2,0,0,0,0,0
20987,2,0,0,0,0,0
20988,5,5,5,0,0,5
20992,2,0,0,0,0,0
20990,2,0,0,0,0,0
20991,5,5,5,0,0,5
20995,2,0,0,0,0,0
20993,2,0,0,0,0,0
20994,5,5,5,0,0,5
20998,2,0,0,0,0,0
20996,2,0,0,0,0,0
20997,5,5,5,0,0,5
21001,2,0,0,0,0,0
20999,2,0,0,0,0,0
21000,5,5,5,0,0,5
21004,2,0,0,0,0,0
21002,2,0,0,0,0,0
21003,5,5,5,0,0,5
21007,2,0,0,0,0,0
21005,2,0,0,0,0,0
21006,5,5,5,0,0,5
21010,2,0,0,0,0,0
21008,2,0,0,0,0,0
21009,5,5,5,0,0,5
21013,2,0,0,0,0,0
21011,2,0,0,0,0,0
21012,5,5,5,0,0,5
21016,2,0,0,0,0,0
21014,2,0,0,0,0,0
21015,5,5,5,0,0,5
21019,2,0,0,0,0,0
21017,2,0,0,0,0,0
21018,5,5,5,0,0,5
21022,2,0,0,0,0,0
21020,2,0,0,0,0,0
21021,5,5,5,0,0,5
21025,2,0,0,0,0,0
21023,2,0,0,0,0,0
21024,5,5,5,0,0,5
21028,2,0,0,0,0,0
21026,2,0,0,0,0,0
21027,5,5,5,0,0,5
21031,2,0,0,0,0,0
21029,2,0,0,0,0,0
21030,5,5,5,0,0,5
21034,2,0,0,0,0,0
21032,2,0,0,0,0,0
21033,5,5,5,0,0,5
21037,2,0,0,0,0,0
21035,2,0,0,0,0,0
21036,5,5,5,0,0,5
21040,2,0,0,0,0,0
21038,2,0,0,0,0,0
21039,5,5,5,0,0,5
21043,2,0,0,0,0,0
21041,2,0,0,0,0,0
21042,5,5,5,0,0,5
21046,2,0,0,0,0,0
21044,2,0,0,0,0,0
21045,5,5,5,0,0,5
21049,2,0,0,0,0,0
21047,2,0,0,0,0,0
21048,5,5,5,0,0,5
21052,2,0,0,0,0,0
21050,2,0,0,0,0,0
21051,5,5,5,0,0,5
21055,2,0,0,0,0,0
21053,2,0,0,0,0,0
21054,5,5,5,0,0,5
21058,2,0,0,0,0,0
21056,2,0,0,0,0,0
21057,5,5,5,0,0,5
21061,2,0,0,0,0,0
21059,2,0,0,0,0,0
21060,5,5,5,0,0,5
21064,2,0,0,0,0,0
21062,2,0,0,0,0,0
21063,5,5,5,0,0,5
21067,2,0,0,0,0,0
21065,2,0,0,0,0,0
21066,5,5,5,0,0,5
21070,2,0,0,0,0,0
21068,2,0,0,0,0,0
21069,5,5,5,0,0,5
21073,2,0,0,0,0,0
21071,2,0,0,0,0,0
21072,5,5,5,0,0,5
21076,2,0,0,0,0,0
21074,2,0,0,0,0,0
21075,5,5,5,0,0,5
21079,2,0,0,0,0,0
21077,2,0,0,0,0,0
21078,5,5,5,0,0,5
21082,2,0,0,0,0,0
21080,2,0,0,0,0,0
21081,5,5,5,0,0,5
21085,2,0,0,0,0,0
21083,2,0,0,0,0,0
21084,5,5,5,0,0,5
21088,2,0,0,0,0,0
21086,2,0,0,0,0,0
21087,5,5,5,0,0,5
21091,2,0,0,0,0,0
21089,2,0,0,0,0,0
21090,5,5,5,0,0,5
21094,2,0,0,0,0,0
21092,2,0,0,0,0,0
21093,5,5,5,0,0,5
21097,2,0,0,0,0,0
21095,2,0,0,0,0,0
21096,5,5,5,0,0,5
21100,2,0,0,0,0,0
21098,2,0,0,0,0,0
21099,5,5,5,0,0,5
21103,2,0,0,0,0,0
21101,2,0,0,0,0,0
21102,5,5,5,0,0,5
21106,2,0,0,0,0,0
21104,2,0,0,0,0,0
21105,5,5,5,0,0,5
21109,2,0,0,0,0,0
21107,2,0,0,0,0,0
21108,5,5,5,0,0,5
21112,2,0,0,0,0,0
21110,2,0,0,0,0,0
21111,5,5,5,0,0,5
21115,2,0,0,0,0,0
21113,2,0,0,0,0,0
21114,5,5,5,0,0,5
21118,2,0,0,0,0,0
21116,2,0,0,0,0,0
21117,5,5,5,0,0,5
21121,2,0,0,0,0,0
21119,2,0,0,0,0,0
21120,5,5,5,0,0,5
21124,2,0,0,0,0,0
21122,2,0,0,0,0,0
21123,5,5,5,0,0,5
21127,2,0,0,0,0,0
21125,2,0,0,0,0,0
21126,5,5,5,0,0,5
21130,2,0,0,0,0,0
21128,2,0,0,0,0,0
21129,5,5,5,0,0,5
21133,2,0,0,0,0,0
21131,2,0,0,0,0,0
21132,5,5,5,0,0,5
21136,2,0,0,0,0,0
21134,2,0,0,0,0,0
21135,5,5,5,0,0,5
21139,2,0,0,0,0,0
21137,2,0,0,0,0,0
21138,5,5,5,0,0,5
21142,2,0,0,0,0,0
21140,2,0,0,0,0,0
21141,5,5,5,0,0,5
21145,2,0,0,0,0,0
21143,2,0,0,0,0,0
21144,5,5,5,0,0,5
21148,2,0,0,0,0,0
21146,2,0,0,0,0,0
21147,5,5,5,0,0,5
21151,2,0,0,0,0,0
21149,2,0,0,0,0,0
21150,5,5,5,0,0,5
21154,2,0,0,0,0,0
21152,2,0,0,0,0,0
21153,5,5,5,0,0,5
21157,2,0,0,0,0,0
21155,2,0,0,0,0,0
21156,5,5,5,0,0,5
21160,2,0,0,0,0,0
21158,2,0,0,0,0,0
21159,5,5,5,0,0,5
21163,2,0,0,0,0,0
21161,2,0,0,0,0,0
21162,5,5,5,0,0,5
21166,2,0,0,0,0,0
21164,2,0,0,0,0,0
21165,5,5,5,0,0,5
21169,2,0,0,0,0,0
21167,2,0,0,0,0,0
21168,5,5,5,0,0,5
21172,2,0,0,0,0,0
21170,2,0,0,0,0,0
21171,5,5,5,0,0,5
21175,2,0,0,0,0,0
21173,2,0,0,0,0,0
21174,5,5,5,0,0,5
21178,2,0,0,0,0,0
21176,2,0,0,0,0,0
21177,5,5,5,0,0,5
21181,2,0,0,0,0,0
21179,2,0,0,0,0,0
21180,5,5,5,0,0,5
21184,2,0,0,0,0,0
21182,2,0,0,0,0,0
21183,5,5,5,0,0,5
21187,2,0,0,0,0,0
21185,2,0,0,0,0,0
21186,5,5,5,0,0,5
21190,2,0,0,0,0,0
21188,2,0,0,0,0,0
21189,5,5,5,0,0,5
21193,2,0,0,0,0,0
21191,2,0,0,0,0,0
21192,5,5,5,0,0,5
21196,2,0,0,0,0,0
21194,2,0,0,0,0,0
21195,5,5,5,0,0,5
21199,2,0,0,0,0,0
21197,2,0,0,0,0,0
21198,5,5,5,0,0,5
21202,2,0,0,0,0,0
21200,2,0,0,0,0,0
21201,5,5,5,0,0,5
21205,2,0,0,0,0,0
21203,2,0,0,0,0,0
21204,5,5,5,0,0,5
21208,2,0,0,0,0,0
21206,2,0,0,0,0,0
21207,5,5,5,0,0,5
21211,2,0,0,0,0,0
21209,2,0,0,0,0,0
21210,5,5,5,0,0,5
21214,2,0,0,0,0,0
21212,2,0,0,0,0,0
21213,5,5,5,0,0,5
21217,2,0,0,0,0,0
21215,2,0,0,0,0,0
21216,5,5,5,0,0,5
21220,2,0,0,0,0,0
21218,2,0,0,0,0,0
21219,5,5,5,0,0,5
21223,2,0,0,0,0,0
21221,2,0,0,0,0,0
21222,5,5,5,0,0,5
21226,2,0,0,0,0,0
21224,2,0,0,0,0,0
21225,5,5,5,0,0,5
21229,2,0,0,0,0,0
21227,2,0,0,0,0,0
21228,5,5,5,0,0,5
21232,2,0,0,0,0,0
21230,2,0,0,0,0,0
21231,5,5,5,0,0,5
21235,2,0,0,0,0,0
21233,2,0,0,0,0,0
21234,5,5,5,0,0,5
21238,2,0,0,0,0,0
21236,2,0,0,0,0,0
21237,5,5,5,0,0,5
21241,2,0,0,0,0,0
21239,2,0,0,0,0,0
21240,5,5,5,0,0,5
21244,2,0,0,0,0,0
21242,2,0,0,0,0,0
21243,5,5,5,0,0,5
21247,2,0,0,0,0,0
21245,2,0,0,0,0,0
21246,5,5,5,0,0,5
21250,2,0,0,0,0,0
21248,2,0,0,0,0,0
21249,5,5,5,0,0,5
21253,2,0,0,0,0,0
21251,2,0,0,0,0,0
21252,5,5,5,0,0,5
21256,2,0,0,0,0,0
21254,2,0,0,0,0,0
21255,5,5,5,0,0,5
21259,2,0,0,0,0,0
21257,2,0,0,0,0,0
21258,5,5,5,0,0,5
21262,2,0,0,0,0,0
21260,2,0,0,0,0,0
21261,5,5,5,0,0,5
21265,2,0,0,0,0,0
21263,2,0,0,0,0,0
21264,5,5,5,0,0,5
21268,2,0,0,0,0,0
21266,2,0,0,0,0,0
21267,5,5,5,0,0,5
21271,2,0,0,0,0,0
21269,2,0,0,0,0,0
21270,5,5,5,0,0,5
21274,2,0,0,0,0,0
21272,2,0,0,0,0,0
21273,5,5,5,0,0,5
21277,2,0,0,0,0,0
21275,2,0,0,0,0,0
21276,5,5,5,0,0,5
21280,2,0,0,0,0,0
21278,2,0,0,0,0,0
21279,5,5,5,0,0,5
21283,2,0,0,0,0,0
21281,2,0,0,0,0,0
21282,5,5,5,0,0,5
21286,2,0,0,0,0,0
21284,2,0,0,0,0,0
21285,5,5,5,0,0,5
21289,2,0,0,0,0,0
21287,2,0,0,0,0,0
21288,5,5,5,0,0,5
21292,2,0,0,0,0,0
21290,2,0,0,0,0,0
21291,5,5,5,0,0,5
21295,2,0,0,0,0,0
21293,2,0,0,0,0,0
21294,5,5,5,0,0,5
21298,2,0,0,0,0,0
21296,2,0,0,0,0,0
21297,5,5,5,0,0,5
21301,2,0,0,0,0,0
21299,2,0,0,0,0,0
21300,5,5,5,0,0,5
21304,2,0,0,0,0,0
21302,2,0,0,0,0,0
21303,5,5,5,0,0,5
21307,2,0,0,0,0,0
21305,2,0,0,0,0,0
21306,5,5,5,0,0,5
21310,2,0,0,0,0,0
21308,2,0,0,0,0,0
21309,5,5,5,0,0,5
21313,2,0,0,0,0,0
21311,2,0,0,0,0,0
21312,5,5,5,0,0,5
21316,2,0,0,0,0,0
21314,2,0,0,0,0,0
21315,5,5,5,0,0,5
21319,2,0,0,0,0,0
21317,2,0,0,0,0,0
21318,5,5,5,0,0,5
21322,2,0,0,0,0,0
21320,2,0,0,0,0,0
21321,5,5,5,0,0,5
21325,2,0,0,0,0,0
21323,2,0,0,0,0,0
21324,5,5,5,0,0,5
21328,2,0,0,0,0,0
21326,2,0,0,0,0,0
21327,5,5,5,0,0,5
21331,2,0,0,0,0,0
21329,2,0,0,0,0,0
21330,5,5,5,0,0,5
21334,2,0,0,0,0,0
21332,2,0,0,0,0,0
21333,5,5,5,0,0,5
21337,2,0,0,0,0,0
21335,2,0,0,0,0,0
21336,5,5,5,0,0,5
21340,2,0,0,0,0,0
21338,2,0,0,0,0,0
21339,5,5,5,0,0,5
21343,2,0,0,0,0,0
21341,2,0,0,0,0,0
21342,5,5,5,0,0,5
21346,2,0,0,0,0,0
21344,2,0,0,0,0,0
21345,5,5,5,0,0,5
21349,2,0,0,0,0,0
21347,2,0,0,0,0,0
21348,5,5,5,0,0,5
21352,2,0,0,0,0,0
21350,2,0,0,0,0,0
21351,5,5,5,0,0,5
21355,2,0,0,0,0,0
21353,2,0,0,0,0,0
21354,5,5,5,0,0,5
21358,2,0,0,0,0,0
21356,2,0,0,0,0,0
21357,5,5,5,0,0,5
21361,2,0,0,0,0,0
21359,2,0,0,0,0,0
21360,5,5,5,0,0,5
21364,2,0,0,0,0,0
21362,2,0,0,0,0,0
21363,5,5,5,0,0,5
21367,2,0,0,0,0,0
21365,2,0,0,0,0,0
21366,5,5,5,0,0,5
21370,2,0,0,0,0,0
21368,2,0,0,0,0,0
21369,5,5,5,0,0,5
21373,2,0,0,0,0,0
21371,2,0,0,0,0,0
21372,5,5,5,0,0,5
21376,2,0,0,0,0,0
21374,2,0,0,0,0,0
21375,5,5,5,0,0,5
21379,2,0,0,0,0,0
21377,2,0,0,0,0,0
21378,5,5,5,0,0,5
21382,2,0,0,0,0,0
21380,2,0,0,0,0,0
21381,5,5,5,0,0,5
21385,2,0,0,0,0,0
21383,2,0,0,0,0,0
21384,5,5,5,0,0,5
21388,2,0,0,0,0,0
21386,2,0,0,0,0,0
21387,5,5,5,0,0,5
21391,2,0,0,0,0,0
21389,2,0,0,0,0,0
21390,5,5,5,0,0,5
21394,2,0,0,0,0,0
21392,2,0,0,0,0,0
21393,5,5,5,0,0,5
21397,2,0,0,0,0,0
21395,2,0,0,0,0,0
21396,5,5,5,0,0,5
21400,2,0,0,0,0,0
21398,2,0,0,0,0,0
21399,5,5,5,0,0,5
21403,2,0,0,0,0,0
21401,2,0,0,0,0,0
21402,5,5,5,0,0,5
21406,2,0,0,0,0,0
21404,2,0,0,0,0,0
21405,5,5,5,0,0,5
21409,2,0,0,0,0,0
21407,2,0,0,0,0,0
21408,5,5,5,0,0,5
21412,2,0,0,0,0,0
21410,2,0,0,0,0,0
21411,5,5,5,0,0,5
21415,2,0,0,0,0,0
21413,2,0,0,0,0,0
21414,5,5,5,0,0,5
21418,2,0,0,0,0,0
21416,2,0,0,0,0,0
21417,5,5,5,0,0,5
21421,2,0,0,0,0,0
21419,2,0,0,0,0,0
21420,5,5,5,0,0,5
21424,2,0,0,0,0,0
21422,2,0,0,0,0,0
21423,5,5,5,0,0,5
21427,2,0,0,0,0,0
21425,2,0,0,0,0,0
21426,5,5,5,0,0,5
21430,2,0,0,0,0,0
21428,2,0,0,0,0,0
21429,5,5,5,0,0,5
21433,2,0,0,0,0,0
21431,2,0,0,0,0,0
21432,5,5,5,0,0,5
21436,2,0,0,0,0,0
21434,2,0,0,0,0,0
21435,5,5,5,0,0,5
21439,2,0,0,0,0,0
21437,2,0,0,0,0,0
21438,5,5,5,0,0,5
21442,2,0,0,0,0,0
21440,2,0,0,0,0,0
21441,5,5,5,0,0,5
21445,2,0,0,0,0,0
21443,2,0,0,0,0,0
21444,5,5,5,0,0,5
21448,2,0,0,0,0,0
21446,2,0,0,0,0,0
21447,5,5,5,0,0,5
21451,2,0,0,0,0,0
21449,2,0,0,0,0,0
21450,5,5,5,0,0,5
21454,2,0,0,0,0,0
21452,2,0,0,0,0,0
21453,5,5,5,0,0,5
21457,2,0,0,0,0,0
21455,2,0,0,0,0,0
21456,5,5,5,0,0,5
21460,2,0,0,0,0,0
21458,2,0,0,0,0,0
21459,5,5,5,0,0,5
21463,2,0,0,0,0,0
21461,2,0,0,0,0,0
21462,5,5,5,0,0,5
21466,2,0,0,0,0,0
21464,2,0,0,0,0,0
21465,5,5,5,0,0,5
21469,2,0,0,0,0,0
21467,2,0,0,0,0,0
21468,5,5,5,0,0,5
21472,2,0,0,0,0,0
21470,2,0,0,0,0,0
21471,5,5,5,0,0,5
21475,2,0,0,0,0,0
21473,2,0,0,0,0,0
21474,5,5,5,0,0,5
21478,2,0,0,0,0,0
21476,2,0,0,0,0,0
21477,5,5,5,0,0,5
21481,2,0,0,0,0,0
21479,2,0,0,0,0,0
21480,5,5,5,0,0,5
21484,2,0,0,0,0,0
21482,2,0,0,0,0,0
21483,5,5,5,0,0,5
21487,2,0,0,0,0,0
21485,2,0,0,0,0,0
21486,5,5,5,0,0,5
21490,2,0,0,0,0,0
21488,2,0,0,0,0,0
21489,5,5,5,0,0,5
21493,2,0,0,0,0,0
21491,2,0,0,0,0,0
21492,5,5,5,0,0,5
21496,2,0,0,0,0,0
21494,2,0,0,0,0,0
21495,5,5,5,0,0,5
21499,2,0,0,0,0,0
21497,2,0,0,0,0,0
21498,5,5,5,0,0,5
21502,2,0,0,0,0,0
21500,2,0,0,0,0,0
21501,5,5,5,0,0,5
21505,2,0,0,0,0,0
21503,2,0,0,0,0,0
21504,5,5,5,0,0,5
21508,2,0,0,0,0,0
21506,2,0,0,0,0,0
21507,5,5,5,0,0,5
21511,2,0,0,0,0,0
21509,2,0,0,0,0,0
21510,5,5,5,0,0,5
21514,2,0,0,0,0,0
21512,2,0,0,0,0,0
21513,5,5,5,0,0,5
21517,2,0,0,0,0,0
21515,2,0,0,0,0,0
21516,5,5,5,0,0,5
21520,2,0,0,0,0,0
21518,2,0,0,0,0,0
21519,5,5,5,0,0,5
21523,2,0,0,0,0,0
21521,2,0,0,0,0,0
21522,5,5,5,0,0,5
21526,2,0,0,0,0,0
21524,2,0,0,0,0,0
21525,5,5,5,0,0,5
21529,2,0,0,0,0,0
21527,2,0,0,0,0,0
21528,5,5,5,0,0,5
21532,2,0,0,0,0,0
21530,2,0,0,0,0,0
21531,5,5,5,0,0,5
21535,2,0,0,0,0,0
21533,2,0,0,0,0,0
21534,5,5,5,0,0,5
21538,2,0,0,0,0,0
21536,2,0,0,0,0,0
21537,5,5,5,0,0,5
21541,2,0,0,0,0,0
21539,2,0,0,0,0,0
21540,5,5,5,0,0,5
21544,2,0,0,0,0,0
21542,2,0,0,0,0,0
21543,5,5,5,0,0,5
21547,2,0,0,0,0,0
21545,2,0,0,0,0,0
21546,5,5,5,0,0,5
21550,2,0,0,0,0,0
21548,2,0,0,0,0,0
21549,5,5,5,0,0,5
21553,2,0,0,0,0,0
21551,2,0,0,0,0,0
21552,5,5,5,0,0,5
21556,2,0,0,0,0,0
21554,2,0,0,0,0,0
21555,5,5,5,0,0,5
21559,2,0,0,0,0,0
21557,2,0,0,0,0,0
21558,5,5,5,0,0,5
21562,2,0,0,0,0,0
21560,2,0,0,0,0,0
21561,5,5,5,0,0,5
21565,2,0,0,0,0,0
21563,2,0,0,0,0,0
21564,5,5,5,0,0,5
21568,2,0,0,0,0,0
21566,2,0,0,0,0,0
21567,5,5,5,0,0,5
21571,2,0,0,0,0,0
21569,2,0,0,0,0,0
21570,5,5,5,0,0,5
21574,2,0,0,0,0,0
21572,2,0,0,0,0,0
21573,5,5,5,0,0,5
21577,2,0,0,0,0,0
21575,2,0,0,0,0,0
21576,5,5,5,0,0,5
21580,2,0,0,0,0,0
21578,2,0,0,0,0,0
21579,5,5,5,0,0,5
21583,2,0,0,0,0,0
21581,2,0,0,0,0,0
21582,5,5,5,0,0,5
21586,2,0,0,0,0,0
21584,2,0,0,0,0,0
21585,5,5,5,0,0,5
21589,2,0,0,0,0,0
21587,2,0,0,0,0,0
21588,5,5,5,0,0,5
21592,2,0,0,0,0,0
21590,2,0,0,0,0,0
21591,5,5,5,0,0,5
21595,2,0,0,0,0,0
21593,2,0,0,0,0,0
21594,5,5,5,0,0,5
21598,2,0,0,0,0,0
21596,2,0,0,0,0,0
21597,5,5,5,0,0,5
21601,2,0,0,0,0,0
21599,2,0,0,0,0,0
21600,5,5,5,0,0,5
21604,2,0,0,0,0,0
21602,2,0,0,0,0,0
21603,5,5,5,0,0,5
21607,2,0,0,0,0,0
21605,2,0,0,0,0,0
21606,5,5,5,0,0,5
21610,2,0,0,0,0,0
21608,2,0,0,0,0,0
21609,5,5,5,0,0,5
21613,2,0,0,0,0,0
21611,2,0,0,0,0,0
21612,5,5,5,0,0,5
21616,2,0,0,0,0,0
21614,2,0,0,0,0,0
21615,5,5,5,0,0,5
21619,2,0,0,0,0,0
21617,2,0,0,0,0,0
21618,5,5,5,0,0,5
21622,2,0,0,0,0,0
21620,2,0,0,0,0,0
21621,5,5,5,0,0,5
21625,2,0,0,0,0,0
21623,2,0,0,0,0,0
21624,5,5,5,0,0,5
21628,2,0,0,0,0,0
21626,2,0,0,0,0,0
21627,5,5,5,0,0,5
21631,2,0,0,0,0,0
21629,2,0,0,0,0,0
21630,5,5,5,0,0,5
21634,2,0,0,0,0,0
21632,2,0,0,0,0,0
21633,5,5,5,0,0,5
21637,2,0,0,0,0,0
21635,2,0,0,0,0,0
21636,5,5,5,0,0,5
21640,2,0,0,0,0,0
21638,2,0,0,0,0,0
21639,5,5,5,0,0,5
21643,2,0,0,0,0,0
21641,2,0,0,0,0,0
21642,5,5,5,0,0,5
21646,2,0,0,0,0,0
21644,2,0,0,0,0,0
21645,5,5,5,0,0,5
21649,2,0,0,0,0,0
21647,2,0,0,0,0,0
21648,5,5,5,0,0,5
21652,2,0,0,0,0,0
21650,2,0,0,0,0,0
21651,5,5,5,0,0,5
21655,2,0,0,0,0,0
21653,2,0,0,0,0,0
21654,5,5,5,0,0,5
21658,2,0,0,0,0,0
21656,2,0,0,0,0,0
21657,5,5,5,0,0,5
21661,2,0,0,0,0,0
21659,2,0,0,0,0,0
21660,5,5,5,0,0,5
21664,2,0,0,0,0,0
21662,2,0,0,0,0,0
21663,5,5,5,0,0,5
21667,2,0,0,0,0,0
21665,2,0,0,0,0,0
21666,5,5,5,0,0,5
21670,2,0,0,0,0,0
21668,2,0,0,0,0,0
21669,5,5,5,0,0,5
21673,2,0,0,0,0,0
21671,2,0,0,0,0,0
21672,5,5,5,0,0,5
21676,2,0,0,0,0,0
21674,2,0,0,0,0,0
21675,5,5,5,0,0,5
21679,2,0,0,0,0,0
21677,2,0,0,0,0,0
21678,5,5,5,0,0,5
21682,2,0,0,0,0,0
21680,2,0,0,0,0,0
21681,5,5,5,0,0,5
21685,2,0,0,0,0,0
21683,2,0,0,0,0,0
21684,5,5,5,0,0,5
21688,2,0,0,0,0,0
21686,2,0,0,0,0,0
21687,5,5,5,0,0,5
21691,2,0,0,0,0,0
21689,2,0,0,0,0,0
21690,5,5,5,0,0,5
21694,2,0,0,0,0,0
21692,2,0,0,0,0,0
21693,5,5,5,0,0,5
21697,2,0,0,0,0,0
21695,2,0,0,0,0,0
21696,5,5,5,0,0,5
21700,2,0,0,0,0,0
21698,2,0,0,0,0,0
21699,5,5,5,0,0,5
21703,2,0,0,0,0,0
21701,2,0,0,0,0,0
21702,5,5,5,0,0,5
21706,2,0,0,0,0,0
21704,2,0,0,0,0,0
21705,5,5,5,0,0,5
21709,2,0,0,0,0,0
21707,2,0,0,0,0,0
21708,5,5,5,0,0,5
21712,2,0,0,0,0,0
21710,2,0,0,0,0,0
21711,5,5,5,0,0,5
21715,2,0,0,0,0,0
21713,2,0,0,0,0,0
21714,5,5,5,0,0,5
21718,2,0,0,0,0,0
21716,2,0,0,0,0,0
21717,5,5,5,0,0,5
21721,2,0,0,0,0,0
21719,2,0,0,0,0,0
21720,5,5,5,0,0,5
21724,2,0,0,0,0,0
21722,2,0,0,0,0,0
21723,5,5,5,0,0,5
21727,2,0,0,0,0,0
21725,2,0,0,0,0,0
21726,5,5,5,0,0,5
21730,2,0,0,0,0,0
21728,2,0,0,0,0,0
21729,5,5,5,0,0,5
21733,2,0,0,0,0,0
21731,2,0,0,0,0,0
21732,5,5,5,0,0,5
21736,2,0,0,0,0,0
21734,2,0,0,0,0,0
21735,5,5,5,0,0,5
21739,2,0,0,0,0,0
21737,2,0,0,0,0,0
21738,5,5,5,0,0,5
21742,2,0,0,0,0,0
21740,2,0,0,0,0,0
21741,5,5,5,0,0,5
21745,2,0,0,0,0,0
21743,2,0,0,0,0,0
21744,5,5,5,0,0,5
21748,2,0,0,0,0,0
21746,2,0,0,0,0,0
21747,5,5,5,0,0,5
21751,2,0,0,0,0,0
21749,2,0,0,0,0,0
21750,5,5,5,0,0,5
21754,2,0,0,0,0,0
21752,2,0,0,0,0,0
21753,5,5,5,0,0,5
21757,2,0,0,0,0,0
21755,2,0,0,0,0,0
21756,5,5,5,0,0,5
21760,2,0,0,0,0,0
21758,2,0,0,0,0,0
21759,5,5,5,0,0,5
21763,2,0,0,0,0,0
21761,2,0,0,0,0,0
21762,5,5,5,0,0,5
21766,2,0,0,0,0,0
21764,2,0,0,0,0,0
21765,5,5,5,0,0,5
21769,2,0,0,0,0,0
21767,2,0,0,0,0,0
21768,5,5,5,0,0,5
21772,2,0,0,0,0,0
21770,2,0,0,0,0,0
21771,5,5,5,0,0,5
21775,2,0,0,0,0,0
21773,2,0,0,0,0,0
21774,5,5,5,0,0,5
21778,2,0,0,0,0,0
21776,2,0,0,0,0,0
21777,5,5,5,0,0,5
21781,2,0,0,0,0,0
21779,2,0,0,0,0,0
21780,5,5,5,0,0,5
21784,2,0,0,0,0,0
21782,2,0,0,0,0,0
21783,5,5,5,0,0,5
21787,2,0,0,0,0,0
21785,2,0,0,0,0,0
21786,5,5,5,0,0,5
21790,2,0,0,0,0,0
21788,2,0,0,0,0,0
21789,5,5,5,0,0,5
21793,2,0,0,0,0,0
21791,2,0,0,0,0,0
21792,5,5,5,0,0,5
21796,2,0,0,0,0,0
21794,2,0,0,0,0,0
21795,5,5,5,0,0,5
21799,2,0,0,0,0,0
21797,2,0,0,0,0,0
21798,5,5,5,0,0,5
21802,2,0,0,0,0,0
21800,2,0,0,0,0,0
21801,5,5,5,0,0,5
21805,2,0,0,0,0,0
21803,2,0,0,0,0,0
21804,5,5,5,0,0,5
21808,2,0,0,0,0,0
21806,2,0,0,0,0,0
21807,5,5,5,0,0,5
21811,2,0,0,0,0,0
21809,2,0,0,0,0,0
21810,5,5,5,0,0,5
21814,2,0,0,0,0,0
21812,2,0,0,0,0,0
21813,5,5,5,0,0,5
21817,2,0,0,0,0,0
21815,2,0,0,0,0,0
21816,5,5,5,0,0,5
21820,2,0,0,0,0,0
21818,2,0,0,0,0,0
21819,5,5,5,0,0,5
21823,2,0,0,0,0,0
21821,2,0,0,0,0,0
21822,5,5,5,0,0,5
21826,2,0,0,0,0,0
21824,2,0,0,0,0,0
21825,5,5,5,0,0,5
21829,2,0,0,0,0,0
21827,2,0,0,0,0,0
21828,5,5,5,0,0,5
21832,2,0,0,0,0,0
21830,2,0,0,0,0,0
21831,5,5,5,0,0,5
21835,2,0,0,0,0,0
21833,2,0,0,0,0,0
21834,5,5,5,0,0,5
21838,2,0,0,0,0,0
21836,2,0,0,0,0,0
21837,5,5,5,0,0,5
21841,2,0,0,0,0,0
21839,2,0,0,0,0,0
21840,5,5,5,0,0,5
21844,2,0,0,0,0,0
21842,2,0,0,0,0,0
21843,5,5,5,0,0,5
21847,2,0,0,0,0,0
21845,2,0,0,0,0,0
21846,5,5,5,0,0,5
21850,2,0,0,0,0,0
21848,2,0,0,0,0,0
21849,5,5,5,0,0,5
21853,2,0,0,0,0,0
21851,2,0,0,0,0,0
21852,5,5,5,0,0,5
21856,2,0,0,0,0,0
21854,2,0,0,0,0,0
21855,5,5,5,0,0,5
21859,2,0,0,0,0,0
21857,2,0,0,0,0,0
21858,5,5,5,0,0,5
21862,2,0,0,0,0,0
21860,2,0,0,0,0,0
21861,5,5,5,0,0,5
21865,2,0,0,0,0,0
21863,2,0,0,0,0,0
21864,5,5,5,0,0,5
21868,2,0,0,0,0,0
21866,2,0,0,0,0,0
21867,5,5,5,0,0,5
21871,2,0,0,0,0,0
21869,2,0,0,0,0,0
21870,5,5,5,0,0,5
21874,2,0,0,0,0,0
21872,2,0,0,0,0,0
21873,5,5,5,0,0,5
21877,2,0,0,0,0,0
21875,2,0,0,0,0,0
21876,5,5,5,0,0,5
21880,2,0,0,0,0,0
21878,2,0,0,0,0,0
21879,5,5,5,0,0,5
21883,2,0,0,0,0,0
21881,2,0,0,0,0,0
21882,5,5,5,0,0,5
21886,2,0,0,0,0,0
21884,2,0,0,0,0,0
21885,5,5,5,0,0,5
21889,2,0,0,0,0,0
21887,2,0,0,0,0,0
21888,5,5,5,0,0,5
21892,2,0,0,0,0,0
21890,2,0,0,0,0,0
21891,5,5,5,0,0,5
21895,2,0,0,0,0,0
21893,2,0,0,0,0,0
21894,5,5,5,0,0,5
21898,2,0,0,0,0,0
21896,2,0,0,0,0,0
21897,5,5,5,0,0,5
21901,2,0,0,0,0,0
21899,2,0,0,0,0,0
21900,5,5,5,0,0,5
21904,2,0,0,0,0,0
21902,2,0,0,0,0,0
21903,5,5,5,0,0,5
21907,2,0,0,0,0,0
21905,2,0,0,0,0,0
21906,5,5,5,0,0,5
21910,2,0,0,0,0,0
21908,2,0,0,0,0,0
21909,5,5,5,0,0,5
21913,2,0,0,0,0,0
21911,2,0,0,0,0,0
21912,5,5,5,0,0,5
21916,2,0,0,0,0,0
21914,2,0,0,0,0,0
21915,5,5,5,0,0,5
21919,2,0,0,0,0,0
21917,2,0,0,0,0,0
21918,5,5,5,0,0,5
21922,2,0,0,0,0,0
21920,2,0,0,0,0,0
21921,5,5,5,0,0,5
21925,2,0,0,0,0,0
21923,2,0,0,0,0,0
21924,5,5,5,0,0,5
21928,2,0,0,0,0,0
21926,2,0,0,0,0,0
21927,5,5,5,0,0,5
21931,2,0,0,0,0,0
21929,2,0,0,0,0,0
21930,5,5,5,0,0,5
21934,2,0,0,0,0,0
21932,2,0,0,0,0,0
21933,5,5,5,0,0,5
21937,2,0,0,0,0,0
21935,2,0,0,0,0,0
21936,5,5,5,0,0,5
21940,2,0,0,0,0,0
21938,2,0,0,0,0,0
21939,5,5,5,0,0,5
21943,2,0,0,0,0,0
21941,2,0,0,0,0,0
21942,5,5,5,0,0,5
21946,2,0,0,0,0,0
21944,2,0,0,0,0,0
21945,5,5,5,0,0,5
21949,2,0,0,0,0,0
21947,2,0,0,0,0,0
21948,5,5,5,0,0,5
21952,2,0,0,0,0,0
21950,2,0,0,0,0,0
21951,5,5,5,0,0,5
21955,2,0,0,0,0,0
21953,2,0,0,0,0,0
21954,5,5,5,0,0,5
21958,2,0,0,0,0,0
21956,2,0,0,0,0,0
21957,5,5,5,0,0,5
21961,2,0,0,0,0,0
21959,2,0,0,0,0,0
21960,5,5,5,0,0,5
21964,2,0,0,0,0,0
21962,2,0,0,0,0,0
21963,5,5,5,0,0,5
21967,2,0,0,0,0,0
21965,2,0,0,0,0,0
21966,5,5,5,0,0,5
21970,2,0,0,0,0,0
21968,2,0,0,0,0,0
21969,5,5,5,0,0,5
21973,2,0,0,0,0,0
21971,2,0,0,0,0,0
21972,5,5,5,0,0,5
21976,2,0,0,0,0,0
21974,2,0,0,0,0,0
21975,5,5,5,0,0,5
21979,2,0,0,0,0,0
21977,2,0,0,0,0,0
21978,5,5,5,0,0,5
21982,2,0,0,0,0,0
21980,2,0,0,0,0,0
21981,5,5,5,0,0,5
21985,2,0,0,0,0,0
21983,2,0,0,0,0,0
21984,5,5,5,0,0,5
21988,2,0,0,0,0,0
21986,2,0,0,0,0,0
21987,5,5,5,0,0,5
21991,2,0,0,0,0,0
21989,2,0,0,0,0,0
21990,5,5,5,0,0,5
21994,2,0,0,0,0,0
21992,2,0,0,0,0,0
21993,5,5,5,0,0,5
21997,2,0,0,0,0,0
21995,2,0,0,0,0,0
21996,5,5,5,0,0,5
22000,2,0,0,0,0,0
21998,2,0,0,0,0,0
21999,5,5,5,0,0,5
22003,2,0,0,0,0,0
22001,2,0,0,0,0,0
22002,5,5,5,0,0,5
22006,2,0,0,0,0,0
22004,2,0,0,0,0,0
22005,5,5,5,0,0,5
22009,2,0,0,0,0,0
22007,2,0,0,0,0,0
22008,5,5,5,0,0,5
22012,2,0,0,0,0,0
22010,2,0,0,0,0,0
22011,5,5,5,0,0,5
22015,2,0,0,0,0,0
22013,2,0,0,0,0,0
22014,5,5,5,0,0,5
22018,2,0,0,0,0,0
22016,2,0,0,0,0,0
22017,5,5,5,0,0,5
22021,2,0,0,0,0,0
22019,2,0,0,0,0,0
22020,5,5,5,0,0,5
22024,2,0,0,0,0,0
22022,2,0,0,0,0,0
22023,5,5,5,0,0,5
22027,2,0,0,0,0,0
22025,2,0,0,0,0,0
22026,5,5,5,0,0,5
22030,2,0,0,0,0,0
22028,2,0,0,0,0,0
22029,5,5,5,0,0,5
22033,2,0,0,0,0,0
22031,2,0,0,0,0,0
22032,5,5,5,0,0,5
22036,2,0,0,0,0,0
22034,2,0,0,0,0,0
22035,5,5,5,0,0,5
22039,2,0,0,0,0,0
22037,2,0,0,0,0,0
22038,5,5,5,0,0,5
22042,2,0,0,0,0,0
22040,2,0,0,0,0,0
22041,5,5,5,0,0,5
22045,2,0,0,0,0,0
22043,2,0,0,0,0,0
22044,5,5,5,0,0,5
22048,2,0,0,0,0,0
22046,2,0,0,0,0,0
22047,5,5,5,0,0,5
22051,2,0,0,0,0,0
22049,2,0,0,0,0,0
22050,5,5,5,0,0,5
22054,2,0,0,0,0,0
22052,2,0,0,0,0,0
22053,5,5,5,0,0,5
22057,2,0,0,0,0,0
22055,2,0,0,0,0,0
22056,5,5,5,0,0,5
22060,2,0,0,0,0,0
22058,2,0,0,0,0,0
22059,5,5,5,0,0,5
22063,2,0,0,0,0,0
22061,2,0,0,0,0,0
22062,5,5,5,0,0,5
22066,2,0,0,0,0,0
22064,2,0,0,0,0,0
22065,5,5,5,0,0,5
22069,2,0,0,0,0,0
22067,2,0,0,0,0,0
22068,5,5,5,0,0,5
22072,2,0,0,0,0,0
22070,2,0,0,0,0,0
22071,5,5,5,0,0,5
22075,2,0,0,0,0,0
22073,2,0,0,0,0,0
22074,5,5,5,0,0,5
22078,2,0,0,0,0,0
22076,2,0,0,0,0,0
22077,5,5,5,0,0,5
22081,2,0,0,0,0,0
22079,2,0,0,0,0,0
22080,5,5,5,0,0,5
22084,2,0,0,0,0,0
22082,2,0,0,0,0,0
22083,5,5,5,0,0,5
22087,2,0,0,0,0,0
22085,2,0,0,0,0,0
22086,5,5,5,0,0,5
22090,2,0,0,0,0,0
22088,2,0,0,0,0,0
22089,5,5,5,0,0,5
22093,2,0,0,0,0,0
22091,2,0,0,0,0,0
22092,5,5,5,0,0,5
22096,2,0,0,0,0,0
22094,2,0,0,0,0,0
22095,5,5,5,0,0,5
22099,2,0,0,0,0,0
22097,2,0,0,0,0,0
22098,5,5,5,0,0,5
22102,2,0,0,0,0,0
22100,2,0,0,0,0,0
22101,5,5,5,0,0,5
22105,2,0,0,0,0,0
22103,2,0,0,0,0,0
22104,5,5,5,0,0,5
22108,2,0,0,0,0,0
22106,2,0,0,0,0,0
22107,5,5,5,0,0,5
22111,2,0,0,0,0,0
22109,2,0,0,0,0,0
22110,5,5,5,0,0,5
22114,2,0,0,0,0,0
22112,2,0,0,0,0,0
22113,5,5,5,0,0,5
22117,2,0,0,0,0,0
22115,2,0,0,0,0,0
22116,5,5,5,0,0,5
22120,2,0,0,0,0,0
22118,2,0,0,0,0,0
22119,5,5,5,0,0,5
22123,2,0,0,0,0,0
22121,2,0,0,0,0,0
22122,5,5,5,0,0,5
22126,2,0,0,0,0,0
22124,2,0,0,0,0,0
22125,5,5,5,0,0,5
22129,2,0,0,0,0,0
22127,2,0,0,0,0,0
22128,5,5,5,0,0,5
22132,2,0,0,0,0,0
22130,2,0,0,0,0,0
22131,5,5,5,0,0,5
22135,2,0,0,0,0,0
22133,2,0,0,0,0,0
22134,5,5,5,0,0,5
22138,2,0,0,0,0,0
22136,2,0,0,0,0,0
22137,5,5,5,0,0,5
22141,2,0,0,0,0,0
22139,2,0,0,0,0,0
22140,5,5,5,0,0,5
22144,2,0,0,0,0,0
22142,2,0,0,0,0,0
22143,5,5,5,0,0,5
22147,2,0,0,0,0,0
22145,2,0,0,0,0,0
22146,5,5,5,0,0,5
22150,2,0,0,0,0,0
22148,2,0,0,0,0,0
22149,5,5,5,0,0,5
22153,2,0,0,0,0,0
22151,2,0,0,0,0,0
22152,5,5,5,0,0,5
22156,2,0,0,0,0,0
22154,2,0,0,0,0,0
22155,5,5,5,0,0,5
22159,2,0,0,0,0,0
22157,2,0,0,0,0,0
22158,5,5,5,0,0,5
22162,2,0,0,0,0,0
22160,2,0,0,0,0,0
22161,5,5,5,0,0,5
22165,2,0,0,0,0,0
22163,2,0,0,0,0,0
22164,5,5,5,0,0,5
22168,2,0,0,0,0,0
22166,2,0,0,0,0,0
22167,5,5,5,0,0,5
22171,2,0,0,0,0,0
22169,2,0,0,0,0,0
22170,5,5,5,0,0,5
22174,2,0,0,0,0,0
22172,2,0,0,0,0,0
22173,5,5,5,0,0,5
22177,2,0,0,0,0,0
22175,2,0,0,0,0,0
22176,5,5,5,0,0,5
22180,2,0,0,0,0,0
22178,2,0,0,0,0,0
22179,5,5,5,0,0,5
22183,2,0,0,0,0,0
22181,2,0,0,0,0,0
22182,5,5,5,0,0,5
22186,2,0,0,0,0,0
22184,2,0,0,0,0,0
22185,5,5,5,0,0,5
22189,2,0,0,0,0,0
22187,2,0,0,0,0,0
22188,5,5,5,0,0,5
22192,2,0,0,0,0,0
22190,2,0,0,0,0,0
22191,5,5,5,0,0,5
22195,2,0,0,0,0,0
22193,2,0,0,0,0,0
22194,5,5,5,0,0,5
22198,2,0,0,0,0,0
22196,2,0,0,0,0,0
22197,5,5,5,0,0,5
22201,2,0,0,0,0,0
22199,2,0,0,0,0,0
22200,5,5,5,0,0,5
22204,2,0,0,0,0,0
22202,2,0,0,0,0,0
22203,5,5,5,0,0,5
22207,2,0,0,0,0,0
22205,2,0,0,0,0,0
22206,5,5,5,0,0,5
22210,2,0,0,0,0,0
22208,2,0,0,0,0,0
22209,5,5,5,0,0,5
22213,2,0,0,0,0,0
22211,2,0,0,0,0,0
22212,5,5,5,0,0,5
22216,2,0,0,0,0,0
22214,2,0,0,0,0,0
22215,5,5,5,0,0,5
22219,2,0,0,0,0,0
22217,2,0,0,0,0,0
22218,5,5,5,0,0,5
22222,2,0,0,0,0,0
22220,2,0,0,0,0,0
22221,5,5,5,0,0,5
22225,2,0,0,0,0,0
22223,2,0,0,0,0,0
22224,5,5,5,0,0,5
22228,2,0,0,0,0,0
22226,2,0,0,0,0,0
22227,5,5,5,0,0,5
22231,2,0,0,0,0,0
22229,2,0,0,0,0,0
22230,5,5,5,0,0,5
22234,2,0,0,0,0,0
22232,2,0,0,0,0,0
22233,5,5,5,0,0,5
22237,2,0,0,0,0,0
22235,2,0,0,0,0,0
22236,5,5,5,0,0,5
22240,2,0,0,0,0,0
22238,2,0,0,0,0,0
22239,5,5,5,0,0,5
22243,2,0,0,0,0,0
22241,2,0,0,0,0,0
22242,5,5,5,0,0,5
22246,2,0,0,0,0,0
22244,2,0,0,0,0,0
22245,5,5,5,0,0,5
22249,2,0,0,0,0,0
22247,2,0,0,0,0,0
22248,5,5,5,0,0,5
22252,2,0,0,0,0,0
22250,2,0,0,0,0,0
22251,5,5,5,0,0,5
22255,2,0,0,0,0,0
22253,2,0,0,0,0,0
22254,5,5,5,0,0,5
22258,2,0,0,0,0,0
22256,2,0,0,0,0,0
22257,5,5,5,0,0,5
22261,2,0,0,0,0,0
22259,2,0,0,0,0,0
22260,5,5,5,0,0,5
22264,2,0,0,0,0,0
22262,2,0,0,0,0,0
22263,5,5,5,0,0,5
22267,2,0,0,0,0,0
22265,2,0,0,0,0,0
22266,5,5,5,0,0,5
22270,2,0,0,0,0,0
22268,2,0,0,0,0,0
22269,5,5,5,0,0,5
22273,2,0,0,0,0,0
22271,2,0,0,0,0,0
22272,5,5,5,0,0,5
22276,2,0,0,0,0,0
22274,2,0,0,0,0,0
22275,5,5,5,0,0,5
22279,2,0,0,0,0,0
22277,2,0,0,0,0,0
22278,5,5,5,0,0,5
22282,2,0,0,0,0,0
22280,2,0,0,0,0,0
22281,5,5,5,0,0,5
22285,2,0,0,0,0,0
22283,2,0,0,0,0,0
22284,5,5,5,0,0,5
22288,2,0,0,0,0,0
22286,2,0,0,0,0,0
22287,5,5,5,0,0,5
22291,2,0,0,0,0,0
22289,2,0,0,0,0,0
22290,5,5,5,0,0,5
22294,2,0,0,0,0,0
22292,2,0,0,0,0,0
22293,5,5,5,0,0,5
22297,2,0,0,0,0,0
22295,2,0,0,0,0,0
22296,5,5,5,0,0,5
22300,2,0,0,0,0,0
22298,2,0,0,0,0,0
22299,5,5,5,0,0,5
22303,2,0,0,0,0,0
22301,2,0,0,0,0,0
22302,5,5,5,0,0,5
22306,2,0,0,0,0,0
22304,2,0,0,0,0,0
22305,5,5,5,0,0,5
22309,2,0,0,0,0,0
22307,2,0,0,0,0,0
22308,5,5,5,0,0,5
22312,2,0,0,0,0,0
22310,2,0,0,0,0,0
22311,5,5,5,0,0,5
22315,2,0,0,0,0,0
22313,2,0,0,0,0,0
22314,5,5,5,0,0,5
22318,2,0,0,0,0,0
22316,2,0,0,0,0,0
22317,5,5,5,0,0,5
22321,2,0,0,0,0,0
22319,2,0,0,0,0,0
22320,5,5,5,0,0,5
22324,2,0,0,0,0,0
22322,2,0,0,0,0,0
22323,5,5,5,0,0,5
22327,2,0,0,0,0,0
22325,2,0,0,0,0,0
22326,5,5,5,0,0,5
22330,2,0,0,0,0,0
22328,2,0,0,0,0,0
22329,5,5,5,0,0,5
22333,2,0,0,0,0,0
22331,2,0,0,0,0,0
22332,5,5,5,0,0,5
22336,2,0,0,0,0,0
22334,2,0,0,0,0,0
22335,5,5,5,0,0,5
22339,2,0,0,0,0,0
22337,2,0,0,0,0,0
22338,5,5,5,0,0,5
22342,2,0,0,0,0,0
22340,2,0,0,0,0,0
22341,5,5,5,0,0,5
22345,2,0,0,0,0,0
22343,2,0,0,0,0,0
22344,5,5,5,0,0,5
22348,2,0,0,0,0,0
22346,2,0,0,0,0,0
22347,5,5,5,0,0,5
22351,2,0,0,0,0,0
22349,2,0,0,0,0,0
22350,5,5,5,0,0,5
22354,2,0,0,0,0,0
22352,2,0,0,0,0,0
22353,5,5,5,0,0,5
22357,2,0,0,0,0,0
22355,2,0,0,0,0,0
22356,5,5,5,0,0,5
22360,2,0,0,0,0,0
22358,2,0,0,0,0,0
22359,5,5,5,0,0,5
22363,2,0,0,0,0,0
22361,2,0,0,0,0,0
22362,5,5,5,0,0,5
22366,2,0,0,0,0,0
22364,2,0,0,0,0,0
22365,5,5,5,0,0,5
22369,2,0,0,0,0,0
22367,2,0,0,0,0,0
22368,5,5,5,0,0,5
22372,2,0,0,0,0,0
22370,2,0,0,0,0,0
22371,5,5,5,0,0,5
22375,2,0,0,0,0,0
22373,2,0,0,0,0,0
22374,5,5,5,0,0,5
22378,2,0,0,0,0,0
22376,2,0,0,0,0,0
22377,5,5,5,0,0,5
22381,2,0,0,0,0,0
22379,2,0,0,0,0,0
22380,5,5,5,0,0,5
22384,2,0,0,0,0,0
22382,2,0,0,0,0,0
22383,5,5,5,0,0,5
22387,2,0,0,0,0,0
22385,2,0,0,0,0,0
22386,5,5,5,0,0,5
22390,2,0,0,0,0,0
22388,2,0,0,0,0,0
22389,5,5,5,0,0,5
22393,2,0,0,0,0,0
22391,2,0,0,0,0,0
22392,5,5,5,0,0,5
22396,2,0,0,0,0,0
22394,2,0,0,0,0,0
22395,5,5,5,0,0,5
22399,2,0,0,0,0,0
22397,2,0,0,0,0,0
22398,5,5,5,0,0,5
22402,2,0,0,0,0,0
22400,2,0,0,0,0,0
22401,5,5,5,0,0,5
22405,2,0,0,0,0,0
22403,2,0,0,0,0,0
22404,5,5,5,0,0,5
22408,2,0,0,0,0,0
22406,2,0,0,0,0,0
22407,5,5,5,0,0,5
22411,2,0,0,0,0,0
22409,2,0,0,0,0,0
22410,5,5,5,0,0,5
22414,2,0,0,0,0,0
22412,2,0,0,0,0,0
22413,5,5,5,0,0,5
22417,2,0,0,0,0,0
22415,2,0,0,0,0,0
22416,5,5,5,0,0,5
22420,2,0,0,0,0,0
22418,2,0,0,0,0,0
22419,5,5,5,0,0,5
22423,2,0,0,0,0,0
22421,2,0,0,0,0,0
22422,5,5,5,0,0,5
22426,2,0,0,0,0,0
22424,2,0,0,0,0,0
22425,5,5,5,0,0,5
22429,2,0,0,0,0,0
22427,2,0,0,0,0,0
22428,5,5,5,0,0,5
22432,2,0,0,0,0,0
22430,2,0,0,0,0,0
22431,5,5,5,0,0,5
22435,2,0,0,0,0,0
22433,2,0,0,0,0,0
22434,5,5,5,0,0,5
22438,2,0,0,0,0,0
22436,2,0,0,0,0,0
22437,5,5,5,0,0,5
22441,2,0,0,0,0,0
22439,2,0,0,0,0,0
22440,5,5,5,0,0,5
22444,2,0,0,0,0,0
22442,2,0,0,0,0,0
22443,5,5,5,0,0,5
22447,2,0,0,0,0,0
22445,2,0,0,0,0,0
22446,5,5,5,0,0,5
22450,2,0,0,0,0,0
22448,2,0,0,0,0,0
22449,5,5,5,0,0,5
22453,2,0,0,0,0,0
22451,2,0,0,0,0,0
22452,5,5,5,0,0,5
22456,2,0,0,0,0,0
22454,2,0,0,0,0,0
22455,5,5,5,0,0,5
22459,2,0,0,0,0,0
22457,2,0,0,0,0,0
22458,5,5,5,0,0,5
22462,2,0,0,0,0,0
22460,2,0,0,0,0,0
22461,5,5,5,0,0,5
22465,2,0,0,0,0,0
22463,2,0,0,0,0,0
22464,5,5,5,0,0,5
22468,2,0,0,0,0,0
22466,2,0,0,0,0,0
22467,5,5,5,0,0,5
22471,2,0,0,0,0,0
22469,2,0,0,0,0,0
22470,5,5,5,0,0,5
22474,2,0,0,0,0,0
22472,2,0,0,0,0,0
22473,5,5,5,0,0,5
22477,2,0,0,0,0,0
22475,2,0,0,0,0,0
22476,5,5,5,0,0,5
22480,2,0,0,0,0,0
22478,2,0,0,0,0,0
22479,5,5,5,0,0,5
22483,2,0,0,0,0,0
22481,2,0,0,0,0,0
22482,5,5,5,0,0,5
22486,2,0,0,0,0,0
22484,2,0,0,0,0,0
22485,5,5,5,0,0,5
22489,2,0,0,0,0,0
22487,2,0,0,0,0,0
22488,5,5,5,0,0,5
22492,2,0,0,0,0,0
22490,2,0,0,0,0,0
22491,5,5,5,0,0,5
22495,2,0,0,0,0,0
22493,2,0,0,0,0,0
22494,5,5,5,0,0,5
22498,2,0,0,0,0,0
22496,2,0,0,0,0,0
22497,5,5,5,0,0,5
22501,2,0,0,0,0,0
22499,2,0,0,0,0,0
22500,5,5,5,0,0,5
22504,2,0,0,0,0,0
22502,2,0,0,0,0,0
22503,5,5,5,0,0,5
22507,2,0,0,0,0,0
22505,2,0,0,0,0,0
22506,5,5,5,0,0,5
22510,2,0,0,0,0,0
22508,2,0,0,0,0,0
22509,5,5,5,0,0,5
22513,2,0,0,0,0,0
22511,2,0,0,0,0,0
22512,5,5,5,0,0,5
22516,2,0,0,0,0,0
22514,2,0,0,0,0,0
22515,5,5,5,0,0,5
22519,2,0,0,0,0,0
22517,2,0,0,0,0,0
22518,5,5,5,0,0,5
22522,2,0,0,0,0,0
22520,2,0,0,0,0,0
22521,5,5,5,0,0,5
22525,2,0,0,0,0,0
22523,2,0,0,0,0,0
22524,5,5,5,0,0,5
22528,2,0,0,0,0,0
22526,2,0,0,0,0,0
22527,5,5,5,0,0,5
22531,2,0,0,0,0,0
22529,2,0,0,0,0,0
22530,5,5,5,0,0,5
22534,2,0,0,0,0,0
22532,2,0,0,0,0,0
22533,5,5,5,0,0,5
22537,2,0,0,0,0,0
22535,2,0,0,0,0,0
22536,5,5,5,0,0,5
22540,2,0,0,0,0,0
22538,2,0,0,0,0,0
22539,5,5,5,0,0,5
22543,2,0,0,0,0,0
22541,2,0,0,0,0,0
22542,5,5,5,0,0,5
22546,2,0,0,0,0,0
22544,2,0,0,0,0,0
22545,5,5,5,0,0,5
22549,2,0,0,0,0,0
22547,2,0,0,0,0,0
22548,5,5,5,0,0,5
22552,2,0,0,0,0,0
22550,2,0,0,0,0,0
22551,5,5,5,0,0,5
22555,2,0,0,0,0,0
22553,2,0,0,0,0,0
22554,5,5,5,0,0,5
22558,2,0,0,0,0,0
22556,2,0,0,0,0,0
22557,5,5,5,0,0,5
22561,2,0,0,0,0,0
22559,2,0,0,0,0,0
22560,5,5,5,0,0,5
22564,2,0,0,0,0,0
22562,2,0,0,0,0,0
22563,5,5,5,0,0,5
22567,2,0,0,0,0,0
22565,2,0,0,0,0,0
22566,5,5,5,0,0,5
22570,2,0,0,0,0,0
22568,2,0,0,0,0,0
22569,5,5,5,0,0,5
22573,2,0,0,0,0,0
22571,2,0,0,0,0,0
22572,5,5,5,0,0,5
22576,2,0,0,0,0,0
22574,2,0,0,0,0,0
22575,5,5,5,0,0,5
22579,2,0,0,0,0,0
22577,2,0,0,0,0,0
22578,5,5,5,0,0,5
22582,2,0,0,0,0,0
22580,2,0,0,0,0,0
22581,5,5,5,0,0,5
22585,2,0,0,0,0,0
22583,2,0,0,0,0,0
22584,5,5,5,0,0,5
22588,2,0,0,0,0,0
22586,2,0,0,0,0,0
22587,5,5,5,0,0,5
22591,2,0,0,0,0,0
22589,2,0,0,0,0,0
22590,5,5,5,0,0,5
22594,2,0,0,0,0,0
22592,2,0,0,0,0,0
22593,5,5,5,0,0,5
22597,2,0,0,0,0,0
22595,2,0,0,0,0,0
22596,5,5,5,0,0,5
22600,2,0,0,0,0,0
22598,2,0,0,0,0,0
22599,5,5,5,0,0,5
22603,2,0,0,0,0,0
22601,2,0,0,0,0,0
22602,5,5,5,0,0,5
22606,2,0,0,0,0,0
22604,2,0,0,0,0,0
22605,5,5,5,0,0,5
22609,2,0,0,0,0,0
22607,2,0,0,0,0,0
22608,5,5,5,0,0,5
22612,2,0,0,0,0,0
22610,2,0,0,0,0,0
22611,5,5,5,0,0,5
22615,2,0,0,0,0,0
22613,2,0,0,0,0,0
22614,5,5,5,0,0,5
22618,2,0,0,0,0,0
22616,2,0,0,0,0,0
22617,5,5,5,0,0,5
22621,2,0,0,0,0,0
22619,2,0,0,0,0,0
22620,5,5,5,0,0,5
22624,2,0,0,0,0,0
22622,2,0,0,0,0,0
22623,5,5,5,0,0,5
22627,2,0,0,0,0,0
22625,2,0,0,0,0,0
22626,5,5,5,0,0,5
22630,2,0,0,0,0,0
22628,2,0,0,0,0,0
22629,5,5,5,0,0,5
22633,2,0,0,0,0,0
22631,2,0,0,0,0,0
22632,5,5,5,0,0,5
22636,2,0,0,0,0,0
22634,2,0,0,0,0,0
22635,5,5,5,0,0,5
22639,2,0,0,0,0,0
22637,2,0,0,0,0,0
22638,5,5,5,0,0,5
22642,2,0,0,0,0,0
22640,2,0,0,0,0,0
22641,5,5,5,0,0,5
22645,2,0,0,0,0,0
22643,2,0,0,0,0,0
22644,5,5,5,0,0,5
22648,2,0,0,0,0,0
22646,2,0,0,0,0,0
22647,5,5,5,0,0,5
22651,2,0,0,0,0,0
22649,2,0,0,0,0,0
22650,5,5,5,0,0,5
22654,2,0,0,0,0,0
22652,2,0,0,0,0,0
22653,5,5,5,0,0,5
22657,2,0,0,0,0,0
22655,2,0,0,0,0,0
22656,5,5,5,0,0,5
22660,2,0,0,0,0,0
22658,2,0,0,0,0,0
22659,5,5,5,0,0,5
22663,2,0,0,0,0,0
22661,2,0,0,0,0,0
22662,5,5,5,0,0,5
22666,2,0,0,0,0,0
22664,2,0,0,0,0,0
22665,5,5,5,0,0,5
22669,2,0,0,0,0,0
22667,2,0,0,0,0,0
22668,5,5,5,0,0,5
22672,2,0,0,0,0,0
22670,2,0,0,0,0,0
22671,5,5,5,0,0,5
22675,2,0,0,0,0,0
22673,2,0,0,0,0,0
22674,5,5,5,0,0,5
22678,2,0,0,0,0,0
22676,2,0,0,0,0,0
22677,5,5,5,0,0,5
22681,2,0,0,0,0,0
22679,2,0,0,0,0,0
22680,5,5,5,0,0,5
22684,2,0,0,0,0,0
22682,2,0,0,0,0,0
22683,5,5,5,0,0,5
22687,2,0,0,0,0,0
22685,2,0,0,0,0,0
22686,5,5,5,0,0,5
22690,2,0,0,0,0,0
22688,2,0,0,0,0,0
22689,5,5,5,0,0,5
22693,2,0,0,0,0,0
22691,2,0,0,0,0,0
22692,5,5,5,0,0,5
22696,2,0,0,0,0,0
22694,2,0,0,0,0,0
22695,5,5,5,0,0,5
22699,2,0,0,0,0,0
22697,2,0,0,0,0,0
22698,5,5,5,0,0,5
22702,2,0,0,0,0,0
22700,2,0,0,0,0,0
22701,5,5,5,0,0,5
22705,2,0,0,0,0,0
22703,2,0,0,0,0,0
22704,5,5,5,0,0,5
22708,2,0,0,0,0,0
22706,2,0,0,0,0,0
22707,5,5,5,0,0,5
22711,2,0,0,0,0,0
22709,2,0,0,0,0,0
22710,5,5,5,0,0,5
22714,2,0,0,0,0,0
22712,2,0,0,0,0,0
22713,5,5,5,0,0,5
22717,2,0,0,0,0,0
22715,2,0,0,0,0,0
22716,5,5,5,0,0,5
22720,2,0,0,0,0,0
22718,2,0,0,0,0,0
22719,5,5,5,0,0,5
22723,2,0,0,0,0,0
22721,2,0,0,0,0,0
22722,5,5,5,0,0,5
22726,2,0,0,0,0,0
22724,2,0,0,0,0,0
22725,5,5,5,0,0,5
22729,2,0,0,0,0,0
22727,2,0,0,0,0,0
22728,5,5,5,0,0,5
22732,2,0,0,0,0,0
22730,2,0,0,0,0,0
22731,5,5,5,0,0,5
22735,2,0,0,0,0,0
22733,2,0,0,0,0,0
22734,5,5,5,0,0,5
22738,2,0,0,0,0,0
22736,2,0,0,0,0,0
22737,5,5,5,0,0,5
22741,2,0,0,0,0,0
22739,2,0,0,0,0,0
22740,5,5,5,0,0,5
22744,2,0,0,0,0,0
22742,2,0,0,0,0,0
22743,5,5,5,0,0,5
22747,2,0,0,0,0,0
22745,2,0,0,0,0,0
22746,5,5,5,0,0,5
22750,2,0,0,0,0,0
22748,2,0,0,0,0,0
22749,5,5,5,0,0,5
22753,2,0,0,0,0,0
22751,2,0,0,0,0,0
22752,5,5,5,0,0,5
22756,2,0,0,0,0,0
22754,2,0,0,0,0,0
22755,5,5,5,0,0,5
22759,2,0,0,0,0,0
22757,2,0,0,0,0,0
22758,5,5,5,0,0,5
22762,2,0,0,0,0,0
22760,2,0,0,0,0,0
22761,5,5,5,0,0,5
22765,2,0,0,0,0,0
22763,2,0,0,0,0,0
22764,5,5,5,0,0,5
22768,2,0,0,0,0,0
22766,2,0,0,0,0,0
22767,5,5,5,0,0,5
22771,2,0,0,0,0,0
22769,2,0,0,0,0,0
22770,5,5,5,0,0,5
22774,2,0,0,0,0,0
22772,2,0,0,0,0,0
22773,5,5,5,0,0,5
22777,2,0,0,0,0,0
22775,2,0,0,0,0,0
22776,5,5,5,0,0,5
22780,2,0,0,0,0,0
22778,2,0,0,0,0,0
22779,5,5,5,0,0,5
22783,2,0,0,0,0,0
22781,2,0,0,0,0,0
22782,5,5,5,0,0,5
22786,2,0,0,0,0,0
22784,2,0,0,0,0,0
22785,5,5,5,0,0,5
22789,2,0,0,0,0,0
22787,2,0,0,0,0,0
22788,5,5,5,0,0,5
22792,2,0,0,0,0,0
22790,2,0,0,0,0,0
22791,5,5,5,0,0,5
22795,2,0,0,0,0,0
22793,2,0,0,0,0,0
22794,5,5,5,0,0,5
22798,2,0,0,0,0,0
22796,2,0,0,0,0,0
22797,5,5,5,0,0,5
22801,2,0,0,0,0,0
22799,2,0,0,0,0,0
22800,5,5,5,0,0,5
22804,2,0,0,0,0,0
22802,2,0,0,0,0,0
22803,5,5,5,0,0,5
22807,2,0,0,0,0,0
22805,2,0,0,0,0,0
22806,5,5,5,0,0,5
22810,2,0,0,0,0,0
22808,2,0,0,0,0,0
22809,5,5,5,0,0,5
22813,2,0,0,0,0,0
22811,2,0,0,0,0,0
22812,5,5,5,0,0,5
22816,2,0,0,0,0,0
22814,2,0,0,0,0,0
22815,5,5,5,0,0,5
22819,2,0,0,0,0,0
22817,2,0,0,0,0,0
22818,5,5,5,0,0,5
22822,2,0,0,0,0,0
22820,2,0,0,0,0,0
22821,5,5,5,0,0,5
22825,2,0,0,0,0,0
22823,2,0,0,0,0,0
22824,5,5,5,0,0,5
22828,2,0,0,0,0,0
22826,2,0,0,0,0,0
22827,5,5,5,0,0,5
22831,2,0,0,0,0,0
22829,2,0,0,0,0,0
22830,5,5,5,0,0,5
22834,2,0,0,0,0,0
22832,2,0,0,0,0,0
22833,5,5,5,0,0,5
22837,2,0,0,0,0,0
22835,2,0,0,0,0,0
22836,5,5,5,0,0,5
22840,2,0,0,0,0,0
22838,2,0,0,0,0,0
22839,5,5,5,0,0,5
22843,2,0,0,0,0,0
22841,2,0,0,0,0,0
22842,5,5,5,0,0,5
22846,2,0,0,0,0,0
22844,2,0,0,0,0,0
22845,5,5,5,0,0,5
22849,2,0,0,0,0,0
22847,2,0,0,0,0,0
22848,5,5,5,0,0,5
22852,2,0,0,0,0,0
22850,2,0,0,0,0,0
22851,5,5,5,0,0,5
22855,2,0,0,0,0,0
22853,2,0,0,0,0,0
22854,5,5,5,0,0,5
22858,2,0,0,0,0,0
22856,2,0,0,0,0,0
22857,5,5,5,0,0,5
22861,2,0,0,0,0,0
22859,2,0,0,0,0,0
22860,5,5,5,0,0,5
22864,2,0,0,0,0,0
22862,2,0,0,0,0,0
22863,5,5,5,0,0,5
22867,2,0,0,0,0,0
22865,2,0,0,0,0,0
22866,5,5,5,0,0,5
22870,2,0,0,0,0,0
22868,2,0,0,0,0,0
22869,5,5,5,0,0,5
22873,2,0,0,0,0,0
22871,2,0,0,0,0,0
22872,5,5,5,0,0,5
22876,2,0,0,0,0,0
22874,2,0,0,0,0,0
22875,5,5,5,0,0,5
22879,2,0,0,0,0,0
22877,2,0,0,0,0,0
22878,5,5,5,0,0,5
22882,2,0,0,0,0,0
22880,2,0,0,0,0,0
22881,5,5,5,0,0,5
22885,2,0,0,0,0,0
22883,2,0,0,0,0,0
22884,5,5,5,0,0,5
22888,2,0,0,0,0,0
22886,2,0,0,0,0,0
22887,5,5,5,0,0,5
22891,2,0,0,0,0,0
22889,2,0,0,0,0,0
22890,5,5,5,0,0,5
22894,2,0,0,0,0,0
22892,2,0,0,0,0,0
22893,5,5,5,0,0,5
22897,2,0,0,0,0,0
22895,2,0,0,0,0,0
22896,5,5,5,0,0,5
22900,2,0,0,0,0,0
22898,2,0,0,0,0,0
22899,5,5,5,0,0,5
22903,2,0,0,0,0,0
22901,2,0,0,0,0,0
22902,5,5,5,0,0,5
22906,2,0,0,0,0,0
22904,2,0,0,0,0,0
22905,5,5,5,0,0,5
22909,2,0,0,0,0,0
22907,2,0,0,0,0,0
22908,5,5,5,0,0,5
22912,2,0,0,0,0,0
22910,2,0,0,0,0,0
22911,5,5,5,0,0,5
22915,2,0,0,0,0,0
22913,2,0,0,0,0,0
22914,5,5,5,0,0,5
22918,2,0,0,0,0,0
22916,2,0,0,0,0,0
22917,5,5,5,0,0,5
22921,2,0,0,0,0,0
22919,2,0,0,0,0,0
22920,5,5,5,0,0,5
22924,2,0,0,0,0,0
22922,2,0,0,0,0,0
22923,5,5,5,0,0,5
22927,2,0,0,0,0,0
22925,2,0,0,0,0,0
22926,5,5,5,0,0,5
22930,2,0,0,0,0,0
22928,2,0,0,0,0,0
22929,5,5,5,0,0,5
22933,2,0,0,0,0,0
22931,2,0,0,0,0,0
22932,5,5,5,0,0,5
22936,2,0,0,0,0,0
22934,2,0,0,0,0,0
22935,5,5,5,0,0,5
22939,2,0,0,0,0,0
22937,2,0,0,0,0,0
22938,5,5,5,0,0,5
22942,2,0,0,0,0,0
22940,2,0,0,0,0,0
22941,5,5,5,0,0,5
22945,2,0,0,0,0,0
22943,2,0,0,0,0,0
22944,5,5,5,0,0,5
22948,2,0,0,0,0,0
22946,2,0,0,0,0,0
22947,5,5,5,0,0,5
22951,2,0,0,0,0,0
22949,2,0,0,0,0,0
22950,5,5,5,0,0,5
22954,2,0,0,0,0,0
22952,2,0,0,0,0,0
22953,5,5,5,0,0,5
22957,2,0,0,0,0,0
22955,2,0,0,0,0,0
22956,5,5,5,0,0,5
22960,2,0,0,0,0,0
22958,2,0,0,0,0,0
22959,5,5,5,0,0,5
22963,2,0,0,0,0,0
22961,2,0,0,0,0,0
22962,5,5,5,0,0,5
22966,2,0,0,0,0,0
22964,2,0,0,0,0,0
22965,5,5,5,0,0,5
22969,2,0,0,0,0,0
22967,2,0,0,0,0,0
22968,5,5,5,0,0,5
22972,2,0,0,0,0,0
22970,2,0,0,0,0,0
22971,5,5,5,0,0,5
22975,2,0,0,0,0,0
22973,2,0,0,0,0,0
22974,5,5,5,0,0,5
22978,2,0,0,0,0,0
22976,2,0,0,0,0,0
22977,5,5,5,0,0,5
22981,2,0,0,0,0,0
22979,2,0,0,0,0,0
22980,5,5,5,0,0,5
22984,2,0,0,0,0,0
22982,2,0,0,0,0,0
22983,5,5,5,0,0,5
22987,2,0,0,0,0,0
22985,2,0,0,0,0,0
22986,5,5,5,0,0,5
22990,2,0,0,0,0,0
22988,2,0,0,0,0,0
22989,5,5,5,0,0,5
22993,2,0,0,0,0,0
22991,2,0,0,0,0,0
22992,5,5,5,0,0,5
22996,2,0,0,0,0,0
22994,2,0,0,0,0,0
22995,5,5,5,0,0,5
22999,2,0,0,0,0,0
22997,2,0,0,0,0,0
22998,5,5,5,0,0,5
23002,2,0,0,0,0,0
23000,2,0,0,0,0,0
23001,5,5,5,0,0,5
23005,2,0,0,0,0,0
23003,2,0,0,0,0,0
23004,5,5,5,0,0,5
23008,2,0,0,0,0,0
23006,2,0,0,0,0,0
23007,5,5,5,0,0,5
23011,2,0,0,0,0,0
23009,2,0,0,0,0,0
23010,5,5,5,0,0,5
23014,2,0,0,0,0,0
23012,2,0,0,0,0,0
23013,5,5,5,0,0,5
23017,2,0,0,0,0,0
23015,2,0,0,0,0,0
23016,5,5,5,0,0,5
23020,2,0,0,0,0,0
23018,2,0,0,0,0,0
23019,5,5,5,0,0,5
23023,2,0,0,0,0,0
23021,2,0,0,0,0,0
23022,5,5,5,0,0,5
23026,2,0,0,0,0,0
23024,2,0,0,0,0,0
23025,5,5,5,0,0,5
23029,2,0,0,0,0,0
23027,2,0,0,0,0,0
23028,5,5,5,0,0,5
23032,2,0,0,0,0,0
23030,2,0,0,0,0,0
23031,5,5,5,0,0,5
23035,2,0,0,0,0,0
23033,2,0,0,0,0,0
23034,5,5,5,0,0,5
23038,2,0,0,0,0,0
23036,2,0,0,0,0,0
23037,5,5,5,0,0,5
23041,2,0,0,0,0,0
23039,2,0,0,0,0,0
23040,5,5,5,0,0,5
23044,2,0,0,0,0,0
23042,2,0,0,0,0,0
23043,5,5,5,0,0,5
23047,2,0,0,0,0,0
23045,2,0,0,0,0,0
23046,5,5,5,0,0,5
23050,2,0,0,0,0,0
23048,2,0,0,0,0,0
23049,5,5,5,0,0,5
23053,2,0,0,0,0,0
23051,2,0,0,0,0,0
23052,5,5,5,0,0,5
23056,2,0,0,0,0,0
23054,2,0,0,0,0,0
23055,5,5,5,0,0,5
23059,2,0,0,0,0,0
23057,2,0,0,0,0,0
23058,5,5,5,0,0,5
23062,2,0,0,0,0,0
23060,2,0,0,0,0,0
23061,5,5,5,0,0,5
23065,2,0,0,0,0,0
23063,2,0,0,0,0,0
23064,5,5,5,0,0,5
23068,2,0,0,0,0,0
23066,2,0,0,0,0,0
23067,5,5,5,0,0,5
23071,2,0,0,0,0,0
23069,2,0,0,0,0,0
23070,5,5,5,0,0,5
23074,2,0,0,0,0,0
23072,2,0,0,0,0,0
23073,5,5,5,0,0,5
23077,2,0,0,0,0,0
23075,2,0,0,0,0,0
23076,5,5,5,0,0,5
23080,2,0,0,0,0,0
23078,2,0,0,0,0,0
23079,5,5,5,0,0,5
23083,2,0,0,0,0,0
23081,2,0,0,0,0,0
23082,5,5,5,0,0,5
23086,2,0,0,0,0,0
23084,2,0,0,0,0,0
23085,5,5,5,0,0,5
23089,2,0,0,0,0,0
23087,2,0,0,0,0,0
23088,5,5,5,0,0,5
23092,2,0,0,0,0,0
23090,2,0,0,0,0,0
23091,5,5,5,0,0,5
23095,2,0,0,0,0,0
23093,2,0,0,0,0,0
23094,5,5,5,0,0,5
23098,2,0,0,0,0,0
23096,2,0,0,0,0,0
23097,5,5,5,0,0,5
23101,2,0,0,0,0,0
23099,2,0,0,0,0,0
23100,5,5,5,0,0,5
23104,2,0,0,0,0,0
23102,2,0,0,0,0,0
23103,5,5,5,0,0,5
23107,2,0,0,0,0,0
23105,2,0,0,0,0,0
23106,5,5,5,0,0,5
23110,2,0,0,0,0,0
23108,2,0,0,0,0,0
23109,5,5,5,0,0,5
23113,2,0,0,0,0,0
23111,2,0,0,0,0,0
23112,5,5,5,0,0,5
23116,2,0,0,0,0,0
23114,2,0,0,0,0,0
23115,5,5,5,0,0,5
23119,2,0,0,0,0,0
23117,2,0,0,0,0,0
23118,5,5,5,0,0,5
23122,2,0,0,0,0,0
23120,2,0,0,0,0,0
23121,5,5,5,0,0,5
23125,2,0,0,0,0,0
23123,2,0,0,0,0,0
23124,5,5,5,0,0,5
23128,2,0,0,0,0,0
23126,2,0,0,0,0,0
23127,5,5,5,0,0,5
23131,2,0,0,0,0,0
23129,2,0,0,0,0,0
23130,5,5,5,0,0,5
23134,2,0,0,0,0,0
23132,2,0,0,0,0,0
23133,5,5,5,0,0,5
23137,2,0,0,0,0,0
23135,2,0,0,0,0,0
23136,5,5,5,0,0,5
23140,2,0,0,0,0,0
23138,2,0,0,0,0,0
23139,5,5,5,0,0,5
23143,2,0,0,0,0,0
23141,2,0,0,0,0,0
23142,5,5,5,0,0,5
23146,2,0,0,0,0,0
23144,2,0,0,0,0,0
23145,5,5,5,0,0,5
23149,2,0,0,0,0,0
23147,2,0,0,0,0,0
23148,5,5,5,0,0,5
23152,2,0,0,0,0,0
23150,2,0,0,0,0,0
23151,5,5,5,0,0,5
23155,2,0,0,0,0,0
23153,2,0,0,0,0,0
23154,5,5,5,0,0,5
23158,2,0,0,0,0,0
23156,2,0,0,0,0,0
23157,5,5,5,0,0,5
23161,2,0,0,0,0,0
23159,2,0,0,0,0,0
23160,5,5,5,0,0,5
23164,2,0,0,0,0,0
23162,2,0,0,0,0,0
23163,5,5,5,0,0,5
23167,2,0,0,0,0,0
23165,2,0,0,0,0,0
23166,5,5,5,0,0,5
23170,2,0,0,0,0,0
23168,2,0,0,0,0,0
23169,5,5,5,0,0,5
23173,2,0,0,0,0,0
23171,2,0,0,0,0,0
23172,5,5,5,0,0,5
23176,2,0,0,0,0,0
23174,2,0,0,0,0,0
23175,5,5,5,0,0,5
23179,2,0,0,0,0,0
23177,2,0,0,0,0,0
23178,5,5,5,0,0,5
23182,2,0,0,0,0,0
23180,2,0,0,0,0,0
23181,5,5,5,0,0,5
23185,2,0,0,0,0,0
23183,2,0,0,0,0,0
23184,5,5,5,0,0,5
23188,2,0,0,0,0,0
23186,2,0,0,0,0,0
23187,5,5,5,0,0,5
23191,2,0,0,0,0,0
23189,2,0,0,0,0,0
23190,5,5,5,0,0,5
23194,2,0,0,0,0,0
23192,2,0,0,0,0,0
23193,5,5,5,0,0,5
23197,2,0,0,0,0,0
23195,2,0,0,0,0,0
23196,5,5,5,0,0,5
23200,2,0,0,0,0,0
23198,2,0,0,0,0,0
23199,5,5,5,0,0,5
23203,2,0,0,0,0,0
23201,2,0,0,0,0,0
23202,5,5,5,0,0,5
23206,2,0,0,0,0,0
23204,2,0,0,0,0,0
23205,5,5,5,0,0,5
23209,2,0,0,0,0,0
23207,2,0,0,0,0,0
23208,5,5,5,0,0,5
23212,2,0,0,0,0,0
23210,2,0,0,0,0,0
23211,5,5,5,0,0,5
23215,2,0,0,0,0,0
23213,2,0,0,0,0,0
23214,5,5,5,0,0,5
23218,2,0,0,0,0,0
23216,2,0,0,0,0,0
23217,5,5,5,0,0,5
23221,2,0,0,0,0,0
23219,2,0,0,0,0,0
23220,5,5,5,0,0,5
23224,2,0,0,0,0,0
23222,2,0,0,0,0,0
23223,5,5,5,0,0,5
23227,2,0,0,0,0,0
23225,2,0,0,0,0,0
23226,5,5,5,0,0,5
23230,2,0,0,0,0,0
23228,2,0,0,0,0,0
23229,5,5,5,0,0,5
23233,2,0,0,0,0,0
23231,2,0,0,0,0,0
23232,5,5,5,0,0,5
23236,2,0,0,0,0,0
23234,2,0,0,0,0,0
23235,5,5,5,0,0,5
23239,2,0,0,0,0,0
23237,2,0,0,0,0,0
23238,5,5,5,0,0,5
23242,2,0,0,0,0,0
23240,2,0,0,0,0,0
23241,5,5,5,0,0,5
23245,2,0,0,0,0,0
23243,2,0,0,0,0,0
23244,5,5,5,0,0,5
23248,2,0,0,0,0,0
23246,2,0,0,0,0,0
23247,5,5,5,0,0,5
23251,2,0,0,0,0,0
23249,2,0,0,0,0,0
23250,5,5,5,0,0,5
23254,2,0,0,0,0,0
23252,2,0,0,0,0,0
23253,5,5,5,0,0,5
23257,2,0,0,0,0,0
23255,2,0,0,0,0,0
23256,5,5,5,0,0,5
23260,2,0,0,0,0,0
23258,2,0,0,0,0,0
23259,5,5,5,0,0,5
23263,2,0,0,0,0,0
23261,2,0,0,0,0,0
23262,5,5,5,0,0,5
23266,2,0,0,0,0,0
23264,2,0,0,0,0,0
23265,5,5,5,0,0,5
23269,2,0,0,0,0,0
23267,2,0,0,0,0,0
23268,5,5,5,0,0,5
23272,2,0,0,0,0,0
23270,2,0,0,0,0,0
23271,5,5,5,0,0,5
23275,2,0,0,0,0,0
23273,2,0,0,0,0,0
23274,5,5,5,0,0,5
23278,2,0,0,0,0,0
23276,2,0,0,0,0,0
23277,5,5,5,0,0,5
23281,2,0,0,0,0,0
23279,2,0,0,0,0,0
23280,5,5,5,0,0,5
23284,2,0,0,0,0,0
23282,2,0,0,0,0,0
23283,5,5,5,0,0,5
23287,2,0,0,0,0,0
23285,2,0,0,0,0,0
23286,5,5,5,0,0,5
23290,2,0,0,0,0,0
23288,2,0,0,0,0,0
23289,5,5,5,0,0,5
23293,2,0,0,0,0,0
23291,2,0,0,0,0,0
23292,5,5,5,0,0,5
23296,2,0,0,0,0,0
23294,2,0,0,0,0,0
23295,5,5,5,0,0,5
23299,2,0,0,0,0,0
23297,2,0,0,0,0,0
23298,5,5,5,0,0,5
23302,2,0,0,0,0,0
23300,2,0,0,0,0,0
23301,5,5,5,0,0,5
23305,2,0,0,0,0,0
23303,2,0,0,0,0,0
23304,5,5,5,0,0,5
23308,2,0,0,0,0,0
23306,2,0,0,0,0,0
23307,5,5,5,0,0,5
23311,2,0,0,0,0,0
23309,2,0,0,0,0,0
23310,5,5,5,0,0,5
23314,2,0,0,0,0,0
23312,2,0,0,0,0,0
23313,5,5,5,0,0,5
23317,2,0,0,0,0,0
23315,2,0,0,0,0,0
23316,5,5,5,0,0,5
23320,2,0,0,0,0,0
23318,2,0,0,0,0,0
23319,5,5,5,0,0,5
23323,2,0,0,0,0,0
23321,2,0,0,0,0,0
23322,5,5,5,0,0,5
23326,2,0,0,0,0,0
23324,2,0,0,0,0,0
23325,5,5,5,0,0,5
23329,2,0,0,0,0,0
23327,2,0,0,0,0,0
23328,5,5,5,0,0,5
23332,2,0,0,0,0,0
23330,2,0,0,0,0,0
23331,5,5,5,0,0,5
23335,2,0,0,0,0,0
23333,2,0,0,0,0,0
23334,5,5,5,0,0,5
23338,2,0,0,0,0,0
23336,2,0,0,0,0,0
23337,5,5,5,0,0,5
23341,2,0,0,0,0,0
23339,2,0,0,0,0,0
23340,5,5,5,0,0,5
23344,2,0,0,0,0,0
23342,2,0,0,0,0,0
23343,5,5,5,0,0,5
23347,2,0,0,0,0,0
23345,2,0,0,0,0,0
23346,5,5,5,0,0,5
23350,2,0,0,0,0,0
23348,2,0,0,0,0,0
23349,5,5,5,0,0,5
23353,2,0,0,0,0,0
23351,2,0,0,0,0,0
23352,5,5,5,0,0,5
23356,2,0,0,0,0,0
23354,2,0,0,0,0,0
23355,5,5,5,0,0,5
23359,2,0,0,0,0,0
23357,2,0,0,0,0,0
23358,5,5,5,0,0,5
23362,2,0,0,0,0,0
23360,2,0,0,0,0,0
23361,5,5,5,0,0,5
23365,2,0,0,0,0,0
23363,2,0,0,0,0,0
23364,5,5,5,0,0,5
23368,2,0,0,0,0,0
23366,2,0,0,0,0,0
23367,5,5,5,0,0,5
23371,2,0,0,0,0,0
23369,2,0,0,0,0,0
23370,5,5,5,0,0,5
23374,2,0,0,0,0,0
23372,2,0,0,0,0,0
23373,5,5,5,0,0,5
23377,2,0,0,0,0,0
23375,2,0,0,0,0,0
23376,5,5,5,0,0,5
23380,2,0,0,0,0,0
23378,2,0,0,0,0,0
23379,5,5,5,0,0,5
23383,2,0,0,0,0,0
23381,2,0,0,0,0,0
23382,5,5,5,0,0,5
23386,2,0,0,0,0,0
23384,2,0,0,0,0,0
23385,5,5,5,0,0,5
23389,2,0,0,0,0,0
23387,2,0,0,0,0,0
23388,5,5,5,0,0,5
23392,2,0,0,0,0,0
23390,2,0,0,0,0,0
23391,5,5,5,0,0,5
23395,2,0,0,0,0,0
23393,2,0,0,0,0,0
23394,5,5,5,0,0,5
23398,2,0,0,0,0,0
23396,2,0,0,0,0,0
23397,5,5,5,0,0,5
23401,2,0,0,0,0,0
23399,2,0,0,0,0,0
23400,5,5,5,0,0,5
23404,2,0,0,0,0,0
23402,2,0,0,0,0,0
23403,5,5,5,0,0,5
23407,2,0,0,0,0,0
23405,2,0,0,0,0,0
23406,5,5,5,0,0,5
23410,2,0,0,0,0,0
23408,2,0,0,0,0,0
23409,5,5,5,0,0,5
23413,2,0,0,0,0,0
23411,2,0,0,0,0,0
23412,5,5,5,0,0,5
23416,2,0,0,0,0,0
23414,2,0,0,0,0,0
23415,5,5,5,0,0,5
23419,2,0,0,0,0,0
23417,2,0,0,0,0,0
23418,5,5,5,0,0,5
23422,2,0,0,0,0,0
23420,2,0,0,0,0,0
23421,5,5,5,0,0,5
23425,2,0,0,0,0,0
23423,2,0,0,0,0,0
23424,5,5,5,0,0,5
23428,2,0,0,0,0,0
23426,2,0,0,0,0,0
23427,5,5,5,0,0,5
23431,2,0,0,0,0,0
23429,2,0,0,0,0,0
23430,5,5,5,0,0,5
23434,2,0,0,0,0,0
23432,2,0,0,0,0,0
23433,5,5,5,0,0,5
23437,2,0,0,0,0,0
23435,2,0,0,0,0,0
23436,5,5,5,0,0,5
23440,2,0,0,0,0,0
23438,2,0,0,0,0,0
23439,5,5,5,0,0,5
23443,2,0,0,0,0,0
23441,2,0,0,0,0,0
23442,5,5,5,0,0,5
23446,2,0,0,0,0,0
23444,2,0,0,0,0,0
23445,5,5,5,0,0,5
23449,2,0,0,0,0,0
23447,2,0,0,0,0,0
23448,5,5,5,0,0,5
23452,2,0,0,0,0,0
23450,2,0,0,0,0,0
23451,5,5,5,0,0,5
23455,2,0,0,0,0,0
23453,2,0,0,0,0,0
23454,5,5,5,0,0,5
23458,2,0,0,0,0,0
23456,2,0,0,0,0,0
23457,5,5,5,0,0,5
23461,2,0,0,0,0,0
23459,2,0,0,0,0,0
23460,5,5,5,0,0,5
23464,2,0,0,0,0,0
23462,2,0,0,0,0,0
23463,5,5,5,0,0,5
23467,2,0,0,0,0,0
23465,2,0,0,0,0,0
23466,5,5,5,0,0,5
23470,2,0,0,0,0,0
23468,2,0,0,0,0,0
23469,5,5,5,0,0,5
23473,2,0,0,0,0,0
23471,2,0,0,0,0,0
23472,5,5,5,0,0,5
23476,2,0,0,0,0,0
23474,2,0,0,0,0,0
23475,5,5,5,0,0,5
23479,2,0,0,0,0,0
23477,2,0,0,0,0,0
23478,5,5,5,0,0,5
23482,2,0,0,0,0,0
23480,2,0,0,0,0,0
23481,5,5,5,0,0,5
23485,2,0,0,0,0,0
23483,2,0,0,0,0,0
23484,5,5,5,0,0,5
23488,2,0,0,0,0,0
23486,2,0,0,0,0,0
23487,5,5,5,0,0,5
23491,2,0,0,0,0,0
23489,2,0,0,0,0,0
23490,5,5,5,0,0,5
23494,2,0,0,0,0,0
23492,2,0,0,0,0,0
23493,5,5,5,0,0,5
23497,2,0,0,0,0,0
23495,2,0,0,0,0,0
23496,5,5,5,0,0,5
23500,2,0,0,0,0,0
23498,2,0,0,0,0,0
23499,5,5,5,0,0,5
23503,2,0,0,0,0,0
23501,2,0,0,0,0,0
23502,5,5,5,0,0,5
23506,2,0,0,0,0,0
23504,2,0,0,0,0,0
23505,5,5,5,0,0,5
23509,2,0,0,0,0,0
23507,2,0,0,0,0,0
23508,5,5,5,0,0,5
23512,2,0,0,0,0,0
23510,2,0,0,0,0,0
23511,5,5,5,0,0,5
23515,2,0,0,0,0,0
23513,2,0,0,0,0,0
23514,5,5,5,0,0,5
23518,2,0,0,0,0,0
23516,2,0,0,0,0,0
23517,5,5,5,0,0,5
23521,2,0,0,0,0,0
23519,2,0,0,0,0,0
23520,5,5,5,0,0,5
23524,2,0,0,0,0,0
23522,2,0,0,0,0,0
23523,5,5,5,0,0,5
23527,2,0,0,0,0,0
23525,2,0,0,0,0,0
23526,5,5,5,0,0,5
23530,2,0,0,0,0,0
23528,2,0,0,0,0,0
23529,5,5,5,0,0,5
23533,2,0,0,0,0,0
23531,2,0,0,0,0,0
23532,5,5,5,0,0,5
23536,2,0,0,0,0,0
23534,2,0,0,0,0,0
23535,5,5,5,0,0,5
23539,2,0,0,0,0,0
23537,2,0,0,0,0,0
23538,5,5,5,0,0,5
23542,2,0,0,0,0,0
23540,2,0,0,0,0,0
23541,5,5,5,0,0,5
23545,2,0,0,0,0,0
23543,2,0,0,0,0,0
23544,5,5,5,0,0,5
23548,2,0,0,0,0,0
23546,2,0,0,0,0,0
23547,5,5,5,0,0,5
23551,2,0,0,0,0,0
23549,2,0,0,0,0,0
23550,5,5,5,0,0,5
23554,2,0,0,0,0,0
23552,2,0,0,0,0,0
23553,5,5,5,0,0,5
23557,2,0,0,0,0,0
23555,2,0,0,0,0,0
23556,5,5,5,0,0,5
23560,2,0,0,0,0,0
23558,2,0,0,0,0,0
23559,5,5,5,0,0,5
23563,2,0,0,0,0,0
23561,2,0,0,0,0,0
23562,5,5,5,0,0,5
23566,2,0,0,0,0,0
23564,2,0,0,0,0,0
23565,5,5,5,0,0,5
23569,2,0,0,0,0,0
23567,2,0,0,0,0,0
23568,5,5,5,0,0,5
23572,2,0,0,0,0,0
23570,2,0,0,0,0,0
23571,5,5,5,0,0,5
23575,2,0,0,0,0,0
23573,2,0,0,0,0,0
23574,5,5,5,0,0,5
23578,2,0,0,0,0,0
23576,2,0,0,0,0,0
23577,5,5,5,0,0,5
23581,2,0,0,0,0,0
23579,2,0,0,0,0,0
23580,5,5,5,0,0,5
23584,2,0,0,0,0,0
23582,2,0,0,0,0,0
23583,5,5,5,0,0,5
23587,2,0,0,0,0,0
23585,2,0,0,0,0,0
23586,5,5,5,0,0,5
23590,2,0,0,0,0,0
23588,2,0,0,0,0,0
23589,5,5,5,0,0,5
23593,2,0,0,0,0,0
23591,2,0,0,0,0,0
23592,5,5,5,0,0,5
23596,2,0,0,0,0,0
23594,2,0,0,0,0,0
23595,5,5,5,0,0,5
23599,2,0,0,0,0,0
23597,2,0,0,0,0,0
23598,5,5,5,0,0,5
23602,2,0,0,0,0,0
23600,2,0,0,0,0,0
23601,5,5,5,0,0,5
23605,2,0,0,0,0,0
23603,2,0,0,0,0,0
23604,5,5,5,0,0,5
23608,2,0,0,0,0,0
23606,2,0,0,0,0,0
23607,5,5,5,0,0,5
23611,2,0,0,0,0,0
23609,2,0,0,0,0,0
23610,5,5,5,0,0,5
23614,2,0,0,0,0,0
23612,2,0,0,0,0,0
23613,5,5,5,0,0,5
23617,2,0,0,0,0,0
23615,2,0,0,0,0,0
23616,5,5,5,0,0,5
23620,2,0,0,0,0,0
23618,2,0,0,0,0,0
23619,5,5,5,0,0,5
23623,2,0,0,0,0,0
23621,2,0,0,0,0,0
23622,5,5,5,0,0,5
23626,2,0,0,0,0,0
23624,2,0,0,0,0,0
23625,5,5,5,0,0,5
23629,2,0,0,0,0,0
23627,2,0,0,0,0,0
23628,5,5,5,0,0,5
23632,2,0,0,0,0,0
23630,2,0,0,0,0,0
23631,5,5,5,0,0,5
23635,2,0,0,0,0,0
23633,2,0,0,0,0,0
23634,5,5,5,0,0,5
23638,2,0,0,0,0,0
23636,2,0,0,0,0,0
23637,5,5,5,0,0,5
23641,2,0,0,0,0,0
23639,2,0,0,0,0,0
23640,5,5,5,0,0,5
23644,2,0,0,0,0,0
23642,2,0,0,0,0,0
23643,5,5,5,0,0,5
23647,2,0,0,0,0,0
23645,2,0,0,0,0,0
23646,5,5,5,0,0,5
23650,2,0,0,0,0,0
23648,2,0,0,0,0,0
23649,5,5,5,0,0,5
23653,2,0,0,0,0,0
23651,2,0,0,0,0,0
23652,5,5,5,0,0,5
23656,2,0,0,0,0,0
23654,2,0,0,0,0,0
23655,5,5,5,0,0,5
23659,2,0,0,0,0,0
23657,2,0,0,0,0,0
23658,5,5,5,0,0,5
23662,2,0,0,0,0,0
23660,2,0,0,0,0,0
23661,5,5,5,0,0,5
23665,2,0,0,0,0,0
23663,2,0,0,0,0,0
23664,5,5,5,0,0,5
23668,2,0,0,0,0,0
23666,2,0,0,0,0,0
23667,5,5,5,0,0,5
23671,2,0,0,0,0,0
23669,2,0,0,0,0,0
23670,5,5,5,0,0,5
23674,2,0,0,0,0,0
23672,2,0,0,0,0,0
23673,5,5,5,0,0,5
23677,2,0,0,0,0,0
23675,2,0,0,0,0,0
23676,5,5,5,0,0,5
23680,2,0,0,0,0,0
23678,2,0,0,0,0,0
23679,5,5,5,0,0,5
23683,2,0,0,0,0,0
23681,2,0,0,0,0,0
23682,5,5,5,0,0,5
23686,2,0,0,0,0,0
23684,2,0,0,0,0,0
23685,5,5,5,0,0,5
23689,2,0,0,0,0,0
23687,2,0,0,0,0,0
23688,5,5,5,0,0,5
23692,2,0,0,0,0,0
23690,2,0,0,0,0,0
23691,5,5,5,0,0,5
23695,2,0,0,0,0,0
23693,2,0,0,0,0,0
23694,5,5,5,0,0,5
23698,2,0,0,0,0,0
23696,2,0,0,0,0,0
23697,5,5,5,0,0,5
23701,2,0,0,0,0,0
23699,2,0,0,0,0,0
23700,5,5,5,0,0,5
23704,2,0,0,0,0,0
23702,2,0,0,0,0,0
23703,5,5,5,0,0,5
23707,2,0,0,0,0,0
23705,2,0,0,0,0,0
23706,5,5,5,0,0,5
23710,2,0,0,0,0,0
23708,2,0,0,0,0,0
23709,5,5,5,0,0,5
23713,2,0,0,0,0,0
23711,2,0,0,0,0,0
23712,5,5,5,0,0,5
23716,2,0,0,0,0,0
23714,2,0,0,0,0,0
23715,5,5,5,0,0,5
23719,2,0,0,0,0,0
23717,2,0,0,0,0,0
23718,5,5,5,0,0,5
23722,2,0,0,0,0,0
23720,2,0,0,0,0,0
23721,5,5,5,0,0,5
23725,2,0,0,0,0,0
23723,2,0,0,0,0,0
23724,5,5,5,0,0,5
23728,2,0,0,0,0,0
23726,2,0,0,0,0,0
23727,5,5,5,0,0,5
23731,2,0,0,0,0,0
23729,2,0,0,0,0,0
23730,5,5,5,0,0,5
23734,2,0,0,0,0,0
23732,2,0,0,0,0,0
23733,5,5,5,0,0,5
23737,2,0,0,0,0,0
23735,2,0,0,0,0,0
23736,5,5,5,0,0,5
23740,2,0,0,0,0,0
23738,2,0,0,0,0,0
23739,5,5,5,0,0,5
23743,2,0,0,0,0,0
23741,2,0,0,0,0,0
23742,5,5,5,0,0,5
23746,2,0,0,0,0,0
23744,2,0,0,0,0,0
23745,5,5,5,0,0,5
23749,2,0,0,0,0,0
23747,2,0,0,0,0,0
23748,5,5,5,0,0,5
23752,2,0,0,0,0,0
23750,2,0,0,0,0,0
23751,5,5,5,0,0,5
23755,2,0,0,0,0,0
23753,2,0,0,0,0,0
23754,5,5,5,0,0,5
23758,2,0,0,0,0,0
23756,2,0,0,0,0,0
23757,5,5,5,0,0,5
23761,2,0,0,0,0,0
23759,2,0,0,0,0,0
23760,5,5,5,0,0,5
23764,2,0,0,0,0,0
23762,2,0,0,0,0,0
23763,5,5,5,0,0,5
23767,2,0,0,0,0,0
23765,2,0,0,0,0,0
23766,5,5,5,0,0,5
23770,2,0,0,0,0,0
23768,2,0,0,0,0,0
23769,5,5,5,0,0,5
23773,2,0,0,0,0,0
23771,2,0,0,0,0,0
23772,5,5,5,0,0,5
23776,2,0,0,0,0,0
23774,2,0,0,0,0,0
23775,5,5,5,0,0,5
23779,2,0,0,0,0,0
23777,2,0,0,0,0,0
23778,5,5,5,0,0,5
23782,2,0,0,0,0,0
23780,2,0,0,0,0,0
23781,5,5,5,0,0,5
23785,2,0,0,0,0,0
23783,2,0,0,0,0,0
23784,5,5,5,0,0,5
23788,2,0,0,0,0,0
23786,2,0,0,0,0,0
23787,5,5,5,0,0,5
23791,2,0,0,0,0,0
23789,2,0,0,0,0,0
23790,5,5,5,0,0,5
23794,2,0,0,0,0,0
23792,2,0,0,0,0,0
23793,5,5,5,0,0,5
23797,2,0,0,0,0,0
23795,2,0,0,0,0,0
23796,5,5,5,0,0,5
23800,2,0,0,0,0,0
23798,2,0,0,0,0,0
23799,5,5,5,0,0,5
23803,2,0,0,0,0,0
23801,2,0,0,0,0,0
23802,5,5,5,0,0,5
23806,2,0,0,0,0,0
23804,2,0,0,0,0,0
23805,5,5,5,0,0,5
23809,2,0,0,0,0,0
23807,2,0,0,0,0,0
23808,5,5,5,0,0,5
23812,2,0,0,0,0,0
23810,2,0,0,0,0,0
23811,5,5,5,0,0,5
23815,2,0,0,0,0,0
23813,2,0,0,0,0,0
23814,5,5,5,0,0,5
23818,2,0,0,0,0,0
23816,2,0,0,0,0,0
23817,5,5,5,0,0,5
23821,2,0,0,0,0,0
23819,2,0,0,0,0,0
23820,5,5,5,0,0,5
23824,2,0,0,0,0,0
23822,2,0,0,0,0,0
23823,5,5,5,0,0,5
23827,2,0,0,0,0,0
23825,2,0,0,0,0,0
23826,5,5,5,0,0,5
23830,2,0,0,0,0,0
23828,2,0,0,0,0,0
23829,5,5,5,0,0,5
23833,2,0,0,0,0,0
23831,2,0,0,0,0,0
23832,5,5,5,0,0,5
23836,2,0,0,0,0,0
23834,2,0,0,0,0,0
23835,5,5,5,0,0,5
23839,2,0,0,0,0,0
23837,2,0,0,0,0,0
23838,5,5,5,0,0,5
23842,2,0,0,0,0,0
23840,2,0,0,0,0,0
23841,5,5,5,0,0,5
23845,2,0,0,0,0,0
23843,2,0,0,0,0,0
23844,5,5,5,0,0,5
23848,2,0,0,0,0,0
23846,2,0,0,0,0,0
23847,5,5,5,0,0,5
23851,2,0,0,0,0,0
23849,2,0,0,0,0,0
23850,5,5,5,0,0,5
23854,2,0,0,0,0,0
23852,2,0,0,0,0,0
23853,5,5,5,0,0,5
23857,2,0,0,0,0,0
23855,2,0,0,0,0,0
23856,5,5,5,0,0,5
23860,2,0,0,0,0,0
23858,2,0,0,0,0,0
23859,5,5,5,0,0,5
23863,2,0,0,0,0,0
23861,2,0,0,0,0,0
23862,5,5,5,0,0,5
23866,2,0,0,0,0,0
23864,2,0,0,0,0,0
23865,5,5,5,0,0,5
23869,2,0,0,0,0,0
23867,2,0,0,0,0,0
23868,5,5,5,0,0,5
23872,2,0,0,0,0,0
23870,2,0,0,0,0,0
23871,5,5,5,0,0,5
23875,2,0,0,0,0,0
23873,2,0,0,0,0,0
23874,5,5,5,0,0,5
23878,2,0,0,0,0,0
23876,2,0,0,0,0,0
23877,5,5,5,0,0,5
23881,2,0,0,0,0,0
23879,2,0,0,0,0,0
23880,5,5,5,0,0,5
23884,2,0,0,0,0,0
23882,2,0,0,0,0,0
23883,5,5,5,0,0,5
23887,2,0,0,0,0,0
23885,2,0,0,0,0,0
23886,5,5,5,0,0,5
23890,2,0,0,0,0,0
23888,2,0,0,0,0,0
23889,5,5,5,0,0,5
23893,2,0,0,0,0,0
23891,2,0,0,0,0,0
23892,5,5,5,0,0,5
23896,2,0,0,0,0,0
23894,2,0,0,0,0,0
23895,5,5,5,0,0,5
23899,2,0,0,0,0,0
23897,2,0,0,0,0,0
23898,5,5,5,0,0,5
23902,2,0,0,0,0,0
23900,2,0,0,0,0,0
23901,5,5,5,0,0,5
23905,2,0,0,0,0,0
23903,2,0,0,0,0,0
23904,5,5,5,0,0,5
23908,2,0,0,0,0,0
23906,2,0,0,0,0,0
23907,5,5,5,0,0,5
23911,2,0,0,0,0,0
23909,2,0,0,0,0,0
23910,5,5,5,0,0,5
23914,2,0,0,0,0,0
23912,2,0,0,0,0,0
23913,5,5,5,0,0,5
23917,2,0,0,0,0,0
23915,2,0,0,0,0,0
23916,5,5,5,0,0,5
23920,2,0,0,0,0,0
23918,2,0,0,0,0,0
23919,5,5,5,0,0,5
23923,2,0,0,0,0,0
23921,2,0,0,0,0,0
23922,5,5,5,0,0,5
23926,2,0,0,0,0,0
23924,2,0,0,0,0,0
23925,5,5,5,0,0,5
23929,2,0,0,0,0,0
23927,2,0,0,0,0,0
23928,5,5,5,0,0,5
23932,2,0,0,0,0,0
23930,2,0,0,0,0,0
23931,5,5,5,0,0,5
23935,2,0,0,0,0,0
23933,2,0,0,0,0,0
23934,5,5,5,0,0,5
23938,2,0,0,0,0,0
23936,2,0,0,0,0,0
23937,5,5,5,0,0,5
23941,2,0,0,0,0,0
23939,2,0,0,0,0,0
23940,5,5,5,0,0,5
23944,2,0,0,0,0,0
23942,2,0,0,0,0,0
23943,5,5,5,0,0,5
23947,2,0,0,0,0,0
23945,2,0,0,0,0,0
23946,5,5,5,0,0,5
23950,2,0,0,0,0,0
23948,2,0,0,0,0,0
23949,5,5,5,0,0,5
23953,2,0,0,0,0,0
23951,2,0,0,0,0,0
23952,5,5,5,0,0,5
23956,2,0,0,0,0,0
23954,2,0,0,0,0,0
23955,5,5,5,0,0,5
23959,2,0,0,0,0,0
23957,2,0,0,0,0,0
23958,5,5,5,0,0,5
23962,2,0,0,0,0,0
23960,2,0,0,0,0,0
23961,5,5,5,0,0,5
23965,2,0,0,0,0,0
23963,2,0,0,0,0,0
23964,5,5,5,0,0,5
23968,2,0,0,0,0,0
23966,2,0,0,0,0,0
23967,5,5,5,0,0,5
23971,2,0,0,0,0,0
23969,2,0,0,0,0,0
23970,5,5,5,0,0,5
23974,2,0,0,0,0,0
23972,2,0,0,0,0,0
23973,5,5,5,0,0,5
23977,2,0,0,0,0,0
23975,2,0,0,0,0,0
23976,5,5,5,0,0,5
23980,2,0,0,0,0,0
23978,2,0,0,0,0,0
23979,5,5,5,0,0,5
23983,2,0,0,0,0,0
23981,2,0,0,0,0,0
23982,5,5,5,0,0,5
23986,2,0,0,0,0,0
23984,2,0,0,0,0,0
23985,5,5,5,0,0,5
23989,2,0,0,0,0,0
23987,2,0,0,0,0,0
23988,5,5,5,0,0,5
23992,2,0,0,0,0,0
23990,2,0,0,0,0,0
23991,5,5,5,0,0,5
23995,2,0,0,0,0,0
23993,2,0,0,0,0,0
23994,5,5,5,0,0,5
23998,2,0,0,0,0,0
23996,2,0,0,0,0,0
23997,5,5,5,0,0,5
24001,2,0,0,0,0,0
23999,2,0,0,0,0,0
24000,5,5,5,0,0,5
24004,2,0,0,0,0,0
24002,2,0,0,0,0,0
24003,5,5,5,0,0,5
24007,2,0,0,0,0,0
24005,2,0,0,0,0,0
24006,5,5,5,0,0,5
24010,2,0,0,0,0,0
24008,2,0,0,0,0,0
24009,5,5,5,0,0,5
24013,2,0,0,0,0,0
24011,2,0,0,0,0,0
24012,5,5,5,0,0,5
24016,2,0,0,0,0,0
24014,2,0,0,0,0,0
24015,5,5,5,0,0,5
24019,2,0,0,0,0,0
24017,2,0,0,0,0,0
24018,5,5,5,0,0,5
24022,2,0,0,0,0,0
24020,2,0,0,0,0,0
24021,5,5,5,0,0,5
24025,2,0,0,0,0,0
24023,2,0,0,0,0,0
24024,5,5,5,0,0,5
24028,2,0,0,0,0,0
24026,2,0,0,0,0,0
24027,5,5,5,0,0,5
24031,2,0,0,0,0,0
24029,2,0,0,0,0,0
24030,5,5,5,0,0,5
24034,2,0,0,0,0,0
24032,2,0,0,0,0,0
24033,5,5,5,0,0,5
24037,2,0,0,0,0,0
24035,2,0,0,0,0,0
24036,5,5,5,0,0,5
24040,2,0,0,0,0,0
24038,2,0,0,0,0,0
24039,5,5,5,0,0,5
24043,2,0,0,0,0,0
24041,2,0,0,0,0,0
24042,5,5,5,0,0,5
24046,2,0,0,0,0,0
24044,2,0,0,0,0,0
24045,5,5,5,0,0,5
24049,2,0,0,0,0,0
24047,2,0,0,0,0,0
24048,5,5,5,0,0,5
24052,2,0,0,0,0,0
24050,2,0,0,0,0,0
24051,5,5,5,0,0,5
24055,2,0,0,0,0,0
24053,2,0,0,0,0,0
24054,5,5,5,0,0,5
24058,2,0,0,0,0,0
24056,2,0,0,0,0,0
24057,5,5,5,0,0,5
24061,2,0,0,0,0,0
24059,2,0,0,0,0,0
24060,5,5,5,0,0,5
24064,2,0,0,0,0,0
24062,2,0,0,0,0,0
24063,5,5,5,0,0,5
24067,2,0,0,0,0,0
24065,2,0,0,0,0,0
24066,5,5,5,0,0,5
24070,2,0,0,0,0,0
24068,2,0,0,0,0,0
24069,5,5,5,0,0,5
24073,2,0,0,0,0,0
24071,2,0,0,0,0,0
24072,5,5,5,0,0,5
24076,2,0,0,0,0,0
24074,2,0,0,0,0,0
24075,5,5,5,0,0,5
24079,2,0,0,0,0,0
24077,2,0,0,0,0,0
24078,5,5,5,0,0,5
24082,2,0,0,0,0,0
24080,2,0,0,0,0,0
24081,5,5,5,0,0,5
24085,2,0,0,0,0,0
24083,2,0,0,0,0,0
24084,5,5,5,0,0,5
24088,2,0,0,0,0,0
24086,2,0,0,0,0,0
24087,5,5,5,0,0,5
24091,2,0,0,0,0,0
24089,2,0,0,0,0,0
24090,5,5,5,0,0,5
24094,2,0,0,0,0,0
24092,2,0,0,0,0,0
24093,5,5,5,0,0,5
24097,2,0,0,0,0,0
24095,2,0,0,0,0,0
24096,5,5,5,0,0,5
24100,2,0,0,0,0,0
24098,2,0,0,0,0,0
24099,5,5,5,0,0,5
24103,2,0,0,0,0,0
24101,2,0,0,0,0,0
24102,5,5,5,0,0,5
24106,2,0,0,0,0,0
24104,2,0,0,0,0,0
24105,5,5,5,0,0,5
24109,2,0,0,0,0,0
24107,2,0,0,0,0,0
24108,5,5,5,0,0,5
24112,2,0,0,0,0,0
24110,2,0,0,0,0,0
24111,5,5,5,0,0,5
24115,2,0,0,0,0,0
24113,2,0,0,0,0,0
24114,5,5,5,0,0,5
24118,2,0,0,0,0,0
24116,2,0,0,0,0,0
24117,5,5,5,0,0,5
24121,2,0,0,0,0,0
24119,2,0,0,0,0,0
24120,5,5,5,0,0,5
24124,2,0,0,0,0,0
24122,2,0,0,0,0,0
24123,5,5,5,0,0,5
24127,2,0,0,0,0,0
24125,2,0,0,0,0,0
24126,5,5,5,0,0,5
24130,2,0,0,0,0,0
24128,2,0,0,0,0,0
24129,5,5,5,0,0,5
24133,2,0,0,0,0,0
24131,2,0,0,0,0,0
24132,5,5,5,0,0,5
24136,2,0,0,0,0,0
24134,2,0,0,0,0,0
24135,5,5,5,0,0,5
24139,2,0,0,0,0,0
24137,2,0,0,0,0,0
24138,5,5,5,0,0,5
24142,2,0,0,0,0,0
24140,2,0,0,0,0,0
24141,5,5,5,0,0,5
24145,2,0,0,0,0,0
24143,2,0,0,0,0,0
24144,5,5,5,0,0,5
24148,2,0,0,0,0,0
24146,2,0,0,0,0,0
24147,5,5,5,0,0,5
24151,2,0,0,0,0,0
24149,2,0,0,0,0,0
24150,5,5,5,0,0,5
24154,2,0,0,0,0,0
24152,2,0,0,0,0,0
24153,5,5,5,0,0,5
24157,2,0,0,0,0,0
24155,2,0,0,0,0,0
24156,5,5,5,0,0,5
24160,2,0,0,0,0,0
24158,2,0,0,0,0,0
24159,5,5,5,0,0,5
24163,2,0,0,0,0,0
24161,2,0,0,0,0,0
24162,5,5,5,0,0,5
24166,2,0,0,0,0,0
24164,2,0,0,0,0,0
24165,5,5,5,0,0,5
24169,2,0,0,0,0,0
24167,2,0,0,0,0,0
24168,5,5,5,0,0,5
24172,2,0,0,0,0,0
24170,2,0,0,0,0,0
24171,5,5,5,0,0,5
24175,2,0,0,0,0,0
24173,2,0,0,0,0,0
24174,5,5,5,0,0,5
24178,2,0,0,0,0,0
24176,2,0,0,0,0,0
24177,5,5,5,0,0,5
24181,2,0,0,0,0,0
24179,2,0,0,0,0,0
24180,5,5,5,0,0,5
24184,2,0,0,0,0,0
24182,2,0,0,0,0,0
24183,5,5,5,0,0,5
24187,2,0,0,0,0,0
24185,2,0,0,0,0,0
24186,5,5,5,0,0,5
24190,2,0,0,0,0,0
24188,2,0,0,0,0,0
24189,5,5,5,0,0,5
24193,2,0,0,0,0,0
24191,2,0,0,0,0,0
24192,5,5,5,0,0,5
24196,2,0,0,0,0,0
24194,2,0,0,0,0,0
24195,5,5,5,0,0,5
24199,2,0,0,0,0,0
24197,2,0,0,0,0,0
24198,5,5,5,0,0,5
24202,2,0,0,0,0,0
24200,2,0,0,0,0,0
24201,5,5,5,0,0,5
24205,2,0,0,0,0,0
24203,2,0,0,0,0,0
24204,5,5,5,0,0,5
24208,2,0,0,0,0,0
24206,2,0,0,0,0,0
24207,5,5,5,0,0,5
24211,2,0,0,0,0,0
24209,2,0,0,0,0,0
24210,5,5,5,0,0,5
24214,2,0,0,0,0,0
24212,2,0,0,0,0,0
24213,5,5,5,0,0,5
24217,2,0,0,0,0,0
24215,2,0,0,0,0,0
24216,5,5,5,0,0,5
24220,2,0,0,0,0,0
24218,2,0,0,0,0,0
24219,5,5,5,0,0,5
24223,2,0,0,0,0,0
24221,2,0,0,0,0,0
24222,5,5,5,0,0,5
24226,2,0,0,0,0,0
24224,2,0,0,0,0,0
24225,5,5,5,0,0,5
24229,2,0,0,0,0,0
24227,2,0,0,0,0,0
24228,5,5,5,0,0,5
24232,2,0,0,0,0,0
24230,2,0,0,0,0,0
24231,5,5,5,0,0,5
24235,2,0,0,0,0,0
24233,2,0,0,0,0,0
24234,5,5,5,0,0,5
24238,2,0,0,0,0,0
24236,2,0,0,0,0,0
24237,5,5,5,0,0,5
24241,2,0,0,0,0,0
24239,2,0,0,0,0,0
24240,5,5,5,0,0,5
24244,2,0,0,0,0,0
24242,2,0,0,0,0,0
24243,5,5,5,0,0,5
24247,2,0,0,0,0,0
24245,2,0,0,0,0,0
24246,5,5,5,0,0,5
24250,2,0,0,0,0,0
24248,2,0,0,0,0,0
24249,5,5,5,0,0,5
24253,2,0,0,0,0,0
24251,2,0,0,0,0,0
24252,5,5,5,0,0,5
24256,2,0,0,0,0,0
24254,2,0,0,0,0,0
24255,5,5,5,0,0,5
24259,2,0,0,0,0,0
24257,2,0,0,0,0,0
24258,5,5,5,0,0,5
24262,2,0,0,0,0,0
24260,2,0,0,0,0,0
24261,5,5,5,0,0,5
24265,2,0,0,0,0,0
24263,2,0,0,0,0,0
24264,5,5,5,0,0,5
24268,2,0,0,0,0,0
24266,2,0,0,0,0,0
24267,5,5,5,0,0,5
24271,2,0,0,0,0,0
24269,2,0,0,0,0,0
24270,5,5,5,0,0,5
24274,2,0,0,0,0,0
24272,2,0,0,0,0,0
24273,5,5,5,0,0,5
24277,2,0,0,0,0,0
24275,2,0,0,0,0,0
24276,5,5,5,0,0,5
24280,2,0,0,0,0,0
24278,2,0,0,0,0,0
24279,5,5,5,0,0,5
24283,2,0,0,0,0,0
24281,2,0,0,0,0,0
24282,5,5,5,0,0,5
24286,2,0,0,0,0,0
24284,2,0,0,0,0,0
24285,5,5,5,0,0,5
24289,2,0,0,0,0,0
24287,2,0,0,0,0,0
24288,5,5,5,0,0,5
24292,2,0,0,0,0,0
24290,2,0,0,0,0,0
24291,5,5,5,0,0,5
24295,2,0,0,0,0,0
24293,2,0,0,0,0,0
24294,5,5,5,0,0,5
24298,2,0,0,0,0,0
24296,2,0,0,0,0,0
24297,5,5,5,0,0,5
24301,2,0,0,0,0,0
24299,2,0,0,0,0,0
24300,5,5,5,0,0,5
24304,2,0,0,0,0,0
24302,2,0,0,0,0,0
24303,5,5,5,0,0,5
24307,2,0,0,0,0,0
24305,2,0,0,0,0,0
24306,5,5,5,0,0,5
24310,2,0,0,0,0,0
24308,2,0,0,0,0,0
24309,5,5,5,0,0,5
24313,2,0,0,0,0,0
24311,2,0,0,0,0,0
24312,5,5,5,0,0,5
24316,2,0,0,0,0,0
24314,2,0,0,0,0,0
24315,5,5,5,0,0,5
24319,2,0,0,0,0,0
24317,2,0,0,0,0,0
24318,5,5,5,0,0,5
24322,2,0,0,0,0,0
24320,2,0,0,0,0,0
24321,5,5,5,0,0,5
24325,2,0,0,0,0,0
24323,2,0,0,0,0,0
24324,5,5,5,0,0,5
24328,2,0,0,0,0,0
24326,2,0,0,0,0,0
24327,5,5,5,0,0,5
24331,2,0,0,0,0,0
24329,2,0,0,0,0,0
24330,5,5,5,0,0,5
24334,2,0,0,0,0,0
24332,2,0,0,0,0,0
24333,5,5,5,0,0,5
24337,2,0,0,0,0,0
24335,2,0,0,0,0,0
24336,5,5,5,0,0,5
24340,2,0,0,0,0,0
24338,2,0,0,0,0,0
24339,5,5,5,0,0,5
24343,2,0,0,0,0,0
24341,2,0,0,0,0,0
24342,5,5,5,0,0,5
24346,2,0,0,0,0,0
24344,2,0,0,0,0,0
24345,5,5,5,0,0,5
24349,2,0,0,0,0,0
24347,2,0,0,0,0,0
24348,5,5,5,0,0,5
24352,2,0,0,0,0,0
24350,2,0,0,0,0,0
24351,5,5,5,0,0,5
24355,2,0,0,0,0,0
24353,2,0,0,0,0,0
24354,5,5,5,0,0,5
24358,2,0,0,0,0,0
24356,2,0,0,0,0,0
24357,5,5,5,0,0,5
24361,2,0,0,0,0,0
24359,2,0,0,0,0,0
24360,5,5,5,0,0,5
24364,2,0,0,0,0,0
24362,2,0,0,0,0,0
24363,5,5,5,0,0,5
24367,2,0,0,0,0,0
24365,2,0,0,0,0,0
24366,5,5,5,0,0,5
24370,2,0,0,0,0,0
24368,2,0,0,0,0,0
24369,5,5,5,0,0,5
24373,2,0,0,0,0,0
24371,2,0,0,0,0,0
24372,5,5,5,0,0,5
24376,2,0,0,0,0,0
24374,2,0,0,0,0,0
24375,5,5,5,0,0,5
24379,2,0,0,0,0,0
24377,2,0,0,0,0,0
24378,5,5,5,0,0,5
24382,2,0,0,0,0,0
24380,2,0,0,0,0,0
24381,5,5,5,0,0,5
24385,2,0,0,0,0,0
24383,2,0,0,0,0,0
24384,5,5,5,0,0,5
24388,2,0,0,0,0,0
24386,2,0,0,0,0,0
24387,5,5,5,0,0,5
24391,2,0,0,0,0,0
24389,2,0,0,0,0,0
24390,5,5,5,0,0,5
24394,2,0,0,0,0,0
24392,2,0,0,0,0,0
24393,5,5,5,0,0,5
24397,2,0,0,0,0,0
24395,2,0,0,0,0,0
24396,5,5,5,0,0,5
24400,2,0,0,0,0,0
24398,2,0,0,0,0,0
24399,5,5,5,0,0,5
24403,2,0,0,0,0,0
24401,2,0,0,0,0,0
24402,5,5,5,0,0,5
24406,2,0,0,0,0,0
24404,2,0,0,0,0,0
24405,5,5,5,0,0,5
24409,2,0,0,0,0,0
24407,2,0,0,0,0,0
24408,5,5,5,0,0,5
24412,2,0,0,0,0,0
24410,2,0,0,0,0,0
24411,5,5,5,0,0,5
24415,2,0,0,0,0,0
24413,2,0,0,0,0,0
24414,5,5,5,0,0,5
24418,2,0,0,0,0,0
24416,2,0,0,0,0,0
24417,5,5,5,0,0,5
24421,2,0,0,0,0,0
24419,2,0,0,0,0,0
24420,5,5,5,0,0,5
24424,2,0,0,0,0,0
24422,2,0,0,0,0,0
24423,5,5,5,0,0,5
24427,2,0,0,0,0,0
24425,2,0,0,0,0,0
24426,5,5,5,0,0,5
24430,2,0,0,0,0,0
24428,2,0,0,0,0,0
24429,5,5,5,0,0,5
24433,2,0,0,0,0,0
24431,2,0,0,0,0,0
24432,5,5,5,0,0,5
24436,2,0,0,0,0,0
24434,2,0,0,0,0,0
24435,5,5,5,0,0,5
24439,2,0,0,0,0,0
24437,2,0,0,0,0,0
24438,5,5,5,0,0,5
24442,2,0,0,0,0,0
24440,2,0,0,0,0,0
24441,5,5,5,0,0,5
24445,2,0,0,0,0,0
24443,2,0,0,0,0,0
24444,5,5,5,0,0,5
24448,2,0,0,0,0,0
24446,2,0,0,0,0,0
24447,5,5,5,0,0,5
24451,2,0,0,0,0,0
24449,2,0,0,0,0,0
24450,5,5,5,0,0,5
24454,2,0,0,0,0,0
24452,2,0,0,0,0,0
24453,5,5,5,0,0,5
24457,2,0,0,0,0,0
24455,2,0,0,0,0,0
24456,5,5,5,0,0,5
24460,2,0,0,0,0,0
24458,2,0,0,0,0,0
24459,5,5,5,0,0,5
24463,2,0,0,0,0,0
24461,2,0,0,0,0,0
24462,5,5,5,0,0,5
24466,2,0,0,0,0,0
24464,2,0,0,0,0,0
24465,5,5,5,0,0,5
24469,2,0,0,0,0,0
24467,2,0,0,0,0,0
24468,5,5,5,0,0,5
24472,2,0,0,0,0,0
24470,2,0,0,0,0,0
24471,5,5,5,0,0,5
24475,2,0,0,0,0,0
24473,2,0,0,0,0,0
24474,5,5,5,0,0,5
24478,2,0,0,0,0,0
24476,2,0,0,0,0,0
24477,5,5,5,0,0,5
24481,2,0,0,0,0,0
24479,2,0,0,0,0,0
24480,5,5,5,0,0,5
24484,2,0,0,0,0,0
24482,2,0,0,0,0,0
24483,5,5,5,0,0,5
24487,2,0,0,0,0,0
24485,2,0,0,0,0,0
24486,5,5,5,0,0,5
24490,2,0,0,0,0,0
24488,2,0,0,0,0,0
24489,5,5,5,0,0,5
24493,2,0,0,0,0,0
24491,2,0,0,0,0,0
24492,5,5,5,0,0,5
24496,2,0,0,0,0,0
24494,2,0,0,0,0,0
24495,5,5,5,0,0,5
24499,2,0,0,0,0,0
24497,2,0,0,0,0,0
24498,5,5,5,0,0,5
24502,2,0,0,0,0,0
24500,2,0,0,0,0,0
24501,5,5,5,0,0,5
24505,2,0,0,0,0,0
24503,2,0,0,0,0,0
24504,5,5,5,0,0,5
24508,2,0,0,0,0,0
24506,2,0,0,0,0,0
24507,5,5,5,0,0,5
24511,2,0,0,0,0,0
24509,2,0,0,0,0,0
24510,5,5,5,0,0,5
24514,2,0,0,0,0,0
24512,2,0,0,0,0,0
24513,5,5,5,0,0,5
24517,2,0,0,0,0,0
24515,2,0,0,0,0,0
24516,5,5,5,0,0,5
24520,2,0,0,0,0,0
24518,2,0,0,0,0,0
24519,5,5,5,0,0,5
24523,2,0,0,0,0,0
24521,2,0,0,0,0,0
24522,5,5,5,0,0,5
24526,2,0,0,0,0,0
24524,2,0,0,0,0,0
24525,5,5,5,0,0,5
24529,2,0,0,0,0,0
24527,2,0,0,0,0,0
24528,5,5,5,0,0,5
24532,2,0,0,0,0,0
24530,2,0,0,0,0,0
24531,5,5,5,0,0,5
24535,2,0,0,0,0,0
24533,2,0,0,0,0,0
24534,5,5,5,0,0,5
24538,2,0,0,0,0,0
24536,2,0,0,0,0,0
24537,5,5,5,0,0,5
24541,2,0,0,0,0,0
24539,2,0,0,0,0,0
24540,5,5,5,0,0,5
24544,2,0,0,0,0,0
24542,2,0,0,0,0,0
24543,5,5,5,0,0,5
24547,2,0,0,0,0,0
24545,2,0,0,0,0,0
24546,5,5,5,0,0,5
24550,2,0,0,0,0,0
24548,2,0,0,0,0,0
24549,5,5,5,0,0,5
24553,2,0,0,0,0,0
24551,2,0,0,0,0,0
24552,5,5,5,0,0,5
24556,2,0,0,0,0,0
24554,2,0,0,0,0,0
24555,5,5,5,0,0,5
24559,2,0,0,0,0,0
24557,2,0,0,0,0,0
24558,5,5,5,0,0,5
24562,2,0,0,0,0,0
24560,2,0,0,0,0,0
24561,5,5,5,0,0,5
24565,2,0,0,0,0,0
24563,2,0,0,0,0,0
24564,5,5,5,0,0,5
24568,2,0,0,0,0,0
24566,2,0,0,0,0,0
24567,5,5,5,0,0,5
24571,2,0,0,0,0,0
24569,2,0,0,0,0,0
24570,5,5,5,0,0,5
24574,2,0,0,0,0,0
24572,2,0,0,0,0,0
24573,5,5,5,0,0,5
24577,2,0,0,0,0,0
24575,2,0,0,0,0,0
24576,5,5,5,0,0,5
24580,2,0,0,0,0,0
24578,2,0,0,0,0,0
24579,5,5,5,0,0,5
24583,2,0,0,0,0,0
24581,2,0,0,0,0,0
24582,5,5,5,0,0,5
24586,2,0,0,0,0,0
24584,2,0,0,0,0,0
24585,5,5,5,0,0,5
24589,2,0,0,0,0,0
24587,2,0,0,0,0,0
24588,5,5,5,0,0,5
24592,2,0,0,0,0,0
24590,2,0,0,0,0,0
24591,5,5,5,0,0,5
24595,2,0,0,0,0,0
24593,2,0,0,0,0,0
24594,5,5,5,0,0,5
24598,2,0,0,0,0,0
24596,2,0,0,0,0,0
24597,5,5,5,0,0,5
24601,2,0,0,0,0,0
24599,2,0,0,0,0,0
24600,5,5,5,0,0,5
24604,2,0,0,0,0,0
24602,2,0,0,0,0,0
24603,5,5,5,0,0,5
24607,2,0,0,0,0,0
24605,2,0,0,0,0,0
24606,5,5,5,0,0,5
24610,2,0,0,0,0,0
24608,2,0,0,0,0,0
24609,5,5,5,0,0,5
24613,2,0,0,0,0,0
24611,2,0,0,0,0,0
24612,5,5,5,0,0,5
24616,2,0,0,0,0,0
24614,2,0,0,0,0,0
24615,5,5,5,0,0,5
24619,2,0,0,0,0,0
24617,2,0,0,0,0,0
24618,5,5,5,0,0,5
24622,2,0,0,0,0,0
24620,2,0,0,0,0,0
24621,5,5,5,0,0,5
24625,2,0,0,0,0,0
24623,2,0,0,0,0,0
24624,5,5,5,0,0,5
24628,2,0,0,0,0,0
24626,2,0,0,0,0,0
24627,5,5,5,0,0,5
24631,2,0,0,0,0,0
24629,2,0,0,0,0,0
24630,5,5,5,0,0,5
24634,2,0,0,0,0,0
24632,2,0,0,0,0,0
24633,5,5,5,0,0,5
24637,2,0,0,0,0,0
24635,2,0,0,0,0,0
24636,5,5,5,0,0,5
24640,2,0,0,0,0,0
24638,2,0,0,0,0,0
24639,5,5,5,0,0,5
24643,2,0,0,0,0,0
24641,2,0,0,0,0,0
24642,5,5,5,0,0,5
24646,2,0,0,0,0,0
24644,2,0,0,0,0,0
24645,5,5,5,0,0,5
24649,2,0,0,0,0,0
24647,2,0,0,0,0,0
24648,5,5,5,0,0,5
24652,2,0,0,0,0,0
24650,2,0,0,0,0,0
24651,5,5,5,0,0,5
24655,2,0,0,0,0,0
24653,2,0,0,0,0,0
24654,5,5,5,0,0,5
24658,2,0,0,0,0,0
24656,2,0,0,0,0,0
24657,5,5,5,0,0,5
24661,2,0,0,0,0,0
24659,2,0,0,0,0,0
24660,5,5,5,0,0,5
24664,2,0,0,0,0,0
24662,2,0,0,0,0,0
24663,5,5,5,0,0,5
24667,2,0,0,0,0,0
24665,2,0,0,0,0,0
24666,5,5,5,0,0,5
24670,2,0,0,0,0,0
24668,2,0,0,0,0,0
24669,5,5,5,0,0,5
24673,2,0,0,0,0,0
24671,2,0,0,0,0,0
24672,5,5,5,0,0,5
24676,2,0,0,0,0,0
24674,2,0,0,0,0,0
24675,5,5,5,0,0,5
24679,2,0,0,0,0,0
24677,2,0,0,0,0,0
24678,5,5,5,0,0,5
24682,2,0,0,0,0,0
24680,2,0,0,0,0,0
24681,5,5,5,0,0,5
24685,2,0,0,0,0,0
24683,2,0,0,0,0,0
24684,5,5,5,0,0,5
24688,2,0,0,0,0,0
24686,2,0,0,0,0,0
24687,5,5,5,0,0,5
24691,2,0,0,0,0,0
24689,2,0,0,0,0,0
24690,5,5,5,0,0,5
24694,2,0,0,0,0,0
24692,2,0,0,0,0,0
24693,5,5,5,0,0,5
24697,2,0,0,0,0,0
24695,2,0,0,0,0,0
24696,5,5,5,0,0,5
24700,2,0,0,0,0,0
24698,2,0,0,0,0,0
24699,5,5,5,0,0,5
24703,2,0,0,0,0,0
24701,2,0,0,0,0,0
24702,5,5,5,0,0,5
24706,2,0,0,0,0,0
24704,2,0,0,0,0,0
24705,5,5,5,0,0,5
24709,2,0,0,0,0,0
24707,2,0,0,0,0,0
24708,5,5,5,0,0,5
24712,2,0,0,0,0,0
24710,2,0,0,0,0,0
24711,5,5,5,0,0,5
24715,2,0,0,0,0,0
24713,2,0,0,0,0,0
24714,5,5,5,0,0,5
24718,2,0,0,0,0,0
24716,2,0,0,0,0,0
24717,5,5,5,0,0,5
24721,2,0,0,0,0,0
24719,2,0,0,0,0,0
24720,5,5,5,0,0,5
24724,2,0,0,0,0,0
24722,2,0,0,0,0,0
24723,5,5,5,0,0,5
24727,2,0,0,0,0,0
24725,2,0,0,0,0,0
24726,5,5,5,0,0,5
24730,2,0,0,0,0,0
24728,2,0,0,0,0,0
24729,5,5,5,0,0,5
24733,2,0,0,0,0,0
24731,2,0,0,0,0,0
24732,5,5,5,0,0,5
24736,2,0,0,0,0,0
24734,2,0,0,0,0,0
24735,5,5,5,0,0,5
24739,2,0,0,0,0,0
24737,2,0,0,0,0,0
24738,5,5,5,0,0,5
24742,2,0,0,0,0,0
24740,2,0,0,0,0,0
24741,5,5,5,0,0,5
24745,2,0,0,0,0,0
24743,2,0,0,0,0,0
24744,5,5,5,0,0,5
24748,2,0,0,0,0,0
24746,2,0,0,0,0,0
24747,5,5,5,0,0,5
24751,2,0,0,0,0,0
24749,2,0,0,0,0,0
24750,5,5,5,0,0,5
24754,2,0,0,0,0,0
24752,2,0,0,0,0,0
24753,5,5,5,0,0,5
24757,2,0,0,0,0,0
24755,2,0,0,0,0,0
24756,5,5,5,0,0,5
24760,2,0,0,0,0,0
24758,2,0,0,0,0,0
24759,5,5,5,0,0,5
24763,2,0,0,0,0,0
24761,2,0,0,0,0,0
24762,5,5,5,0,0,5
24766,2,0,0,0,0,0
24764,2,0,0,0,0,0
24765,5,5,5,0,0,5
24769,2,0,0,0,0,0
24767,2,0,0,0,0,0
24768,5,5,5,0,0,5
24772,2,0,0,0,0,0
24770,2,0,0,0,0,0
24771,5,5,5,0,0,5
24775,2,0,0,0,0,0
24773,2,0,0,0,0,0
24774,5,5,5,0,0,5
24778,2,0,0,0,0,0
24776,2,0,0,0,0,0
24777,5,5,5,0,0,5
24781,2,0,0,0,0,0
24779,2,0,0,0,0,0
24780,5,5,5,0,0,5
24784,2,0,0,0,0,0
24782,2,0,0,0,0,0
24783,5,5,5,0,0,5
24787,2,0,0,0,0,0
24785,2,0,0,0,0,0
24786,5,5,5,0,0,5
24790,2,0,0,0,0,0
24788,2,0,0,0,0,0
24789,5,5,5,0,0,5
24793,2,0,0,0,0,0
24791,2,0,0,0,0,0
24792,5,5,5,0,0,5
24796,2,0,0,0,0,0
24794,2,0,0,0,0,0
24795,5,5,5,0,0,5
24799,2,0,0,0,0,0
24797,2,0,0,0,0,0
24798,5,5,5,0,0,5
24802,2,0,0,0,0,0
24800,2,0,0,0,0,0
24801,5,5,5,0,0,5
24805,2,0,0,0,0,0
24803,2,0,0,0,0,0
24804,5,5,5,0,0,5
24808,2,0,0,0,0,0
24806,2,0,0,0,0,0
24807,5,5,5,0,0,5
24811,2,0,0,0,0,0
24809,2,0,0,0,0,0
24810,5,5,5,0,0,5
24814,2,0,0,0,0,0
24812,2,0,0,0,0,0
24813,5,5,5,0,0,5
24817,2,0,0,0,0,0
24815,2,0,0,0,0,0
24816,5,5,5,0,0,5
24820,2,0,0,0,0,0
24818,2,0,0,0,0,0
24819,5,5,5,0,0,5
24823,2,0,0,0,0,0
24821,2,0,0,0,0,0
24822,5,5,5,0,0,5
24826,2,0,0,0,0,0
24824,2,0,0,0,0,0
24825,5,5,5,0,0,5
24829,2,0,0,0,0,0
24827,2,0,0,0,0,0
24828,5,5,5,0,0,5
24832,2,0,0,0,0,0
24830,2,0,0,0,0,0
24831,5,5,5,0,0,5
24835,2,0,0,0,0,0
24833,2,0,0,0,0,0
24834,5,5,5,0,0,5
24838,2,0,0,0,0,0
24836,2,0,0,0,0,0
24837,5,5,5,0,0,5
24841,2,0,0,0,0,0
24839,2,0,0,0,0,0
24840,5,5,5,0,0,5
24844,2,0,0,0,0,0
24842,2,0,0,0,0,0
24843,5,5,5,0,0,5
24847,2,0,0,0,0,0
24845,2,0,0,0,0,0
24846,5,5,5,0,0,5
24850,2,0,0,0,0,0
24848,2,0,0,0,0,0
24849,5,5,5,0,0,5
24853,2,0,0,0,0,0
24851,2,0,0,0,0,0
24852,5,5,5,0,0,5
24856,2,0,0,0,0,0
24854,2,0,0,0,0,0
24855,5,5,5,0,0,5
24859,2,0,0,0,0,0
24857,2,0,0,0,0,0
24858,5,5,5,0,0,5
24862,2,0,0,0,0,0
24860,2,0,0,0,0,0
24861,5,5,5,0,0,5
24865,2,0,0,0,0,0
24863,2,0,0,0,0,0
24864,5,5,5,0,0,5
24868,2,0,0,0,0,0
24866,2,0,0,0,0,0
24867,5,5,5,0,0,5
24871,2,0,0,0,0,0
24869,2,0,0,0,0,0
24870,5,5,5,0,0,5
24874,2,0,0,0,0,0
24872,2,0,0,0,0,0
24873,5,5,5,0,0,5
24877,2,0,0,0,0,0
24875,2,0,0,0,0,0
24876,5,5,5,0,0,5
24880,2,0,0,0,0,0
24878,2,0,0,0,0,0
24879,5,5,5,0,0,5
24883,2,0,0,0,0,0
24881,2,0,0,0,0,0
24882,5,5,5,0,0,5
24886,2,0,0,0,0,0
24884,2,0,0,0,0,0
24885,5,5,5,0,0,5
24889,2,0,0,0,0,0
24887,2,0,0,0,0,0
24888,5,5,5,0,0,5
24892,2,0,0,0,0,0
24890,2,0,0,0,0,0
24891,5,5,5,0,0,5
24895,2,0,0,0,0,0
24893,2,0,0,0,0,0
24894,5,5,5,0,0,5
24898,2,0,0,0,0,0
24896,2,0,0,0,0,0
24897,5,5,5,0,0,5
24901,2,0,0,0,0,0
24899,2,0,0,0,0,0
24900,5,5,5,0,0,5
24904,2,0,0,0,0,0
24902,2,0,0,0,0,0
24903,5,5,5,0,0,5
24907,2,0,0,0,0,0
24905,2,0,0,0,0,0
24906,5,5,5,0,0,5
24910,2,0,0,0,0,0
24908,2,0,0,0,0,0
24909,5,5,5,0,0,5
24913,2,0,0,0,0,0
24911,2,0,0,0,0,0
24912,5,5,5,0,0,5
24916,2,0,0,0,0,0
24914,2,0,0,0,0,0
24915,5,5,5,0,0,5
24919,2,0,0,0,0,0
24917,2,0,0,0,0,0
24918,5,5,5,0,0,5
24922,2,0,0,0,0,0
24920,2,0,0,0,0,0
24921,5,5,5,0,0,5
24925,2,0,0,0,0,0
24923,2,0,0,0,0,0
24924,5,5,5,0,0,5
24928,2,0,0,0,0,0
24926,2,0,0,0,0,0
24927,5,5,5,0,0,5
24931,2,0,0,0,0,0
24929,2,0,0,0,0,0
24930,5,5,5,0,0,5
24934,2,0,0,0,0,0
24932,2,0,0,0,0,0
24933,5,5,5,0,0,5
24937,2,0,0,0,0,0
24935,2,0,0,0,0,0
24936,5,5,5,0,0,5
24940,2,0,0,0,0,0
24938,2,0,0,0,0,0
24939,5,5,5,0,0,5
24943,2,0,0,0,0,0
24941,2,0,0,0,0,0
24942,5,5,5,0,0,5
24946,2,0,0,0,0,0
24944,2,0,0,0,0,0
24945,5,5,5,0,0,5
24949,2,0,0,0,0,0
24947,2,0,0,0,0,0
24948,5,5,5,0,0,5
24952,2,0,0,0,0,0
24950,2,0,0,0,0,0
24951,5,5,5,0,0,5
24955,2,0,0,0,0,0
24953,2,0,0,0,0,0
24954,5,5,5,0,0,5
24958,2,0,0,0,0,0
24956,2,0,0,0,0,0
24957,5,5,5,0,0,5
24961,2,0,0,0,0,0
24959,2,0,0,0,0,0
24960,5,5,5,0,0,5
24964,2,0,0,0,0,0
24962,2,0,0,0,0,0
24963,5,5,5,0,0,5
24967,2,0,0,0,0,0
24965,2,0,0,0,0,0
24966,5,5,5,0,0,5
24970,2,0,0,0,0,0
24968,2,0,0,0,0,0
24969,5,5,5,0,0,5
24973,2,0,0,0,0,0
24971,2,0,0,0,0,0
24972,5,5,5,0,0,5
24976,2,0,0,0,0,0
24974,2,0,0,0,0,0
24975,5,5,5,0,0,5
24979,2,0,0,0,0,0
24977,2,0,0,0,0,0
24978,5,5,5,0,0,5
24982,2,0,0,0,0,0
24980,2,0,0,0,0,0
24981,5,5,5,0,0,5
24985,2,0,0,0,0,0
24983,2,0,0,0,0,0
24984,5,5,5,0,0,5
24988,2,0,0,0,0,0
24986,2,0,0,0,0,0
24987,5,5,5,0,0,5
24991,2,0,0,0,0,0
24989,2,0,0,0,0,0
24990,5,5,5,0,0,5
24994,2,0,0,0,0,0
24992,2,0,0,0,0,0
24993,5,5,5,0,0,5
24997,2,0,0,0,0,0
24995,2,0,0,0,0,0
24996,5,5,5,0,0,5
25000,2,0,0,0,0,0
24998,2,0,0,0,0,0
24999,5,5,5,0,0,5
25003,2,0,0,0,0,0
25001,2,0,0,0,0,0
25002,5,5,5,0,0,5
25006,2,0,0,0,0,0
25004,2,0,0,0,0,0
25005,5,5,5,0,0,5
25009,2,0,0,0,0,0
25007,2,0,0,0,0,0
25008,5,5,5,0,0,5
25012,2,0,0,0,0,0
25010,2,0,0,0,0,0
25011,5,5,5,0,0,5
25015,2,0,0,0,0,0
25013,2,0,0,0,0,0
25014,5,5,5,0,0,5
25018,2,0,0,0,0,0
25016,2,0,0,0,0,0
25017,5,5,5,0,0,5
25021,2,0,0,0,0,0
25019,2,0,0,0,0,0
25020,5,5,5,0,0,5
25024,2,0,0,0,0,0
25022,2,0,0,0,0,0
25023,5,5,5,0,0,5
25027,2,0,0,0,0,0
25025,2,0,0,0,0,0
25026,5,5,5,0,0,5
25030,2,0,0,0,0,0
25028,2,0,0,0,0,0
25029,5,5,5,0,0,5
25033,2,0,0,0,0,0
25031,2,0,0,0,0,0
25032,5,5,5,0,0,5
25036,2,0,0,0,0,0
25034,2,0,0,0,0,0
25035,5,5,5,0,0,5
25039,2,0,0,0,0,0
25037,2,0,0,0,0,0
25038,5,5,5,0,0,5
25042,2,0,0,0,0,0
25040,2,0,0,0,0,0
25041,5,5,5,0,0,5
25045,2,0,0,0,0,0
25043,2,0,0,0,0,0
25044,5,5,5,0,0,5
25048,2,0,0,0,0,0
25046,2,0,0,0,0,0
25047,5,5,5,0,0,5
25051,2,0,0,0,0,0
25049,2,0,0,0,0,0
25050,5,5,5,0,0,5
25054,2,0,0,0,0,0
25052,2,0,0,0,0,0
25053,5,5,5,0,0,5
25057,2,0,0,0,0,0
25055,2,0,0,0,0,0
25056,5,5,5,0,0,5
25060,2,0,0,0,0,0
25058,2,0,0,0,0,0
25059,5,5,5,0,0,5
25063,2,0,0,0,0,0
25061,2,0,0,0,0,0
25062,5,5,5,0,0,5
25066,2,0,0,0,0,0
25064,2,0,0,0,0,0
25065,5,5,5,0,0,5
25069,2,0,0,0,0,0
25067,2,0,0,0,0,0
25068,5,5,5,0,0,5
25072,2,0,0,0,0,0
25070,2,0,0,0,0,0
25071,5,5,5,0,0,5
25075,2,0,0,0,0,0
25073,2,0,0,0,0,0
25074,5,5,5,0,0,5
25078,2,0,0,0,0,0
25076,2,0,0,0,0,0
25077,5,5,5,0,0,5
25081,2,0,0,0,0,0
25079,2,0,0,0,0,0
25080,5,5,5,0,0,5
25084,2,0,0,0,0,0
25082,2,0,0,0,0,0
25083,5,5,5,0,0,5
25087,2,0,0,0,0,0
25085,2,0,0,0,0,0
25086,5,5,5,0,0,5
25090,2,0,0,0,0,0
25088,2,0,0,0,0,0
25089,5,5,5,0,0,5
25093,2,0,0,0,0,0
25091,2,0,0,0,0,0
25092,5,5,5,0,0,5
25096,2,0,0,0,0,0
25094,2,0,0,0,0,0
25095,5,5,5,0,0,5
25099,2,0,0,0,0,0
25097,2,0,0,0,0,0
25098,5,5,5,0,0,5
25102,2,0,0,0,0,0
25100,2,0,0,0,0,0
25101,5,5,5,0,0,5
25105,2,0,0,0,0,0
25103,2,0,0,0,0,0
25104,5,5,5,0,0,5
25108,2,0,0,0,0,0
25106,2,0,0,0,0,0
25107,5,5,5,0,0,5
25111,2,0,0,0,0,0
25109,2,0,0,0,0,0
25110,5,5,5,0,0,5
25114,2,0,0,0,0,0
25112,2,0,0,0,0,0
25113,5,5,5,0,0,5
25117,2,0,0,0,0,0
25115,2,0,0,0,0,0
25116,5,5,5,0,0,5
25120,2,0,0,0,0,0
25118,2,0,0,0,0,0
25119,5,5,5,0,0,5
25123,2,0,0,0,0,0
25121,2,0,0,0,0,0
25122,5,5,5,0,0,5
25126,2,0,0,0,0,0
25124,2,0,0,0,0,0
25125,5,5,5,0,0,5
25129,2,0,0,0,0,0
25127,2,0,0,0,0,0
25128,5,5,5,0,0,5
25132,2,0,0,0,0,0
25130,2,0,0,0,0,0
25131,5,5,5,0,0,5
25135,2,0,0,0,0,0
25133,2,0,0,0,0,0
25134,5,5,5,0,0,5
25138,2,0,0,0,0,0
25136,2,0,0,0,0,0
25137,5,5,5,0,0,5
25141,2,0,0,0,0,0
25139,2,0,0,0,0,0
25140,5,5,5,0,0,5
25144,2,0,0,0,0,0
25142,2,0,0,0,0,0
25143,5,5,5,0,0,5
25147,2,0,0,0,0,0
25145,2,0,0,0,0,0
25146,5,5,5,0,0,5
25150,2,0,0,0,0,0
25148,2,0,0,0,0,0
25149,5,5,5,0,0,5
25153,2,0,0,0,0,0
25151,2,0,0,0,0,0
25152,5,5,5,0,0,5
25156,2,0,0,0,0,0
25154,2,0,0,0,0,0
25155,5,5,5,0,0,5
25159,2,0,0,0,0,0
25157,2,0,0,0,0,0
25158,5,5,5,0,0,5
25162,2,0,0,0,0,0
25160,2,0,0,0,0,0
25161,5,5,5,0,0,5
25165,2,0,0,0,0,0
25163,2,0,0,0,0,0
25164,5,5,5,0,0,5
25168,2,0,0,0,0,0
25166,2,0,0,0,0,0
25167,5,5,5,0,0,5
25171,2,0,0,0,0,0
25169,2,0,0,0,0,0
25170,5,5,5,0,0,5
25174,2,0,0,0,0,0
25172,2,0,0,0,0,0
25173,5,5,5,0,0,5
25177,2,0,0,0,0,0
25175,2,0,0,0,0,0
25176,5,5,5,0,0,5
25180,2,0,0,0,0,0
25178,2,0,0,0,0,0
25179,5,5,5,0,0,5
25183,2,0,0,0,0,0
25181,2,0,0,0,0,0
25182,5,5,5,0,0,5
25186,2,0,0,0,0,0
25184,2,0,0,0,0,0
25185,5,5,5,0,0,5
25189,2,0,0,0,0,0
25187,2,0,0,0,0,0
25188,5,5,5,0,0,5
25192,2,0,0,0,0,0
25190,2,0,0,0,0,0
25191,5,5,5,0,0,5
25195,2,0,0,0,0,0
25193,2,0,0,0,0,0
25194,5,5,5,0,0,5
25198,2,0,0,0,0,0
25196,2,0,0,0,0,0
25197,5,5,5,0,0,5
25201,2,0,0,0,0,0
25199,2,0,0,0,0,0
25200,5,5,5,0,0,5
25204,2,0,0,0,0,0
25202,2,0,0,0,0,0
25203,5,5,5,0,0,5
25207,2,0,0,0,0,0
25205,2,0,0,0,0,0
25206,5,5,5,0,0,5
25210,2,0,0,0,0,0
25208,2,0,0,0,0,0
25209,5,5,5,0,0,5
25213,2,0,0,0,0,0
25211,2,0,0,0,0,0
25212,5,5,5,0,0,5
25216,2,0,0,0,0,0
25214,2,0,0,0,0,0
25215,5,5,5,0,0,5
25219,2,0,0,0,0,0
25217,2,0,0,0,0,0
25218,5,5,5,0,0,5
25222,2,0,0,0,0,0
25220,2,0,0,0,0,0
25221,5,5,5,0,0,5
25225,2,0,0,0,0,0
25223,2,0,0,0,0,0
25224,5,5,5,0,0,5
25228,2,0,0,0,0,0
25226,2,0,0,0,0,0
25227,5,5,5,0,0,5
25231,2,0,0,0,0,0
25229,2,0,0,0,0,0
25230,5,5,5,0,0,5
25234,2,0,0,0,0,0
25232,2,0,0,0,0,0
25233,5,5,5,0,0,5
25237,2,0,0,0,0,0
25235,2,0,0,0,0,0
25236,5,5,5,0,0,5
25240,2,0,0,0,0,0
25238,2,0,0,0,0,0
25239,5,5,5,0,0,5
25243,2,0,0,0,0,0
25241,2,0,0,0,0,0
25242,5,5,5,0,0,5
25246,2,0,0,0,0,0
25244,2,0,0,0,0,0
25245,5,5,5,0,0,5
25249,2,0,0,0,0,0
25247,2,0,0,0,0,0
25248,5,5,5,0,0,5
25252,2,0,0,0,0,0
25250,2,0,0,0,0,0
25251,5,5,5,0,0,5
25255,2,0,0,0,0,0
25253,2,0,0,0,0,0
25254,5,5,5,0,0,5
25258,2,0,0,0,0,0
25256,2,0,0,0,0,0
25257,5,5,5,0,0,5
25261,2,0,0,0,0,0
25259,2,0,0,0,0,0
25260,5,5,5,0,0,5
25264,2,0,0,0,0,0
25262,2,0,0,0,0,0
25263,5,5,5,0,0,5
25267,2,0,0,0,0,0
25265,2,0,0,0,0,0
25266,5,5,5,0,0,5
25270,2,0,0,0,0,0
25268,2,0,0,0,0,0
25269,5,5,5,0,0,5
25273,2,0,0,0,0,0
25271,2,0,0,0,0,0
25272,5,5,5,0,0,5
25276,2,0,0,0,0,0
25274,2,0,0,0,0,0
25275,5,5,5,0,0,5
25279,2,0,0,0,0,0
25277,2,0,0,0,0,0
25278,5,5,5,0,0,5
25282,2,0,0,0,0,0
25280,2,0,0,0,0,0
25281,5,5,5,0,0,5
25285,2,0,0,0,0,0
25283,2,0,0,0,0,0
25284,5,5,5,0,0,5
25288,2,0,0,0,0,0
25286,2,0,0,0,0,0
25287,5,5,5,0,0,5
25291,2,0,0,0,0,0
25289,2,0,0,0,0,0
25290,5,5,5,0,0,5
25294,2,0,0,0,0,0
25292,2,0,0,0,0,0
25293,5,5,5,0,0,5
25297,2,0,0,0,0,0
25295,2,0,0,0,0,0
25296,5,5,5,0,0,5
25300,2,0,0,0,0,0
25298,2,0,0,0,0,0
25299,5,5,5,0,0,5
25303,2,0,0,0,0,0
25301,2,0,0,0,0,0
25302,5,5,5,0,0,5
25306,2,0,0,0,0,0
25304,2,0,0,0,0,0
25305,5,5,5,0,0,5
25309,2,0,0,0,0,0
25307,2,0,0,0,0,0
25308,5,5,5,0,0,5
25312,2,0,0,0,0,0
25310,2,0,0,0,0,0
25311,5,5,5,0,0,5
25315,2,0,0,0,0,0
25313,2,0,0,0,0,0
25314,5,5,5,0,0,5
25318,2,0,0,0,0,0
25316,2,0,0,0,0,0
25317,5,5,5,0,0,5
25321,2,0,0,0,0,0
25319,2,0,0,0,0,0
25320,5,5,5,0,0,5
25324,2,0,0,0,0,0
25322,2,0,0,0,0,0
25323,5,5,5,0,0,5
25327,2,0,0,0,0,0
25325,2,0,0,0,0,0
25326,5,5,5,0,0,5
25330,2,0,0,0,0,0
25328,2,0,0,0,0,0
25329,5,5,5,0,0,5
25333,2,0,0,0,0,0
25331,2,0,0,0,0,0
25332,5,5,5,0,0,5
25336,2,0,0,0,0,0
25334,2,0,0,0,0,0
25335,5,5,5,0,0,5
25339,2,0,0,0,0,0
25337,2,0,0,0,0,0
25338,5,5,5,0,0,5
25342,2,0,0,0,0,0
25340,2,0,0,0,0,0
25341,5,5,5,0,0,5
25345,2,0,0,0,0,0
25343,2,0,0,0,0,0
25344,5,5,5,0,0,5
25348,2,0,0,0,0,0
25346,2,0,0,0,0,0
25347,5,5,5,0,0,5
25351,2,0,0,0,0,0
25349,2,0,0,0,0,0
25350,5,5,5,0,0,5
25354,2,0,0,0,0,0
25352,2,0,0,0,0,0
25353,5,5,5,0,0,5
25357,2,0,0,0,0,0
25355,2,0,0,0,0,0
25356,5,5,5,0,0,5
25360,2,0,0,0,0,0
25358,2,0,0,0,0,0
25359,5,5,5,0,0,5
25363,2,0,0,0,0,0
25361,2,0,0,0,0,0
25362,5,5,5,0,0,5
25366,2,0,0,0,0,0
25364,2,0,0,0,0,0
25365,5,5,5,0,0,5
25369,2,0,0,0,0,0
25367,2,0,0,0,0,0
25368,5,5,5,0,0,5
25372,2,0,0,0,0,0
25370,2,0,0,0,0,0
25371,5,5,5,0,0,5
25375,2,0,0,0,0,0
25373,2,0,0,0,0,0
25374,5,5,5,0,0,5
25378,2,0,0,0,0,0
25376,2,0,0,0,0,0
25377,5,5,5,0,0,5
25381,2,0,0,0,0,0
25379,2,0,0,0,0,0
25380,5,5,5,0,0,5
25384,2,0,0,0,0,0
25382,2,0,0,0,0,0
25383,5,5,5,0,0,5
25387,2,0,0,0,0,0
25385,2,0,0,0,0,0
25386,5,5,5,0,0,5
25390,2,0,0,0,0,0
25388,2,0,0,0,0,0
25389,5,5,5,0,0,5
25393,2,0,0,0,0,0
25391,2,0,0,0,0,0
25392,5,5,5,0,0,5
25396,2,0,0,0,0,0
25394,2,0,0,0,0,0
25395,5,5,5,0,0,5
25399,2,0,0,0,0,0
25397,2,0,0,0,0,0
25398,5,5,5,0,0,5
25402,2,0,0,0,0,0
25400,2,0,0,0,0,0
25401,5,5,5,0,0,5
25405,2,0,0,0,0,0
25403,2,0,0,0,0,0
25404,5,5,5,0,0,5
25408,2,0,0,0,0,0
25406,2,0,0,0,0,0
25407,5,5,5,0,0,5
25411,2,0,0,0,0,0
25409,2,0,0,0,0,0
25410,5,5,5,0,0,5
25414,2,0,0,0,0,0
25412,2,0,0,0,0,0
25413,5,5,5,0,0,5
25417,2,0,0,0,0,0
25415,2,0,0,0,0,0
25416,5,5,5,0,0,5
25420,2,0,0,0,0,0
25418,2,0,0,0,0,0
25419,5,5,5,0,0,5
25423,2,0,0,0,0,0
25421,2,0,0,0,0,0
25422,5,5,5,0,0,5
25426,2,0,0,0,0,0
25424,2,0,0,0,0,0
25425,5,5,5,0,0,5
25429,2,0,0,0,0,0
25427,2,0,0,0,0,0
25428,5,5,5,0,0,5
25432,2,0,0,0,0,0
25430,2,0,0,0,0,0
25431,5,5,5,0,0,5
25435,2,0,0,0,0,0
25433,2,0,0,0,0,0
25434,5,5,5,0,0,5
25438,2,0,0,0,0,0
25436,2,0,0,0,0,0
25437,5,5,5,0,0,5
25441,2,0,0,0,0,0
25439,2,0,0,0,0,0
25440,5,5,5,0,0,5
25444,2,0,0,0,0,0
25442,2,0,0,0,0,0
25443,5,5,5,0,0,5
25447,2,0,0,0,0,0
25445,2,0,0,0,0,0
25446,5,5,5,0,0,5
25450,2,0,0,0,0,0
25448,2,0,0,0,0,0
25449,5,5,5,0,0,5
25453,2,0,0,0,0,0
25451,2,0,0,0,0,0
25452,5,5,5,0,0,5
25456,2,0,0,0,0,0
25454,2,0,0,0,0,0
25455,5,5,5,0,0,5
25459,2,0,0,0,0,0
25457,2,0,0,0,0,0
25458,5,5,5,0,0,5
25462,2,0,0,0,0,0
25460,2,0,0,0,0,0
25461,5,5,5,0,0,5
25465,2,0,0,0,0,0
25463,2,0,0,0,0,0
25464,5,5,5,0,0,5
25468,2,0,0,0,0,0
25466,2,0,0,0,0,0
25467,5,5,5,0,0,5
25471,2,0,0,0,0,0
25469,2,0,0,0,0,0
25470,5,5,5,0,0,5
25474,2,0,0,0,0,0
25472,2,0,0,0,0,0
25473,5,5,5,0,0,5
25477,2,0,0,0,0,0
25475,2,0,0,0,0,0
25476,5,5,5,0,0,5
25480,2,0,0,0,0,0
25478,2,0,0,0,0,0
25479,5,5,5,0,0,5
25483,2,0,0,0,0,0
25481,2,0,0,0,0,0
25482,5,5,5,0,0,5
25486,2,0,0,0,0,0
25484,2,0,0,0,0,0
25485,5,5,5,0,0,5
25489,2,0,0,0,0,0
25487,2,0,0,0,0,0
25488,5,5,5,0,0,5
25492,2,0,0,0,0,0
25490,2,0,0,0,0,0
25491,5,5,5,0,0,5
25495,2,0,0,0,0,0
25493,2,0,0,0,0,0
25494,5,5,5,0,0,5
25498,2,0,0,0,0,0
25496,2,0,0,0,0,0
25497,5,5,5,0,0,5
25501,2,0,0,0,0,0
25499,2,0,0,0,0,0
25500,5,5,5,0,0,5
25504,2,0,0,0,0,0
25502,2,0,0,0,0,0
25503,5,5,5,0,0,5
25507,2,0,0,0,0,0
25505,2,0,0,0,0,0
25506,5,5,5,0,0,5
25510,2,0,0,0,0,0
25508,2,0,0,0,0,0
25509,5,5,5,0,0,5
25513,2,0,0,0,0,0
25511,2,0,0,0,0,0
25512,5,5,5,0,0,5
25516,2,0,0,0,0,0
25514,2,0,0,0,0,0
25515,5,5,5,0,0,5
25519,2,0,0,0,0,0
25517,2,0,0,0,0,0
25518,5,5,5,0,0,5
25522,2,0,0,0,0,0
25520,2,0,0,0,0,0
25521,5,5,5,0,0,5
25525,2,0,0,0,0,0
25523,2,0,0,0,0,0
25524,5,5,5,0,0,5
25528,2,0,0,0,0,0
25526,2,0,0,0,0,0
25527,5,5,5,0,0,5
25531,2,0,0,0,0,0
25529,2,0,0,0,0,0
25530,5,5,5,0,0,5
25534,2,0,0,0,0,0
25532,2,0,0,0,0,0
25533,5,5,5,0,0,5
25537,2,0,0,0,0,0
25535,2,0,0,0,0,0
25536,5,5,5,0,0,5
25540,2,0,0,0,0,0
25538,2,0,0,0,0,0
25539,5,5,5,0,0,5
25543,2,0,0,0,0,0
25541,2,0,0,0,0,0
25542,5,5,5,0,0,5
25546,2,0,0,0,0,0
25544,2,0,0,0,0,0
25545,5,5,5,0,0,5
25549,2,0,0,0,0,0
25547,2,0,0,0,0,0
25548,5,5,5,0,0,5
25552,2,0,0,0,0,0
25550,2,0,0,0,0,0
25551,5,5,5,0,0,5
25555,2,0,0,0,0,0
25553,2,0,0,0,0,0
25554,5,5,5,0,0,5
25558,2,0,0,0,0,0
25556,2,0,0,0,0,0
25557,5,5,5,0,0,5
25561,2,0,0,0,0,0
25559,2,0,0,0,0,0
25560,5,5,5,0,0,5
25564,2,0,0,0,0,0
25562,2,0,0,0,0,0
25563,5,5,5,0,0,5
25567,2,0,0,0,0,0
25565,2,0,0,0,0,0
25566,5,5,5,0,0,5
25570,2,0,0,0,0,0
25568,2,0,0,0,0,0
25569,5,5,5,0,0,5
25573,2,0,0,0,0,0
25571,2,0,0,0,0,0
25572,5,5,5,0,0,5
25576,2,0,0,0,0,0
25574,2,0,0,0,0,0
25575,5,5,5,0,0,5
25579,2,0,0,0,0,0
25577,2,0,0,0,0,0
25578,5,5,5,0,0,5
25582,2,0,0,0,0,0
25580,2,0,0,0,0,0
25581,5,5,5,0,0,5
25585,2,0,0,0,0,0
25583,2,0,0,0,0,0
25584,5,5,5,0,0,5
25588,2,0,0,0,0,0
25586,2,0,0,0,0,0
25587,5,5,5,0,0,5
25591,2,0,0,0,0,0
25589,2,0,0,0,0,0
25590,5,5,5,0,0,5
25594,2,0,0,0,0,0
25592,2,0,0,0,0,0
25593,5,5,5,0,0,5
25597,2,0,0,0,0,0
25595,2,0,0,0,0,0
25596,5,5,5,0,0,5
25600,2,0,0,0,0,0
25598,2,0,0,0,0,0
25599,5,5,5,0,0,5
25603,2,0,0,0,0,0
25601,2,0,0,0,0,0
25602,5,5,5,0,0,5
25606,2,0,0,0,0,0
25604,2,0,0,0,0,0
25605,5,5,5,0,0,5
25609,2,0,0,0,0,0
25607,2,0,0,0,0,0
25608,5,5,5,0,0,5
25612,2,0,0,0,0,0
25610,2,0,0,0,0,0
25611,5,5,5,0,0,5
25615,2,0,0,0,0,0
25613,2,0,0,0,0,0
25614,5,5,5,0,0,5
25618,2,0,0,0,0,0
25616,2,0,0,0,0,0
25617,5,5,5,0,0,5
25621,2,0,0,0,0,0
25619,2,0,0,0,0,0
25620,5,5,5,0,0,5
25624,2,0,0,0,0,0
25622,2,0,0,0,0,0
25623,5,5,5,0,0,5
25627,2,0,0,0,0,0
25625,2,0,0,0,0,0
25626,5,5,5,0,0,5
25630,2,0,0,0,0,0
25628,2,0,0,0,0,0
25629,5,5,5,0,0,5
25633,2,0,0,0,0,0
25631,2,0,0,0,0,0
25632,5,5,5,0,0,5
25636,2,0,0,0,0,0
25634,2,0,0,0,0,0
25635,5,5,5,0,0,5
25639,2,0,0,0,0,0
25637,2,0,0,0,0,0
25638,5,5,5,0,0,5
25642,2,0,0,0,0,0
25640,2,0,0,0,0,0
25641,5,5,5,0,0,5
25645,2,0,0,0,0,0
25643,2,0,0,0,0,0
25644,5,5,5,0,0,5
25648,2,0,0,0,0,0
25646,2,0,0,0,0,0
25647,5,5,5,0,0,5
25651,2,0,0,0,0,0
25649,2,0,0,0,0,0
25650,5,5,5,0,0,5
25654,2,0,0,0,0,0
25652,2,0,0,0,0,0
25653,5,5,5,0,0,5
25657,2,0,0,0,0,0
25655,2,0,0,0,0,0
25656,5,5,5,0,0,5
25660,2,0,0,0,0,0
25658,2,0,0,0,0,0
25659,5,5,5,0,0,5
25663,2,0,0,0,0,0
25661,2,0,0,0,0,0
25662,5,5,5,0,0,5
25666,2,0,0,0,0,0
25664,2,0,0,0,0,0
25665,5,5,5,0,0,5
25669,2,0,0,0,0,0
25667,2,0,0,0,0,0
25668,5,5,5,0,0,5
25672,2,0,0,0,0,0
25670,2,0,0,0,0,0
25671,5,5,5,0,0,5
25675,2,0,0,0,0,0
25673,2,0,0,0,0,0
25674,5,5,5,0,0,5
25678,2,0,0,0,0,0
25676,2,0,0,0,0,0
25677,5,5,5,0,0,5
25681,2,0,0,0,0,0
25679,2,0,0,0,0,0
25680,5,5,5,0,0,5
25684,2,0,0,0,0,0
25682,2,0,0,0,0,0
25683,5,5,5,0,0,5
25687,2,0,0,0,0,0
25685,2,0,0,0,0,0
25686,5,5,5,0,0,5
25690,2,0,0,0,0,0
25688,2,0,0,0,0,0
25689,5,5,5,0,0,5
25693,2,0,0,0,0,0
25691,2,0,0,0,0,0
25692,5,5,5,0,0,5
25696,2,0,0,0,0,0
25694,2,0,0,0,0,0
25695,5,5,5,0,0,5
25699,2,0,0,0,0,0
25697,2,0,0,0,0,0
25698,5,5,5,0,0,5
25702,2,0,0,0,0,0
25700,2,0,0,0,0,0
25701,5,5,5,0,0,5
25705,2,0,0,0,0,0
25703,2,0,0,0,0,0
25704,5,5,5,0,0,5
25708,2,0,0,0,0,0
25706,2,0,0,0,0,0
25707,5,5,5,0,0,5
25711,2,0,0,0,0,0
25709,2,0,0,0,0,0
25710,5,5,5,0,0,5
25714,2,0,0,0,0,0
25712,2,0,0,0,0,0
25713,5,5,5,0,0,5
25717,2,0,0,0,0,0
25715,2,0,0,0,0,0
25716,5,5,5,0,0,5
25720,2,0,0,0,0,0
25718,2,0,0,0,0,0
25719,5,5,5,0,0,5
25723,2,0,0,0,0,0
25721,2,0,0,0,0,0
25722,5,5,5,0,0,5
25726,2,0,0,0,0,0
25724,2,0,0,0,0,0
25725,5,5,5,0,0,5
25729,2,0,0,0,0,0
25727,2,0,0,0,0,0
25728,5,5,5,0,0,5
25732,2,0,0,0,0,0
25730,2,0,0,0,0,0
25731,5,5,5,0,0,5
25735,2,0,0,0,0,0
25733,2,0,0,0,0,0
25734,5,5,5,0,0,5
25738,2,0,0,0,0,0
25736,2,0,0,0,0,0
25737,5,5,5,0,0,5
25741,2,0,0,0,0,0
25739,2,0,0,0,0,0
25740,5,5,5,0,0,5
25744,2,0,0,0,0,0
25742,2,0,0,0,0,0
25743,5,5,5,0,0,5
25747,2,0,0,0,0,0
25745,2,0,0,0,0,0
25746,5,5,5,0,0,5
25750,2,0,0,0,0,0
25748,2,0,0,0,0,0
25749,5,5,5,0,0,5
25753,2,0,0,0,0,0
25751,2,0,0,0,0,0
25752,5,5,5,0,0,5
25756,2,0,0,0,0,0
25754,2,0,0,0,0,0
25755,5,5,5,0,0,5
25759,2,0,0,0,0,0
25757,2,0,0,0,0,0
25758,5,5,5,0,0,5
25762,2,0,0,0,0,0
25760,2,0,0,0,0,0
25761,5,5,5,0,0,5
25765,2,0,0,0,0,0
25763,2,0,0,0,0,0
25764,5,5,5,0,0,5
25768,2,0,0,0,0,0
25766,2,0,0,0,0,0
25767,5,5,5,0,0,5
25771,2,0,0,0,0,0
25769,2,0,0,0,0,0
25770,5,5,5,0,0,5
25774,2,0,0,0,0,0
25772,2,0,0,0,0,0
25773,5,5,5,0,0,5
25777,2,0,0,0,0,0
25775,2,0,0,0,0,0
25776,5,5,5,0,0,5
25780,2,0,0,0,0,0
25778,2,0,0,0,0,0
25779,5,5,5,0,0,5
25783,2,0,0,0,0,0
25781,2,0,0,0,0,0
25782,5,5,5,0,0,5
25786,2,0,0,0,0,0
25784,2,0,0,0,0,0
25785,5,5,5,0,0,5
25789,2,0,0,0,0,0
25787,2,0,0,0,0,0
25788,5,5,5,0,0,5
25792,2,0,0,0,0,0
25790,2,0,0,0,0,0
25791,5,5,5,0,0,5
25795,2,0,0,0,0,0
25793,2,0,0,0,0,0
25794,5,5,5,0,0,5
25798,2,0,0,0,0,0
25796,2,0,0,0,0,0
25797,5,5,5,0,0,5
25801,2,0,0,0,0,0
25799,2,0,0,0,0,0
25800,5,5,5,0,0,5
25804,2,0,0,0,0,0
25802,2,0,0,0,0,0
25803,5,5,5,0,0,5
25807,2,0,0,0,0,0
25805,2,0,0,0,0,0
25806,5,5,5,0,0,5
25810,2,0,0,0,0,0
25808,2,0,0,0,0,0
25809,5,5,5,0,0,5
25813,2,0,0,0,0,0
25811,2,0,0,0,0,0
25812,5,5,5,0,0,5
25816,2,0,0,0,0,0
25814,2,0,0,0,0,0
25815,5,5,5,0,0,5
25819,2,0,0,0,0,0
25817,2,0,0,0,0,0
25818,5,5,5,0,0,5
25822,2,0,0,0,0,0
25820,2,0,0,0,0,0
25821,5,5,5,0,0,5
25825,2,0,0,0,0,0
25823,2,0,0,0,0,0
25824,5,5,5,0,0,5
25828,2,0,0,0,0,0
25826,2,0,0,0,0,0
25827,5,5,5,0,0,5
25831,2,0,0,0,0,0
25829,2,0,0,0,0,0
25830,5,5,5,0,0,5
25834,2,0,0,0,0,0
25832,2,0,0,0,0,0
25833,5,5,5,0,0,5
25837,2,0,0,0,0,0
25835,2,0,0,0,0,0
25836,5,5,5,0,0,5
25840,2,0,0,0,0,0
25838,2,0,0,0,0,0
25839,5,5,5,0,0,5
25843,2,0,0,0,0,0
25841,2,0,0,0,0,0
25842,5,5,5,0,0,5
25846,2,0,0,0,0,0
25844,2,0,0,0,0,0
25845,5,5,5,0,0,5
25849,2,0,0,0,0,0
25847,2,0,0,0,0,0
25848,5,5,5,0,0,5
25852,2,0,0,0,0,0
25850,2,0,0,0,0,0
25851,5,5,5,0,0,5
25855,2,0,0,0,0,0
25853,2,0,0,0,0,0
25854,5,5,5,0,0,5
25858,2,0,0,0,0,0
25856,2,0,0,0,0,0
25857,5,5,5,0,0,5
25861,2,0,0,0,0,0
25859,2,0,0,0,0,0
25860,5,5,5,0,0,5
25864,2,0,0,0,0,0
25862,2,0,0,0,0,0
25863,5,5,5,0,0,5
25867,2,0,0,0,0,0
25865,2,0,0,0,0,0
25866,5,5,5,0,0,5
25870,2,0,0,0,0,0
25868,2,0,0,0,0,0
25869,5,5,5,0,0,5
25873,2,0,0,0,0,0
25871,2,0,0,0,0,0
25872,5,5,5,0,0,5
25876,2,0,0,0,0,0
25874,2,0,0,0,0,0
25875,5,5,5,0,0,5
25879,2,0,0,0,0,0
25877,2,0,0,0,0,0
25878,5,5,5,0,0,5
25882,2,0,0,0,0,0
25880,2,0,0,0,0,0
25881,5,5,5,0,0,5
25885,2,0,0,0,0,0
25883,2,0,0,0,0,0
25884,5,5,5,0,0,5
25888,2,0,0,0,0,0
25886,2,0,0,0,0,0
25887,5,5,5,0,0,5
25891,2,0,0,0,0,0
25889,2,0,0,0,0,0
25890,5,5,5,0,0,5
25894,2,0,0,0,0,0
25892,2,0,0,0,0,0
25893,5,5,5,0,0,5
25897,2,0,0,0,0,0
25895,2,0,0,0,0,0
25896,5,5,5,0,0,5
25900,2,0,0,0,0,0
25898,2,0,0,0,0,0
25899,5,5,5,0,0,5
25903,2,0,0,0,0,0
25901,2,0,0,0,0,0
25902,5,5,5,0,0,5
25906,2,0,0,0,0,0
25904,2,0,0,0,0,0
25905,5,5,5,0,0,5
25909,2,0,0,0,0,0
25907,2,0,0,0,0,0
25908,5,5,5,0,0,5
25912,2,0,0,0,0,0
25910,2,0,0,0,0,0
25911,5,5,5,0,0,5
25915,2,0,0,0,0,0
25913,2,0,0,0,0,0
25914,5,5,5,0,0,5
25918,2,0,0,0,0,0
25916,2,0,0,0,0,0
25917,5,5,5,0,0,5
25921,2,0,0,0,0,0
25919,2,0,0,0,0,0
25920,5,5,5,0,0,5
25924,2,0,0,0,0,0
25922,2,0,0,0,0,0
25923,5,5,5,0,0,5
25927,2,0,0,0,0,0
25925,2,0,0,0,0,0
25926,5,5,5,0,0,5
25930,2,0,0,0,0,0
25928,2,0,0,0,0,0
25929,5,5,5,0,0,5
25933,2,0,0,0,0,0
25931,2,0,0,0,0,0
25932,5,5,5,0,0,5
25936,2,0,0,0,0,0
25934,2,0,0,0,0,0
25935,5,5,5,0,0,5
25939,2,0,0,0,0,0
25937,2,0,0,0,0,0
25938,5,5,5,0,0,5
25942,2,0,0,0,0,0
25940,2,0,0,0,0,0
25941,5,5,5,0,0,5
25945,2,0,0,0,0,0
25943,2,0,0,0,0,0
25944,5,5,5,0,0,5
25948,2,0,0,0,0,0
25946,2,0,0,0,0,0
25947,5,5,5,0,0,5
25951,2,0,0,0,0,0
25949,2,0,0,0,0,0
25950,5,5,5,0,0,5
25954,2,0,0,0,0,0
25952,2,0,0,0,0,0
25953,5,5,5,0,0,5
25957,2,0,0,0,0,0
25955,2,0,0,0,0,0
25956,5,5,5,0,0,5
25960,2,0,0,0,0,0
25958,2,0,0,0,0,0
25959,5,5,5,0,0,5
25963,2,0,0,0,0,0
25961,2,0,0,0,0,0
25962,5,5,5,0,0,5
25966,2,0,0,0,0,0
25964,2,0,0,0,0,0
25965,5,5,5,0,0,5
25969,2,0,0,0,0,0
25967,2,0,0,0,0,0
25968,5,5,5,0,0,5
25972,2,0,0,0,0,0
25970,2,0,0,0,0,0
25971,5,5,5,0,0,5
25975,2,0,0,0,0,0
25973,2,0,0,0,0,0
25974,5,5,5,0,0,5
25978,2,0,0,0,0,0
25976,2,0,0,0,0,0
25977,5,5,5,0,0,5
25981,2,0,0,0,0,0
25979,2,0,0,0,0,0
25980,5,5,5,0,0,5
25984,2,0,0,0,0,0
25982,2,0,0,0,0,0
25983,5,5,5,0,0,5
25987,2,0,0,0,0,0
25985,2,0,0,0,0,0
25986,5,5,5,0,0,5
25990,2,0,0,0,0,0
25988,2,0,0,0,0,0
25989,5,5,5,0,0,5
25993,2,0,0,0,0,0
25991,2,0,0,0,0,0
25992,5,5,5,0,0,5
25996,2,0,0,0,0,0
25994,2,0,0,0,0,0
25995,5,5,5,0,0,5
25999,2,0,0,0,0,0
25997,2,0,0,0,0,0
25998,5,5,5,0,0,5
26002,2,0,0,0,0,0
26000,2,0,0,0,0,0
26001,5,5,5,0,0,5
26005,2,0,0,0,0,0
26003,2,0,0,0,0,0
26004,5,5,5,0,0,5
26008,2,0,0,0,0,0
26006,2,0,0,0,0,0
26007,5,5,5,0,0,5
26011,2,0,0,0,0,0
26009,2,0,0,0,0,0
26010,5,5,5,0,0,5
26014,2,0,0,0,0,0
26012,2,0,0,0,0,0
26013,5,5,5,0,0,5
26017,2,0,0,0,0,0
26015,2,0,0,0,0,0
26016,5,5,5,0,0,5
26020,2,0,0,0,0,0
26018,2,0,0,0,0,0
26019,5,5,5,0,0,5
26023,2,0,0,0,0,0
26021,2,0,0,0,0,0
26022,5,5,5,0,0,5
26026,2,0,0,0,0,0
26024,2,0,0,0,0,0
26025,5,5,5,0,0,5
26029,2,0,0,0,0,0
26027,2,0,0,0,0,0
26028,5,5,5,0,0,5
26032,2,0,0,0,0,0
26030,2,0,0,0,0,0
26031,5,5,5,0,0,5
26035,2,0,0,0,0,0
26033,2,0,0,0,0,0
26034,5,5,5,0,0,5
26038,2,0,0,0,0,0
26036,2,0,0,0,0,0
26037,5,5,5,0,0,5
26041,2,0,0,0,0,0
26039,2,0,0,0,0,0
26040,5,5,5,0,0,5
26044,2,0,0,0,0,0
26042,2,0,0,0,0,0
26043,5,5,5,0,0,5
26047,2,0,0,0,0,0
26045,2,0,0,0,0,0
26046,5,5,5,0,0,5
26050,2,0,0,0,0,0
26048,2,0,0,0,0,0
26049,5,5,5,0,0,5
26053,2,0,0,0,0,0
26051,2,0,0,0,0,0
26052,5,5,5,0,0,5
26056,2,0,0,0,0,0
26054,2,0,0,0,0,0
26055,5,5,5,0,0,5
26059,2,0,0,0,0,0
26057,2,0,0,0,0,0
26058,5,5,5,0,0,5
26062,2,0,0,0,0,0
26060,2,0,0,0,0,0
26061,5,5,5,0,0,5
26065,2,0,0,0,0,0
26063,2,0,0,0,0,0
26064,5,5,5,0,0,5
26068,2,0,0,0,0,0
26066,2,0,0,0,0,0
26067,5,5,5,0,0,5
26071,2,0,0,0,0,0
26069,2,0,0,0,0,0
26070,5,5,5,0,0,5
26074,2,0,0,0,0,0
26072,2,0,0,0,0,0
26073,5,5,5,0,0,5
26077,2,0,0,0,0,0
26075,2,0,0,0,0,0
26076,5,5,5,0,0,5
26080,2,0,0,0,0,0
26078,2,0,0,0,0,0
26079,5,5,5,0,0,5
26083,2,0,0,0,0,0
26081,2,0,0,0,0,0
26082,5,5,5,0,0,5
26086,2,0,0,0,0,0
26084,2,0,0,0,0,0
26085,5,5,5,0,0,5
26089,2,0,0,0,0,0
26087,2,0,0,0,0,0
26088,5,5,5,0,0,5
26092,2,0,0,0,0,0
26090,2,0,0,0,0,0
26091,5,5,5,0,0,5
26095,2,0,0,0,0,0
26093,2,0,0,0,0,0
26094,5,5,5,0,0,5
26098,2,0,0,0,0,0
26096,2,0,0,0,0,0
26097,5,5,5,0,0,5
26101,2,0,0,0,0,0
26099,2,0,0,0,0,0
26100,5,5,5,0,0,5
26104,2,0,0,0,0,0
26102,2,0,0,0,0,0
26103,5,5,5,0,0,5
26107,2,0,0,0,0,0
26105,2,0,0,0,0,0
26106,5,5,5,0,0,5
26110,2,0,0,0,0,0
26108,2,0,0,0,0,0
26109,5,5,5,0,0,5
26113,2,0,0,0,0,0
26111,2,0,0,0,0,0
26112,5,5,5,0,0,5
26116,2,0,0,0,0,0
26114,2,0,0,0,0,0
26115,5,5,5,0,0,5
26119,2,0,0,0,0,0
26117,2,0,0,0,0,0
26118,5,5,5,0,0,5
26122,2,0,0,0,0,0
26120,2,0,0,0,0,0
26121,5,5,5,0,0,5
26125,2,0,0,0,0,0
26123,2,0,0,0,0,0
26124,5,5,5,0,0,5
26128,2,0,0,0,0,0
26126,2,0,0,0,0,0
26127,5,5,5,0,0,5
26131,2,0,0,0,0,0
26129,2,0,0,0,0,0
26130,5,5,5,0,0,5
26134,2,0,0,0,0,0
26132,2,0,0,0,0,0
26133,5,5,5,0,0,5
26137,2,0,0,0,0,0
26135,2,0,0,0,0,0
26136,5,5,5,0,0,5
26140,2,0,0,0,0,0
26138,2,0,0,0,0,0
26139,5,5,5,0,0,5
26143,2,0,0,0,0,0
26141,2,0,0,0,0,0
26142,5,5,5,0,0,5
26146,2,0,0,0,0,0
26144,2,0,0,0,0,0
26145,5,5,5,0,0,5
26149,2,0,0,0,0,0
26147,2,0,0,0,0,0
26148,5,5,5,0,0,5
26152,2,0,0,0,0,0
26150,2,0,0,0,0,0
26151,5,5,5,0,0,5
26155,2,0,0,0,0,0
26153,2,0,0,0,0,0
26154,5,5,5,0,0,5
26158,2,0,0,0,0,0
26156,2,0,0,0,0,0
26157,5,5,5,0,0,5
26161,2,0,0,0,0,0
26159,2,0,0,0,0,0
26160,5,5,5,0,0,5
26164,2,0,0,0,0,0
26162,2,0,0,0,0,0
26163,5,5,5,0,0,5
26167,2,0,0,0,0,0
26165,2,0,0,0,0,0
26166,5,5,5,0,0,5
26170,2,0,0,0,0,0
26168,2,0,0,0,0,0
26169,5,5,5,0,0,5
26173,2,0,0,0,0,0
26171,2,0,0,0,0,0
26172,5,5,5,0,0,5
26176,2,0,0,0,0,0
26174,2,0,0,0,0,0
26175,5,5,5,0,0,5
26179,2,0,0,0,0,0
26177,2,0,0,0,0,0
26178,5,5,5,0,0,5
26182,2,0,0,0,0,0
26180,2,0,0,0,0,0
26181,5,5,5,0,0,5
26185,2,0,0,0,0,0
26183,2,0,0,0,0,0
26184,5,5,5,0,0,5
26188,2,0,0,0,0,0
26186,2,0,0,0,0,0
26187,5,5,5,0,0,5
26191,2,0,0,0,0,0
26189,2,0,0,0,0,0
26190,5,5,5,0,0,5
26194,2,0,0,0,0,0
26192,2,0,0,0,0,0
26193,5,5,5,0,0,5
26197,2,0,0,0,0,0
26195,2,0,0,0,0,0
26196,5,5,5,0,0,5
26200,2,0,0,0,0,0
26198,2,0,0,0,0,0
26199,5,5,5,0,0,5
26203,2,0,0,0,0,0
26201,2,0,0,0,0,0
26202,5,5,5,0,0,5
26206,2,0,0,0,0,0
26204,2,0,0,0,0,0
26205,5,5,5,0,0,5
26209,2,0,0,0,0,0
26207,2,0,0,0,0,0
26208,5,5,5,0,0,5
26212,2,0,0,0,0,0
26210,2,0,0,0,0,0
26211,5,5,5,0,0,5
26215,2,0,0,0,0,0
26213,2,0,0,0,0,0
26214,5,5,5,0,0,5
26218,2,0,0,0,0,0
26216,2,0,0,0,0,0
26217,5,5,5,0,0,5
26221,2,0,0,0,0,0
26219,2,0,0,0,0,0
26220,5,5,5,0,0,5
26224,2,0,0,0,0,0
26222,2,0,0,0,0,0
26223,5,5,5,0,0,5
26227,2,0,0,0,0,0
26225,2,0,0,0,0,0
26226,5,5,5,0,0,5
26230,2,0,0,0,0,0
26228,2,0,0,0,0,0
26229,5,5,5,0,0,5
26233,2,0,0,0,0,0
26231,2,0,0,0,0,0
26232,5,5,5,0,0,5
26236,2,0,0,0,0,0
26234,2,0,0,0,0,0
26235,5,5,5,0,0,5
26239,2,0,0,0,0,0
26237,2,0,0,0,0,0
26238,5,5,5,0,0,5
26242,2,0,0,0,0,0
26240,2,0,0,0,0,0
26241,5,5,5,0,0,5
26245,2,0,0,0,0,0
26243,2,0,0,0,0,0
26244,5,5,5,0,0,5
26248,2,0,0,0,0,0
26246,2,0,0,0,0,0
26247,5,5,5,0,0,5
26251,2,0,0,0,0,0
26249,2,0,0,0,0,0
26250,5,5,5,0,0,5
26254,2,0,0,0,0,0
26252,2,0,0,0,0,0
26253,5,5,5,0,0,5
26257,2,0,0,0,0,0
26255,2,0,0,0,0,0
26256,5,5,5,0,0,5
26260,2,0,0,0,0,0
26258,2,0,0,0,0,0
26259,5,5,5,0,0,5
26263,2,0,0,0,0,0
26261,2,0,0,0,0,0
26262,5,5,5,0,0,5
26266,2,0,0,0,0,0
26264,2,0,0,0,0,0
26265,5,5,5,0,0,5
26269,2,0,0,0,0,0
26267,2,0,0,0,0,0
26268,5,5,5,0,0,5
26272,2,0,0,0,0,0
26270,2,0,0,0,0,0
26271,5,5,5,0,0,5
26275,2,0,0,0,0,0
26273,2,0,0,0,0,0
26274,5,5,5,0,0,5
26278,2,0,0,0,0,0
26276,2,0,0,0,0,0
26277,5,5,5,0,0,5
26281,2,0,0,0,0,0
26279,2,0,0,0,0,0
26280,5,5,5,0,0,5
26284,2,0,0,0,0,0
26282,2,0,0,0,0,0
26283,5,5,5,0,0,5
26287,2,0,0,0,0,0
26285,2,0,0,0,0,0
26286,5,5,5,0,0,5
26290,2,0,0,0,0,0
26288,2,0,0,0,0,0
26289,5,5,5,0,0,5
26293,2,0,0,0,0,0
26291,2,0,0,0,0,0
26292,5,5,5,0,0,5
26296,2,0,0,0,0,0
26294,2,0,0,0,0,0
26295,5,5,5,0,0,5
26299,2,0,0,0,0,0
26297,2,0,0,0,0,0
26298,5,5,5,0,0,5
26302,2,0,0,0,0,0
26300,2,0,0,0,0,0
26301,5,5,5,0,0,5
26305,2,0,0,0,0,0
26303,2,0,0,0,0,0
26304,5,5,5,0,0,5
26308,2,0,0,0,0,0
26306,2,0,0,0,0,0
26307,5,5,5,0,0,5
26311,2,0,0,0,0,0
26309,2,0,0,0,0,0
26310,5,5,5,0,0,5
26314,2,0,0,0,0,0
26312,2,0,0,0,0,0
26313,5,5,5,0,0,5
26317,2,0,0,0,0,0
26315,2,0,0,0,0,0
26316,5,5,5,0,0,5
26320,2,0,0,0,0,0
26318,2,0,0,0,0,0
26319,5,5,5,0,0,5
26323,2,0,0,0,0,0
26321,2,0,0,0,0,0
26322,5,5,5,0,0,5
26326,2,0,0,0,0,0
26324,2,0,0,0,0,0
26325,5,5,5,0,0,5
26329,2,0,0,0,0,0
26327,2,0,0,0,0,0
26328,5,5,5,0,0,5
26332,2,0,0,0,0,0
26330,2,0,0,0,0,0
26331,5,5,5,0,0,5
26335,2,0,0,0,0,0
26333,2,0,0,0,0,0
26334,5,5,5,0,0,5
26338,2,0,0,0,0,0
26336,2,0,0,0,0,0
26337,5,5,5,0,0,5
26341,2,0,0,0,0,0
26339,2,0,0,0,0,0
26340,5,5,5,0,0,5
26344,2,0,0,0,0,0
26342,2,0,0,0,0,0
26343,5,5,5,0,0,5
26347,2,0,0,0,0,0
26345,2,0,0,0,0,0
26346,5,5,5,0,0,5
26350,2,0,0,0,0,0
26348,2,0,0,0,0,0
26349,5,5,5,0,0,5
26353,2,0,0,0,0,0
26351,2,0,0,0,0,0
26352,5,5,5,0,0,5
26356,2,0,0,0,0,0
26354,2,0,0,0,0,0
26355,5,5,5,0,0,5
26359,2,0,0,0,0,0
26357,2,0,0,0,0,0
26358,5,5,5,0,0,5
26362,2,0,0,0,0,0
26360,2,0,0,0,0,0
26361,5,5,5,0,0,5
26365,2,0,0,0,0,0
26363,2,0,0,0,0,0
26364,5,5,5,0,0,5
26368,2,0,0,0,0,0
26366,2,0,0,0,0,0
26367,5,5,5,0,0,5
26371,2,0,0,0,0,0
26369,2,0,0,0,0,0
26370,5,5,5,0,0,5
26374,2,0,0,0,0,0
26372,2,0,0,0,0,0
26373,5,5,5,0,0,5
26377,2,0,0,0,0,0
26375,2,0,0,0,0,0
26376,5,5,5,0,0,5
26380,2,0,0,0,0,0
26378,2,0,0,0,0,0
26379,5,5,5,0,0,5
26383,2,0,0,0,0,0
26381,2,0,0,0,0,0
26382,5,5,5,0,0,5
26386,2,0,0,0,0,0
26384,2,0,0,0,0,0
26385,5,5,5,0,0,5
26389,2,0,0,0,0,0
26387,2,0,0,0,0,0
26388,5,5,5,0,0,5
26392,2,0,0,0,0,0
26390,2,0,0,0,0,0
26391,5,5,5,0,0,5
26395,2,0,0,0,0,0
26393,2,0,0,0,0,0
26394,5,5,5,0,0,5
26398,2,0,0,0,0,0
26396,2,0,0,0,0,0
26397,5,5,5,0,0,5
26401,2,0,0,0,0,0
26399,2,0,0,0,0,0
26400,5,5,5,0,0,5
26404,2,0,0,0,0,0
26402,2,0,0,0,0,0
26403,5,5,5,0,0,5
26407,2,0,0,0,0,0
26405,2,0,0,0,0,0
26406,5,5,5,0,0,5
26410,2,0,0,0,0,0
26408,2,0,0,0,0,0
26409,5,5,5,0,0,5
26413,2,0,0,0,0,0
26411,2,0,0,0,0,0
26412,5,5,5,0,0,5
26416,2,0,0,0,0,0
26414,2,0,0,0,0,0
26415,5,5,5,0,0,5
26419,2,0,0,0,0,0
26417,2,0,0,0,0,0
26418,5,5,5,0,0,5
26422,2,0,0,0,0,0
26420,2,0,0,0,0,0
26421,5,5,5,0,0,5
26425,2,0,0,0,0,0
26423,2,0,0,0,0,0
26424,5,5,5,0,0,5
26428,2,0,0,0,0,0
26426,2,0,0,0,0,0
26427,5,5,5,0,0,5
26431,2,0,0,0,0,0
26429,2,0,0,0,0,0
26430,5,5,5,0,0,5
26434,2,0,0,0,0,0
26432,2,0,0,0,0,0
26433,5,5,5,0,0,5
26437,2,0,0,0,0,0
26435,2,0,0,0,0,0
26436,5,5,5,0,0,5
26440,2,0,0,0,0,0
26438,2,0,0,0,0,0
26439,5,5,5,0,0,5
26443,2,0,0,0,0,0
26441,2,0,0,0,0,0
26442,5,5,5,0,0,5
26446,2,0,0,0,0,0
26444,2,0,0,0,0,0
26445,5,5,5,0,0,5
26449,2,0,0,0,0,0
26447,2,0,0,0,0,0
26448,5,5,5,0,0,5
26452,2,0,0,0,0,0
26450,2,0,0,0,0,0
26451,5,5,5,0,0,5
26455,2,0,0,0,0,0
26453,2,0,0,0,0,0
26454,5,5,5,0,0,5
26458,2,0,0,0,0,0
26456,2,0,0,0,0,0
26457,5,5,5,0,0,5
26461,2,0,0,0,0,0
26459,2,0,0,0,0,0
26460,5,5,5,0,0,5
26464,2,0,0,0,0,0
26462,2,0,0,0,0,0
26463,5,5,5,0,0,5
26467,2,0,0,0,0,0
26465,2,0,0,0,0,0
26466,5,5,5,0,0,5
26470,2,0,0,0,0,0
26468,2,0,0,0,0,0
26469,5,5,5,0,0,5
26473,2,0,0,0,0,0
26471,2,0,0,0,0,0
26472,5,5,5,0,0,5
26476,2,0,0,0,0,0
26474,2,0,0,0,0,0
26475,5,5,5,0,0,5
26479,2,0,0,0,0,0
26477,2,0,0,0,0,0
26478,5,5,5,0,0,5
26482,2,0,0,0,0,0
26480,2,0,0,0,0,0
26481,5,5,5,0,0,5
26485,2,0,0,0,0,0
26483,2,0,0,0,0,0
26484,5,5,5,0,0,5
26488,2,0,0,0,0,0
26486,2,0,0,0,0,0
26487,5,5,5,0,0,5
26491,2,0,0,0,0,0
26489,2,0,0,0,0,0
26490,5,5,5,0,0,5
26494,2,0,0,0,0,0
26492,2,0,0,0,0,0
26493,5,5,5,0,0,5
26497,2,0,0,0,0,0
26495,2,0,0,0,0,0
26496,5,5,5,0,0,5
26500,2,0,0,0,0,0
26498,2,0,0,0,0,0
26499,5,5,5,0,0,5
26503,2,0,0,0,0,0
26501,2,0,0,0,0,0
26502,5,5,5,0,0,5
26506,2,0,0,0,0,0
26504,2,0,0,0,0,0
26505,5,5,5,0,0,5
26509,2,0,0,0,0,0
26507,2,0,0,0,0,0
26508,5,5,5,0,0,5
26512,2,0,0,0,0,0
26510,2,0,0,0,0,0
26511,5,5,5,0,0,5
26515,2,0,0,0,0,0
26513,2,0,0,0,0,0
26514,5,5,5,0,0,5
26518,2,0,0,0,0,0
26516,2,0,0,0,0,0
26517,5,5,5,0,0,5
26521,2,0,0,0,0,0
26519,2,0,0,0,0,0
26520,5,5,5,0,0,5
26524,2,0,0,0,0,0
26522,2,0,0,0,0,0
26523,5,5,5,0,0,5
26527,2,0,0,0,0,0
26525,2,0,0,0,0,0
26526,5,5,5,0,0,5
26530,2,0,0,0,0,0
26528,2,0,0,0,0,0
26529,5,5,5,0,0,5
26533,2,0,0,0,0,0
26531,2,0,0,0,0,0
26532,5,5,5,0,0,5
26536,2,0,0,0,0,0
26534,2,0,0,0,0,0
26535,5,5,5,0,0,5
26539,2,0,0,0,0,0
26537,2,0,0,0,0,0
26538,5,5,5,0,0,5
26542,2,0,0,0,0,0
26540,2,0,0,0,0,0
26541,5,5,5,0,0,5
26545,2,0,0,0,0,0
26543,2,0,0,0,0,0
26544,5,5,5,0,0,5
26548,2,0,0,0,0,0
26546,2,0,0,0,0,0
26547,5,5,5,0,0,5
26551,2,0,0,0,0,0
26549,2,0,0,0,0,0
26550,5,5,5,0,0,5
26554,2,0,0,0,0,0
26552,2,0,0,0,0,0
26553,5,5,5,0,0,5
26557,2,0,0,0,0,0
26555,2,0,0,0,0,0
26556,5,5,5,0,0,5
26560,2,0,0,0,0,0
26558,2,0,0,0,0,0
26559,5,5,5,0,0,5
26563,2,0,0,0,0,0
26561,2,0,0,0,0,0
26562,5,5,5,0,0,5
26566,2,0,0,0,0,0
26564,2,0,0,0,0,0
26565,5,5,5,0,0,5
26569,2,0,0,0,0,0
26567,2,0,0,0,0,0
26568,5,5,5,0,0,5
26572,2,0,0,0,0,0
26570,2,0,0,0,0,0
26571,5,5,5,0,0,5
26575,2,0,0,0,0,0
26573,2,0,0,0,0,0
26574,5,5,5,0,0,5
26578,2,0,0,0,0,0
26576,2,0,0,0,0,0
26577,5,5,5,0,0,5
26581,2,0,0,0,0,0
26579,2,0,0,0,0,0
26580,5,5,5,0,0,5
26584,2,0,0,0,0,0
26582,2,0,0,0,0,0
26583,5,5,5,0,0,5
26587,2,0,0,0,0,0
26585,2,0,0,0,0,0
26586,5,5,5,0,0,5
26590,2,0,0,0,0,0
26588,2,0,0,0,0,0
26589,5,5,5,0,0,5
26593,2,0,0,0,0,0
26591,2,0,0,0,0,0
26592,5,5,5,0,0,5
26596,2,0,0,0,0,0
26594,2,0,0,0,0,0
26595,5,5,5,0,0,5
26599,2,0,0,0,0,0
26597,2,0,0,0,0,0
26598,5,5,5,0,0,5
26602,2,0,0,0,0,0
26600,2,0,0,0,0,0
26601,5,5,5,0,0,5
26605,2,0,0,0,0,0
26603,2,0,0,0,0,0
26604,5,5,5,0,0,5
26608,2,0,0,0,0,0
26606,2,0,0,0,0,0
26607,5,5,5,0,0,5
26611,2,0,0,0,0,0
26609,2,0,0,0,0,0
26610,5,5,5,0,0,5
26614,2,0,0,0,0,0
26612,2,0,0,0,0,0
26613,5,5,5,0,0,5
26617,2,0,0,0,0,0
26615,2,0,0,0,0,0
26616,5,5,5,0,0,5
26620,2,0,0,0,0,0
26618,2,0,0,0,0,0
26619,5,5,5,0,0,5
26623,2,0,0,0,0,0
26621,2,0,0,0,0,0
26622,5,5,5,0,0,5
26626,2,0,0,0,0,0
26624,2,0,0,0,0,0
26625,5,5,5,0,0,5
26629,2,0,0,0,0,0
26627,2,0,0,0,0,0
26628,5,5,5,0,0,5
26632,2,0,0,0,0,0
26630,2,0,0,0,0,0
26631,5,5,5,0,0,5
26635,2,0,0,0,0,0
26633,2,0,0,0,0,0
26634,5,5,5,0,0,5
26638,2,0,0,0,0,0
26636,2,0,0,0,0,0
26637,5,5,5,0,0,5
26641,2,0,0,0,0,0
26639,2,0,0,0,0,0
26640,5,5,5,0,0,5
26644,2,0,0,0,0,0
26642,2,0,0,0,0,0
26643,5,5,5,0,0,5
26647,2,0,0,0,0,0
26645,2,0,0,0,0,0
26646,5,5,5,0,0,5
26650,2,0,0,0,0,0
26648,2,0,0,0,0,0
26649,5,5,5,0,0,5
26653,2,0,0,0,0,0
26651,2,0,0,0,0,0
26652,5,5,5,0,0,5
26656,2,0,0,0,0,0
26654,2,0,0,0,0,0
26655,5,5,5,0,0,5
26659,2,0,0,0,0,0
26657,2,0,0,0,0,0
26658,5,5,5,0,0,5
26662,2,0,0,0,0,0
26660,2,0,0,0,0,0
26661,5,5,5,0,0,5
26665,2,0,0,0,0,0
26663,2,0,0,0,0,0
26664,5,5,5,0,0,5
26668,2,0,0,0,0,0
26666,2,0,0,0,0,0
26667,5,5,5,0,0,5
26671,2,0,0,0,0,0
26669,2,0,0,0,0,0
26670,5,5,5,0,0,5
26674,2,0,0,0,0,0
26672,2,0,0,0,0,0
26673,5,5,5,0,0,5
26677,2,0,0,0,0,0
26675,2,0,0,0,0,0
26676,5,5,5,0,0,5
26680,2,0,0,0,0,0
26678,2,0,0,0,0,0
26679,5,5,5,0,0,5
26683,2,0,0,0,0,0
26681,2,0,0,0,0,0
26682,5,5,5,0,0,5
26686,2,0,0,0,0,0
26684,2,0,0,0,0,0
26685,5,5,5,0,0,5
26689,2,0,0,0,0,0
26687,2,0,0,0,0,0
26688,5,5,5,0,0,5
26692,2,0,0,0,0,0
26690,2,0,0,0,0,0
26691,5,5,5,0,0,5
26695,2,0,0,0,0,0
26693,2,0,0,0,0,0
26694,5,5,5,0,0,5
26698,2,0,0,0,0,0
26696,2,0,0,0,0,0
26697,5,5,5,0,0,5
26701,2,0,0,0,0,0
26699,2,0,0,0,0,0
26700,5,5,5,0,0,5
26704,2,0,0,0,0,0
26702,2,0,0,0,0,0
26703,5,5,5,0,0,5
26707,2,0,0,0,0,0
26705,2,0,0,0,0,0
26706,5,5,5,0,0,5
26710,2,0,0,0,0,0
26708,2,0,0,0,0,0
26709,5,5,5,0,0,5
26713,2,0,0,0,0,0
26711,2,0,0,0,0,0
26712,5,5,5,0,0,5
26716,2,0,0,0,0,0
26714,2,0,0,0,0,0
26715,5,5,5,0,0,5
26719,2,0,0,0,0,0
26717,2,0,0,0,0,0
26718,5,5,5,0,0,5
26722,2,0,0,0,0,0
26720,2,0,0,0,0,0
26721,5,5,5,0,0,5
26725,2,0,0,0,0,0
26723,2,0,0,0,0,0
26724,5,5,5,0,0,5
26728,2,0,0,0,0,0
26726,2,0,0,0,0,0
26727,5,5,5,0,0,5
26731,2,0,0,0,0,0
26729,2,0,0,0,0,0
26730,5,5,5,0,0,5
26734,2,0,0,0,0,0
26732,2,0,0,0,0,0
26733,5,5,5,0,0,5
26737,2,0,0,0,0,0
26735,2,0,0,0,0,0
26736,5,5,5,0,0,5
26740,2,0,0,0,0,0
26738,2,0,0,0,0,0
26739,5,5,5,0,0,5
26743,2,0,0,0,0,0
26741,2,0,0,0,0,0
26742,5,5,5,0,0,5
26746,2,0,0,0,0,0
26744,2,0,0,0,0,0
26745,5,5,5,0,0,5
26749,2,0,0,0,0,0
26747,2,0,0,0,0,0
26748,5,5,5,0,0,5
26752,2,0,0,0,0,0
26750,2,0,0,0,0,0
26751,5,5,5,0,0,5
26755,2,0,0,0,0,0
26753,2,0,0,0,0,0
26754,5,5,5,0,0,5
26758,2,0,0,0,0,0
26756,2,0,0,0,0,0
26757,5,5,5,0,0,5
26761,2,0,0,0,0,0
26759,2,0,0,0,0,0
26760,5,5,5,0,0,5
26764,2,0,0,0,0,0
26762,2,0,0,0,0,0
26763,5,5,5,0,0,5
26767,2,0,0,0,0,0
26765,2,0,0,0,0,0
26766,5,5,5,0,0,5
26770,2,0,0,0,0,0
26768,2,0,0,0,0,0
26769,5,5,5,0,0,5
26773,2,0,0,0,0,0
26771,2,0,0,0,0,0
26772,5,5,5,0,0,5
26776,2,0,0,0,0,0
26774,2,0,0,0,0,0
26775,5,5,5,0,0,5
26779,2,0,0,0,0,0
26777,2,0,0,0,0,0
26778,5,5,5,0,0,5
26782,2,0,0,0,0,0
26780,2,0,0,0,0,0
26781,5,5,5,0,0,5
26785,2,0,0,0,0,0
26783,2,0,0,0,0,0
26784,5,5,5,0,0,5
26788,2,0,0,0,0,0
26786,2,0,0,0,0,0
26787,5,5,5,0,0,5
26791,2,0,0,0,0,0
26789,2,0,0,0,0,0
26790,5,5,5,0,0,5
26794,2,0,0,0,0,0
26792,2,0,0,0,0,0
26793,5,5,5,0,0,5
26797,2,0,0,0,0,0
26795,2,0,0,0,0,0
26796,5,5,5,0,0,5
26800,2,0,0,0,0,0
26798,2,0,0,0,0,0
26799,5,5,5,0,0,5
26803,2,0,0,0,0,0
26801,2,0,0,0,0,0
26802,5,5,5,0,0,5
26806,2,0,0,0,0,0
26804,2,0,0,0,0,0
26805,5,5,5,0,0,5
26809,2,0,0,0,0,0
26807,2,0,0,0,0,0
26808,5,5,5,0,0,5
26812,2,0,0,0,0,0
26810,2,0,0,0,0,0
26811,5,5,5,0,0,5
26815,2,0,0,0,0,0
26813,2,0,0,0,0,0
26814,5,5,5,0,0,5
26818,2,0,0,0,0,0
26816,2,0,0,0,0,0
26817,5,5,5,0,0,5
26821,2,0,0,0,0,0
26819,2,0,0,0,0,0
26820,5,5,5,0,0,5
26824,2,0,0,0,0,0
26822,2,0,0,0,0,0
26823,5,5,5,0,0,5
26827,2,0,0,0,0,0
26825,2,0,0,0,0,0
26826,5,5,5,0,0,5
26830,2,0,0,0,0,0
26828,2,0,0,0,0,0
26829,5,5,5,0,0,5
26833,2,0,0,0,0,0
26831,2,0,0,0,0,0
26832,5,5,5,0,0,5
26836,2,0,0,0,0,0
26834,2,0,0,0,0,0
26835,5,5,5,0,0,5
26839,2,0,0,0,0,0
26837,2,0,0,0,0,0
26838,5,5,5,0,0,5
26842,2,0,0,0,0,0
26840,2,0,0,0,0,0
26841,5,5,5,0,0,5
26845,2,0,0,0,0,0
26843,2,0,0,0,0,0
26844,5,5,5,0,0,5
26848,2,0,0,0,0,0
26846,2,0,0,0,0,0
26847,5,5,5,0,0,5
26851,2,0,0,0,0,0
26849,2,0,0,0,0,0
26850,5,5,5,0,0,5
26854,2,0,0,0,0,0
26852,2,0,0,0,0,0
26853,5,5,5,0,0,5
26857,2,0,0,0,0,0
26855,2,0,0,0,0,0
26856,5,5,5,0,0,5
26860,2,0,0,0,0,0
26858,2,0,0,0,0,0
26859,5,5,5,0,0,5
26863,2,0,0,0,0,0
26861,2,0,0,0,0,0
26862,5,5,5,0,0,5
26866,2,0,0,0,0,0
26864,2,0,0,0,0,0
26865,5,5,5,0,0,5
26869,2,0,0,0,0,0
26867,2,0,0,0,0,0
26868,5,5,5,0,0,5
26872,2,0,0,0,0,0
26870,2,0,0,0,0,0
26871,5,5,5,0,0,5
26875,2,0,0,0,0,0
26873,2,0,0,0,0,0
26874,5,5,5,0,0,5
26878,2,0,0,0,0,0
26876,2,0,0,0,0,0
26877,5,5,5,0,0,5
26881,2,0,0,0,0,0
26879,2,0,0,0,0,0
26880,5,5,5,0,0,5
26884,2,0,0,0,0,0
26882,2,0,0,0,0,0
26883,5,5,5,0,0,5
26887,2,0,0,0,0,0
26885,2,0,0,0,0,0
26886,5,5,5,0,0,5
26890,2,0,0,0,0,0
26888,2,0,0,0,0,0
26889,5,5,5,0,0,5
26893,2,0,0,0,0,0
26891,2,0,0,0,0,0
26892,5,5,5,0,0,5
26896,2,0,0,0,0,0
26894,2,0,0,0,0,0
26895,5,5,5,0,0,5
26899,2,0,0,0,0,0
26897,2,0,0,0,0,0
26898,5,5,5,0,0,5
26902,2,0,0,0,0,0
26900,2,0,0,0,0,0
26901,5,5,5,0,0,5
26905,2,0,0,0,0,0
26903,2,0,0,0,0,0
26904,5,5,5,0,0,5
26908,2,0,0,0,0,0
26906,2,0,0,0,0,0
26907,5,5,5,0,0,5
26911,2,0,0,0,0,0
26909,2,0,0,0,0,0
26910,5,5,5,0,0,5
26914,2,0,0,0,0,0
26912,2,0,0,0,0,0
26913,5,5,5,0,0,5
26917,2,0,0,0,0,0
26915,2,0,0,0,0,0
26916,5,5,5,0,0,5
26920,2,0,0,0,0,0
26918,2,0,0,0,0,0
26919,5,5,5,0,0,5
26923,2,0,0,0,0,0
26921,2,0,0,0,0,0
26922,5,5,5,0,0,5
26926,2,0,0,0,0,0
26924,2,0,0,0,0,0
26925,5,5,5,0,0,5
26929,2,0,0,0,0,0
26927,2,0,0,0,0,0
26928,5,5,5,0,0,5
26932,2,0,0,0,0,0
26930,2,0,0,0,0,0
26931,5,5,5,0,0,5
26935,2,0,0,0,0,0
26933,2,0,0,0,0,0
26934,5,5,5,0,0,5
26938,2,0,0,0,0,0
26936,2,0,0,0,0,0
26937,5,5,5,0,0,5
26941,2,0,0,0,0,0
26939,2,0,0,0,0,0
26940,5,5,5,0,0,5
26944,2,0,0,0,0,0
26942,2,0,0,0,0,0
26943,5,5,5,0,0,5
26947,2,0,0,0,0,0
26945,2,0,0,0,0,0
26946,5,5,5,0,0,5
26950,2,0,0,0,0,0
26948,2,0,0,0,0,0
26949,5,5,5,0,0,5
26953,2,0,0,0,0,0
26951,2,0,0,0,0,0
26952,5,5,5,0,0,5
26956,2,0,0,0,0,0
26954,2,0,0,0,0,0
26955,5,5,5,0,0,5
26959,2,0,0,0,0,0
26957,2,0,0,0,0,0
26958,5,5,5,0,0,5
26962,2,0,0,0,0,0
26960,2,0,0,0,0,0
26961,5,5,5,0,0,5
26965,2,0,0,0,0,0
26963,2,0,0,0,0,0
26964,5,5,5,0,0,5
26968,2,0,0,0,0,0
26966,2,0,0,0,0,0
26967,5,5,5,0,0,5
26971,2,0,0,0,0,0
26969,2,0,0,0,0,0
26970,5,5,5,0,0,5
26974,2,0,0,0,0,0
26972,2,0,0,0,0,0
26973,5,5,5,0,0,5
26977,2,0,0,0,0,0
26975,2,0,0,0,0,0
26976,5,5,5,0,0,5
26980,2,0,0,0,0,0
26978,2,0,0,0,0,0
26979,5,5,5,0,0,5
26983,2,0,0,0,0,0
26981,2,0,0,0,0,0
26982,5,5,5,0,0,5
26986,2,0,0,0,0,0
26984,2,0,0,0,0,0
26985,5,5,5,0,0,5
26989,2,0,0,0,0,0
26987,2,0,0,0,0,0
26988,5,5,5,0,0,5
26992,2,0,0,0,0,0
26990,2,0,0,0,0,0
26991,5,5,5,0,0,5
26995,2,0,0,0,0,0
26993,2,0,0,0,0,0
26994,5,5,5,0,0,5
26998,2,0,0,0,0,0
26996,2,0,0,0,0,0
26997,5,5,5,0,0,5
27001,2,0,0,0,0,0
26999,2,0,0,0,0,0
27000,5,5,5,0,0,5
27004,2,0,0,0,0,0
27002,2,0,0,0,0,0
27003,5,5,5,0,0,5
27007,2,0,0,0,0,0
27005,2,0,0,0,0,0
27006,5,5,5,0,0,5
27010,2,0,0,0,0,0
27008,2,0,0,0,0,0
27009,5,5,5,0,0,5
27013,2,0,0,0,0,0
27011,2,0,0,0,0,0
27012,5,5,5,0,0,5
27016,2,0,0,0,0,0
27014,2,0,0,0,0,0
27015,5,5,5,0,0,5
27019,2,0,0,0,0,0
27017,2,0,0,0,0,0
27018,5,5,5,0,0,5
27022,2,0,0,0,0,0
27020,2,0,0,0,0,0
27021,5,5,5,0,0,5
27025,2,0,0,0,0,0
27023,2,0,0,0,0,0
27024,5,5,5,0,0,5
27028,2,0,0,0,0,0
27026,2,0,0,0,0,0
27027,5,5,5,0,0,5
27031,2,0,0,0,0,0
27029,2,0,0,0,0,0
27030,5,5,5,0,0,5
27034,2,0,0,0,0,0
27032,2,0,0,0,0,0
27033,5,5,5,0,0,5
27037,2,0,0,0,0,0
27035,2,0,0,0,0,0
27036,5,5,5,0,0,5
27040,2,0,0,0,0,0
27038,2,0,0,0,0,0
27039,5,5,5,0,0,5
27043,2,0,0,0,0,0
27041,2,0,0,0,0,0
27042,5,5,5,0,0,5
27046,2,0,0,0,0,0
27044,2,0,0,0,0,0
27045,5,5,5,0,0,5
27049,2,0,0,0,0,0
27047,2,0,0,0,0,0
27048,5,5,5,0,0,5
27052,2,0,0,0,0,0
27050,2,0,0,0,0,0
27051,5,5,5,0,0,5
27055,2,0,0,0,0,0
27053,2,0,0,0,0,0
27054,5,5,5,0,0,5
27058,2,0,0,0,0,0
27056,2,0,0,0,0,0
27057,5,5,5,0,0,5
27061,2,0,0,0,0,0
27059,2,0,0,0,0,0
27060,5,5,5,0,0,5
27064,2,0,0,0,0,0
27062,2,0,0,0,0,0
27063,5,5,5,0,0,5
27067,2,0,0,0,0,0
27065,2,0,0,0,0,0
27066,5,5,5,0,0,5
27070,2,0,0,0,0,0
27068,2,0,0,0,0,0
27069,5,5,5,0,0,5
27073,2,0,0,0,0,0
27071,2,0,0,0,0,0
27072,5,5,5,0,0,5
27076,2,0,0,0,0,0
27074,2,0,0,0,0,0
27075,5,5,5,0,0,5
27079,2,0,0,0,0,0
27077,2,0,0,0,0,0
27078,5,5,5,0,0,5
27082,2,0,0,0,0,0
27080,2,0,0,0,0,0
27081,5,5,5,0,0,5
27085,2,0,0,0,0,0
27083,2,0,0,0,0,0
27084,5,5,5,0,0,5
27088,2,0,0,0,0,0
27086,2,0,0,0,0,0
27087,5,5,5,0,0,5
27091,2,0,0,0,0,0
27089,2,0,0,0,0,0
27090,5,5,5,0,0,5
27094,2,0,0,0,0,0
27092,2,0,0,0,0,0
27093,5,5,5,0,0,5
27097,2,0,0,0,0,0
27095,2,0,0,0,0,0
27096,5,5,5,0,0,5
27100,2,0,0,0,0,0
27098,2,0,0,0,0,0
27099,5,5,5,0,0,5
27103,2,0,0,0,0,0
27101,2,0,0,0,0,0
27102,5,5,5,0,0,5
27106,2,0,0,0,0,0
27104,2,0,0,0,0,0
27105,5,5,5,0,0,5
27109,2,0,0,0,0,0
27107,2,0,0,0,0,0
27108,5,5,5,0,0,5
27112,2,0,0,0,0,0
27110,2,0,0,0,0,0
27111,5,5,5,0,0,5
27115,2,0,0,0,0,0
27113,2,0,0,0,0,0
27114,5,5,5,0,0,5
27118,2,0,0,0,0,0
27116,2,0,0,0,0,0
27117,5,5,5,0,0,5
27121,2,0,0,0,0,0
27119,2,0,0,0,0,0
27120,5,5,5,0,0,5
27124,2,0,0,0,0,0
27122,2,0,0,0,0,0
27123,5,5,5,0,0,5
27127,2,0,0,0,0,0
27125,2,0,0,0,0,0
27126,5,5,5,0,0,5
27130,2,0,0,0,0,0
27128,2,0,0,0,0,0
27129,5,5,5,0,0,5
27133,2,0,0,0,0,0
27131,2,0,0,0,0,0
27132,5,5,5,0,0,5
27136,2,0,0,0,0,0
27134,2,0,0,0,0,0
27135,5,5,5,0,0,5
27139,2,0,0,0,0,0
27137,2,0,0,0,0,0
27138,5,5,5,0,0,5
27142,2,0,0,0,0,0
27140,2,0,0,0,0,0
27141,5,5,5,0,0,5
27145,2,0,0,0,0,0
27143,2,0,0,0,0,0
27144,5,5,5,0,0,5
27148,2,0,0,0,0,0
27146,2,0,0,0,0,0
27147,5,5,5,0,0,5
27151,2,0,0,0,0,0
27149,2,0,0,0,0,0
27150,5,5,5,0,0,5
27154,2,0,0,0,0,0
27152,2,0,0,0,0,0
27153,5,5,5,0,0,5
27157,2,0,0,0,0,0
27155,2,0,0,0,0,0
27156,5,5,5,0,0,5
27160,2,0,0,0,0,0
27158,2,0,0,0,0,0
27159,5,5,5,0,0,5
27163,2,0,0,0,0,0
27161,2,0,0,0,0,0
27162,5,5,5,0,0,5
27166,2,0,0,0,0,0
27164,2,0,0,0,0,0
27165,5,5,5,0,0,5
27169,2,0,0,0,0,0
27167,2,0,0,0,0,0
27168,5,5,5,0,0,5
27172,2,0,0,0,0,0
27170,2,0,0,0,0,0
27171,5,5,5,0,0,5
27175,2,0,0,0,0,0
27173,2,0,0,0,0,0
27174,5,5,5,0,0,5
27178,2,0,0,0,0,0
27176,2,0,0,0,0,0
27177,5,5,5,0,0,5
27181,2,0,0,0,0,0
27179,2,0,0,0,0,0
27180,5,5,5,0,0,5
27184,2,0,0,0,0,0
27182,2,0,0,0,0,0
27183,5,5,5,0,0,5
27187,2,0,0,0,0,0
27185,2,0,0,0,0,0
27186,5,5,5,0,0,5
27190,2,0,0,0,0,0
27188,2,0,0,0,0,0
27189,5,5,5,0,0,5
27193,2,0,0,0,0,0
27191,2,0,0,0,0,0
27192,5,5,5,0,0,5
27196,2,0,0,0,0,0
27194,2,0,0,0,0,0
27195,5,5,5,0,0,5
27199,2,0,0,0,0,0
27197,2,0,0,0,0,0
27198,5,5,5,0,0,5
27202,2,0,0,0,0,0
27200,2,0,0,0,0,0
27201,5,5,5,0,0,5
27205,2,0,0,0,0,0
27203,2,0,0,0,0,0
27204,5,5,5,0,0,5
27208,2,0,0,0,0,0
27206,2,0,0,0,0,0
27207,5,5,5,0,0,5
27211,2,0,0,0,0,0
27209,2,0,0,0,0,0
27210,5,5,5,0,0,5
27214,2,0,0,0,0,0
27212,2,0,0,0,0,0
27213,5,5,5,0,0,5
27217,2,0,0,0,0,0
27215,2,0,0,0,0,0
27216,5,5,5,0,0,5
27220,2,0,0,0,0,0
27218,2,0,0,0,0,0
27219,5,5,5,0,0,5
27223,2,0,0,0,0,0
27221,2,0,0,0,0,0
27222,5,5,5,0,0,5
27226,2,0,0,0,0,0
27224,2,0,0,0,0,0
27225,5,5,5,0,0,5
27229,2,0,0,0,0,0
27227,2,0,0,0,0,0
27228,5,5,5,0,0,5
27232,2,0,0,0,0,0
27230,2,0,0,0,0,0
27231,5,5,5,0,0,5
27235,2,0,0,0,0,0
27233,2,0,0,0,0,0
27234,5,5,5,0,0,5
27238,2,0,0,0,0,0
27236,2,0,0,0,0,0
27237,5,5,5,0,0,5
27241,2,0,0,0,0,0
27239,2,0,0,0,0,0
27240,5,5,5,0,0,5
27244,2,0,0,0,0,0
27242,2,0,0,0,0,0
27243,5,5,5,0,0,5
27247,2,0,0,0,0,0
27245,2,0,0,0,0,0
27246,5,5,5,0,0,5
27250,2,0,0,0,0,0
27248,2,0,0,0,0,0
27249,5,5,5,0,0,5
27253,2,0,0,0,0,0
27251,2,0,0,0,0,0
27252,5,5,5,0,0,5
27256,2,0,0,0,0,0
27254,2,0,0,0,0,0
27255,5,5,5,0,0,5
27259,2,0,0,0,0,0
27257,2,0,0,0,0,0
27258,5,5,5,0,0,5
27262,2,0,0,0,0,0
27260,2,0,0,0,0,0
27261,5,5,5,0,0,5
27265,2,0,0,0,0,0
27263,2,0,0,0,0,0
27264,5,5,5,0,0,5
27268,2,0,0,0,0,0
27266,2,0,0,0,0,0
27267,5,5,5,0,0,5
27271,2,0,0,0,0,0
27269,2,0,0,0,0,0
27270,5,5,5,0,0,5
27274,2,0,0,0,0,0
27272,2,0,0,0,0,0
27273,5,5,5,0,0,5
27277,2,0,0,0,0,0
27275,2,0,0,0,0,0
27276,5,5,5,0,0,5
27280,2,0,0,0,0,0
27278,2,0,0,0,0,0
27279,5,5,5,0,0,5
27283,2,0,0,0,0,0
27281,2,0,0,0,0,0
27282,5,5,5,0,0,5
27286,2,0,0,0,0,0
27284,2,0,0,0,0,0
27285,5,5,5,0,0,5
27289,2,0,0,0,0,0
27287,2,0,0,0,0,0
27288,5,5,5,0,0,5
27292,2,0,0,0,0,0
27290,2,0,0,0,0,0
27291,5,5,5,0,0,5
27295,2,0,0,0,0,0
27293,2,0,0,0,0,0
27294,5,5,5,0,0,5
27298,2,0,0,0,0,0
27296,2,0,0,0,0,0
27297,5,5,5,0,0,5
27301,2,0,0,0,0,0
27299,2,0,0,0,0,0
27300,5,5,5,0,0,5
27304,2,0,0,0,0,0
27302,2,0,0,0,0,0
27303,5,5,5,0,0,5
27307,2,0,0,0,0,0
27305,2,0,0,0,0,0
27306,5,5,5,0,0,5
27310,2,0,0,0,0,0
27308,2,0,0,0,0,0
27309,5,5,5,0,0,5
27313,2,0,0,0,0,0
27311,2,0,0,0,0,0
27312,5,5,5,0,0,5
27316,2,0,0,0,0,0
27314,2,0,0,0,0,0
27315,5,5,5,0,0,5
27319,2,0,0,0,0,0
27317,2,0,0,0,0,0
27318,5,5,5,0,0,5
27322,2,0,0,0,0,0
27320,2,0,0,0,0,0
27321,5,5,5,0,0,5
27325,2,0,0,0,0,0
27323,2,0,0,0,0,0
27324,5,5,5,0,0,5
27328,2,0,0,0,0,0
27326,2,0,0,0,0,0
27327,5,5,5,0,0,5
27331,2,0,0,0,0,0
27329,2,0,0,0,0,0
27330,5,5,5,0,0,5
27334,2,0,0,0,0,0
27332,2,0,0,0,0,0
27333,5,5,5,0,0,5
27337,2,0,0,0,0,0
27335,2,0,0,0,0,0
27336,5,5,5,0,0,5
27340,2,0,0,0,0,0
27338,2,0,0,0,0,0
27339,5,5,5,0,0,5
27343,2,0,0,0,0,0
27341,2,0,0,0,0,0
27342,5,5,5,0,0,5
27346,2,0,0,0,0,0
27344,2,0,0,0,0,0
27345,5,5,5,0,0,5
27349,2,0,0,0,0,0
27347,2,0,0,0,0,0
27348,5,5,5,0,0,5
27352,2,0,0,0,0,0
27350,2,0,0,0,0,0
27351,5,5,5,0,0,5
27355,2,0,0,0,0,0
27353,2,0,0,0,0,0
27354,5,5,5,0,0,5
27358,2,0,0,0,0,0
27356,2,0,0,0,0,0
27357,5,5,5,0,0,5
27361,2,0,0,0,0,0
27359,2,0,0,0,0,0
27360,5,5,5,0,0,5
27364,2,0,0,0,0,0
27362,2,0,0,0,0,0
27363,5,5,5,0,0,5
27367,2,0,0,0,0,0
27365,2,0,0,0,0,0
27366,5,5,5,0,0,5
27370,2,0,0,0,0,0
27368,2,0,0,0,0,0
27369,5,5,5,0,0,5
27373,2,0,0,0,0,0
27371,2,0,0,0,0,0
27372,5,5,5,0,0,5
27376,2,0,0,0,0,0
27374,2,0,0,0,0,0
27375,5,5,5,0,0,5
27379,2,0,0,0,0,0
27377,2,0,0,0,0,0
27378,5,5,5,0,0,5
27382,2,0,0,0,0,0
27380,2,0,0,0,0,0
27381,5,5,5,0,0,5
27385,2,0,0,0,0,0
27383,2,0,0,0,0,0
27384,5,5,5,0,0,5
27388,2,0,0,0,0,0
27386,2,0,0,0,0,0
27387,5,5,5,0,0,5
27391,2,0,0,0,0,0
27389,2,0,0,0,0,0
27390,5,5,5,0,0,5
27394,2,0,0,0,0,0
27392,2,0,0,0,0,0
27393,5,5,5,0,0,5
27397,2,0,0,0,0,0
27395,2,0,0,0,0,0
27396,5,5,5,0,0,5
27400,2,0,0,0,0,0
27398,2,0,0,0,0,0
27399,5,5,5,0,0,5
27403,2,0,0,0,0,0
27401,2,0,0,0,0,0
27402,5,5,5,0,0,5
27406,2,0,0,0,0,0
27404,2,0,0,0,0,0
27405,5,5,5,0,0,5
27409,2,0,0,0,0,0
27407,2,0,0,0,0,0
27408,5,5,5,0,0,5
27412,2,0,0,0,0,0
27410,2,0,0,0,0,0
27411,5,5,5,0,0,5
27415,2,0,0,0,0,0
27413,2,0,0,0,0,0
27414,5,5,5,0,0,5
27418,2,0,0,0,0,0
27416,2,0,0,0,0,0
27417,5,5,5,0,0,5
27421,2,0,0,0,0,0
27419,2,0,0,0,0,0
27420,5,5,5,0,0,5
27424,2,0,0,0,0,0
27422,2,0,0,0,0,0
27423,5,5,5,0,0,5
27427,2,0,0,0,0,0
27425,2,0,0,0,0,0
27426,5,5,5,0,0,5
27430,2,0,0,0,0,0
27428,2,0,0,0,0,0
27429,5,5,5,0,0,5
27433,2,0,0,0,0,0
27431,2,0,0,0,0,0
27432,5,5,5,0,0,5
27436,2,0,0,0,0,0
27434,2,0,0,0,0,0
27435,5,5,5,0,0,5
27439,2,0,0,0,0,0
27437,2,0,0,0,0,0
27438,5,5,5,0,0,5
27442,2,0,0,0,0,0
27440,2,0,0,0,0,0
27441,5,5,5,0,0,5
27445,2,0,0,0,0,0
27443,2,0,0,0,0,0
27444,5,5,5,0,0,5
27448,2,0,0,0,0,0
27446,2,0,0,0,0,0
27447,5,5,5,0,0,5
27451,2,0,0,0,0,0
27449,2,0,0,0,0,0
27450,5,5,5,0,0,5
27454,2,0,0,0,0,0
27452,2,0,0,0,0,0
27453,5,5,5,0,0,5
27457,2,0,0,0,0,0
27455,2,0,0,0,0,0
27456,5,5,5,0,0,5
27460,2,0,0,0,0,0
27458,2,0,0,0,0,0
27459,5,5,5,0,0,5
27463,2,0,0,0,0,0
27461,2,0,0,0,0,0
27462,5,5,5,0,0,5
27466,2,0,0,0,0,0
27464,2,0,0,0,0,0
27465,5,5,5,0,0,5
27469,2,0,0,0,0,0
27467,2,0,0,0,0,0
27468,5,5,5,0,0,5
27472,2,0,0,0,0,0
27470,2,0,0,0,0,0
27471,5,5,5,0,0,5
27475,2,0,0,0,0,0
27473,2,0,0,0,0,0
27474,5,5,5,0,0,5
27478,2,0,0,0,0,0
27476,2,0,0,0,0,0
27477,5,5,5,0,0,5
27481,2,0,0,0,0,0
27479,2,0,0,0,0,0
27480,5,5,5,0,0,5
27484,2,0,0,0,0,0
27482,2,0,0,0,0,0
27483,5,5,5,0,0,5
27487,2,0,0,0,0,0
27485,2,0,0,0,0,0
27486,5,5,5,0,0,5
27490,2,0,0,0,0,0
27488,2,0,0,0,0,0
27489,5,5,5,0,0,5
27493,2,0,0,0,0,0
27491,2,0,0,0,0,0
27492,5,5,5,0,0,5
27496,2,0,0,0,0,0
27494,2,0,0,0,0,0
27495,5,5,5,0,0,5
27499,2,0,0,0,0,0
27497,2,0,0,0,0,0
27498,5,5,5,0,0,5
27502,2,0,0,0,0,0
27500,2,0,0,0,0,0
27501,5,5,5,0,0,5
27505,2,0,0,0,0,0
27503,2,0,0,0,0,0
27504,5,5,5,0,0,5
27508,2,0,0,0,0,0
27506,2,0,0,0,0,0
27507,5,5,5,0,0,5
27511,2,0,0,0,0,0
27509,2,0,0,0,0,0
27510,5,5,5,0,0,5
27514,2,0,0,0,0,0
27512,2,0,0,0,0,0
27513,5,5,5,0,0,5
27517,2,0,0,0,0,0
27515,2,0,0,0,0,0
27516,5,5,5,0,0,5
27520,2,0,0,0,0,0
27518,2,0,0,0,0,0
27519,5,5,5,0,0,5
27523,2,0,0,0,0,0
27521,2,0,0,0,0,0
27522,5,5,5,0,0,5
27526,2,0,0,0,0,0
27524,2,0,0,0,0,0
27525,5,5,5,0,0,5
27529,2,0,0,0,0,0
27527,2,0,0,0,0,0
27528,5,5,5,0,0,5
27532,2,0,0,0,0,0
27530,2,0,0,0,0,0
27531,5,5,5,0,0,5
27535,2,0,0,0,0,0
27533,2,0,0,0,0,0
27534,5,5,5,0,0,5
27538,2,0,0,0,0,0
27536,2,0,0,0,0,0
27537,5,5,5,0,0,5
27541,2,0,0,0,0,0
27539,2,0,0,0,0,0
27540,5,5,5,0,0,5
27544,2,0,0,0,0,0
27542,2,0,0,0,0,0
27543,5,5,5,0,0,5
27547,2,0,0,0,0,0
27545,2,0,0,0,0,0
27546,5,5,5,0,0,5
27550,2,0,0,0,0,0
27548,2,0,0,0,0,0
27549,5,5,5,0,0,5
27553,2,0,0,0,0,0
27551,2,0,0,0,0,0
27552,5,5,5,0,0,5
27556,2,0,0,0,0,0
27554,2,0,0,0,0,0
27555,5,5,5,0,0,5
27559,2,0,0,0,0,0
27557,2,0,0,0,0,0
27558,5,5,5,0,0,5
27562,2,0,0,0,0,0
27560,2,0,0,0,0,0
27561,5,5,5,0,0,5
27565,2,0,0,0,0,0
27563,2,0,0,0,0,0
27564,5,5,5,0,0,5
27568,2,0,0,0,0,0
27566,2,0,0,0,0,0
27567,5,5,5,0,0,5
27571,2,0,0,0,0,0
27569,2,0,0,0,0,0
27570,5,5,5,0,0,5
27574,2,0,0,0,0,0
27572,2,0,0,0,0,0
27573,5,5,5,0,0,5
27577,2,0,0,0,0,0
27575,2,0,0,0,0,0
27576,5,5,5,0,0,5
27580,2,0,0,0,0,0
27578,2,0,0,0,0,0
27579,5,5,5,0,0,5
27583,2,0,0,0,0,0
27581,2,0,0,0,0,0
27582,5,5,5,0,0,5
27586,2,0,0,0,0,0
27584,2,0,0,0,0,0
27585,5,5,5,0,0,5
27589,2,0,0,0,0,0
27587,2,0,0,0,0,0
27588,5,5,5,0,0,5
27592,2,0,0,0,0,0
27590,2,0,0,0,0,0
27591,5,5,5,0,0,5
27595,2,0,0,0,0,0
27593,2,0,0,0,0,0
27594,5,5,5,0,0,5
27598,2,0,0,0,0,0
27596,2,0,0,0,0,0
27597,5,5,5,0,0,5
27601,2,0,0,0,0,0
27599,2,0,0,0,0,0
27600,5,5,5,0,0,5
27604,2,0,0,0,0,0
27602,2,0,0,0,0,0
27603,5,5,5,0,0,5
27607,2,0,0,0,0,0
27605,2,0,0,0,0,0
27606,5,5,5,0,0,5
27610,2,0,0,0,0,0
27608,2,0,0,0,0,0
27609,5,5,5,0,0,5
27613,2,0,0,0,0,0
27611,2,0,0,0,0,0
27612,5,5,5,0,0,5
27616,2,0,0,0,0,0
27614,2,0,0,0,0,0
27615,5,5,5,0,0,5
27619,2,0,0,0,0,0
27617,2,0,0,0,0,0
27618,5,5,5,0,0,5
27622,2,0,0,0,0,0
27620,2,0,0,0,0,0
27621,5,5,5,0,0,5
27625,2,0,0,0,0,0
27623,2,0,0,0,0,0
27624,5,5,5,0,0,5
27628,2,0,0,0,0,0
27626,2,0,0,0,0,0
27627,5,5,5,0,0,5
27631,2,0,0,0,0,0
27629,2,0,0,0,0,0
27630,5,5,5,0,0,5
27634,2,0,0,0,0,0
27632,2,0,0,0,0,0
27633,5,5,5,0,0,5
27637,2,0,0,0,0,0
27635,2,0,0,0,0,0
27636,5,5,5,0,0,5
27640,2,0,0,0,0,0
27638,2,0,0,0,0,0
27639,5,5,5,0,0,5
27643,2,0,0,0,0,0
27641,2,0,0,0,0,0
27642,5,5,5,0,0,5
27646,2,0,0,0,0,0
27644,2,0,0,0,0,0
27645,5,5,5,0,0,5
27649,2,0,0,0,0,0
27647,2,0,0,0,0,0
27648,5,5,5,0,0,5
27652,2,0,0,0,0,0
27650,2,0,0,0,0,0
27651,5,5,5,0,0,5
27655,2,0,0,0,0,0
27653,2,0,0,0,0,0
27654,5,5,5,0,0,5
27658,2,0,0,0,0,0
27656,2,0,0,0,0,0
27657,5,5,5,0,0,5
27661,2,0,0,0,0,0
27659,2,0,0,0,0,0
27660,5,5,5,0,0,5
27664,2,0,0,0,0,0
27662,2,0,0,0,0,0
27663,5,5,5,0,0,5
27667,2,0,0,0,0,0
27665,2,0,0,0,0,0
27666,5,5,5,0,0,5
27670,2,0,0,0,0,0
27668,2,0,0,0,0,0
27669,5,5,5,0,0,5
27673,2,0,0,0,0,0
27671,2,0,0,0,0,0
27672,5,5,5,0,0,5
27676,2,0,0,0,0,0
27674,2,0,0,0,0,0
27675,5,5,5,0,0,5
27679,2,0,0,0,0,0
27677,2,0,0,0,0,0
27678,5,5,5,0,0,5
27682,2,0,0,0,0,0
27680,2,0,0,0,0,0
27681,5,5,5,0,0,5
27685,2,0,0,0,0,0
27683,2,0,0,0,0,0
27684,5,5,5,0,0,5
27688,2,0,0,0,0,0
27686,2,0,0,0,0,0
27687,5,5,5,0,0,5
27691,2,0,0,0,0,0
27689,2,0,0,0,0,0
27690,5,5,5,0,0,5
27694,2,0,0,0,0,0
27692,2,0,0,0,0,0
27693,5,5,5,0,0,5
27697,2,0,0,0,0,0
27695,2,0,0,0,0,0
27696,5,5,5,0,0,5
27700,2,0,0,0,0,0
27698,2,0,0,0,0,0
27699,5,5,5,0,0,5
27703,2,0,0,0,0,0
27701,2,0,0,0,0,0
27702,5,5,5,0,0,5
27706,2,0,0,0,0,0
27704,2,0,0,0,0,0
27705,5,5,5,0,0,5
27709,2,0,0,0,0,0
27707,2,0,0,0,0,0
27708,5,5,5,0,0,5
27712,2,0,0,0,0,0
27710,2,0,0,0,0,0
27711,5,5,5,0,0,5
27715,2,0,0,0,0,0
27713,2,0,0,0,0,0
27714,5,5,5,0,0,5
27718,2,0,0,0,0,0
27716,2,0,0,0,0,0
27717,5,5,5,0,0,5
27721,2,0,0,0,0,0
27719,2,0,0,0,0,0
27720,5,5,5,0,0,5
27724,2,0,0,0,0,0
27722,2,0,0,0,0,0
27723,5,5,5,0,0,5
27727,2,0,0,0,0,0
27725,2,0,0,0,0,0
27726,5,5,5,0,0,5
27730,2,0,0,0,0,0
27728,2,0,0,0,0,0
27729,5,5,5,0,0,5
27733,2,0,0,0,0,0
27731,2,0,0,0,0,0
27732,5,5,5,0,0,5
27736,2,0,0,0,0,0
27734,2,0,0,0,0,0
27735,5,5,5,0,0,5
27739,2,0,0,0,0,0
27737,2,0,0,0,0,0
27738,5,5,5,0,0,5
27742,2,0,0,0,0,0
27740,2,0,0,0,0,0
27741,5,5,5,0,0,5
27745,2,0,0,0,0,0
27743,2,0,0,0,0,0
27744,5,5,5,0,0,5
27748,2,0,0,0,0,0
27746,2,0,0,0,0,0
27747,5,5,5,0,0,5
27751,2,0,0,0,0,0
27749,2,0,0,0,0,0
27750,5,5,5,0,0,5
27754,2,0,0,0,0,0
27752,2,0,0,0,0,0
27753,5,5,5,0,0,5
27757,2,0,0,0,0,0
27755,2,0,0,0,0,0
27756,5,5,5,0,0,5
27760,2,0,0,0,0,0
27758,2,0,0,0,0,0
27759,5,5,5,0,0,5
27763,2,0,0,0,0,0
27761,2,0,0,0,0,0
27762,5,5,5,0,0,5
27766,2,0,0,0,0,0
27764,2,0,0,0,0,0
27765,5,5,5,0,0,5
27769,2,0,0,0,0,0
27767,2,0,0,0,0,0
27768,5,5,5,0,0,5
27772,2,0,0,0,0,0
27770,2,0,0,0,0,0
27771,5,5,5,0,0,5
27775,2,0,0,0,0,0
27773,2,0,0,0,0,0
27774,5,5,5,0,0,5
27778,2,0,0,0,0,0
27776,2,0,0,0,0,0
27777,5,5,5,0,0,5
27781,2,0,0,0,0,0
27779,2,0,0,0,0,0
27780,5,5,5,0,0,5
27784,2,0,0,0,0,0
27782,2,0,0,0,0,0
27783,5,5,5,0,0,5
27787,2,0,0,0,0,0
27785,2,0,0,0,0,0
27786,5,5,5,0,0,5
27790,2,0,0,0,0,0
27788,2,0,0,0,0,0
27789,5,5,5,0,0,5
27793,2,0,0,0,0,0
27791,2,0,0,0,0,0
27792,5,5,5,0,0,5
27796,2,0,0,0,0,0
27794,2,0,0,0,0,0
27795,5,5,5,0,0,5
27799,2,0,0,0,0,0
27797,2,0,0,0,0,0
27798,5,5,5,0,0,5
27802,2,0,0,0,0,0
27800,2,0,0,0,0,0
27801,5,5,5,0,0,5
27805,2,0,0,0,0,0
27803,2,0,0,0,0,0
27804,5,5,5,0,0,5
27808,2,0,0,0,0,0
27806,2,0,0,0,0,0
27807,5,5,5,0,0,5
27811,2,0,0,0,0,0
27809,2,0,0,0,0,0
27810,5,5,5,0,0,5
27814,2,0,0,0,0,0
27812,2,0,0,0,0,0
27813,5,5,5,0,0,5
27817,2,0,0,0,0,0
27815,2,0,0,0,0,0
27816,5,5,5,0,0,5
27820,2,0,0,0,0,0
27818,2,0,0,0,0,0
27819,5,5,5,0,0,5
27823,2,0,0,0,0,0
27821,2,0,0,0,0,0
27822,5,5,5,0,0,5
27826,2,0,0,0,0,0
27824,2,0,0,0,0,0
27825,5,5,5,0,0,5
27829,2,0,0,0,0,0
27827,2,0,0,0,0,0
27828,5,5,5,0,0,5
27832,2,0,0,0,0,0
27830,2,0,0,0,0,0
27831,5,5,5,0,0,5
27835,2,0,0,0,0,0
27833,2,0,0,0,0,0
27834,5,5,5,0,0,5
27838,2,0,0,0,0,0
27836,2,0,0,0,0,0
27837,5,5,5,0,0,5
27841,2,0,0,0,0,0
27839,2,0,0,0,0,0
27840,5,5,5,0,0,5
27844,2,0,0,0,0,0
27842,2,0,0,0,0,0
27843,5,5,5,0,0,5
27847,2,0,0,0,0,0
27845,2,0,0,0,0,0
27846,5,5,5,0,0,5
27850,2,0,0,0,0,0
27848,2,0,0,0,0,0
27849,5,5,5,0,0,5
27853,2,0,0,0,0,0
27851,2,0,0,0,0,0
27852,5,5,5,0,0,5
27856,2,0,0,0,0,0
27854,2,0,0,0,0,0
27855,5,5,5,0,0,5
27859,2,0,0,0,0,0
27857,2,0,0,0,0,0
27858,5,5,5,0,0,5
27862,2,0,0,0,0,0
27860,2,0,0,0,0,0
27861,5,5,5,0,0,5
27865,2,0,0,0,0,0
27863,2,0,0,0,0,0
27864,5,5,5,0,0,5
27868,2,0,0,0,0,0
27866,2,0,0,0,0,0
27867,5,5,5,0,0,5
27871,2,0,0,0,0,0
27869,2,0,0,0,0,0
27870,5,5,5,0,0,5
27874,2,0,0,0,0,0
27872,2,0,0,0,0,0
27873,5,5,5,0,0,5
27877,2,0,0,0,0,0
27875,2,0,0,0,0,0
27876,5,5,5,0,0,5
27880,2,0,0,0,0,0
27878,2,0,0,0,0,0
27879,5,5,5,0,0,5
27883,2,0,0,0,0,0
27881,2,0,0,0,0,0
27882,5,5,5,0,0,5
27886,2,0,0,0,0,0
27884,2,0,0,0,0,0
27885,5,5,5,0,0,5
27889,2,0,0,0,0,0
27887,2,0,0,0,0,0
27888,5,5,5,0,0,5
27892,2,0,0,0,0,0
27890,2,0,0,0,0,0
27891,5,5,5,0,0,5
27895,2,0,0,0,0,0
27893,2,0,0,0,0,0
27894,5,5,5,0,0,5
27898,2,0,0,0,0,0
27896,2,0,0,0,0,0
27897,5,5,5,0,0,5
27901,2,0,0,0,0,0
27899,2,0,0,0,0,0
27900,5,5,5,0,0,5
27904,2,0,0,0,0,0
27902,2,0,0,0,0,0
27903,5,5,5,0,0,5
27907,2,0,0,0,0,0
27905,2,0,0,0,0,0
27906,5,5,5,0,0,5
27910,2,0,0,0,0,0
27908,2,0,0,0,0,0
27909,5,5,5,0,0,5
27913,2,0,0,0,0,0
27911,2,0,0,0,0,0
27912,5,5,5,0,0,5
27916,2,0,0,0,0,0
27914,2,0,0,0,0,0
27915,5,5,5,0,0,5
27919,2,0,0,0,0,0
27917,2,0,0,0,0,0
27918,5,5,5,0,0,5
27922,2,0,0,0,0,0
27920,2,0,0,0,0,0
27921,5,5,5,0,0,5
27925,2,0,0,0,0,0
27923,2,0,0,0,0,0
27924,5,5,5,0,0,5
27928,2,0,0,0,0,0
27926,2,0,0,0,0,0
27927,5,5,5,0,0,5
27931,2,0,0,0,0,0
27929,2,0,0,0,0,0
27930,5,5,5,0,0,5
27934,2,0,0,0,0,0
27932,2,0,0,0,0,0
27933,5,5,5,0,0,5
27937,2,0,0,0,0,0
27935,2,0,0,0,0,0
27936,5,5,5,0,0,5
27940,2,0,0,0,0,0
27938,2,0,0,0,0,0
27939,5,5,5,0,0,5
27943,2,0,0,0,0,0
27941,2,0,0,0,0,0
27942,5,5,5,0,0,5
27946,2,0,0,0,0,0
27944,2,0,0,0,0,0
27945,5,5,5,0,0,5
27949,2,0,0,0,0,0
27947,2,0,0,0,0,0
27948,5,5,5,0,0,5
27952,2,0,0,0,0,0
27950,2,0,0,0,0,0
27951,5,5,5,0,0,5
27955,2,0,0,0,0,0
27953,2,0,0,0,0,0
27954,5,5,5,0,0,5
27958,2,0,0,0,0,0
27956,2,0,0,0,0,0
27957,5,5,5,0,0,5
27961,2,0,0,0,0,0
27959,2,0,0,0,0,0
27960,5,5,5,0,0,5
27964,2,0,0,0,0,0
27962,2,0,0,0,0,0
27963,5,5,5,0,0,5
27967,2,0,0,0,0,0
27965,2,0,0,0,0,0
27966,5,5,5,0,0,5
27970,2,0,0,0,0,0
27968,2,0,0,0,0,0
27969,5,5,5,0,0,5
27973,2,0,0,0,0,0
27971,2,0,0,0,0,0
27972,5,5,5,0,0,5
27976,2,0,0,0,0,0
27974,2,0,0,0,0,0
27975,5,5,5,0,0,5
27979,2,0,0,0,0,0
27977,2,0,0,0,0,0
27978,5,5,5,0,0,5
27982,2,0,0,0,0,0
27980,2,0,0,0,0,0
27981,5,5,5,0,0,5
27985,2,0,0,0,0,0
27983,2,0,0,0,0,0
27984,5,5,5,0,0,5
27988,2,0,0,0,0,0
27986,2,0,0,0,0,0
27987,5,5,5,0,0,5
27991,2,0,0,0,0,0
27989,2,0,0,0,0,0
27990,5,5,5,0,0,5
27994,2,0,0,0,0,0
27992,2,0,0,0,0,0
27993,5,5,5,0,0,5
27997,2,0,0,0,0,0
27995,2,0,0,0,0,0
27996,5,5,5,0,0,5
28000,2,0,0,0,0,0
27998,2,0,0,0,0,0
27999,5,5,5,0,0,5
28003,2,0,0,0,0,0
28001,2,0,0,0,0,0
28002,5,5,5,0,0,5
28006,2,0,0,0,0,0
28004,2,0,0,0,0,0
28005,5,5,5,0,0,5
28009,2,0,0,0,0,0
28007,2,0,0,0,0,0
28008,5,5,5,0,0,5
28012,2,0,0,0,0,0
28010,2,0,0,0,0,0
28011,5,5,5,0,0,5
28015,2,0,0,0,0,0
28013,2,0,0,0,0,0
28014,5,5,5,0,0,5
28018,2,0,0,0,0,0
28016,2,0,0,0,0,0
28017,5,5,5,0,0,5
28021,2,0,0,0,0,0
28019,2,0,0,0,0,0
28020,5,5,5,0,0,5
28024,2,0,0,0,0,0
28022,2,0,0,0,0,0
28023,5,5,5,0,0,5
28027,2,0,0,0,0,0
28025,2,0,0,0,0,0
28026,5,5,5,0,0,5
28030,2,0,0,0,0,0
28028,2,0,0,0,0,0
28029,5,5,5,0,0,5
28033,2,0,0,0,0,0
28031,2,0,0,0,0,0
28032,5,5,5,0,0,5
28036,2,0,0,0,0,0
28034,2,0,0,0,0,0
28035,5,5,5,0,0,5
28039,2,0,0,0,0,0
28037,2,0,0,0,0,0
28038,5,5,5,0,0,5
28042,2,0,0,0,0,0
28040,2,0,0,0,0,0
28041,5,5,5,0,0,5
28045,2,0,0,0,0,0
28043,2,0,0,0,0,0
28044,5,5,5,0,0,5
28048,2,0,0,0,0,0
28046,2,0,0,0,0,0
28047,5,5,5,0,0,5
28051,2,0,0,0,0,0
28049,2,0,0,0,0,0
28050,5,5,5,0,0,5
28054,2,0,0,0,0,0
28052,2,0,0,0,0,0
28053,5,5,5,0,0,5
28057,2,0,0,0,0,0
28055,2,0,0,0,0,0
28056,5,5,5,0,0,5
28060,2,0,0,0,0,0
28058,2,0,0,0,0,0
28059,5,5,5,0,0,5
28063,2,0,0,0,0,0
28061,2,0,0,0,0,0
28062,5,5,5,0,0,5
28066,2,0,0,0,0,0
28064,2,0,0,0,0,0
28065,5,5,5,0,0,5
28069,2,0,0,0,0,0
28067,2,0,0,0,0,0
28068,5,5,5,0,0,5
28072,2,0,0,0,0,0
28070,2,0,0,0,0,0
28071,5,5,5,0,0,5
28075,2,0,0,0,0,0
28073,2,0,0,0,0,0
28074,5,5,5,0,0,5
28078,2,0,0,0,0,0
28076,2,0,0,0,0,0
28077,5,5,5,0,0,5
28081,2,0,0,0,0,0
28079,2,0,0,0,0,0
28080,5,5,5,0,0,5
28084,2,0,0,0,0,0
28082,2,0,0,0,0,0
28083,5,5,5,0,0,5
28087,2,0,0,0,0,0
28085,2,0,0,0,0,0
28086,5,5,5,0,0,5
28090,2,0,0,0,0,0
28088,2,0,0,0,0,0
28089,5,5,5,0,0,5
28093,2,0,0,0,0,0
28091,2,0,0,0,0,0
28092,5,5,5,0,0,5
28096,2,0,0,0,0,0
28094,2,0,0,0,0,0
28095,5,5,5,0,0,5
28099,2,0,0,0,0,0
28097,2,0,0,0,0,0
28098,5,5,5,0,0,5
28102,2,0,0,0,0,0
28100,2,0,0,0,0,0
28101,5,5,5,0,0,5
28105,2,0,0,0,0,0
28103,2,0,0,0,0,0
28104,5,5,5,0,0,5
28108,2,0,0,0,0,0
28106,2,0,0,0,0,0
28107,5,5,5,0,0,5
28111,2,0,0,0,0,0
28109,2,0,0,0,0,0
28110,5,5,5,0,0,5
28114,2,0,0,0,0,0
28112,2,0,0,0,0,0
28113,5,5,5,0,0,5
28117,2,0,0,0,0,0
28115,2,0,0,0,0,0
28116,5,5,5,0,0,5
28120,2,0,0,0,0,0
28118,2,0,0,0,0,0
28119,5,5,5,0,0,5
28123,2,0,0,0,0,0
28121,2,0,0,0,0,0
28122,5,5,5,0,0,5
28126,2,0,0,0,0,0
28124,2,0,0,0,0,0
28125,5,5,5,0,0,5
28129,2,0,0,0,0,0
28127,2,0,0,0,0,0
28128,5,5,5,0,0,5
28132,2,0,0,0,0,0
28130,2,0,0,0,0,0
28131,5,5,5,0,0,5
28135,2,0,0,0,0,0
28133,2,0,0,0,0,0
28134,5,5,5,0,0,5
28138,2,0,0,0,0,0
28136,2,0,0,0,0,0
28137,5,5,5,0,0,5
28141,2,0,0,0,0,0
28139,2,0,0,0,0,0
28140,5,5,5,0,0,5
28144,2,0,0,0,0,0
28142,2,0,0,0,0,0
28143,5,5,5,0,0,5
28147,2,0,0,0,0,0
28145,2,0,0,0,0,0
28146,5,5,5,0,0,5
28150,2,0,0,0,0,0
28148,2,0,0,0,0,0
28149,5,5,5,0,0,5
28153,2,0,0,0,0,0
28151,2,0,0,0,0,0
28152,5,5,5,0,0,5
28156,2,0,0,0,0,0
28154,2,0,0,0,0,0
28155,5,5,5,0,0,5
28159,2,0,0,0,0,0
28157,2,0,0,0,0,0
28158,5,5,5,0,0,5
28162,2,0,0,0,0,0
28160,2,0,0,0,0,0
28161,5,5,5,0,0,5
28165,2,0,0,0,0,0
28163,2,0,0,0,0,0
28164,5,5,5,0,0,5
28168,2,0,0,0,0,0
28166,2,0,0,0,0,0
28167,5,5,5,0,0,5
28171,2,0,0,0,0,0
28169,2,0,0,0,0,0
28170,5,5,5,0,0,5
28174,2,0,0,0,0,0
28172,2,0,0,0,0,0
28173,5,5,5,0,0,5
28177,2,0,0,0,0,0
28175,2,0,0,0,0,0
28176,5,5,5,0,0,5
28180,2,0,0,0,0,0
28178,2,0,0,0,0,0
28179,5,5,5,0,0,5
28183,2,0,0,0,0,0
28181,2,0,0,0,0,0
28182,5,5,5,0,0,5
28186,2,0,0,0,0,0
28184,2,0,0,0,0,0
28185,5,5,5,0,0,5
28189,2,0,0,0,0,0
28187,2,0,0,0,0,0
28188,5,5,5,0,0,5
28192,2,0,0,0,0,0
28190,2,0,0,0,0,0
28191,5,5,5,0,0,5
28195,2,0,0,0,0,0
28193,2,0,0,0,0,0
28194,5,5,5,0,0,5
28198,2,0,0,0,0,0
28196,2,0,0,0,0,0
28197,5,5,5,0,0,5
28201,2,0,0,0,0,0
28199,2,0,0,0,0,0
28200,5,5,5,0,0,5
28204,2,0,0,0,0,0
28202,2,0,0,0,0,0
28203,5,5,5,0,0,5
28207,2,0,0,0,0,0
28205,2,0,0,0,0,0
28206,5,5,5,0,0,5
28210,2,0,0,0,0,0
28208,2,0,0,0,0,0
28209,5,5,5,0,0,5
28213,2,0,0,0,0,0
28211,2,0,0,0,0,0
28212,5,5,5,0,0,5
28216,2,0,0,0,0,0
28214,2,0,0,0,0,0
28215,5,5,5,0,0,5
28219,2,0,0,0,0,0
28217,2,0,0,0,0,0
28218,5,5,5,0,0,5
28222,2,0,0,0,0,0
28220,2,0,0,0,0,0
28221,5,5,5,0,0,5
28225,2,0,0,0,0,0
28223,2,0,0,0,0,0
28224,5,5,5,0,0,5
28228,2,0,0,0,0,0
28226,2,0,0,0,0,0
28227,5,5,5,0,0,5
28231,2,0,0,0,0,0
28229,2,0,0,0,0,0
28230,5,5,5,0,0,5
28234,2,0,0,0,0,0
28232,2,0,0,0,0,0
28233,5,5,5,0,0,5
28237,2,0,0,0,0,0
28235,2,0,0,0,0,0
28236,5,5,5,0,0,5
28240,2,0,0,0,0,0
28238,2,0,0,0,0,0
28239,5,5,5,0,0,5
28243,2,0,0,0,0,0
28241,2,0,0,0,0,0
28242,5,5,5,0,0,5
28246,2,0,0,0,0,0
28244,2,0,0,0,0,0
28245,5,5,5,0,0,5
28249,2,0,0,0,0,0
28247,2,0,0,0,0,0
28248,5,5,5,0,0,5
28252,2,0,0,0,0,0
28250,2,0,0,0,0,0
28251,5,5,5,0,0,5
28255,2,0,0,0,0,0
28253,2,0,0,0,0,0
28254,5,5,5,0,0,5
28258,2,0,0,0,0,0
28256,2,0,0,0,0,0
28257,5,5,5,0,0,5
28261,2,0,0,0,0,0
28259,2,0,0,0,0,0
28260,5,5,5,0,0,5
28264,2,0,0,0,0,0
28262,2,0,0,0,0,0
28263,5,5,5,0,0,5
28267,2,0,0,0,0,0
28265,2,0,0,0,0,0
28266,5,5,5,0,0,5
28270,2,0,0,0,0,0
28268,2,0,0,0,0,0
28269,5,5,5,0,0,5
28273,2,0,0,0,0,0
28271,2,0,0,0,0,0
28272,5,5,5,0,0,5
28276,2,0,0,0,0,0
28274,2,0,0,0,0,0
28275,5,5,5,0,0,5
28279,2,0,0,0,0,0
28277,2,0,0,0,0,0
28278,5,5,5,0,0,5
28282,2,0,0,0,0,0
28280,2,0,0,0,0,0
28281,5,5,5,0,0,5
28285,2,0,0,0,0,0
28283,2,0,0,0,0,0
28284,5,5,5,0,0,5
28288,2,0,0,0,0,0
28286,2,0,0,0,0,0
28287,5,5,5,0,0,5
28291,2,0,0,0,0,0
28289,2,0,0,0,0,0
28290,5,5,5,0,0,5
28294,2,0,0,0,0,0
28292,2,0,0,0,0,0
28293,5,5,5,0,0,5
28297,2,0,0,0,0,0
28295,2,0,0,0,0,0
28296,5,5,5,0,0,5
28300,2,0,0,0,0,0
28298,2,0,0,0,0,0
28299,5,5,5,0,0,5
28303,2,0,0,0,0,0
28301,2,0,0,0,0,0
28302,5,5,5,0,0,5
28306,2,0,0,0,0,0
28304,2,0,0,0,0,0
28305,5,5,5,0,0,5
28309,2,0,0,0,0,0
28307,2,0,0,0,0,0
28308,5,5,5,0,0,5
28312,2,0,0,0,0,0
28310,2,0,0,0,0,0
28311,5,5,5,0,0,5
28315,2,0,0,0,0,0
28313,2,0,0,0,0,0
28314,5,5,5,0,0,5
28318,2,0,0,0,0,0
28316,2,0,0,0,0,0
28317,5,5,5,0,0,5
28321,2,0,0,0,0,0
28319,2,0,0,0,0,0
28320,5,5,5,0,0,5
28324,2,0,0,0,0,0
28322,2,0,0,0,0,0
28323,5,5,5,0,0,5
28327,2,0,0,0,0,0
28325,2,0,0,0,0,0
28326,5,5,5,0,0,5
28330,2,0,0,0,0,0
28328,2,0,0,0,0,0
28329,5,5,5,0,0,5
28333,2,0,0,0,0,0
28331,2,0,0,0,0,0
28332,5,5,5,0,0,5
28336,2,0,0,0,0,0
28334,2,0,0,0,0,0
28335,5,5,5,0,0,5
28339,2,0,0,0,0,0
28337,2,0,0,0,0,0
28338,5,5,5,0,0,5
28342,2,0,0,0,0,0
28340,2,0,0,0,0,0
28341,5,5,5,0,0,5
28345,2,0,0,0,0,0
28343,2,0,0,0,0,0
28344,5,5,5,0,0,5
28348,2,0,0,0,0,0
28346,2,0,0,0,0,0
28347,5,5,5,0,0,5
28351,2,0,0,0,0,0
28349,2,0,0,0,0,0
28350,5,5,5,0,0,5
28354,2,0,0,0,0,0
28352,2,0,0,0,0,0
28353,5,5,5,0,0,5
28357,2,0,0,0,0,0
28355,2,0,0,0,0,0
28356,5,5,5,0,0,5
28360,2,0,0,0,0,0
28358,2,0,0,0,0,0
28359,5,5,5,0,0,5
28363,2,0,0,0,0,0
28361,2,0,0,0,0,0
28362,5,5,5,0,0,5
28366,2,0,0,0,0,0
28364,2,0,0,0,0,0
28365,5,5,5,0,0,5
28369,2,0,0,0,0,0
28367,2,0,0,0,0,0
28368,5,5,5,0,0,5
28372,2,0,0,0,0,0
28370,2,0,0,0,0,0
28371,5,5,5,0,0,5
28375,2,0,0,0,0,0
28373,2,0,0,0,0,0
28374,5,5,5,0,0,5
28378,2,0,0,0,0,0
28376,2,0,0,0,0,0
28377,5,5,5,0,0,5
28381,2,0,0,0,0,0
28379,2,0,0,0,0,0
28380,5,5,5,0,0,5
28384,2,0,0,0,0,0
28382,2,0,0,0,0,0
28383,5,5,5,0,0,5
28387,2,0,0,0,0,0
28385,2,0,0,0,0,0
28386,5,5,5,0,0,5
28390,2,0,0,0,0,0
28388,2,0,0,0,0,0
28389,5,5,5,0,0,5
28393,2,0,0,0,0,0
28391,2,0,0,0,0,0
28392,5,5,5,0,0,5
28396,2,0,0,0,0,0
28394,2,0,0,0,0,0
28395,5,5,5,0,0,5
28399,2,0,0,0,0,0
28397,2,0,0,0,0,0
28398,5,5,5,0,0,5
28402,2,0,0,0,0,0
28400,2,0,0,0,0,0
28401,5,5,5,0,0,5
28405,2,0,0,0,0,0
28403,2,0,0,0,0,0
28404,5,5,5,0,0,5
28408,2,0,0,0,0,0
28406,2,0,0,0,0,0
28407,5,5,5,0,0,5
28411,2,0,0,0,0,0
28409,2,0,0,0,0,0
28410,5,5,5,0,0,5
28414,2,0,0,0,0,0
28412,2,0,0,0,0,0
28413,5,5,5,0,0,5
28417,2,0,0,0,0,0
28415,2,0,0,0,0,0
28416,5,5,5,0,0,5
28420,2,0,0,0,0,0
28418,2,0,0,0,0,0
28419,5,5,5,0,0,5
28423,2,0,0,0,0,0
28421,2,0,0,0,0,0
28422,5,5,5,0,0,5
28426,2,0,0,0,0,0
28424,2,0,0,0,0,0
28425,5,5,5,0,0,5
28429,2,0,0,0,0,0
28427,2,0,0,0,0,0
28428,5,5,5,0,0,5
28432,2,0,0,0,0,0
28430,2,0,0,0,0,0
28431,5,5,5,0,0,5
28435,2,0,0,0,0,0
28433,2,0,0,0,0,0
28434,5,5,5,0,0,5
28438,2,0,0,0,0,0
28436,2,0,0,0,0,0
28437,5,5,5,0,0,5
28441,2,0,0,0,0,0
28439,2,0,0,0,0,0
28440,5,5,5,0,0,5
28444,2,0,0,0,0,0
28442,2,0,0,0,0,0
28443,5,5,5,0,0,5
28447,2,0,0,0,0,0
28445,2,0,0,0,0,0
28446,5,5,5,0,0,5
28450,2,0,0,0,0,0
28448,2,0,0,0,0,0
28449,5,5,5,0,0,5
28453,2,0,0,0,0,0
28451,2,0,0,0,0,0
28452,5,5,5,0,0,5
28456,2,0,0,0,0,0
28454,2,0,0,0,0,0
28455,5,5,5,0,0,5
28459,2,0,0,0,0,0
28457,2,0,0,0,0,0
28458,5,5,5,0,0,5
28462,2,0,0,0,0,0
28460,2,0,0,0,0,0
28461,5,5,5,0,0,5
28465,2,0,0,0,0,0
28463,2,0,0,0,0,0
28464,5,5,5,0,0,5
28468,2,0,0,0,0,0
28466,2,0,0,0,0,0
28467,5,5,5,0,0,5
28471,2,0,0,0,0,0
28469,2,0,0,0,0,0
28470,5,5,5,0,0,5
28474,2,0,0,0,0,0
28472,2,0,0,0,0,0
28473,5,5,5,0,0,5
28477,2,0,0,0,0,0
28475,2,0,0,0,0,0
28476,5,5,5,0,0,5
28480,2,0,0,0,0,0
28478,2,0,0,0,0,0
28479,5,5,5,0,0,5
28483,2,0,0,0,0,0
28481,2,0,0,0,0,0
28482,5,5,5,0,0,5
28486,2,0,0,0,0,0
28484,2,0,0,0,0,0
28485,5,5,5,0,0,5
28489,2,0,0,0,0,0
28487,2,0,0,0,0,0
28488,5,5,5,0,0,5
28492,2,0,0,0,0,0
28490,2,0,0,0,0,0
28491,5,5,5,0,0,5
28495,2,0,0,0,0,0
28493,2,0,0,0,0,0
28494,5,5,5,0,0,5
28498,2,0,0,0,0,0
28496,2,0,0,0,0,0
28497,5,5,5,0,0,5
28501,2,0,0,0,0,0
28499,2,0,0,0,0,0
28500,5,5,5,0,0,5
28504,2,0,0,0,0,0
28502,2,0,0,0,0,0
28503,5,5,5,0,0,5
28507,2,0,0,0,0,0
28505,2,0,0,0,0,0
28506,5,5,5,0,0,5
28510,2,0,0,0,0,0
28508,2,0,0,0,0,0
28509,5,5,5,0,0,5
28513,2,0,0,0,0,0
28511,2,0,0,0,0,0
28512,5,5,5,0,0,5
28516,2,0,0,0,0,0
28514,2,0,0,0,0,0
28515,5,5,5,0,0,5
28519,2,0,0,0,0,0
28517,2,0,0,0,0,0
28518,5,5,5,0,0,5
28522,2,0,0,0,0,0
28520,2,0,0,0,0,0
28521,5,5,5,0,0,5
28525,2,0,0,0,0,0
28523,2,0,0,0,0,0
28524,5,5,5,0,0,5
28528,2,0,0,0,0,0
28526,2,0,0,0,0,0
28527,5,5,5,0,0,5
28531,2,0,0,0,0,0
28529,2,0,0,0,0,0
28530,5,5,5,0,0,5
28534,2,0,0,0,0,0
28532,2,0,0,0,0,0
28533,5,5,5,0,0,5
28537,2,0,0,0,0,0
28535,2,0,0,0,0,0
28536,5,5,5,0,0,5
28540,2,0,0,0,0,0
28538,2,0,0,0,0,0
28539,5,5,5,0,0,5
28543,2,0,0,0,0,0
28541,2,0,0,0,0,0
28542,5,5,5,0,0,5
28546,2,0,0,0,0,0
28544,2,0,0,0,0,0
28545,5,5,5,0,0,5
28549,2,0,0,0,0,0
28547,2,0,0,0,0,0
28548,5,5,5,0,0,5
28552,2,0,0,0,0,0
28550,2,0,0,0,0,0
28551,5,5,5,0,0,5
28555,2,0,0,0,0,0
28553,2,0,0,0,0,0
28554,5,5,5,0,0,5
28558,2,0,0,0,0,0
28556,2,0,0,0,0,0
28557,5,5,5,0,0,5
28561,2,0,0,0,0,0
28559,2,0,0,0,0,0
28560,5,5,5,0,0,5
28564,2,0,0,0,0,0
28562,2,0,0,0,0,0
28563,5,5,5,0,0,5
28567,2,0,0,0,0,0
28565,2,0,0,0,0,0
28566,5,5,5,0,0,5
28570,2,0,0,0,0,0
28568,2,0,0,0,0,0
28569,5,5,5,0,0,5
28573,2,0,0,0,0,0
28571,2,0,0,0,0,0
28572,5,5,5,0,0,5
28576,2,0,0,0,0,0
28574,2,0,0,0,0,0
28575,5,5,5,0,0,5
28579,2,0,0,0,0,0
28577,2,0,0,0,0,0
28578,5,5,5,0,0,5
28582,2,0,0,0,0,0
28580,2,0,0,0,0,0
28581,5,5,5,0,0,5
28585,2,0,0,0,0,0
28583,2,0,0,0,0,0
28584,5,5,5,0,0,5
28588,2,0,0,0,0,0
28586,2,0,0,0,0,0
28587,5,5,5,0,0,5
28591,2,0,0,0,0,0
28589,2,0,0,0,0,0
28590,5,5,5,0,0,5
28594,2,0,0,0,0,0
28592,2,0,0,0,0,0
28593,5,5,5,0,0,5
28597,2,0,0,0,0,0
28595,2,0,0,0,0,0
28596,5,5,5,0,0,5
28600,2,0,0,0,0,0
28598,2,0,0,0,0,0
28599,5,5,5,0,0,5
28603,2,0,0,0,0,0
28601,2,0,0,0,0,0
28602,5,5,5,0,0,5
28606,2,0,0,0,0,0
28604,2,0,0,0,0,0
28605,5,5,5,0,0,5
28609,2,0,0,0,0,0
28607,2,0,0,0,0,0
28608,5,5,5,0,0,5
28612,2,0,0,0,0,0
28610,2,0,0,0,0,0
28611,5,5,5,0,0,5
28615,2,0,0,0,0,0
28613,2,0,0,0,0,0
28614,5,5,5,0,0,5
28618,2,0,0,0,0,0
28616,2,0,0,0,0,0
28617,5,5,5,0,0,5
28621,2,0,0,0,0,0
28619,2,0,0,0,0,0
28620,5,5,5,0,0,5
28624,2,0,0,0,0,0
28622,2,0,0,0,0,0
28623,5,5,5,0,0,5
28627,2,0,0,0,0,0
28625,2,0,0,0,0,0
28626,5,5,5,0,0,5
28630,2,0,0,0,0,0
28628,2,0,0,0,0,0
28629,5,5,5,0,0,5
28633,2,0,0,0,0,0
28631,2,0,0,0,0,0
28632,5,5,5,0,0,5
28636,2,0,0,0,0,0
28634,2,0,0,0,0,0
28635,5,5,5,0,0,5
28639,2,0,0,0,0,0
28637,2,0,0,0,0,0
28638,5,5,5,0,0,5
28642,2,0,0,0,0,0
28640,2,0,0,0,0,0
28641,5,5,5,0,0,5
28645,2,0,0,0,0,0
28643,2,0,0,0,0,0
28644,5,5,5,0,0,5
28648,2,0,0,0,0,0
28646,2,0,0,0,0,0
28647,5,5,5,0,0,5
28651,2,0,0,0,0,0
28649,2,0,0,0,0,0
28650,5,5,5,0,0,5
28654,2,0,0,0,0,0
28652,2,0,0,0,0,0
28653,5,5,5,0,0,5
28657,2,0,0,0,0,0
28655,2,0,0,0,0,0
28656,5,5,5,0,0,5
28660,2,0,0,0,0,0
28658,2,0,0,0,0,0
28659,5,5,5,0,0,5
28663,2,0,0,0,0,0
28661,2,0,0,0,0,0
28662,5,5,5,0,0,5
28666,2,0,0,0,0,0
28664,2,0,0,0,0,0
28665,5,5,5,0,0,5
28669,2,0,0,0,0,0
28667,2,0,0,0,0,0
28668,5,5,5,0,0,5
28672,2,0,0,0,0,0
28670,2,0,0,0,0,0
28671,5,5,5,0,0,5
28675,2,0,0,0,0,0
28673,2,0,0,0,0,0
28674,5,5,5,0,0,5
28678,2,0,0,0,0,0
28676,2,0,0,0,0,0
28677,5,5,5,0,0,5
28681,2,0,0,0,0,0
28679,2,0,0,0,0,0
28680,5,5,5,0,0,5
28684,2,0,0,0,0,0
28682,2,0,0,0,0,0
28683,5,5,5,0,0,5
28687,2,0,0,0,0,0
28685,2,0,0,0,0,0
28686,5,5,5,0,0,5
28690,2,0,0,0,0,0
28688,2,0,0,0,0,0
28689,5,5,5,0,0,5
28693,2,0,0,0,0,0
28691,2,0,0,0,0,0
28692,5,5,5,0,0,5
28696,2,0,0,0,0,0
28694,2,0,0,0,0,0
28695,5,5,5,0,0,5
28699,2,0,0,0,0,0
28697,2,0,0,0,0,0
28698,5,5,5,0,0,5
28702,2,0,0,0,0,0
28700,2,0,0,0,0,0
28701,5,5,5,0,0,5
28705,2,0,0,0,0,0
28703,2,0,0,0,0,0
28704,5,5,5,0,0,5
28708,2,0,0,0,0,0
28706,2,0,0,0,0,0
28707,5,5,5,0,0,5
28711,2,0,0,0,0,0
28709,2,0,0,0,0,0
28710,5,5,5,0,0,5
28714,2,0,0,0,0,0
28712,2,0,0,0,0,0
28713,5,5,5,0,0,5
28717,2,0,0,0,0,0
28715,2,0,0,0,0,0
28716,5,5,5,0,0,5
28720,2,0,0,0,0,0
28718,2,0,0,0,0,0
28719,5,5,5,0,0,5
28723,2,0,0,0,0,0
28721,2,0,0,0,0,0
28722,5,5,5,0,0,5
28726,2,0,0,0,0,0
28724,2,0,0,0,0,0
28725,5,5,5,0,0,5
28729,2,0,0,0,0,0
28727,2,0,0,0,0,0
28728,5,5,5,0,0,5
28732,2,0,0,0,0,0
28730,2,0,0,0,0,0
28731,5,5,5,0,0,5
28735,2,0,0,0,0,0
28733,2,0,0,0,0,0
28734,5,5,5,0,0,5
28738,2,0,0,0,0,0
28736,2,0,0,0,0,0
28737,5,5,5,0,0,5
28741,2,0,0,0,0,0
28739,2,0,0,0,0,0
28740,5,5,5,0,0,5
28744,2,0,0,0,0,0
28742,2,0,0,0,0,0
28743,5,5,5,0,0,5
28747,2,0,0,0,0,0
28745,2,0,0,0,0,0
28746,5,5,5,0,0,5
28750,2,0,0,0,0,0
28748,2,0,0,0,0,0
28749,5,5,5,0,0,5
28753,2,0,0,0,0,0
28751,2,0,0,0,0,0
28752,5,5,5,0,0,5
28756,2,0,0,0,0,0
28754,2,0,0,0,0,0
28755,5,5,5,0,0,5
28759,2,0,0,0,0,0
28757,2,0,0,0,0,0
28758,5,5,5,0,0,5
28762,2,0,0,0,0,0
28760,2,0,0,0,0,0
28761,5,5,5,0,0,5
28765,2,0,0,0,0,0
28763,2,0,0,0,0,0
28764,5,5,5,0,0,5
28768,2,0,0,0,0,0
28766,2,0,0,0,0,0
28767,5,5,5,0,0,5
28771,2,0,0,0,0,0
28769,2,0,0,0,0,0
28770,5,5,5,0,0,5
28774,2,0,0,0,0,0
28772,2,0,0,0,0,0
28773,5,5,5,0,0,5
28777,2,0,0,0,0,0
28775,2,0,0,0,0,0
28776,5,5,5,0,0,5
28780,2,0,0,0,0,0
28778,2,0,0,0,0,0
28779,5,5,5,0,0,5
28783,2,0,0,0,0,0
28781,2,0,0,0,0,0
28782,5,5,5,0,0,5
28786,2,0,0,0,0,0
28784,2,0,0,0,0,0
28785,5,5,5,0,0,5
28789,2,0,0,0,0,0
28787,2,0,0,0,0,0
28788,5,5,5,0,0,5
28792,2,0,0,0,0,0
28790,2,0,0,0,0,0
28791,5,5,5,0,0,5
28795,2,0,0,0,0,0
28793,2,0,0,0,0,0
28794,5,5,5,0,0,5
28798,2,0,0,0,0,0
28796,2,0,0,0,0,0
28797,5,5,5,0,0,5
28801,2,0,0,0,0,0
28799,2,0,0,0,0,0
28800,5,5,5,0,0,5
28804,2,0,0,0,0,0
28802,2,0,0,0,0,0
28803,5,5,5,0,0,5
28807,2,0,0,0,0,0
28805,2,0,0,0,0,0
28806,5,5,5,0,0,5
28810,2,0,0,0,0,0
28808,2,0,0,0,0,0
28809,5,5,5,0,0,5
28813,2,0,0,0,0,0
28811,2,0,0,0,0,0
28812,5,5,5,0,0,5
28816,2,0,0,0,0,0
28814,2,0,0,0,0,0
28815,5,5,5,0,0,5
28819,2,0,0,0,0,0
28817,2,0,0,0,0,0
28818,5,5,5,0,0,5
28822,2,0,0,0,0,0
28820,2,0,0,0,0,0
28821,5,5,5,0,0,5
28825,2,0,0,0,0,0
28823,2,0,0,0,0,0
28824,5,5,5,0,0,5
28828,2,0,0,0,0,0
28826,2,0,0,0,0,0
28827,5,5,5,0,0,5
28831,2,0,0,0,0,0
28829,2,0,0,0,0,0
28830,5,5,5,0,0,5
28834,2,0,0,0,0,0
28832,2,0,0,0,0,0
28833,5,5,5,0,0,5
28837,2,0,0,0,0,0
28835,2,0,0,0,0,0
28836,5,5,5,0,0,5
28840,2,0,0,0,0,0
28838,2,0,0,0,0,0
28839,5,5,5,0,0,5
28843,2,0,0,0,0,0
28841,2,0,0,0,0,0
28842,5,5,5,0,0,5
28846,2,0,0,0,0,0
28844,2,0,0,0,0,0
28845,5,5,5,0,0,5
28849,2,0,0,0,0,0
28847,2,0,0,0,0,0
28848,5,5,5,0,0,5
28852,2,0,0,0,0,0
28850,2,0,0,0,0,0
28851,5,5,5,0,0,5
28855,2,0,0,0,0,0
28853,2,0,0,0,0,0
28854,5,5,5,0,0,5
28858,2,0,0,0,0,0
28856,2,0,0,0,0,0
28857,5,5,5,0,0,5
28861,2,0,0,0,0,0
28859,2,0,0,0,0,0
28860,5,5,5,0,0,5
28864,2,0,0,0,0,0
28862,2,0,0,0,0,0
28863,5,5,5,0,0,5
28867,2,0,0,0,0,0
28865,2,0,0,0,0,0
28866,5,5,5,0,0,5
28870,2,0,0,0,0,0
28868,2,0,0,0,0,0
28869,5,5,5,0,0,5
28873,2,0,0,0,0,0
28871,2,0,0,0,0,0
28872,5,5,5,0,0,5
28876,2,0,0,0,0,0
28874,2,0,0,0,0,0
28875,5,5,5,0,0,5
28879,2,0,0,0,0,0
28877,2,0,0,0,0,0
28878,5,5,5,0,0,5
28882,2,0,0,0,0,0
28880,2,0,0,0,0,0
28881,5,5,5,0,0,5
28885,2,0,0,0,0,0
28883,2,0,0,0,0,0
28884,5,5,5,0,0,5
28888,2,0,0,0,0,0
28886,2,0,0,0,0,0
28887,5,5,5,0,0,5
28891,2,0,0,0,0,0
28889,2,0,0,0,0,0
28890,5,5,5,0,0,5
28894,2,0,0,0,0,0
28892,2,0,0,0,0,0
28893,5,5,5,0,0,5
28897,2,0,0,0,0,0
28895,2,0,0,0,0,0
28896,5,5,5,0,0,5
28900,2,0,0,0,0,0
28898,2,0,0,0,0,0
28899,5,5,5,0,0,5
28903,2,0,0,0,0,0
28901,2,0,0,0,0,0
28902,5,5,5,0,0,5
28906,2,0,0,0,0,0
28904,2,0,0,0,0,0
28905,5,5,5,0,0,5
28909,2,0,0,0,0,0
28907,2,0,0,0,0,0
28908,5,5,5,0,0,5
28912,2,0,0,0,0,0
28910,2,0,0,0,0,0
28911,5,5,5,0,0,5
28915,2,0,0,0,0,0
28913,2,0,0,0,0,0
28914,5,5,5,0,0,5
28918,2,0,0,0,0,0
28916,2,0,0,0,0,0
28917,5,5,5,0,0,5
28921,2,0,0,0,0,0
28919,2,0,0,0,0,0
28920,5,5,5,0,0,5
28924,2,0,0,0,0,0
28922,2,0,0,0,0,0
28923,5,5,5,0,0,5
28927,2,0,0,0,0,0
28925,2,0,0,0,0,0
28926,5,5,5,0,0,5
28930,2,0,0,0,0,0
28928,2,0,0,0,0,0
28929,5,5,5,0,0,5
28933,2,0,0,0,0,0
28931,2,0,0,0,0,0
28932,5,5,5,0,0,5
28936,2,0,0,0,0,0
28934,2,0,0,0,0,0
28935,5,5,5,0,0,5
28939,2,0,0,0,0,0
28937,2,0,0,0,0,0
28938,5,5,5,0,0,5
28942,2,0,0,0,0,0
28940,2,0,0,0,0,0
28941,5,5,5,0,0,5
28945,2,0,0,0,0,0
28943,2,0,0,0,0,0
28944,5,5,5,0,0,5
28948,2,0,0,0,0,0
28946,2,0,0,0,0,0
28947,5,5,5,0,0,5
28951,2,0,0,0,0,0
28949,2,0,0,0,0,0
28950,5,5,5,0,0,5
28954,2,0,0,0,0,0
28952,2,0,0,0,0,0
28953,5,5,5,0,0,5
28957,2,0,0,0,0,0
28955,2,0,0,0,0,0
28956,5,5,5,0,0,5
28960,2,0,0,0,0,0
28958,2,0,0,0,0,0
28959,5,5,5,0,0,5
28963,2,0,0,0,0,0
28961,2,0,0,0,0,0
28962,5,5,5,0,0,5
28966,2,0,0,0,0,0
28964,2,0,0,0,0,0
28965,5,5,5,0,0,5
28969,2,0,0,0,0,0
28967,2,0,0,0,0,0
28968,5,5,5,0,0,5
28972,2,0,0,0,0,0
28970,2,0,0,0,0,0
28971,5,5,5,0,0,5
28975,2,0,0,0,0,0
28973,2,0,0,0,0,0
28974,5,5,5,0,0,5
28978,2,0,0,0,0,0
28976,2,0,0,0,0,0
28977,5,5,5,0,0,5
28981,2,0,0,0,0,0
28979,2,0,0,0,0,0
28980,5,5,5,0,0,5
28984,2,0,0,0,0,0
28982,2,0,0,0,0,0
28983,5,5,5,0,0,5
28987,2,0,0,0,0,0
28985,2,0,0,0,0,0
28986,5,5,5,0,0,5
28990,2,0,0,0,0,0
28988,2,0,0,0,0,0
28989,5,5,5,0,0,5
28993,2,0,0,0,0,0
28991,2,0,0,0,0,0
28992,5,5,5,0,0,5
28996,2,0,0,0,0,0
28994,2,0,0,0,0,0
28995,5,5,5,0,0,5
28999,2,0,0,0,0,0
28997,2,0,0,0,0,0
28998,5,5,5,0,0,5
29002,2,0,0,0,0,0
29000,2,0,0,0,0,0
29001,5,5,5,0,0,5
29005,2,0,0,0,0,0
29003,2,0,0,0,0,0
29004,5,5,5,0,0,5
29008,2,0,0,0,0,0
29006,2,0,0,0,0,0
29007,5,5,5,0,0,5
29011,2,0,0,0,0,0
29009,2,0,0,0,0,0
29010,5,5,5,0,0,5
29014,2,0,0,0,0,0
29012,2,0,0,0,0,0
29013,5,5,5,0,0,5
29017,2,0,0,0,0,0
29015,2,0,0,0,0,0
29016,5,5,5,0,0,5
29020,2,0,0,0,0,0
29018,2,0,0,0,0,0
29019,5,5,5,0,0,5
29023,2,0,0,0,0,0
29021,2,0,0,0,0,0
29022,5,5,5,0,0,5
29026,2,0,0,0,0,0
29024,2,0,0,0,0,0
29025,5,5,5,0,0,5
29029,2,0,0,0,0,0
29027,2,0,0,0,0,0
29028,5,5,5,0,0,5
29032,2,0,0,0,0,0
29030,2,0,0,0,0,0
29031,5,5,5,0,0,5
29035,2,0,0,0,0,0
29033,2,0,0,0,0,0
29034,5,5,5,0,0,5
29038,2,0,0,0,0,0
29036,2,0,0,0,0,0
29037,5,5,5,0,0,5
29041,2,0,0,0,0,0
29039,2,0,0,0,0,0
29040,5,5,5,0,0,5
29044,2,0,0,0,0,0
29042,2,0,0,0,0,0
29043,5,5,5,0,0,5
29047,2,0,0,0,0,0
29045,2,0,0,0,0,0
29046,5,5,5,0,0,5
29050,2,0,0,0,0,0
29048,2,0,0,0,0,0
29049,5,5,5,0,0,5
29053,2,0,0,0,0,0
29051,2,0,0,0,0,0
29052,5,5,5,0,0,5
29056,2,0,0,0,0,0
29054,2,0,0,0,0,0
29055,5,5,5,0,0,5
29059,2,0,0,0,0,0
29057,2,0,0,0,0,0
29058,5,5,5,0,0,5
29062,2,0,0,0,0,0
29060,2,0,0,0,0,0
29061,5,5,5,0,0,5
29065,2,0,0,0,0,0
29063,2,0,0,0,0,0
29064,5,5,5,0,0,5
29068,2,0,0,0,0,0
29066,2,0,0,0,0,0
29067,5,5,5,0,0,5
29071,2,0,0,0,0,0
29069,2,0,0,0,0,0
29070,5,5,5,0,0,5
29074,2,0,0,0,0,0
29072,2,0,0,0,0,0
29073,5,5,5,0,0,5
29077,2,0,0,0,0,0
29075,2,0,0,0,0,0
29076,5,5,5,0,0,5
29080,2,0,0,0,0,0
29078,2,0,0,0,0,0
29079,5,5,5,0,0,5
29083,2,0,0,0,0,0
29081,2,0,0,0,0,0
29082,5,5,5,0,0,5
29086,2,0,0,0,0,0
29084,2,0,0,0,0,0
29085,5,5,5,0,0,5
29089,2,0,0,0,0,0
29087,2,0,0,0,0,0
29088,5,5,5,0,0,5
29092,2,0,0,0,0,0
29090,2,0,0,0,0,0
29091,5,5,5,0,0,5
29095,2,0,0,0,0,0
29093,2,0,0,0,0,0
29094,5,5,5,0,0,5
29098,2,0,0,0,0,0
29096,2,0,0,0,0,0
29097,5,5,5,0,0,5
29101,2,0,0,0,0,0
29099,2,0,0,0,0,0
29100,5,5,5,0,0,5
29104,2,0,0,0,0,0
29102,2,0,0,0,0,0
29103,5,5,5,0,0,5
29107,2,0,0,0,0,0
29105,2,0,0,0,0,0
29106,5,5,5,0,0,5
29110,2,0,0,0,0,0
29108,2,0,0,0,0,0
29109,5,5,5,0,0,5
29113,2,0,0,0,0,0
29111,2,0,0,0,0,0
29112,5,5,5,0,0,5
29116,2,0,0,0,0,0
29114,2,0,0,0,0,0
29115,5,5,5,0,0,5
29119,2,0,0,0,0,0
29117,2,0,0,0,0,0
29118,5,5,5,0,0,5
29122,2,0,0,0,0,0
29120,2,0,0,0,0,0
29121,5,5,5,0,0,5
29125,2,0,0,0,0,0
29123,2,0,0,0,0,0
29124,5,5,5,0,0,5
29128,2,0,0,0,0,0
29126,2,0,0,0,0,0
29127,5,5,5,0,0,5
29131,2,0,0,0,0,0
29129,2,0,0,0,0,0
29130,5,5,5,0,0,5
29134,2,0,0,0,0,0
29132,2,0,0,0,0,0
29133,5,5,5,0,0,5
29137,2,0,0,0,0,0
29135,2,0,0,0,0,0
29136,5,5,5,0,0,5
29140,2,0,0,0,0,0
29138,2,0,0,0,0,0
29139,5,5,5,0,0,5
29143,2,0,0,0,0,0
29141,2,0,0,0,0,0
29142,5,5,5,0,0,5
29146,2,0,0,0,0,0
29144,2,0,0,0,0,0
29145,5,5,5,0,0,5
29149,2,0,0,0,0,0
29147,2,0,0,0,0,0
29148,5,5,5,0,0,5
29152,2,0,0,0,0,0
29150,2,0,0,0,0,0
29151,5,5,5,0,0,5
29155,2,0,0,0,0,0
29153,2,0,0,0,0,0
29154,5,5,5,0,0,5
29158,2,0,0,0,0,0
29156,2,0,0,0,0,0
29157,5,5,5,0,0,5
29161,2,0,0,0,0,0
29159,2,0,0,0,0,0
29160,5,5,5,0,0,5
29164,2,0,0,0,0,0
29162,2,0,0,0,0,0
29163,5,5,5,0,0,5
29167,2,0,0,0,0,0
29165,2,0,0,0,0,0
29166,5,5,5,0,0,5
29170,2,0,0,0,0,0
29168,2,0,0,0,0,0
29169,5,5,5,0,0,5
29173,2,0,0,0,0,0
29171,2,0,0,0,0,0
29172,5,5,5,0,0,5
29176,2,0,0,0,0,0
29174,2,0,0,0,0,0
29175,5,5,5,0,0,5
29179,2,0,0,0,0,0
29177,2,0,0,0,0,0
29178,5,5,5,0,0,5
29182,2,0,0,0,0,0
29180,2,0,0,0,0,0
29181,5,5,5,0,0,5
29185,2,0,0,0,0,0
29183,2,0,0,0,0,0
29184,5,5,5,0,0,5
29188,2,0,0,0,0,0
29186,2,0,0,0,0,0
29187,5,5,5,0,0,5
29191,2,0,0,0,0,0
29189,2,0,0,0,0,0
29190,5,5,5,0,0,5
29194,2,0,0,0,0,0
29192,2,0,0,0,0,0
29193,5,5,5,0,0,5
29197,2,0,0,0,0,0
29195,2,0,0,0,0,0
29196,5,5,5,0,0,5
29200,2,0,0,0,0,0
29198,2,0,0,0,0,0
29199,5,5,5,0,0,5
29203,2,0,0,0,0,0
29201,2,0,0,0,0,0
29202,5,5,5,0,0,5
29206,2,0,0,0,0,0
29204,2,0,0,0,0,0
29205,5,5,5,0,0,5
29209,2,0,0,0,0,0
29207,2,0,0,0,0,0
29208,5,5,5,0,0,5
29212,2,0,0,0,0,0
29210,2,0,0,0,0,0
29211,5,5,5,0,0,5
29215,2,0,0,0,0,0
29213,2,0,0,0,0,0
29214,5,5,5,0,0,5
29218,2,0,0,0,0,0
29216,2,0,0,0,0,0
29217,5,5,5,0,0,5
29221,2,0,0,0,0,0
29219,2,0,0,0,0,0
29220,5,5,5,0,0,5
29224,2,0,0,0,0,0
29222,2,0,0,0,0,0
29223,5,5,5,0,0,5
29227,2,0,0,0,0,0
29225,2,0,0,0,0,0
29226,5,5,5,0,0,5
29230,2,0,0,0,0,0
29228,2,0,0,0,0,0
29229,5,5,5,0,0,5
29233,2,0,0,0,0,0
29231,2,0,0,0,0,0
29232,5,5,5,0,0,5
29236,2,0,0,0,0,0
29234,2,0,0,0,0,0
29235,5,5,5,0,0,5
29239,2,0,0,0,0,0
29237,2,0,0,0,0,0
29238,5,5,5,0,0,5
29242,2,0,0,0,0,0
29240,2,0,0,0,0,0
29241,5,5,5,0,0,5
29245,2,0,0,0,0,0
29243,2,0,0,0,0,0
29244,5,5,5,0,0,5
29248,2,0,0,0,0,0
29246,2,0,0,0,0,0
29247,5,5,5,0,0,5
29251,2,0,0,0,0,0
29249,2,0,0,0,0,0
29250,5,5,5,0,0,5
29254,2,0,0,0,0,0
29252,2,0,0,0,0,0
29253,5,5,5,0,0,5
29257,2,0,0,0,0,0
29255,2,0,0,0,0,0
29256,5,5,5,0,0,5
29260,2,0,0,0,0,0
29258,2,0,0,0,0,0
29259,5,5,5,0,0,5
29263,2,0,0,0,0,0
29261,2,0,0,0,0,0
29262,5,5,5,0,0,5
29266,2,0,0,0,0,0
29264,2,0,0,0,0,0
29265,5,5,5,0,0,5
29269,2,0,0,0,0,0
29267,2,0,0,0,0,0
29268,5,5,5,0,0,5
29272,2,0,0,0,0,0
29270,2,0,0,0,0,0
29271,5,5,5,0,0,5
29275,2,0,0,0,0,0
29273,2,0,0,0,0,0
29274,5,5,5,0,0,5
29278,2,0,0,0,0,0
29276,2,0,0,0,0,0
29277,5,5,5,0,0,5
29281,2,0,0,0,0,0
29279,2,0,0,0,0,0
29280,5,5,5,0,0,5
29284,2,0,0,0,0,0
29282,2,0,0,0,0,0
29283,5,5,5,0,0,5
29287,2,0,0,0,0,0
29285,2,0,0,0,0,0
29286,5,5,5,0,0,5
29290,2,0,0,0,0,0
29288,2,0,0,0,0,0
29289,5,5,5,0,0,5
29293,2,0,0,0,0,0
29291,2,0,0,0,0,0
29292,5,5,5,0,0,5
29296,2,0,0,0,0,0
29294,2,0,0,0,0,0
29295,5,5,5,0,0,5
29299,2,0,0,0,0,0
29297,2,0,0,0,0,0
29298,5,5,5,0,0,5
29302,2,0,0,0,0,0
29300,2,0,0,0,0,0
29301,5,5,5,0,0,5
29305,2,0,0,0,0,0
29303,2,0,0,0,0,0
29304,5,5,5,0,0,5
29308,2,0,0,0,0,0
29306,2,0,0,0,0,0
29307,5,5,5,0,0,5
29311,2,0,0,0,0,0
29309,2,0,0,0,0,0
29310,5,5,5,0,0,5
29314,2,0,0,0,0,0
29312,2,0,0,0,0,0
29313,5,5,5,0,0,5
29317,2,0,0,0,0,0
29315,2,0,0,0,0,0
29316,5,5,5,0,0,5
29320,2,0,0,0,0,0
29318,2,0,0,0,0,0
29319,5,5,5,0,0,5
29323,2,0,0,0,0,0
29321,2,0,0,0,0,0
29322,5,5,5,0,0,5
29326,2,0,0,0,0,0
29324,2,0,0,0,0,0
29325,5,5,5,0,0,5
29329,2,0,0,0,0,0
29327,2,0,0,0,0,0
29328,5,5,5,0,0,5
29332,2,0,0,0,0,0
29330,2,0,0,0,0,0
29331,5,5,5,0,0,5
29335,2,0,0,0,0,0
29333,2,0,0,0,0,0
29334,5,5,5,0,0,5
29338,2,0,0,0,0,0
29336,2,0,0,0,0,0
29337,5,5,5,0,0,5
29341,2,0,0,0,0,0
29339,2,0,0,0,0,0
29340,5,5,5,0,0,5
29344,2,0,0,0,0,0
29342,2,0,0,0,0,0
29343,5,5,5,0,0,5
29347,2,0,0,0,0,0
29345,2,0,0,0,0,0
29346,5,5,5,0,0,5
29350,2,0,0,0,0,0
29348,2,0,0,0,0,0
29349,5,5,5,0,0,5
29353,2,0,0,0,0,0
29351,2,0,0,0,0,0
29352,5,5,5,0,0,5
29356,2,0,0,0,0,0
29354,2,0,0,0,0,0
29355,5,5,5,0,0,5
29359,2,0,0,0,0,0
29357,2,0,0,0,0,0
29358,5,5,5,0,0,5
29362,2,0,0,0,0,0
29360,2,0,0,0,0,0
29361,5,5,5,0,0,5
29365,2,0,0,0,0,0
29363,2,0,0,0,0,0
29364,5,5,5,0,0,5
29368,2,0,0,0,0,0
29366,2,0,0,0,0,0
29367,5,5,5,0,0,5
29371,2,0,0,0,0,0
29369,2,0,0,0,0,0
29370,5,5,5,0,0,5
29374,2,0,0,0,0,0
29372,2,0,0,0,0,0
29373,5,5,5,0,0,5
29377,2,0,0,0,0,0
29375,2,0,0,0,0,0
29376,5,5,5,0,0,5
29380,2,0,0,0,0,0
29378,2,0,0,0,0,0
29379,5,5,5,0,0,5
29383,2,0,0,0,0,0
29381,2,0,0,0,0,0
29382,5,5,5,0,0,5
29386,2,0,0,0,0,0
29384,2,0,0,0,0,0
29385,5,5,5,0,0,5
29389,2,0,0,0,0,0
29387,2,0,0,0,0,0
29388,5,5,5,0,0,5
29392,2,0,0,0,0,0
29390,2,0,0,0,0,0
29391,5,5,5,0,0,5
29395,2,0,0,0,0,0
29393,2,0,0,0,0,0
29394,5,5,5,0,0,5
29398,2,0,0,0,0,0
29396,2,0,0,0,0,0
29397,5,5,5,0,0,5
29401,2,0,0,0,0,0
29399,2,0,0,0,0,0
29400,5,5,5,0,0,5
29404,2,0,0,0,0,0
29402,2,0,0,0,0,0
29403,5,5,5,0,0,5
29407,2,0,0,0,0,0
29405,2,0,0,0,0,0
29406,5,5,5,0,0,5
29410,2,0,0,0,0,0
29408,2,0,0,0,0,0
29409,5,5,5,0,0,5
29413,2,0,0,0,0,0
29411,2,0,0,0,0,0
29412,5,5,5,0,0,5
29416,2,0,0,0,0,0
29414,2,0,0,0,0,0
29415,5,5,5,0,0,5
29419,2,0,0,0,0,0
29417,2,0,0,0,0,0
29418,5,5,5,0,0,5
29422,2,0,0,0,0,0
29420,2,0,0,0,0,0
29421,5,5,5,0,0,5
29425,2,0,0,0,0,0
29423,2,0,0,0,0,0
29424,5,5,5,0,0,5
29428,2,0,0,0,0,0
29426,2,0,0,0,0,0
29427,5,5,5,0,0,5
29431,2,0,0,0,0,0
29429,2,0,0,0,0,0
29430,5,5,5,0,0,5
29434,2,0,0,0,0,0
29432,2,0,0,0,0,0
29433,5,5,5,0,0,5
29437,2,0,0,0,0,0
29435,2,0,0,0,0,0
29436,5,5,5,0,0,5
29440,2,0,0,0,0,0
29438,2,0,0,0,0,0
29439,5,5,5,0,0,5
29443,2,0,0,0,0,0
29441,2,0,0,0,0,0
29442,5,5,5,0,0,5
29446,2,0,0,0,0,0
29444,2,0,0,0,0,0
29445,5,5,5,0,0,5
29449,2,0,0,0,0,0
29447,2,0,0,0,0,0
29448,5,5,5,0,0,5
29452,2,0,0,0,0,0
29450,2,0,0,0,0,0
29451,5,5,5,0,0,5
29455,2,0,0,0,0,0
29453,2,0,0,0,0,0
29454,5,5,5,0,0,5
29458,2,0,0,0,0,0
29456,2,0,0,0,0,0
29457,5,5,5,0,0,5
29461,2,0,0,0,0,0
29459,2,0,0,0,0,0
29460,5,5,5,0,0,5
29464,2,0,0,0,0,0
29462,2,0,0,0,0,0
29463,5,5,5,0,0,5
29467,2,0,0,0,0,0
29465,2,0,0,0,0,0
29466,5,5,5,0,0,5
29470,2,0,0,0,0,0
29468,2,0,0,0,0,0
29469,5,5,5,0,0,5
29473,2,0,0,0,0,0
29471,2,0,0,0,0,0
29472,5,5,5,0,0,5
29476,2,0,0,0,0,0
29474,2,0,0,0,0,0
29475,5,5,5,0,0,5
29479,2,0,0,0,0,0
29477,2,0,0,0,0,0
29478,5,5,5,0,0,5
29482,2,0,0,0,0,0
29480,2,0,0,0,0,0
29481,5,5,5,0,0,5
29485,2,0,0,0,0,0
29483,2,0,0,0,0,0
29484,5,5,5,0,0,5
29488,2,0,0,0,0,0
29486,2,0,0,0,0,0
29487,5,5,5,0,0,5
29491,2,0,0,0,0,0
29489,2,0,0,0,0,0
29490,5,5,5,0,0,5
29494,2,0,0,0,0,0
29492,2,0,0,0,0,0
29493,5,5,5,0,0,5
29497,2,0,0,0,0,0
29495,2,0,0,0,0,0
29496,5,5,5,0,0,5
29500,2,0,0,0,0,0
29498,2,0,0,0,0,0
29499,5,5,5,0,0,5
29503,2,0,0,0,0,0
29501,2,0,0,0,0,0
29502,5,5,5,0,0,5
29506,2,0,0,0,0,0
29504,2,0,0,0,0,0
29505,5,5,5,0,0,5
29509,2,0,0,0,0,0
29507,2,0,0,0,0,0
29508,5,5,5,0,0,5
29512,2,0,0,0,0,0
29510,2,0,0,0,0,0
29511,5,5,5,0,0,5
29515,2,0,0,0,0,0
29513,2,0,0,0,0,0
29514,5,5,5,0,0,5
29518,2,0,0,0,0,0
29516,2,0,0,0,0,0
29517,5,5,5,0,0,5
29521,2,0,0,0,0,0
29519,2,0,0,0,0,0
29520,5,5,5,0,0,5
29524,2,0,0,0,0,0
29522,2,0,0,0,0,0
29523,5,5,5,0,0,5
29527,2,0,0,0,0,0
29525,2,0,0,0,0,0
29526,5,5,5,0,0,5
29530,2,0,0,0,0,0
29528,2,0,0,0,0,0
29529,5,5,5,0,0,5
29533,2,0,0,0,0,0
29531,2,0,0,0,0,0
29532,5,5,5,0,0,5
29536,2,0,0,0,0,0
29534,2,0,0,0,0,0
29535,5,5,5,0,0,5
29539,2,0,0,0,0,0
29537,2,0,0,0,0,0
29538,5,5,5,0,0,5
29542,2,0,0,0,0,0
29540,2,0,0,0,0,0
29541,5,5,5,0,0,5
29545,2,0,0,0,0,0
29543,2,0,0,0,0,0
29544,5,5,5,0,0,5
29548,2,0,0,0,0,0
29546,2,0,0,0,0,0
29547,5,5,5,0,0,5
29551,2,0,0,0,0,0
29549,2,0,0,0,0,0
29550,5,5,5,0,0,5
29554,2,0,0,0,0,0
29552,2,0,0,0,0,0
29553,5,5,5,0,0,5
29557,2,0,0,0,0,0
29555,2,0,0,0,0,0
29556,5,5,5,0,0,5
29560,2,0,0,0,0,0
29558,2,0,0,0,0,0
29559,5,5,5,0,0,5
29563,2,0,0,0,0,0
29561,2,0,0,0,0,0
29562,5,5,5,0,0,5
29566,2,0,0,0,0,0
29564,2,0,0,0,0,0
29565,5,5,5,0,0,5
29569,2,0,0,0,0,0
29567,2,0,0,0,0,0
29568,5,5,5,0,0,5
29572,2,0,0,0,0,0
29570,2,0,0,0,0,0
29571,5,5,5,0,0,5
29575,2,0,0,0,0,0
29573,2,0,0,0,0,0
29574,5,5,5,0,0,5
29578,2,0,0,0,0,0
29576,2,0,0,0,0,0
29577,5,5,5,0,0,5
29581,2,0,0,0,0,0
29579,2,0,0,0,0,0
29580,5,5,5,0,0,5
29584,2,0,0,0,0,0
29582,2,0,0,0,0,0
29583,5,5,5,0,0,5
29587,2,0,0,0,0,0
29585,2,0,0,0,0,0
29586,5,5,5,0,0,5
29590,2,0,0,0,0,0
29588,2,0,0,0,0,0
29589,5,5,5,0,0,5
29593,2,0,0,0,0,0
29591,2,0,0,0,0,0
29592,5,5,5,0,0,5
29596,2,0,0,0,0,0
29594,2,0,0,0,0,0
29595,5,5,5,0,0,5
29599,2,0,0,0,0,0
29597,2,0,0,0,0,0
29598,5,5,5,0,0,5
29602,2,0,0,0,0,0
29600,2,0,0,0,0,0
29601,5,5,5,0,0,5
29605,2,0,0,0,0,0
29603,2,0,0,0,0,0
29604,5,5,5,0,0,5
29608,2,0,0,0,0,0
29606,2,0,0,0,0,0
29607,5,5,5,0,0,5
29611,2,0,0,0,0,0
29609,2,0,0,0,0,0
29610,5,5,5,0,0,5
29614,2,0,0,0,0,0
29612,2,0,0,0,0,0
29613,5,5,5,0,0,5
29617,2,0,0,0,0,0
29615,2,0,0,0,0,0
29616,5,5,5,0,0,5
29620,2,0,0,0,0,0
29618,2,0,0,0,0,0
29619,5,5,5,0,0,5
29623,2,0,0,0,0,0
29621,2,0,0,0,0,0
29622,5,5,5,0,0,5
29626,2,0,0,0,0,0
29624,2,0,0,0,0,0
29625,5,5,5,0,0,5
29629,2,0,0,0,0,0
29627,2,0,0,0,0,0
29628,5,5,5,0,0,5
29632,2,0,0,0,0,0
29630,2,0,0,0,0,0
29631,5,5,5,0,0,5
29635,2,0,0,0,0,0
29633,2,0,0,0,0,0
29634,5,5,5,0,0,5
29638,2,0,0,0,0,0
29636,2,0,0,0,0,0
29637,5,5,5,0,0,5
29641,2,0,0,0,0,0
29639,2,0,0,0,0,0
29640,5,5,5,0,0,5
29644,2,0,0,0,0,0
29642,2,0,0,0,0,0
29643,5,5,5,0,0,5
29647,2,0,0,0,0,0
29645,2,0,0,0,0,0
29646,5,5,5,0,0,5
29650,2,0,0,0,0,0
29648,2,0,0,0,0,0
29649,5,5,5,0,0,5
29653,2,0,0,0,0,0
29651,2,0,0,0,0,0
29652,5,5,5,0,0,5
29656,2,0,0,0,0,0
29654,2,0,0,0,0,0
29655,5,5,5,0,0,5
29659,2,0,0,0,0,0
29657,2,0,0,0,0,0
29658,5,5,5,0,0,5
29662,2,0,0,0,0,0
29660,2,0,0,0,0,0
29661,5,5,5,0,0,5
29665,2,0,0,0,0,0
29663,2,0,0,0,0,0
29664,5,5,5,0,0,5
29668,2,0,0,0,0,0
29666,2,0,0,0,0,0
29667,5,5,5,0,0,5
29671,2,0,0,0,0,0
29669,2,0,0,0,0,0
29670,5,5,5,0,0,5
29674,2,0,0,0,0,0
29672,2,0,0,0,0,0
29673,5,5,5,0,0,5
29677,2,0,0,0,0,0
29675,2,0,0,0,0,0
29676,5,5,5,0,0,5
29680,2,0,0,0,0,0
29678,2,0,0,0,0,0
29679,5,5,5,0,0,5
29683,2,0,0,0,0,0
29681,2,0,0,0,0,0
29682,5,5,5,0,0,5
29686,2,0,0,0,0,0
29684,2,0,0,0,0,0
29685,5,5,5,0,0,5
29689,2,0,0,0,0,0
29687,2,0,0,0,0,0
29688,5,5,5,0,0,5
29692,2,0,0,0,0,0
29690,2,0,0,0,0,0
29691,5,5,5,0,0,5
29695,2,0,0,0,0,0
29693,2,0,0,0,0,0
29694,5,5,5,0,0,5
29698,2,0,0,0,0,0
29696,2,0,0,0,0,0
29697,5,5,5,0,0,5
29701,2,0,0,0,0,0
29699,2,0,0,0,0,0
29700,5,5,5,0,0,5
29704,2,0,0,0,0,0
29702,2,0,0,0,0,0
29703,5,5,5,0,0,5
29707,2,0,0,0,0,0
29705,2,0,0,0,0,0
29706,5,5,5,0,0,5
29710,2,0,0,0,0,0
29708,2,0,0,0,0,0
29709,5,5,5,0,0,5
29713,2,0,0,0,0,0
29711,2,0,0,0,0,0
29712,5,5,5,0,0,5
29716,2,0,0,0,0,0
29714,2,0,0,0,0,0
29715,5,5,5,0,0,5
29719,2,0,0,0,0,0
29717,2,0,0,0,0,0
29718,5,5,5,0,0,5
29722,2,0,0,0,0,0
29720,2,0,0,0,0,0
29721,5,5,5,0,0,5
29725,2,0,0,0,0,0
29723,2,0,0,0,0,0
29724,5,5,5,0,0,5
29728,2,0,0,0,0,0
29726,2,0,0,0,0,0
29727,5,5,5,0,0,5
29731,2,0,0,0,0,0
29729,2,0,0,0,0,0
29730,5,5,5,0,0,5
29734,2,0,0,0,0,0
29732,2,0,0,0,0,0
29733,5,5,5,0,0,5
29737,2,0,0,0,0,0
29735,2,0,0,0,0,0
29736,5,5,5,0,0,5
29740,2,0,0,0,0,0
29738,2,0,0,0,0,0
29739,5,5,5,0,0,5
29743,2,0,0,0,0,0
29741,2,0,0,0,0,0
29742,5,5,5,0,0,5
29746,2,0,0,0,0,0
29744,2,0,0,0,0,0
29745,5,5,5,0,0,5
29749,2,0,0,0,0,0
29747,2,0,0,0,0,0
29748,5,5,5,0,0,5
29752,2,0,0,0,0,0
29750,2,0,0,0,0,0
29751,5,5,5,0,0,5
29755,2,0,0,0,0,0
29753,2,0,0,0,0,0
29754,5,5,5,0,0,5
29758,2,0,0,0,0,0
29756,2,0,0,0,0,0
29757,5,5,5,0,0,5
29761,2,0,0,0,0,0
29759,2,0,0,0,0,0
29760,5,5,5,0,0,5
29764,2,0,0,0,0,0
29762,2,0,0,0,0,0
29763,5,5,5,0,0,5
29767,2,0,0,0,0,0
29765,2,0,0,0,0,0
29766,5,5,5,0,0,5
29770,2,0,0,0,0,0
29768,2,0,0,0,0,0
29769,5,5,5,0,0,5
29773,2,0,0,0,0,0
29771,2,0,0,0,0,0
29772,5,5,5,0,0,5
29776,2,0,0,0,0,0
29774,2,0,0,0,0,0
29775,5,5,5,0,0,5
29779,2,0,0,0,0,0
29777,2,0,0,0,0,0
29778,5,5,5,0,0,5
29782,2,0,0,0,0,0
29780,2,0,0,0,0,0
29781,5,5,5,0,0,5
29785,2,0,0,0,0,0
29783,2,0,0,0,0,0
29784,5,5,5,0,0,5
29788,2,0,0,0,0,0
29786,2,0,0,0,0,0
29787,5,5,5,0,0,5
29791,2,0,0,0,0,0
29789,2,0,0,0,0,0
29790,5,5,5,0,0,5
29794,2,0,0,0,0,0
29792,2,0,0,0,0,0
29793,5,5,5,0,0,5
29797,2,0,0,0,0,0
29795,2,0,0,0,0,0
29796,5,5,5,0,0,5
29800,2,0,0,0,0,0
29798,2,0,0,0,0,0
29799,5,5,5,0,0,5
29803,2,0,0,0,0,0
29801,2,0,0,0,0,0
29802,5,5,5,0,0,5
29806,2,0,0,0,0,0
29804,2,0,0,0,0,0
29805,5,5,5,0,0,5
29809,2,0,0,0,0,0
29807,2,0,0,0,0,0
29808,5,5,5,0,0,5
29812,2,0,0,0,0,0
29810,2,0,0,0,0,0
29811,5,5,5,0,0,5
29815,2,0,0,0,0,0
29813,2,0,0,0,0,0
29814,5,5,5,0,0,5
29818,2,0,0,0,0,0
29816,2,0,0,0,0,0
29817,5,5,5,0,0,5
29821,2,0,0,0,0,0
29819,2,0,0,0,0,0
29820,5,5,5,0,0,5
29824,2,0,0,0,0,0
29822,2,0,0,0,0,0
29823,5,5,5,0,0,5
29827,2,0,0,0,0,0
29825,2,0,0,0,0,0
29826,5,5,5,0,0,5
29830,2,0,0,0,0,0
29828,2,0,0,0,0,0
29829,5,5,5,0,0,5
29833,2,0,0,0,0,0
29831,2,0,0,0,0,0
29832,5,5,5,0,0,5
29836,2,0,0,0,0,0
29834,2,0,0,0,0,0
29835,5,5,5,0,0,5
29839,2,0,0,0,0,0
29837,2,0,0,0,0,0
29838,5,5,5,0,0,5
29842,2,0,0,0,0,0
29840,2,0,0,0,0,0
29841,5,5,5,0,0,5
29845,2,0,0,0,0,0
29843,2,0,0,0,0,0
29844,5,5,5,0,0,5
29848,2,0,0,0,0,0
29846,2,0,0,0,0,0
29847,5,5,5,0,0,5
29851,2,0,0,0,0,0
29849,2,0,0,0,0,0
29850,5,5,5,0,0,5
29854,2,0,0,0,0,0
29852,2,0,0,0,0,0
29853,5,5,5,0,0,5
29857,2,0,0,0,0,0
29855,2,0,0,0,0,0
29856,5,5,5,0,0,5
29860,2,0,0,0,0,0
29858,2,0,0,0,0,0
29859,5,5,5,0,0,5
29863,2,0,0,0,0,0
29861,2,0,0,0,0,0
29862,5,5,5,0,0,5
29866,2,0,0,0,0,0
29864,2,0,0,0,0,0
29865,5,5,5,0,0,5
29869,2,0,0,0,0,0
29867,2,0,0,0,0,0
29868,5,5,5,0,0,5
29872,2,0,0,0,0,0
29870,2,0,0,0,0,0
29871,5,5,5,0,0,5
29875,2,0,0,0,0,0
29873,2,0,0,0,0,0
29874,5,5,5,0,0,5
29878,2,0,0,0,0,0
29876,2,0,0,0,0,0
29877,5,5,5,0,0,5
29881,2,0,0,0,0,0
29879,2,0,0,0,0,0
29880,5,5,5,0,0,5
29884,2,0,0,0,0,0
29882,2,0,0,0,0,0
29883,5,5,5,0,0,5
29887,2,0,0,0,0,0
29885,2,0,0,0,0,0
29886,5,5,5,0,0,5
29890,2,0,0,0,0,0
29888,2,0,0,0,0,0
29889,5,5,5,0,0,5
29893,2,0,0,0,0,0
29891,2,0,0,0,0,0
29892,5,5,5,0,0,5
29896,2,0,0,0,0,0
29894,2,0,0,0,0,0
29895,5,5,5,0,0,5
29899,2,0,0,0,0,0
29897,2,0,0,0,0,0
29898,5,5,5,0,0,5
29902,2,0,0,0,0,0
29900,2,0,0,0,0,0
29901,5,5,5,0,0,5
29905,2,0,0,0,0,0
29903,2,0,0,0,0,0
29904,5,5,5,0,0,5
29908,2,0,0,0,0,0
29906,2,0,0,0,0,0
29907,5,5,5,0,0,5
29911,2,0,0,0,0,0
29909,2,0,0,0,0,0
29910,5,5,5,0,0,5
29914,2,0,0,0,0,0
29912,2,0,0,0,0,0
29913,5,5,5,0,0,5
29917,2,0,0,0,0,0
29915,2,0,0,0,0,0
29916,5,5,5,0,0,5
29920,2,0,0,0,0,0
29918,2,0,0,0,0,0
29919,5,5,5,0,0,5
29923,2,0,0,0,0,0
29921,2,0,0,0,0,0
29922,5,5,5,0,0,5
29926,2,0,0,0,0,0
29924,2,0,0,0,0,0
29925,5,5,5,0,0,5
29929,2,0,0,0,0,0
29927,2,0,0,0,0,0
29928,5,5,5,0,0,5
29932,2,0,0,0,0,0
29930,2,0,0,0,0,0
29931,5,5,5,0,0,5
29935,2,0,0,0,0,0
29933,2,0,0,0,0,0
29934,5,5,5,0,0,5
29938,2,0,0,0,0,0
29936,2,0,0,0,0,0
29937,5,5,5,0,0,5
29941,2,0,0,0,0,0
29939,2,0,0,0,0,0
29940,5,5,5,0,0,5
29944,2,0,0,0,0,0
29942,2,0,0,0,0,0
29943,5,5,5,0,0,5
29947,2,0,0,0,0,0
29945,2,0,0,0,0,0
29946,5,5,5,0,0,5
29950,2,0,0,0,0,0
29948,2,0,0,0,0,0
29949,5,5,5,0,0,5
29953,2,0,0,0,0,0
29951,2,0,0,0,0,0
29952,5,5,5,0,0,5
29956,2,0,0,0,0,0
29954,2,0,0,0,0,0
29955,5,5,5,0,0,5
29959,2,0,0,0,0,0
29957,2,0,0,0,0,0
29958,5,5,5,0,0,5
29962,2,0,0,0,0,0
29960,2,0,0,0,0,0
29961,5,5,5,0,0,5
29965,2,0,0,0,0,0
29963,2,0,0,0,0,0
29964,5,5,5,0,0,5
29968,2,0,0,0,0,0
29966,2,0,0,0,0,0
29967,5,5,5,0,0,5
29971,2,0,0,0,0,0
29969,2,0,0,0,0,0
29970,5,5,5,0,0,5
29974,2,0,0,0,0,0
29972,2,0,0,0,0,0
29973,5,5,5,0,0,5
29977,2,0,0,0,0,0
29975,2,0,0,0,0,0
29976,5,5,5,0,0,5
29980,2,0,0,0,0,0
29978,2,0,0,0,0,0
29979,5,5,5,0,0,5
29983,2,0,0,0,0,0
29981,2,0,0,0,0,0
29982,5,5,5,0,0,5
29986,2,0,0,0,0,0
29984,2,0,0,0,0,0
29985,5,5,5,0,0,5
29989,2,0,0,0,0,0
29987,2,0,0,0,0,0
29988,5,5,5,0,0,5
29992,2,0,0,0,0,0
29990,2,0,0,0,0,0
29991,5,5,5,0,0,5
29995,2,0,0,0,0,0
29993,2,0,0,0,0,0
29994,5,5,5,0,0,5
29998,2,0,0,0,0,0
29996,2,0,0,0,0,0
29997,5,5,5,0,0,5
30001,2,0,0,0,0,0
29999,2,0,0,0,0,0
30000,5,5,5,0,0,5
30004,2,0,0,0,0,0
30002,2,0,0,0,0,0
30003,5,5,5,0,0,5
30007,2,0,0,0,0,0
30005,2,0,0,0,0,0
30006,5,5,5,0,0,5
30010,2,0,0,0,0,0
30008,2,0,0,0,0,0
30009,5,5,5,0,0,5
30013,2,0,0,0,0,0
30011,2,0,0,0,0,0
30012,5,5,5,0,0,5
30016,2,0,0,0,0,0
30014,2,0,0,0,0,0
30015,5,5,5,0,0,5
30019,2,0,0,0,0,0
30017,2,0,0,0,0,0
30018,5,5,5,0,0,5
30022,2,0,0,0,0,0
30020,2,0,0,0,0,0
30021,5,5,5,0,0,5
30025,2,0,0,0,0,0
30023,2,0,0,0,0,0
30024,5,5,5,0,0,5
30028,2,0,0,0,0,0
30026,2,0,0,0,0,0
30027,5,5,5,0,0,5
30031,2,0,0,0,0,0
30029,2,0,0,0,0,0
30030,5,5,5,0,0,5
30034,2,0,0,0,0,0
30032,2,0,0,0,0,0
30033,5,5,5,0,0,5
30037,2,0,0,0,0,0
30035,2,0,0,0,0,0
30036,5,5,5,0,0,5
30040,2,0,0,0,0,0
30038,2,0,0,0,0,0
30039,5,5,5,0,0,5
30043,2,0,0,0,0,0
30041,2,0,0,0,0,0
30042,5,5,5,0,0,5
30046,2,0,0,0,0,0
30044,2,0,0,0,0,0
30045,5,5,5,0,0,5
30049,2,0,0,0,0,0
30047,2,0,0,0,0,0
30048,5,5,5,0,0,5
30052,2,0,0,0,0,0
30050,2,0,0,0,0,0
30051,5,5,5,0,0,5
30055,2,0,0,0,0,0
30053,2,0,0,0,0,0
30054,5,5,5,0,0,5
30058,2,0,0,0,0,0
30056,2,0,0,0,0,0
30057,5,5,5,0,0,5
30061,2,0,0,0,0,0
30059,2,0,0,0,0,0
30060,5,5,5,0,0,5
30064,2,0,0,0,0,0
30062,2,0,0,0,0,0
30063,5,5,5,0,0,5
30067,2,0,0,0,0,0
30065,2,0,0,0,0,0
30066,5,5,5,0,0,5
30070,2,0,0,0,0,0
30068,2,0,0,0,0,0
30069,5,5,5,0,0,5
30073,2,0,0,0,0,0
30071,2,0,0,0,0,0
30072,5,5,5,0,0,5
30076,2,0,0,0,0,0
30074,2,0,0,0,0,0
30075,5,5,5,0,0,5
30079,2,0,0,0,0,0
30077,2,0,0,0,0,0
30078,5,5,5,0,0,5
30082,2,0,0,0,0,0
30080,2,0,0,0,0,0
30081,5,5,5,0,0,5
30085,2,0,0,0,0,0
30083,2,0,0,0,0,0
30084,5,5,5,0,0,5
30088,2,0,0,0,0,0
30086,2,0,0,0,0,0
30087,5,5,5,0,0,5
30091,2,0,0,0,0,0
30089,2,0,0,0,0,0
30090,5,5,5,0,0,5
30094,2,0,0,0,0,0
30092,2,0,0,0,0,0
30093,5,5,5,0,0,5
30097,2,0,0,0,0,0
30095,2,0,0,0,0,0
30096,5,5,5,0,0,5
30100,2,0,0,0,0,0
30098,2,0,0,0,0,0
30099,5,5,5,0,0,5
30103,2,0,0,0,0,0
30101,2,0,0,0,0,0
30102,5,5,5,0,0,5
30106,2,0,0,0,0,0
30104,2,0,0,0,0,0
30105,5,5,5,0,0,5
30109,2,0,0,0,0,0
30107,2,0,0,0,0,0
30108,5,5,5,0,0,5
30112,2,0,0,0,0,0
30110,2,0,0,0,0,0
30111,5,5,5,0,0,5
30115,2,0,0,0,0,0
30113,2,0,0,0,0,0
30114,5,5,5,0,0,5
30118,2,0,0,0,0,0
30116,2,0,0,0,0,0
30117,5,5,5,0,0,5
30121,2,0,0,0,0,0
30119,2,0,0,0,0,0
30120,5,5,5,0,0,5
30124,2,0,0,0,0,0
30122,2,0,0,0,0,0
30123,5,5,5,0,0,5
30127,2,0,0,0,0,0
30125,2,0,0,0,0,0
30126,5,5,5,0,0,5
30130,2,0,0,0,0,0
30128,2,0,0,0,0,0
30129,5,5,5,0,0,5
30133,2,0,0,0,0,0
30131,2,0,0,0,0,0
30132,5,5,5,0,0,5
30136,2,0,0,0,0,0
30134,2,0,0,0,0,0
30135,5,5,5,0,0,5
30139,2,0,0,0,0,0
30137,2,0,0,0,0,0
30138,5,5,5,0,0,5
30142,2,0,0,0,0,0
30140,2,0,0,0,0,0
30141,5,5,5,0,0,5
30145,2,0,0,0,0,0
30143,2,0,0,0,0,0
30144,5,5,5,0,0,5
30148,2,0,0,0,0,0
30146,2,0,0,0,0,0
30147,5,5,5,0,0,5
30151,2,0,0,0,0,0
30149,2,0,0,0,0,0
30150,5,5,5,0,0,5
30154,2,0,0,0,0,0
30152,2,0,0,0,0,0
30153,5,5,5,0,0,5
30157,2,0,0,0,0,0
30155,2,0,0,0,0,0
30156,5,5,5,0,0,5
30160,2,0,0,0,0,0
30158,2,0,0,0,0,0
30159,5,5,5,0,0,5
30163,2,0,0,0,0,0
30161,2,0,0,0,0,0
30162,5,5,5,0,0,5
30166,2,0,0,0,0,0
30164,2,0,0,0,0,0
30165,5,5,5,0,0,5
30169,2,0,0,0,0,0
30167,2,0,0,0,0,0
30168,5,5,5,0,0,5
30172,2,0,0,0,0,0
30170,2,0,0,0,0,0
30171,5,5,5,0,0,5
30175,2,0,0,0,0,0
30173,2,0,0,0,0,0
30174,5,5,5,0,0,5
30178,2,0,0,0,0,0
30176,2,0,0,0,0,0
30177,5,5,5,0,0,5
30181,2,0,0,0,0,0
30179,2,0,0,0,0,0
30180,5,5,5,0,0,5
30184,2,0,0,0,0,0
30182,2,0,0,0,0,0
30183,5,5,5,0,0,5
30187,2,0,0,0,0,0
30185,2,0,0,0,0,0
30186,5,5,5,0,0,5
30190,2,0,0,0,0,0
30188,2,0,0,0,0,0
30189,5,5,5,0,0,5
30193,2,0,0,0,0,0
30191,2,0,0,0,0,0
30192,5,5,5,0,0,5
30196,2,0,0,0,0,0
30194,2,0,0,0,0,0
30195,5,5,5,0,0,5
30199,2,0,0,0,0,0
30197,2,0,0,0,0,0
30198,5,5,5,0,0,5
30202,2,0,0,0,0,0
30200,2,0,0,0,0,0
30201,5,5,5,0,0,5
30205,2,0,0,0,0,0
30203,2,0,0,0,0,0
30204,5,5,5,0,0,5
30208,2,0,0,0,0,0
30206,2,0,0,0,0,0
30207,5,5,5,0,0,5
30211,2,0,0,0,0,0
30209,2,0,0,0,0,0
30210,5,5,5,0,0,5
30214,2,0,0,0,0,0
30212,2,0,0,0,0,0
30213,5,5,5,0,0,5
30217,2,0,0,0,0,0
30215,2,0,0,0,0,0
30216,5,5,5,0,0,5
30220,2,0,0,0,0,0
30218,2,0,0,0,0,0
30219,5,5,5,0,0,5
30223,2,0,0,0,0,0
30221,2,0,0,0,0,0
30222,5,5,5,0,0,5
30226,2,0,0,0,0,0
30224,2,0,0,0,0,0
30225,5,5,5,0,0,5
30229,2,0,0,0,0,0
30227,2,0,0,0,0,0
30228,5,5,5,0,0,5
30232,2,0,0,0,0,0
30230,2,0,0,0,0,0
30231,5,5,5,0,0,5
30235,2,0,0,0,0,0
30233,2,0,0,0,0,0
30234,5,5,5,0,0,5
30238,2,0,0,0,0,0
30236,2,0,0,0,0,0
30237,5,5,5,0,0,5
30241,2,0,0,0,0,0
30239,2,0,0,0,0,0
30240,5,5,5,0,0,5
30244,2,0,0,0,0,0
30242,2,0,0,0,0,0
30243,5,5,5,0,0,5
30247,2,0,0,0,0,0
30245,2,0,0,0,0,0
30246,5,5,5,0,0,5
30250,2,0,0,0,0,0
30248,2,0,0,0,0,0
30249,5,5,5,0,0,5
30253,2,0,0,0,0,0
30251,2,0,0,0,0,0
30252,5,5,5,0,0,5
30256,2,0,0,0,0,0
30254,2,0,0,0,0,0
30255,5,5,5,0,0,5
30259,2,0,0,0,0,0
30257,2,0,0,0,0,0
30258,5,5,5,0,0,5
30262,2,0,0,0,0,0
30260,2,0,0,0,0,0
30261,5,5,5,0,0,5
30265,2,0,0,0,0,0
30263,2,0,0,0,0,0
30264,5,5,5,0,0,5
30268,2,0,0,0,0,0
30266,2,0,0,0,0,0
30267,5,5,5,0,0,5
30271,2,0,0,0,0,0
30269,2,0,0,0,0,0
30270,5,5,5,0,0,5
30274,2,0,0,0,0,0
30272,2,0,0,0,0,0
30273,5,5,5,0,0,5
30277,2,0,0,0,0,0
30275,2,0,0,0,0,0
30276,5,5,5,0,0,5
30280,2,0,0,0,0,0
30278,2,0,0,0,0,0
30279,5,5,5,0,0,5
30283,2,0,0,0,0,0
30281,2,0,0,0,0,0
30282,5,5,5,0,0,5
30286,2,0,0,0,0,0
30284,2,0,0,0,0,0
30285,5,5,5,0,0,5
30289,2,0,0,0,0,0
30287,2,0,0,0,0,0
30288,5,5,5,0,0,5
30292,2,0,0,0,0,0
30290,2,0,0,0,0,0
30291,5,5,5,0,0,5
30295,2,0,0,0,0,0
30293,2,0,0,0,0,0
30294,5,5,5,0,0,5
30298,2,0,0,0,0,0
30296,2,0,0,0,0,0
30297,5,5,5,0,0,5
30301,2,0,0,0,0,0
30299,2,0,0,0,0,0
30300,5,5,5,0,0,5
30304,2,0,0,0,0,0
30302,2,0,0,0,0,0
30303,5,5,5,0,0,5
30307,2,0,0,0,0,0
30305,2,0,0,0,0,0
30306,5,5,5,0,0,5
30310,2,0,0,0,0,0
30308,2,0,0,0,0,0
30309,5,5,5,0,0,5
30313,2,0,0,0,0,0
30311,2,0,0,0,0,0
30312,5,5,5,0,0,5
30316,2,0,0,0,0,0
30314,2,0,0,0,0,0
30315,5,5,5,0,0,5
30319,2,0,0,0,0,0
30317,2,0,0,0,0,0
30318,5,5,5,0,0,5
30322,2,0,0,0,0,0
30320,2,0,0,0,0,0
30321,5,5,5,0,0,5
30325,2,0,0,0,0,0
30323,2,0,0,0,0,0
30324,5,5,5,0,0,5
30328,2,0,0,0,0,0
30326,2,0,0,0,0,0
30327,5,5,5,0,0,5
30331,2,0,0,0,0,0
30329,2,0,0,0,0,0
30330,5,5,5,0,0,5
30334,2,0,0,0,0,0
30332,2,0,0,0,0,0
30333,5,5,5,0,0,5
30337,2,0,0,0,0,0
30335,2,0,0,0,0,0
30336,5,5,5,0,0,5
30340,2,0,0,0,0,0
30338,2,0,0,0,0,0
30339,5,5,5,0,0,5
30343,2,0,0,0,0,0
30341,2,0,0,0,0,0
30342,5,5,5,0,0,5
30346,2,0,0,0,0,0
30344,2,0,0,0,0,0
30345,5,5,5,0,0,5
30349,2,0,0,0,0,0
30347,2,0,0,0,0,0
30348,5,5,5,0,0,5
30352,2,0,0,0,0,0
30350,2,0,0,0,0,0
30351,5,5,5,0,0,5
30355,2,0,0,0,0,0
30353,2,0,0,0,0,0
30354,5,5,5,0,0,5
30358,2,0,0,0,0,0
30356,2,0,0,0,0,0
30357,5,5,5,0,0,5
30361,2,0,0,0,0,0
30359,2,0,0,0,0,0
30360,5,5,5,0,0,5
30364,2,0,0,0,0,0
30362,2,0,0,0,0,0
30363,5,5,5,0,0,5
30367,2,0,0,0,0,0
30365,2,0,0,0,0,0
30366,5,5,5,0,0,5
30370,2,0,0,0,0,0
30368,2,0,0,0,0,0
30369,5,5,5,0,0,5
30373,2,0,0,0,0,0
30371,2,0,0,0,0,0
30372,5,5,5,0,0,5
30376,2,0,0,0,0,0
30374,2,0,0,0,0,0
30375,5,5,5,0,0,5
30379,2,0,0,0,0,0
30377,2,0,0,0,0,0
30378,5,5,5,0,0,5
30382,2,0,0,0,0,0
30380,2,0,0,0,0,0
30381,5,5,5,0,0,5
30385,2,0,0,0,0,0
30383,2,0,0,0,0,0
30384,5,5,5,0,0,5
30388,2,0,0,0,0,0
30386,2,0,0,0,0,0
30387,5,5,5,0,0,5
30391,2,0,0,0,0,0
30389,2,0,0,0,0,0
30390,5,5,5,0,0,5
30394,2,0,0,0,0,0
30392,2,0,0,0,0,0
30393,5,5,5,0,0,5
30397,2,0,0,0,0,0
30395,2,0,0,0,0,0
30396,5,5,5,0,0,5
30400,2,0,0,0,0,0
30398,2,0,0,0,0,0
30399,5,5,5,0,0,5
30403,2,0,0,0,0,0
30401,2,0,0,0,0,0
30402,5,5,5,0,0,5
30406,2,0,0,0,0,0
30404,2,0,0,0,0,0
30405,5,5,5,0,0,5
30409,2,0,0,0,0,0
30407,2,0,0,0,0,0
30408,5,5,5,0,0,5
30412,2,0,0,0,0,0
30410,2,0,0,0,0,0
30411,5,5,5,0,0,5
30415,2,0,0,0,0,0
30413,2,0,0,0,0,0
30414,5,5,5,0,0,5
30418,2,0,0,0,0,0
30416,2,0,0,0,0,0
30417,5,5,5,0,0,5
30421,2,0,0,0,0,0
30419,2,0,0,0,0,0
30420,5,5,5,0,0,5
30424,2,0,0,0,0,0
30422,2,0,0,0,0,0
30423,5,5,5,0,0,5
30427,2,0,0,0,0,0
30425,2,0,0,0,0,0
30426,5,5,5,0,0,5
30430,2,0,0,0,0,0
30428,2,0,0,0,0,0
30429,5,5,5,0,0,5
30433,2,0,0,0,0,0
30431,2,0,0,0,0,0
30432,5,5,5,0,0,5
30436,2,0,0,0,0,0
30434,2,0,0,0,0,0
30435,5,5,5,0,0,5
30439,2,0,0,0,0,0
30437,2,0,0,0,0,0
30438,5,5,5,0,0,5
30442,2,0,0,0,0,0
30440,2,0,0,0,0,0
30441,5,5,5,0,0,5
30445,2,0,0,0,0,0
30443,2,0,0,0,0,0
30444,5,5,5,0,0,5
30448,2,0,0,0,0,0
30446,2,0,0,0,0,0
30447,5,5,5,0,0,5
30451,2,0,0,0,0,0
30449,2,0,0,0,0,0
30450,5,5,5,0,0,5
30454,2,0,0,0,0,0
30452,2,0,0,0,0,0
30453,5,5,5,0,0,5
30457,2,0,0,0,0,0
30455,2,0,0,0,0,0
30456,5,5,5,0,0,5
30460,2,0,0,0,0,0
30458,2,0,0,0,0,0
30459,5,5,5,0,0,5
30463,2,0,0,0,0,0
30461,2,0,0,0,0,0
30462,5,5,5,0,0,5
30466,2,0,0,0,0,0
30464,2,0,0,0,0,0
30465,5,5,5,0,0,5
30469,2,0,0,0,0,0
30467,2,0,0,0,0,0
30468,5,5,5,0,0,5
30472,2,0,0,0,0,0
30470,2,0,0,0,0,0
30471,5,5,5,0,0,5
30475,2,0,0,0,0,0
30473,2,0,0,0,0,0
30474,5,5,5,0,0,5
30478,2,0,0,0,0,0
30476,2,0,0,0,0,0
30477,5,5,5,0,0,5
30481,2,0,0,0,0,0
30479,2,0,0,0,0,0
30480,5,5,5,0,0,5
30484,2,0,0,0,0,0
30482,2,0,0,0,0,0
30483,5,5,5,0,0,5
30487,2,0,0,0,0,0
30485,2,0,0,0,0,0
30486,5,5,5,0,0,5
30490,2,0,0,0,0,0
30488,2,0,0,0,0,0
30489,5,5,5,0,0,5
30493,2,0,0,0,0,0
30491,2,0,0,0,0,0
30492,5,5,5,0,0,5
30496,2,0,0,0,0,0
30494,2,0,0,0,0,0
30495,5,5,5,0,0,5
30499,2,0,0,0,0,0
30497,2,0,0,0,0,0
30498,5,5,5,0,0,5
30502,2,0,0,0,0,0
30500,2,0,0,0,0,0
30501,5,5,5,0,0,5
30505,2,0,0,0,0,0
30503,2,0,0,0,0,0
30504,5,5,5,0,0,5
30508,2,0,0,0,0,0
30506,2,0,0,0,0,0
30507,5,5,5,0,0,5
30511,2,0,0,0,0,0
30509,2,0,0,0,0,0
30510,5,5,5,0,0,5
30514,2,0,0,0,0,0
30512,2,0,0,0,0,0
30513,5,5,5,0,0,5
30517,2,0,0,0,0,0
30515,2,0,0,0,0,0
30516,5,5,5,0,0,5
30520,2,0,0,0,0,0
30518,2,0,0,0,0,0
30519,5,5,5,0,0,5
30523,2,0,0,0,0,0
30521,2,0,0,0,0,0
30522,5,5,5,0,0,5
30526,2,0,0,0,0,0
30524,2,0,0,0,0,0
30525,5,5,5,0,0,5
30529,2,0,0,0,0,0
30527,2,0,0,0,0,0
30528,5,5,5,0,0,5
30532,2,0,0,0,0,0
30530,2,0,0,0,0,0
30531,5,5,5,0,0,5
30535,2,0,0,0,0,0
30533,2,0,0,0,0,0
30534,5,5,5,0,0,5
30538,2,0,0,0,0,0
30536,2,0,0,0,0,0
30537,5,5,5,0,0,5
30541,2,0,0,0,0,0
30539,2,0,0,0,0,0
30540,5,5,5,0,0,5
30544,2,0,0,0,0,0
30542,2,0,0,0,0,0
30543,5,5,5,0,0,5
30547,2,0,0,0,0,0
30545,2,0,0,0,0,0
30546,5,5,5,0,0,5
30550,2,0,0,0,0,0
30548,2,0,0,0,0,0
30549,5,5,5,0,0,5
30553,2,0,0,0,0,0
30551,2,0,0,0,0,0
30552,5,5,5,0,0,5
30556,2,0,0,0,0,0
30554,2,0,0,0,0,0
30555,5,5,5,0,0,5
30559,2,0,0,0,0,0
30557,2,0,0,0,0,0
30558,5,5,5,0,0,5
30562,2,0,0,0,0,0
30560,2,0,0,0,0,0
30561,5,5,5,0,0,5
30565,2,0,0,0,0,0
30563,2,0,0,0,0,0
30564,5,5,5,0,0,5
30568,2,0,0,0,0,0
30566,2,0,0,0,0,0
30567,5,5,5,0,0,5
30571,2,0,0,0,0,0
30569,2,0,0,0,0,0
30570,5,5,5,0,0,5
30574,2,0,0,0,0,0
30572,2,0,0,0,0,0
30573,5,5,5,0,0,5
30577,2,0,0,0,0,0
30575,2,0,0,0,0,0
30576,5,5,5,0,0,5
30580,2,0,0,0,0,0
30578,2,0,0,0,0,0
30579,5,5,5,0,0,5
30583,2,0,0,0,0,0
30581,2,0,0,0,0,0
30582,5,5,5,0,0,5
30586,2,0,0,0,0,0
30584,2,0,0,0,0,0
30585,5,5,5,0,0,5
30589,2,0,0,0,0,0
30587,2,0,0,0,0,0
30588,5,5,5,0,0,5
30592,2,0,0,0,0,0
30590,2,0,0,0,0,0
30591,5,5,5,0,0,5
30595,2,0,0,0,0,0
30593,2,0,0,0,0,0
30594,5,5,5,0,0,5
30598,2,0,0,0,0,0
30596,2,0,0,0,0,0
30597,5,5,5,0,0,5
30601,2,0,0,0,0,0
30599,2,0,0,0,0,0
30600,5,5,5,0,0,5
30604,2,0,0,0,0,0
30602,2,0,0,0,0,0
30603,5,5,5,0,0,5
30607,2,0,0,0,0,0
30605,2,0,0,0,0,0
30606,5,5,5,0,0,5
30610,2,0,0,0,0,0
30608,2,0,0,0,0,0
30609,5,5,5,0,0,5
30613,2,0,0,0,0,0
30611,2,0,0,0,0,0
30612,5,5,5,0,0,5
30616,2,0,0,0,0,0
30614,2,0,0,0,0,0
30615,5,5,5,0,0,5
30619,2,0,0,0,0,0
30617,2,0,0,0,0,0
30618,5,5,5,0,0,5
30622,2,0,0,0,0,0
30620,2,0,0,0,0,0
30621,5,5,5,0,0,5
30625,2,0,0,0,0,0
30623,2,0,0,0,0,0
30624,5,5,5,0,0,5
30628,2,0,0,0,0,0
30626,2,0,0,0,0,0
30627,5,5,5,0,0,5
30631,2,0,0,0,0,0
30629,2,0,0,0,0,0
30630,5,5,5,0,0,5
30634,2,0,0,0,0,0
30632,2,0,0,0,0,0
30633,5,5,5,0,0,5
30637,2,0,0,0,0,0
30635,2,0,0,0,0,0
30636,5,5,5,0,0,5
30640,2,0,0,0,0,0
30638,2,0,0,0,0,0
30639,5,5,5,0,0,5
30643,2,0,0,0,0,0
30641,2,0,0,0,0,0
30642,5,5,5,0,0,5
30646,2,0,0,0,0,0
30644,2,0,0,0,0,0
30645,5,5,5,0,0,5
30649,2,0,0,0,0,0
30647,2,0,0,0,0,0
30648,5,5,5,0,0,5
30652,2,0,0,0,0,0
30650,2,0,0,0,0,0
30651,5,5,5,0,0,5
30655,2,0,0,0,0,0
30653,2,0,0,0,0,0
30654,5,5,5,0,0,5
30658,2,0,0,0,0,0
30656,2,0,0,0,0,0
30657,5,5,5,0,0,5
30661,2,0,0,0,0,0
30659,2,0,0,0,0,0
30660,5,5,5,0,0,5
30664,2,0,0,0,0,0
30662,2,0,0,0,0,0
30663,5,5,5,0,0,5
30667,2,0,0,0,0,0
30665,2,0,0,0,0,0
30666,5,5,5,0,0,5
30670,2,0,0,0,0,0
30668,2,0,0,0,0,0
30669,5,5,5,0,0,5
30673,2,0,0,0,0,0
30671,2,0,0,0,0,0
30672,5,5,5,0,0,5
30676,2,0,0,0,0,0
30674,2,0,0,0,0,0
30675,5,5,5,0,0,5
30679,2,0,0,0,0,0
30677,2,0,0,0,0,0
30678,5,5,5,0,0,5
30682,2,0,0,0,0,0
30680,2,0,0,0,0,0
30681,5,5,5,0,0,5
30685,2,0,0,0,0,0
30683,2,0,0,0,0,0
30684,5,5,5,0,0,5
30688,2,0,0,0,0,0
30686,2,0,0,0,0,0
30687,5,5,5,0,0,5
30691,2,0,0,0,0,0
30689,2,0,0,0,0,0
30690,5,5,5,0,0,5
30694,2,0,0,0,0,0
30692,2,0,0,0,0,0
30693,5,5,5,0,0,5
30697,2,0,0,0,0,0
30695,2,0,0,0,0,0
30696,5,5,5,0,0,5
30700,2,0,0,0,0,0
30698,2,0,0,0,0,0
30699,5,5,5,0,0,5
30703,2,0,0,0,0,0
30701,2,0,0,0,0,0
30702,5,5,5,0,0,5
30706,2,0,0,0,0,0
30704,2,0,0,0,0,0
30705,5,5,5,0,0,5
30709,2,0,0,0,0,0
30707,2,0,0,0,0,0
30708,5,5,5,0,0,5
30712,2,0,0,0,0,0
30710,2,0,0,0,0,0
30711,5,5,5,0,0,5
30715,2,0,0,0,0,0
30713,2,0,0,0,0,0
30714,5,5,5,0,0,5
30718,2,0,0,0,0,0
30716,2,0,0,0,0,0
30717,5,5,5,0,0,5
30721,2,0,0,0,0,0
30719,2,0,0,0,0,0
30720,5,5,5,0,0,5
30724,2,0,0,0,0,0
30722,2,0,0,0,0,0
30723,5,5,5,0,0,5
30727,2,0,0,0,0,0
30725,2,0,0,0,0,0
30726,5,5,5,0,0,5
30730,2,0,0,0,0,0
30728,2,0,0,0,0,0
30729,5,5,5,0,0,5
30733,2,0,0,0,0,0
30731,2,0,0,0,0,0
30732,5,5,5,0,0,5
30736,2,0,0,0,0,0
30734,2,0,0,0,0,0
30735,5,5,5,0,0,5
30739,2,0,0,0,0,0
30737,2,0,0,0,0,0
30738,5,5,5,0,0,5
30742,2,0,0,0,0,0
30740,2,0,0,0,0,0
30741,5,5,5,0,0,5
30745,2,0,0,0,0,0
30743,2,0,0,0,0,0
30744,5,5,5,0,0,5
30748,2,0,0,0,0,0
30746,2,0,0,0,0,0
30747,5,5,5,0,0,5
30751,2,0,0,0,0,0
30749,2,0,0,0,0,0
30750,5,5,5,0,0,5
30754,2,0,0,0,0,0
30752,2,0,0,0,0,0
30753,5,5,5,0,0,5
30757,2,0,0,0,0,0
30755,2,0,0,0,0,0
30756,5,5,5,0,0,5
30760,2,0,0,0,0,0
30758,2,0,0,0,0,0
30759,5,5,5,0,0,5
30763,2,0,0,0,0,0
30761,2,0,0,0,0,0
30762,5,5,5,0,0,5
30766,2,0,0,0,0,0
30764,2,0,0,0,0,0
30765,5,5,5,0,0,5
30769,2,0,0,0,0,0
30767,2,0,0,0,0,0
30768,5,5,5,0,0,5
30772,2,0,0,0,0,0
30770,2,0,0,0,0,0
30771,5,5,5,0,0,5
30775,2,0,0,0,0,0
30773,2,0,0,0,0,0
30774,5,5,5,0,0,5
30778,2,0,0,0,0,0
30776,2,0,0,0,0,0
30777,5,5,5,0,0,5
30781,2,0,0,0,0,0
30779,2,0,0,0,0,0
30780,5,5,5,0,0,5
30784,2,0,0,0,0,0
30782,2,0,0,0,0,0
30783,5,5,5,0,0,5
30787,2,0,0,0,0,0
30785,2,0,0,0,0,0
30786,5,5,5,0,0,5
30790,2,0,0,0,0,0
30788,2,0,0,0,0,0
30789,5,5,5,0,0,5
30793,2,0,0,0,0,0
30791,2,0,0,0,0,0
30792,5,5,5,0,0,5
30796,2,0,0,0,0,0
30794,2,0,0,0,0,0
30795,5,5,5,0,0,5
30799,2,0,0,0,0,0
30797,2,0,0,0,0,0
30798,5,5,5,0,0,5
30802,2,0,0,0,0,0
30800,2,0,0,0,0,0
30801,5,5,5,0,0,5
30805,2,0,0,0,0,0
30803,2,0,0,0,0,0
30804,5,5,5,0,0,5
30808,2,0,0,0,0,0
30806,2,0,0,0,0,0
30807,5,5,5,0,0,5
30811,2,0,0,0,0,0
30809,2,0,0,0,0,0
30810,5,5,5,0,0,5
30814,2,0,0,0,0,0
30812,2,0,0,0,0,0
30813,5,5,5,0,0,5
30817,2,0,0,0,0,0
30815,2,0,0,0,0,0
30816,5,5,5,0,0,5
30820,2,0,0,0,0,0
30818,2,0,0,0,0,0
30819,5,5,5,0,0,5
30823,2,0,0,0,0,0
30821,2,0,0,0,0,0
30822,5,5,5,0,0,5
30826,2,0,0,0,0,0
30824,2,0,0,0,0,0
30825,5,5,5,0,0,5
30829,2,0,0,0,0,0
30827,2,0,0,0,0,0
30828,5,5,5,0,0,5
30832,2,0,0,0,0,0
30830,2,0,0,0,0,0
30831,5,5,5,0,0,5
30835,2,0,0,0,0,0
30833,2,0,0,0,0,0
30834,5,5,5,0,0,5
30838,2,0,0,0,0,0
30836,2,0,0,0,0,0
30837,5,5,5,0,0,5
30841,2,0,0,0,0,0
30839,2,0,0,0,0,0
30840,5,5,5,0,0,5
30844,2,0,0,0,0,0
30842,2,0,0,0,0,0
30843,5,5,5,0,0,5
30847,2,0,0,0,0,0
30845,2,0,0,0,0,0
30846,5,5,5,0,0,5
30850,2,0,0,0,0,0
30848,2,0,0,0,0,0
30849,5,5,5,0,0,5
30853,2,0,0,0,0,0
30851,2,0,0,0,0,0
30852,5,5,5,0,0,5
30856,2,0,0,0,0,0
30854,2,0,0,0,0,0
30855,5,5,5,0,0,5
30859,2,0,0,0,0,0
30857,2,0,0,0,0,0
30858,5,5,5,0,0,5
30862,2,0,0,0,0,0
30860,2,0,0,0,0,0
30861,5,5,5,0,0,5
30865,2,0,0,0,0,0
30863,2,0,0,0,0,0
30864,5,5,5,0,0,5
30868,2,0,0,0,0,0
30866,2,0,0,0,0,0
30867,5,5,5,0,0,5
30871,2,0,0,0,0,0
30869,2,0,0,0,0,0
30870,5,5,5,0,0,5
30874,2,0,0,0,0,0
30872,2,0,0,0,0,0
30873,5,5,5,0,0,5
30877,2,0,0,0,0,0
30875,2,0,0,0,0,0
30876,5,5,5,0,0,5
30880,2,0,0,0,0,0
30878,2,0,0,0,0,0
30879,5,5,5,0,0,5
30883,2,0,0,0,0,0
30881,2,0,0,0,0,0
30882,5,5,5,0,0,5
30886,2,0,0,0,0,0
30884,2,0,0,0,0,0
30885,5,5,5,0,0,5
30889,2,0,0,0,0,0
30887,2,0,0,0,0,0
30888,5,5,5,0,0,5
30892,2,0,0,0,0,0
30890,2,0,0,0,0,0
30891,5,5,5,0,0,5
30895,2,0,0,0,0,0
30893,2,0,0,0,0,0
30894,5,5,5,0,0,5
30898,2,0,0,0,0,0
30896,2,0,0,0,0,0
30897,5,5,5,0,0,5
30901,2,0,0,0,0,0
30899,2,0,0,0,0,0
30900,5,5,5,0,0,5
30904,2,0,0,0,0,0
30902,2,0,0,0,0,0
30903,5,5,5,0,0,5
30907,2,0,0,0,0,0
30905,2,0,0,0,0,0
30906,5,5,5,0,0,5
30910,2,0,0,0,0,0
30908,2,0,0,0,0,0
30909,5,5,5,0,0,5
30913,2,0,0,0,0,0
30911,2,0,0,0,0,0
30912,5,5,5,0,0,5
30916,2,0,0,0,0,0
30914,2,0,0,0,0,0
30915,5,5,5,0,0,5
30919,2,0,0,0,0,0
30917,2,0,0,0,0,0
30918,5,5,5,0,0,5
30922,2,0,0,0,0,0
30920,2,0,0,0,0,0
30921,5,5,5,0,0,5
30925,2,0,0,0,0,0
30923,2,0,0,0,0,0
30924,5,5,5,0,0,5
30928,2,0,0,0,0,0
30926,2,0,0,0,0,0
30927,5,5,5,0,0,5
30931,2,0,0,0,0,0
30929,2,0,0,0,0,0
30930,5,5,5,0,0,5
30934,2,0,0,0,0,0
30932,2,0,0,0,0,0
30933,5,5,5,0,0,5
30937,2,0,0,0,0,0
30935,2,0,0,0,0,0
30936,5,5,5,0,0,5
30940,2,0,0,0,0,0
30938,2,0,0,0,0,0
30939,5,5,5,0,0,5
30943,2,0,0,0,0,0
30941,2,0,0,0,0,0
30942,5,5,5,0,0,5
30946,2,0,0,0,0,0
30944,2,0,0,0,0,0
30945,5,5,5,0,0,5
30949,2,0,0,0,0,0
30947,2,0,0,0,0,0
30948,5,5,5,0,0,5
30952,2,0,0,0,0,0
30950,2,0,0,0,0,0
30951,5,5,5,0,0,5
30955,2,0,0,0,0,0
30953,2,0,0,0,0,0
30954,5,5,5,0,0,5
30958,2,0,0,0,0,0
30956,2,0,0,0,0,0
30957,5,5,5,0,0,5
30961,2,0,0,0,0,0
30959,2,0,0,0,0,0
30960,5,5,5,0,0,5
30964,2,0,0,0,0,0
30962,2,0,0,0,0,0
30963,5,5,5,0,0,5
30967,2,0,0,0,0,0
30965,2,0,0,0,0,0
30966,5,5,5,0,0,5
30970,2,0,0,0,0,0
30968,2,0,0,0,0,0
30969,5,5,5,0,0,5
30973,2,0,0,0,0,0
30971,2,0,0,0,0,0
30972,5,5,5,0,0,5
30976,2,0,0,0,0,0
30974,2,0,0,0,0,0
30975,5,5,5,0,0,5
30979,2,0,0,0,0,0
30977,2,0,0,0,0,0
30978,5,5,5,0,0,5
30982,2,0,0,0,0,0
30980,2,0,0,0,0,0
30981,5,5,5,0,0,5
30985,2,0,0,0,0,0
30983,2,0,0,0,0,0
30984,5,5,5,0,0,5
30988,2,0,0,0,0,0
30986,2,0,0,0,0,0
30987,5,5,5,0,0,5
30991,2,0,0,0,0,0
30989,2,0,0,0,0,0
30990,5,5,5,0,0,5
30994,2,0,0,0,0,0
30992,2,0,0,0,0,0
30993,5,5,5,0,0,5
30997,2,0,0,0,0,0
30995,2,0,0,0,0,0
30996,5,5,5,0,0,5
31000,2,0,0,0,0,0
30998,2,0,0,0,0,0
30999,5,5,5,0,0,5
31003,2,0,0,0,0,0
31001,2,0,0,0,0,0
31002,5,5,5,0,0,5
31006,2,0,0,0,0,0
31004,2,0,0,0,0,0
31005,5,5,5,0,0,5
31009,2,0,0,0,0,0
31007,2,0,0,0,0,0
31008,5,5,5,0,0,5
31012,2,0,0,0,0,0
31010,2,0,0,0,0,0
31011,5,5,5,0,0,5
31015,2,0,0,0,0,0
31013,2,0,0,0,0,0
31014,5,5,5,0,0,5
31018,2,0,0,0,0,0
31016,2,0,0,0,0,0
31017,5,5,5,0,0,5
31021,2,0,0,0,0,0
31019,2,0,0,0,0,0
31020,5,5,5,0,0,5
31024,2,0,0,0,0,0
31022,2,0,0,0,0,0
31023,5,5,5,0,0,5
31027,2,0,0,0,0,0
31025,2,0,0,0,0,0
31026,5,5,5,0,0,5
31030,2,0,0,0,0,0
31028,2,0,0,0,0,0
31029,5,5,5,0,0,5
31033,2,0,0,0,0,0
31031,2,0,0,0,0,0
31032,5,5,5,0,0,5
31036,2,0,0,0,0,0
31034,2,0,0,0,0,0
31035,5,5,5,0,0,5
31039,2,0,0,0,0,0
31037,2,0,0,0,0,0
31038,5,5,5,0,0,5
31042,2,0,0,0,0,0
31040,2,0,0,0,0,0
31041,5,5,5,0,0,5
31045,2,0,0,0,0,0
31043,2,0,0,0,0,0
31044,5,5,5,0,0,5
31048,2,0,0,0,0,0
31046,2,0,0,0,0,0
31047,5,5,5,0,0,5
31051,2,0,0,0,0,0
31049,2,0,0,0,0,0
31050,5,5,5,0,0,5
31054,2,0,0,0,0,0
31052,2,0,0,0,0,0
31053,5,5,5,0,0,5
31057,2,0,0,0,0,0
31055,2,0,0,0,0,0
31056,5,5,5,0,0,5
31060,2,0,0,0,0,0
31058,2,0,0,0,0,0
31059,5,5,5,0,0,5
31063,2,0,0,0,0,0
31061,2,0,0,0,0,0
31062,5,5,5,0,0,5
31066,2,0,0,0,0,0
31064,2,0,0,0,0,0
31065,5,5,5,0,0,5
31069,2,0,0,0,0,0
31067,2,0,0,0,0,0
31068,5,5,5,0,0,5
31072,2,0,0,0,0,0
31070,2,0,0,0,0,0
31071,5,5,5,0,0,5
31075,2,0,0,0,0,0
31073,2,0,0,0,0,0
31074,5,5,5,0,0,5
31078,2,0,0,0,0,0
31076,2,0,0,0,0,0
31077,5,5,5,0,0,5
31081,2,0,0,0,0,0
31079,2,0,0,0,0,0
31080,5,5,5,0,0,5
31084,2,0,0,0,0,0
31082,2,0,0,0,0,0
31083,5,5,5,0,0,5
31087,2,0,0,0,0,0
31085,2,0,0,0,0,0
31086,5,5,5,0,0,5
31090,2,0,0,0,0,0
31088,2,0,0,0,0,0
31089,5,5,5,0,0,5
31093,2,0,0,0,0,0
31091,2,0,0,0,0,0
31092,5,5,5,0,0,5
31096,2,0,0,0,0,0
31094,2,0,0,0,0,0
31095,5,5,5,0,0,5
31099,2,0,0,0,0,0
31097,2,0,0,0,0,0
31098,5,5,5,0,0,5
31102,2,0,0,0,0,0
31100,2,0,0,0,0,0
31101,5,5,5,0,0,5
31105,2,0,0,0,0,0
31103,2,0,0,0,0,0
31104,5,5,5,0,0,5
31108,2,0,0,0,0,0
31106,2,0,0,0,0,0
31107,5,5,5,0,0,5
31111,2,0,0,0,0,0
31109,2,0,0,0,0,0
31110,5,5,5,0,0,5
31114,2,0,0,0,0,0
31112,2,0,0,0,0,0
31113,5,5,5,0,0,5
31117,2,0,0,0,0,0
31115,2,0,0,0,0,0
31116,5,5,5,0,0,5
31120,2,0,0,0,0,0
31118,2,0,0,0,0,0
31119,5,5,5,0,0,5
31123,2,0,0,0,0,0
31121,2,0,0,0,0,0
31122,5,5,5,0,0,5
31126,2,0,0,0,0,0
31124,2,0,0,0,0,0
31125,5,5,5,0,0,5
31129,2,0,0,0,0,0
31127,2,0,0,0,0,0
31128,5,5,5,0,0,5
31132,2,0,0,0,0,0
31130,2,0,0,0,0,0
31131,5,5,5,0,0,5
31135,2,0,0,0,0,0
31133,2,0,0,0,0,0
31134,5,5,5,0,0,5
31138,2,0,0,0,0,0
31136,2,0,0,0,0,0
31137,5,5,5,0,0,5
31141,2,0,0,0,0,0
31139,2,0,0,0,0,0
31140,5,5,5,0,0,5
31144,2,0,0,0,0,0
31142,2,0,0,0,0,0
31143,5,5,5,0,0,5
31147,2,0,0,0,0,0
31145,2,0,0,0,0,0
31146,5,5,5,0,0,5
31150,2,0,0,0,0,0
31148,2,0,0,0,0,0
31149,5,5,5,0,0,5
31153,2,0,0,0,0,0
31151,2,0,0,0,0,0
31152,5,5,5,0,0,5
31156,2,0,0,0,0,0
31154,2,0,0,0,0,0
31155,5,5,5,0,0,5
31159,2,0,0,0,0,0
31157,2,0,0,0,0,0
31158,5,5,5,0,0,5
31162,2,0,0,0,0,0
31160,2,0,0,0,0,0
31161,5,5,5,0,0,5
31165,2,0,0,0,0,0
31163,2,0,0,0,0,0
31164,5,5,5,0,0,5
31168,2,0,0,0,0,0
31166,2,0,0,0,0,0
31167,5,5,5,0,0,5
31171,2,0,0,0,0,0
31169,2,0,0,0,0,0
31170,5,5,5,0,0,5
31174,2,0,0,0,0,0
31172,2,0,0,0,0,0
31173,5,5,5,0,0,5
31177,2,0,0,0,0,0
31175,2,0,0,0,0,0
31176,5,5,5,0,0,5
31180,2,0,0,0,0,0
31178,2,0,0,0,0,0
31179,5,5,5,0,0,5
31183,2,0,0,0,0,0
31181,2,0,0,0,0,0
31182,5,5,5,0,0,5
31186,2,0,0,0,0,0
31184,2,0,0,0,0,0
31185,5,5,5,0,0,5
31189,2,0,0,0,0,0
31187,2,0,0,0,0,0
31188,5,5,5,0,0,5
31192,2,0,0,0,0,0
31190,2,0,0,0,0,0
31191,5,5,5,0,0,5
31195,2,0,0,0,0,0
31193,2,0,0,0,0,0
31194,5,5,5,0,0,5
31198,2,0,0,0,0,0
31196,2,0,0,0,0,0
31197,5,5,5,0,0,5
31201,2,0,0,0,0,0
31199,2,0,0,0,0,0
31200,5,5,5,0,0,5
31204,2,0,0,0,0,0
31202,2,0,0,0,0,0
31203,5,5,5,0,0,5
31207,2,0,0,0,0,0
31205,2,0,0,0,0,0
31206,5,5,5,0,0,5
31210,2,0,0,0,0,0
31208,2,0,0,0,0,0
31209,5,5,5,0,0,5
31213,2,0,0,0,0,0
31211,2,0,0,0,0,0
31212,5,5,5,0,0,5
31216,2,0,0,0,0,0
31214,2,0,0,0,0,0
31215,5,5,5,0,0,5
31219,2,0,0,0,0,0
31217,2,0,0,0,0,0
31218,5,5,5,0,0,5
31222,2,0,0,0,0,0
31220,2,0,0,0,0,0
31221,5,5,5,0,0,5
31225,2,0,0,0,0,0
31223,2,0,0,0,0,0
31224,5,5,5,0,0,5
31228,2,0,0,0,0,0
31226,2,0,0,0,0,0
31227,5,5,5,0,0,5
31231,2,0,0,0,0,0
31229,2,0,0,0,0,0
31230,5,5,5,0,0,5
31234,2,0,0,0,0,0
31232,2,0,0,0,0,0
31233,5,5,5,0,0,5
31237,2,0,0,0,0,0
31235,2,0,0,0,0,0
31236,5,5,5,0,0,5
31240,2,0,0,0,0,0
31238,2,0,0,0,0,0
31239,5,5,5,0,0,5
31243,2,0,0,0,0,0
31241,2,0,0,0,0,0
31242,5,5,5,0,0,5
31246,2,0,0,0,0,0
31244,2,0,0,0,0,0
31245,5,5,5,0,0,5
31249,2,0,0,0,0,0
31247,2,0,0,0,0,0
31248,5,5,5,0,0,5
31252,2,0,0,0,0,0
31250,2,0,0,0,0,0
31251,5,5,5,0,0,5
31255,2,0,0,0,0,0
31253,2,0,0,0,0,0
31254,5,5,5,0,0,5
31258,2,0,0,0,0,0
31256,2,0,0,0,0,0
31257,5,5,5,0,0,5
31261,2,0,0,0,0,0
31259,2,0,0,0,0,0
31260,5,5,5,0,0,5
31264,2,0,0,0,0,0
31262,2,0,0,0,0,0
31263,5,5,5,0,0,5
31267,2,0,0,0,0,0
31265,2,0,0,0,0,0
31266,5,5,5,0,0,5
31270,2,0,0,0,0,0
31268,2,0,0,0,0,0
31269,5,5,5,0,0,5
31273,2,0,0,0,0,0
31271,2,0,0,0,0,0
31272,5,5,5,0,0,5
31276,2,0,0,0,0,0
31274,2,0,0,0,0,0
31275,5,5,5,0,0,5
31279,2,0,0,0,0,0
31277,2,0,0,0,0,0
31278,5,5,5,0,0,5
31282,2,0,0,0,0,0
31280,2,0,0,0,0,0
31281,5,5,5,0,0,5
31285,2,0,0,0,0,0
31283,2,0,0,0,0,0
31284,5,5,5,0,0,5
31288,2,0,0,0,0,0
31286,2,0,0,0,0,0
31287,5,5,5,0,0,5
31291,2,0,0,0,0,0
31289,2,0,0,0,0,0
31290,5,5,5,0,0,5
31294,2,0,0,0,0,0
31292,2,0,0,0,0,0
31293,5,5,5,0,0,5
31297,2,0,0,0,0,0
31295,2,0,0,0,0,0
31296,5,5,5,0,0,5
31300,2,0,0,0,0,0
31298,2,0,0,0,0,0
31299,5,5,5,0,0,5
31303,2,0,0,0,0,0
31301,2,0,0,0,0,0
31302,5,5,5,0,0,5
31306,2,0,0,0,0,0
31304,2,0,0,0,0,0
31305,5,5,5,0,0,5
31309,2,0,0,0,0,0
31307,2,0,0,0,0,0
31308,5,5,5,0,0,5
31312,2,0,0,0,0,0
31310,2,0,0,0,0,0
31311,5,5,5,0,0,5
31315,2,0,0,0,0,0
31313,2,0,0,0,0,0
31314,5,5,5,0,0,5
31318,2,0,0,0,0,0
31316,2,0,0,0,0,0
31317,5,5,5,0,0,5
31321,2,0,0,0,0,0
31319,2,0,0,0,0,0
31320,5,5,5,0,0,5
31324,2,0,0,0,0,0
31322,2,0,0,0,0,0
31323,5,5,5,0,0,5
31327,2,0,0,0,0,0
31325,2,0,0,0,0,0
31326,5,5,5,0,0,5
31330,2,0,0,0,0,0
31328,2,0,0,0,0,0
31329,5,5,5,0,0,5
31333,2,0,0,0,0,0
31331,2,0,0,0,0,0
31332,5,5,5,0,0,5
31336,2,0,0,0,0,0
31334,2,0,0,0,0,0
31335,5,5,5,0,0,5
31339,2,0,0,0,0,0
31337,2,0,0,0,0,0
31338,5,5,5,0,0,5
31342,2,0,0,0,0,0
31340,2,0,0,0,0,0
31341,5,5,5,0,0,5
31345,2,0,0,0,0,0
31343,2,0,0,0,0,0
31344,5,5,5,0,0,5
31348,2,0,0,0,0,0
31346,2,0,0,0,0,0
31347,5,5,5,0,0,5
31351,2,0,0,0,0,0
31349,2,0,0,0,0,0
31350,5,5,5,0,0,5
31354,2,0,0,0,0,0
31352,2,0,0,0,0,0
31353,5,5,5,0,0,5
31357,2,0,0,0,0,0
31355,2,0,0,0,0,0
31356,5,5,5,0,0,5
31360,2,0,0,0,0,0
31358,2,0,0,0,0,0
31359,5,5,5,0,0,5
31363,2,0,0,0,0,0
31361,2,0,0,0,0,0
31362,5,5,5,0,0,5
31366,2,0,0,0,0,0
31364,2,0,0,0,0,0
31365,5,5,5,0,0,5
31369,2,0,0,0,0,0
31367,2,0,0,0,0,0
31368,5,5,5,0,0,5
31372,2,0,0,0,0,0
31370,2,0,0,0,0,0
31371,5,5,5,0,0,5
31375,2,0,0,0,0,0
31373,2,0,0,0,0,0
31374,5,5,5,0,0,5
31378,2,0,0,0,0,0
31376,2,0,0,0,0,0
31377,5,5,5,0,0,5
31381,2,0,0,0,0,0
31379,2,0,0,0,0,0
31380,5,5,5,0,0,5
31384,2,0,0,0,0,0
31382,2,0,0,0,0,0
31383,5,5,5,0,0,5
31387,2,0,0,0,0,0
31385,2,0,0,0,0,0
31386,5,5,5,0,0,5
31390,2,0,0,0,0,0
31388,2,0,0,0,0,0
31389,5,5,5,0,0,5
31393,2,0,0,0,0,0
31391,2,0,0,0,0,0
31392,5,5,5,0,0,5
31396,2,0,0,0,0,0
31394,2,0,0,0,0,0
31395,5,5,5,0,0,5
31399,2,0,0,0,0,0
31397,2,0,0,0,0,0
31398,5,5,5,0,0,5
31402,2,0,0,0,0,0
31400,2,0,0,0,0,0
31401,5,5,5,0,0,5
31405,2,0,0,0,0,0
31403,2,0,0,0,0,0
31404,5,5,5,0,0,5
31408,2,0,0,0,0,0
31406,2,0,0,0,0,0
31407,5,5,5,0,0,5
31411,2,0,0,0,0,0
31409,2,0,0,0,0,0
31410,5,5,5,0,0,5
31414,2,0,0,0,0,0
31412,2,0,0,0,0,0
31413,5,5,5,0,0,5
31417,2,0,0,0,0,0
31415,2,0,0,0,0,0
31416,5,5,5,0,0,5
31420,2,0,0,0,0,0
31418,2,0,0,0,0,0
31419,5,5,5,0,0,5
31423,2,0,0,0,0,0
31421,2,0,0,0,0,0
31422,5,5,5,0,0,5
31426,2,0,0,0,0,0
31424,2,0,0,0,0,0
31425,5,5,5,0,0,5
31429,2,0,0,0,0,0
31427,2,0,0,0,0,0
31428,5,5,5,0,0,5
31432,2,0,0,0,0,0
31430,2,0,0,0,0,0
31431,5,5,5,0,0,5
31435,2,0,0,0,0,0
31433,2,0,0,0,0,0
31434,5,5,5,0,0,5
31438,2,0,0,0,0,0
31436,2,0,0,0,0,0
31437,5,5,5,0,0,5
31441,2,0,0,0,0,0
31439,2,0,0,0,0,0
31440,5,5,5,0,0,5
31444,2,0,0,0,0,0
31442,2,0,0,0,0,0
31443,5,5,5,0,0,5
31447,2,0,0,0,0,0
31445,2,0,0,0,0,0
31446,5,5,5,0,0,5
31450,2,0,0,0,0,0
31448,2,0,0,0,0,0
31449,5,5,5,0,0,5
31453,2,0,0,0,0,0
31451,2,0,0,0,0,0
31452,5,5,5,0,0,5
31456,2,0,0,0,0,0
31454,2,0,0,0,0,0
31455,5,5,5,0,0,5
31459,2,0,0,0,0,0
31457,2,0,0,0,0,0
31458,5,5,5,0,0,5
31462,2,0,0,0,0,0
31460,2,0,0,0,0,0
31461,5,5,5,0,0,5
31465,2,0,0,0,0,0
31463,2,0,0,0,0,0
31464,5,5,5,0,0,5
31468,2,0,0,0,0,0
31466,2,0,0,0,0,0
31467,5,5,5,0,0,5
31471,2,0,0,0,0,0
31469,2,0,0,0,0,0
31470,5,5,5,0,0,5
31474,2,0,0,0,0,0
31472,2,0,0,0,0,0
31473,5,5,5,0,0,5
31477,2,0,0,0,0,0
31475,2,0,0,0,0,0
31476,5,5,5,0,0,5
31480,2,0,0,0,0,0
31478,2,0,0,0,0,0
31479,5,5,5,0,0,5
31483,2,0,0,0,0,0
31481,2,0,0,0,0,0
31482,5,5,5,0,0,5
31486,2,0,0,0,0,0
31484,2,0,0,0,0,0
31485,5,5,5,0,0,5
31489,2,0,0,0,0,0
31487,2,0,0,0,0,0
31488,5,5,5,0,0,5
31492,2,0,0,0,0,0
31490,2,0,0,0,0,0
31491,5,5,5,0,0,5
31495,2,0,0,0,0,0
31493,2,0,0,0,0,0
31494,5,5,5,0,0,5
31498,2,0,0,0,0,0
31496,2,0,0,0,0,0
31497,5,5,5,0,0,5
31501,2,0,0,0,0,0
31499,2,0,0,0,0,0
31500,5,5,5,0,0,5
31504,2,0,0,0,0,0
31502,2,0,0,0,0,0
31503,5,5,5,0,0,5
31507,2,0,0,0,0,0
31505,2,0,0,0,0,0
31506,5,5,5,0,0,5
31510,2,0,0,0,0,0
31508,2,0,0,0,0,0
31509,5,5,5,0,0,5
31513,2,0,0,0,0,0
31511,2,0,0,0,0,0
31512,5,5,5,0,0,5
31516,2,0,0,0,0,0
31514,2,0,0,0,0,0
31515,5,5,5,0,0,5
31519,2,0,0,0,0,0
31517,2,0,0,0,0,0
31518,5,5,5,0,0,5
31522,2,0,0,0,0,0
31520,2,0,0,0,0,0
31521,5,5,5,0,0,5
31525,2,0,0,0,0,0
31523,2,0,0,0,0,0
31524,5,5,5,0,0,5
31528,2,0,0,0,0,0
31526,2,0,0,0,0,0
31527,5,5,5,0,0,5
31531,2,0,0,0,0,0
31529,2,0,0,0,0,0
31530,5,5,5,0,0,5
31534,2,0,0,0,0,0
31532,2,0,0,0,0,0
31533,5,5,5,0,0,5
31537,2,0,0,0,0,0
31535,2,0,0,0,0,0
31536,5,5,5,0,0,5
31540,2,0,0,0,0,0
31538,2,0,0,0,0,0
31539,5,5,5,0,0,5
31543,2,0,0,0,0,0
31541,2,0,0,0,0,0
31542,5,5,5,0,0,5
31546,2,0,0,0,0,0
31544,2,0,0,0,0,0
31545,5,5,5,0,0,5
31549,2,0,0,0,0,0
31547,2,0,0,0,0,0
31548,5,5,5,0,0,5
31552,2,0,0,0,0,0
31550,2,0,0,0,0,0
31551,5,5,5,0,0,5
31555,2,0,0,0,0,0
31553,2,0,0,0,0,0
31554,5,5,5,0,0,5
31558,2,0,0,0,0,0
31556,2,0,0,0,0,0
31557,5,5,5,0,0,5
31561,2,0,0,0,0,0
31559,2,0,0,0,0,0
31560,5,5,5,0,0,5
31564,2,0,0,0,0,0
31562,2,0,0,0,0,0
31563,5,5,5,0,0,5
31567,2,0,0,0,0,0
31565,2,0,0,0,0,0
31566,5,5,5,0,0,5
31570,2,0,0,0,0,0
31568,2,0,0,0,0,0
31569,5,5,5,0,0,5
31573,2,0,0,0,0,0
31571,2,0,0,0,0,0
31572,5,5,5,0,0,5
31576,2,0,0,0,0,0
31574,2,0,0,0,0,0
31575,5,5,5,0,0,5
31579,2,0,0,0,0,0
31577,2,0,0,0,0,0
31578,5,5,5,0,0,5
31582,2,0,0,0,0,0
31580,2,0,0,0,0,0
31581,5,5,5,0,0,5
31585,2,0,0,0,0,0
31583,2,0,0,0,0,0
31584,5,5,5,0,0,5
31588,2,0,0,0,0,0
31586,2,0,0,0,0,0
31587,5,5,5,0,0,5
31591,2,0,0,0,0,0
31589,2,0,0,0,0,0
31590,5,5,5,0,0,5
31594,2,0,0,0,0,0
31592,2,0,0,0,0,0
31593,5,5,5,0,0,5
31597,2,0,0,0,0,0
31595,2,0,0,0,0,0
31596,5,5,5,0,0,5
31600,2,0,0,0,0,0
31598,2,0,0,0,0,0
31599,5,5,5,0,0,5
31603,2,0,0,0,0,0
31601,2,0,0,0,0,0
31602,5,5,5,0,0,5
31606,2,0,0,0,0,0
31604,2,0,0,0,0,0
31605,5,5,5,0,0,5
31609,2,0,0,0,0,0
31607,2,0,0,0,0,0
31608,5,5,5,0,0,5
31612,2,0,0,0,0,0
31610,2,0,0,0,0,0
31611,5,5,5,0,0,5
31615,2,0,0,0,0,0
31613,2,0,0,0,0,0
31614,5,5,5,0,0,5
31618,2,0,0,0,0,0
31616,2,0,0,0,0,0
31617,5,5,5,0,0,5
31621,2,0,0,0,0,0
31619,2,0,0,0,0,0
31620,5,5,5,0,0,5
31624,2,0,0,0,0,0
31622,2,0,0,0,0,0
31623,5,5,5,0,0,5
31627,2,0,0,0,0,0
31625,2,0,0,0,0,0
31626,5,5,5,0,0,5
31630,2,0,0,0,0,0
31628,2,0,0,0,0,0
31629,5,5,5,0,0,5
31633,2,0,0,0,0,0
31631,2,0,0,0,0,0
31632,5,5,5,0,0,5
31636,2,0,0,0,0,0
31634,2,0,0,0,0,0
31635,5,5,5,0,0,5
31639,2,0,0,0,0,0
31637,2,0,0,0,0,0
31638,5,5,5,0,0,5
31642,2,0,0,0,0,0
31640,2,0,0,0,0,0
31641,5,5,5,0,0,5
31645,2,0,0,0,0,0
31643,2,0,0,0,0,0
31644,5,5,5,0,0,5
31648,2,0,0,0,0,0
31646,2,0,0,0,0,0
31647,5,5,5,0,0,5
31651,2,0,0,0,0,0
31649,2,0,0,0,0,0
31650,5,5,5,0,0,5
31654,2,0,0,0,0,0
31652,2,0,0,0,0,0
31653,5,5,5,0,0,5
31657,2,0,0,0,0,0
31655,2,0,0,0,0,0
31656,5,5,5,0,0,5
31660,2,0,0,0,0,0
31658,2,0,0,0,0,0
31659,5,5,5,0,0,5
31663,2,0,0,0,0,0
31661,2,0,0,0,0,0
31662,5,5,5,0,0,5
31666,2,0,0,0,0,0
31664,2,0,0,0,0,0
31665,5,5,5,0,0,5
31669,2,0,0,0,0,0
31667,2,0,0,0,0,0
31668,5,5,5,0,0,5
31672,2,0,0,0,0,0
31670,2,0,0,0,0,0
31671,5,5,5,0,0,5
31675,2,0,0,0,0,0
31673,2,0,0,0,0,0
31674,5,5,5,0,0,5
31678,2,0,0,0,0,0
31676,2,0,0,0,0,0
31677,5,5,5,0,0,5
31681,2,0,0,0,0,0
31679,2,0,0,0,0,0
31680,5,5,5,0,0,5
31684,2,0,0,0,0,0
31682,2,0,0,0,0,0
31683,5,5,5,0,0,5
31687,2,0,0,0,0,0
31685,2,0,0,0,0,0
31686,5,5,5,0,0,5
31690,2,0,0,0,0,0
31688,2,0,0,0,0,0
31689,5,5,5,0,0,5
31693,2,0,0,0,0,0
31691,2,0,0,0,0,0
31692,5,5,5,0,0,5
31696,2,0,0,0,0,0
31694,2,0,0,0,0,0
31695,5,5,5,0,0,5
31699,2,0,0,0,0,0
31697,2,0,0,0,0,0
31698,5,5,5,0,0,5
31702,2,0,0,0,0,0
31700,2,0,0,0,0,0
31701,5,5,5,0,0,5
31705,2,0,0,0,0,0
31703,2,0,0,0,0,0
31704,5,5,5,0,0,5
31708,2,0,0,0,0,0
31706,2,0,0,0,0,0
31707,5,5,5,0,0,5
31711,2,0,0,0,0,0
31709,2,0,0,0,0,0
31710,5,5,5,0,0,5
31714,2,0,0,0,0,0
31712,2,0,0,0,0,0
31713,5,5,5,0,0,5
31717,2,0,0,0,0,0
31715,2,0,0,0,0,0
31716,5,5,5,0,0,5
31720,2,0,0,0,0,0
31718,2,0,0,0,0,0
31719,5,5,5,0,0,5
31723,2,0,0,0,0,0
31721,2,0,0,0,0,0
31722,5,5,5,0,0,5
31726,2,0,0,0,0,0
31724,2,0,0,0,0,0
31725,5,5,5,0,0,5
31729,2,0,0,0,0,0
31727,2,0,0,0,0,0
31728,5,5,5,0,0,5
31732,2,0,0,0,0,0
31730,2,0,0,0,0,0
31731,5,5,5,0,0,5
31735,2,0,0,0,0,0
31733,2,0,0,0,0,0
31734,5,5,5,0,0,5
31738,2,0,0,0,0,0
31736,2,0,0,0,0,0
31737,5,5,5,0,0,5
31741,2,0,0,0,0,0
31739,2,0,0,0,0,0
31740,5,5,5,0,0,5
31744,2,0,0,0,0,0
31742,2,0,0,0,0,0
31743,5,5,5,0,0,5
31747,2,0,0,0,0,0
31745,2,0,0,0,0,0
31746,5,5,5,0,0,5
31750,2,0,0,0,0,0
31748,2,0,0,0,0,0
31749,5,5,5,0,0,5
31753,2,0,0,0,0,0
31751,2,0,0,0,0,0
31752,5,5,5,0,0,5
31756,2,0,0,0,0,0
31754,2,0,0,0,0,0
31755,5,5,5,0,0,5
31759,2,0,0,0,0,0
31757,2,0,0,0,0,0
31758,5,5,5,0,0,5
31762,2,0,0,0,0,0
31760,2,0,0,0,0,0
31761,5,5,5,0,0,5
31765,2,0,0,0,0,0
31763,2,0,0,0,0,0
31764,5,5,5,0,0,5
31768,2,0,0,0,0,0
31766,2,0,0,0,0,0
31767,5,5,5,0,0,5
31771,2,0,0,0,0,0
31769,2,0,0,0,0,0
31770,5,5,5,0,0,5
31774,2,0,0,0,0,0
31772,2,0,0,0,0,0
31773,5,5,5,0,0,5
31777,2,0,0,0,0,0
31775,2,0,0,0,0,0
31776,5,5,5,0,0,5
31780,2,0,0,0,0,0
31778,2,0,0,0,0,0
31779,5,5,5,0,0,5
31783,2,0,0,0,0,0
31781,2,0,0,0,0,0
31782,5,5,5,0,0,5
31786,2,0,0,0,0,0
31784,2,0,0,0,0,0
31785,5,5,5,0,0,5
31789,2,0,0,0,0,0
31787,2,0,0,0,0,0
31788,5,5,5,0,0,5
31792,2,0,0,0,0,0
31790,2,0,0,0,0,0
31791,5,5,5,0,0,5
31795,2,0,0,0,0,0
31793,2,0,0,0,0,0
31794,5,5,5,0,0,5
31798,2,0,0,0,0,0
31796,2,0,0,0,0,0
31797,5,5,5,0,0,5
31801,2,0,0,0,0,0
31799,2,0,0,0,0,0
31800,5,5,5,0,0,5
31804,2,0,0,0,0,0
31802,2,0,0,0,0,0
31803,5,5,5,0,0,5
31807,2,0,0,0,0,0
31805,2,0,0,0,0,0
31806,5,5,5,0,0,5
31810,2,0,0,0,0,0
31808,2,0,0,0,0,0
31809,5,5,5,0,0,5
31813,2,0,0,0,0,0
31811,2,0,0,0,0,0
31812,5,5,5,0,0,5
31816,2,0,0,0,0,0
31814,2,0,0,0,0,0
31815,5,5,5,0,0,5
31819,2,0,0,0,0,0
31817,2,0,0,0,0,0
31818,5,5,5,0,0,5
31822,2,0,0,0,0,0
31820,2,0,0,0,0,0
31821,5,5,5,0,0,5
31825,2,0,0,0,0,0
31823,2,0,0,0,0,0
31824,5,5,5,0,0,5
31828,2,0,0,0,0,0
31826,2,0,0,0,0,0
31827,5,5,5,0,0,5
31831,2,0,0,0,0,0
31829,2,0,0,0,0,0
31830,5,5,5,0,0,5
31834,2,0,0,0,0,0
31832,2,0,0,0,0,0
31833,5,5,5,0,0,5
31837,2,0,0,0,0,0
31835,2,0,0,0,0,0
31836,5,5,5,0,0,5
31840,2,0,0,0,0,0
31838,2,0,0,0,0,0
31839,5,5,5,0,0,5
31843,2,0,0,0,0,0
31841,2,0,0,0,0,0
31842,5,5,5,0,0,5
31846,2,0,0,0,0,0
31844,2,0,0,0,0,0
31845,5,5,5,0,0,5
31849,2,0,0,0,0,0
31847,2,0,0,0,0,0
31848,5,5,5,0,0,5
31852,2,0,0,0,0,0
31850,2,0,0,0,0,0
31851,5,5,5,0,0,5
31855,2,0,0,0,0,0
31853,2,0,0,0,0,0
31854,5,5,5,0,0,5
31858,2,0,0,0,0,0
31856,2,0,0,0,0,0
31857,5,5,5,0,0,5
31861,2,0,0,0,0,0
31859,2,0,0,0,0,0
31860,5,5,5,0,0,5
31864,2,0,0,0,0,0
31862,2,0,0,0,0,0
31863,5,5,5,0,0,5
31867,2,0,0,0,0,0
31865,2,0,0,0,0,0
31866,5,5,5,0,0,5
31870,2,0,0,0,0,0
31868,2,0,0,0,0,0
31869,5,5,5,0,0,5
31873,2,0,0,0,0,0
31871,2,0,0,0,0,0
31872,5,5,5,0,0,5
31876,2,0,0,0,0,0
31874,2,0,0,0,0,0
31875,5,5,5,0,0,5
31879,2,0,0,0,0,0
31877,2,0,0,0,0,0
31878,5,5,5,0,0,5
31882,2,0,0,0,0,0
31880,2,0,0,0,0,0
31881,5,5,5,0,0,5
31885,2,0,0,0,0,0
31883,2,0,0,0,0,0
31884,5,5,5,0,0,5
31888,2,0,0,0,0,0
31886,2,0,0,0,0,0
31887,5,5,5,0,0,5
31891,2,0,0,0,0,0
31889,2,0,0,0,0,0
31890,5,5,5,0,0,5
31894,2,0,0,0,0,0
31892,2,0,0,0,0,0
31893,5,5,5,0,0,5
31897,2,0,0,0,0,0
31895,2,0,0,0,0,0
31896,5,5,5,0,0,5
31900,2,0,0,0,0,0
31898,2,0,0,0,0,0
31899,5,5,5,0,0,5
31903,2,0,0,0,0,0
31901,2,0,0,0,0,0
31902,5,5,5,0,0,5
31906,2,0,0,0,0,0
31904,2,0,0,0,0,0
31905,5,5,5,0,0,5
31909,2,0,0,0,0,0
31907,2,0,0,0,0,0
31908,5,5,5,0,0,5
31912,2,0,0,0,0,0
31910,2,0,0,0,0,0
31911,5,5,5,0,0,5
31915,2,0,0,0,0,0
31913,2,0,0,0,0,0
31914,5,5,5,0,0,5
31918,2,0,0,0,0,0
31916,2,0,0,0,0,0
31917,5,5,5,0,0,5
31921,2,0,0,0,0,0
31919,2,0,0,0,0,0
31920,5,5,5,0,0,5
31924,2,0,0,0,0,0
31922,2,0,0,0,0,0
31923,5,5,5,0,0,5
31927,2,0,0,0,0,0
31925,2,0,0,0,0,0
31926,5,5,5,0,0,5
31930,2,0,0,0,0,0
31928,2,0,0,0,0,0
31929,5,5,5,0,0,5
31933,2,0,0,0,0,0
31931,2,0,0,0,0,0
31932,5,5,5,0,0,5
31936,2,0,0,0,0,0
31934,2,0,0,0,0,0
31935,5,5,5,0,0,5
31939,2,0,0,0,0,0
31937,2,0,0,0,0,0
31938,5,5,5,0,0,5
31942,2,0,0,0,0,0
31940,2,0,0,0,0,0
31941,5,5,5,0,0,5
31945,2,0,0,0,0,0
31943,2,0,0,0,0,0
31944,5,5,5,0,0,5
31948,2,0,0,0,0,0
31946,2,0,0,0,0,0
31947,5,5,5,0,0,5
31951,2,0,0,0,0,0
31949,2,0,0,0,0,0
31950,5,5,5,0,0,5
31954,2,0,0,0,0,0
31952,2,0,0,0,0,0
31953,5,5,5,0,0,5
31957,2,0,0,0,0,0
31955,2,0,0,0,0,0
31956,5,5,5,0,0,5
31960,2,0,0,0,0,0
31958,2,0,0,0,0,0
31959,5,5,5,0,0,5
31963,2,0,0,0,0,0
31961,2,0,0,0,0,0
31962,5,5,5,0,0,5
31966,2,0,0,0,0,0
31964,2,0,0,0,0,0
31965,5,5,5,0,0,5
31969,2,0,0,0,0,0
31967,2,0,0,0,0,0
31968,5,5,5,0,0,5
31972,2,0,0,0,0,0
31970,2,0,0,0,0,0
31971,5,5,5,0,0,5
31975,2,0,0,0,0,0
31973,2,0,0,0,0,0
31974,5,5,5,0,0,5
31978,2,0,0,0,0,0
31976,2,0,0,0,0,0
31977,5,5,5,0,0,5
31981,2,0,0,0,0,0
31979,2,0,0,0,0,0
31980,5,5,5,0,0,5
31984,2,0,0,0,0,0
31982,2,0,0,0,0,0
31983,5,5,5,0,0,5
31987,2,0,0,0,0,0
31985,2,0,0,0,0,0
31986,5,5,5,0,0,5
31990,2,0,0,0,0,0
31988,2,0,0,0,0,0
31989,5,5,5,0,0,5
31993,2,0,0,0,0,0
31991,2,0,0,0,0,0
31992,5,5,5,0,0,5
31996,2,0,0,0,0,0
31994,2,0,0,0,0,0
31995,5,5,5,0,0,5
31999,2,0,0,0,0,0
31997,2,0,0,0,0,0
31998,5,5,5,0,0,5
32002,2,0,0,0,0,0
32000,2,0,0,0,0,0
32001,5,5,5,0,0,5
32005,2,0,0,0,0,0
32003,2,0,0,0,0,0
32004,5,5,5,0,0,5
32008,2,0,0,0,0,0
32006,2,0,0,0,0,0
32007,5,5,5,0,0,5
32011,2,0,0,0,0,0
32009,2,0,0,0,0,0
32010,5,5,5,0,0,5
32014,2,0,0,0,0,0
32012,2,0,0,0,0,0
32013,5,5,5,0,0,5
32017,2,0,0,0,0,0
32015,2,0,0,0,0,0
32016,5,5,5,0,0,5
32020,2,0,0,0,0,0
32018,2,0,0,0,0,0
32019,5,5,5,0,0,5
32023,2,0,0,0,0,0
32021,2,0,0,0,0,0
32022,5,5,5,0,0,5
32026,2,0,0,0,0,0
32024,2,0,0,0,0,0
32025,5,5,5,0,0,5
32029,2,0,0,0,0,0
32027,2,0,0,0,0,0
32028,5,5,5,0,0,5
32032,2,0,0,0,0,0
32030,2,0,0,0,0,0
32031,5,5,5,0,0,5
32035,2,0,0,0,0,0
32033,2,0,0,0,0,0
32034,5,5,5,0,0,5
32038,2,0,0,0,0,0
32036,2,0,0,0,0,0
32037,5,5,5,0,0,5
32041,2,0,0,0,0,0
32039,2,0,0,0,0,0
32040,5,5,5,0,0,5
32044,2,0,0,0,0,0
32042,2,0,0,0,0,0
32043,5,5,5,0,0,5
32047,2,0,0,0,0,0
32045,2,0,0,0,0,0
32046,5,5,5,0,0,5
32050,2,0,0,0,0,0
32048,2,0,0,0,0,0
32049,5,5,5,0,0,5
32053,2,0,0,0,0,0
32051,2,0,0,0,0,0
32052,5,5,5,0,0,5
32056,2,0,0,0,0,0
32054,2,0,0,0,0,0
32055,5,5,5,0,0,5
32059,2,0,0,0,0,0
32057,2,0,0,0,0,0
32058,5,5,5,0,0,5
32062,2,0,0,0,0,0
32060,2,0,0,0,0,0
32061,5,5,5,0,0,5
32065,2,0,0,0,0,0
32063,2,0,0,0,0,0
32064,5,5,5,0,0,5
32068,2,0,0,0,0,0
32066,2,0,0,0,0,0
32067,5,5,5,0,0,5
32071,2,0,0,0,0,0
32069,2,0,0,0,0,0
32070,5,5,5,0,0,5
32074,2,0,0,0,0,0
32072,2,0,0,0,0,0
32073,5,5,5,0,0,5
32077,2,0,0,0,0,0
32075,2,0,0,0,0,0
32076,5,5,5,0,0,5
32080,2,0,0,0,0,0
32078,2,0,0,0,0,0
32079,5,5,5,0,0,5
32083,2,0,0,0,0,0
32081,2,0,0,0,0,0
32082,5,5,5,0,0,5
32086,2,0,0,0,0,0
32084,2,0,0,0,0,0
32085,5,5,5,0,0,5
32089,2,0,0,0,0,0
32087,2,0,0,0,0,0
32088,5,5,5,0,0,5
32092,2,0,0,0,0,0
32090,2,0,0,0,0,0
32091,5,5,5,0,0,5
32095,2,0,0,0,0,0
32093,2,0,0,0,0,0
32094,5,5,5,0,0,5
32098,2,0,0,0,0,0
32096,2,0,0,0,0,0
32097,5,5,5,0,0,5
32101,2,0,0,0,0,0
32099,2,0,0,0,0,0
32100,5,5,5,0,0,5
32104,2,0,0,0,0,0
32102,2,0,0,0,0,0
32103,5,5,5,0,0,5
32107,2,0,0,0,0,0
32105,2,0,0,0,0,0
32106,5,5,5,0,0,5
32110,2,0,0,0,0,0
32108,2,0,0,0,0,0
32109,5,5,5,0,0,5
32113,2,0,0,0,0,0
32111,2,0,0,0,0,0
32112,5,5,5,0,0,5
32116,2,0,0,0,0,0
32114,2,0,0,0,0,0
32115,5,5,5,0,0,5
32119,2,0,0,0,0,0
32117,2,0,0,0,0,0
32118,5,5,5,0,0,5
32122,2,0,0,0,0,0
32120,2,0,0,0,0,0
32121,5,5,5,0,0,5
32125,2,0,0,0,0,0
32123,2,0,0,0,0,0
32124,5,5,5,0,0,5
32128,2,0,0,0,0,0
32126,2,0,0,0,0,0
32127,5,5,5,0,0,5
32131,2,0,0,0,0,0
32129,2,0,0,0,0,0
32130,5,5,5,0,0,5
32134,2,0,0,0,0,0
32132,2,0,0,0,0,0
32133,5,5,5,0,0,5
32137,2,0,0,0,0,0
32135,2,0,0,0,0,0
32136,5,5,5,0,0,5
32140,2,0,0,0,0,0
32138,2,0,0,0,0,0
32139,5,5,5,0,0,5
32143,2,0,0,0,0,0
32141,2,0,0,0,0,0
32142,5,5,5,0,0,5
32146,2,0,0,0,0,0
32144,2,0,0,0,0,0
32145,5,5,5,0,0,5
32149,2,0,0,0,0,0
32147,2,0,0,0,0,0
32148,5,5,5,0,0,5
32152,2,0,0,0,0,0
32150,2,0,0,0,0,0
32151,5,5,5,0,0,5
32155,2,0,0,0,0,0
32153,2,0,0,0,0,0
32154,5,5,5,0,0,5
32158,2,0,0,0,0,0
32156,2,0,0,0,0,0
32157,5,5,5,0,0,5
32161,2,0,0,0,0,0
32159,2,0,0,0,0,0
32160,5,5,5,0,0,5
32164,2,0,0,0,0,0
32162,2,0,0,0,0,0
32163,5,5,5,0,0,5
32167,2,0,0,0,0,0
32165,2,0,0,0,0,0
32166,5,5,5,0,0,5
32170,2,0,0,0,0,0
32168,2,0,0,0,0,0
32169,5,5,5,0,0,5
32173,2,0,0,0,0,0
32171,2,0,0,0,0,0
32172,5,5,5,0,0,5
32176,2,0,0,0,0,0
32174,2,0,0,0,0,0
32175,5,5,5,0,0,5
32179,2,0,0,0,0,0
32177,2,0,0,0,0,0
32178,5,5,5,0,0,5
32182,2,0,0,0,0,0
32180,2,0,0,0,0,0
32181,5,5,5,0,0,5
32185,2,0,0,0,0,0
32183,2,0,0,0,0,0
32184,5,5,5,0,0,5
32188,2,0,0,0,0,0
32186,2,0,0,0,0,0
32187,5,5,5,0,0,5
32191,2,0,0,0,0,0
32189,2,0,0,0,0,0
32190,5,5,5,0,0,5
32194,2,0,0,0,0,0
32192,2,0,0,0,0,0
32193,5,5,5,0,0,5
32197,2,0,0,0,0,0
32195,2,0,0,0,0,0
32196,5,5,5,0,0,5
32200,2,0,0,0,0,0
32198,2,0,0,0,0,0
32199,5,5,5,0,0,5
32203,2,0,0,0,0,0
32201,2,0,0,0,0,0
32202,5,5,5,0,0,5
32206,2,0,0,0,0,0
32204,2,0,0,0,0,0
32205,5,5,5,0,0,5
32209,2,0,0,0,0,0
32207,2,0,0,0,0,0
32208,5,5,5,0,0,5
32212,2,0,0,0,0,0
32210,2,0,0,0,0,0
32211,5,5,5,0,0,5
32215,2,0,0,0,0,0
32213,2,0,0,0,0,0
32214,5,5,5,0,0,5
32218,2,0,0,0,0,0
32216,2,0,0,0,0,0
32217,5,5,5,0,0,5
32221,2,0,0,0,0,0
32219,2,0,0,0,0,0
32220,5,5,5,0,0,5
32224,2,0,0,0,0,0
32222,2,0,0,0,0,0
32223,5,5,5,0,0,5
32227,2,0,0,0,0,0
32225,2,0,0,0,0,0
32226,5,5,5,0,0,5
32230,2,0,0,0,0,0
32228,2,0,0,0,0,0
32229,5,5,5,0,0,5
32233,2,0,0,0,0,0
32231,2,0,0,0,0,0
32232,5,5,5,0,0,5
32236,2,0,0,0,0,0
32234,2,0,0,0,0,0
32235,5,5,5,0,0,5
32239,2,0,0,0,0,0
32237,2,0,0,0,0,0
32238,5,5,5,0,0,5
32242,2,0,0,0,0,0
32240,2,0,0,0,0,0
32241,5,5,5,0,0,5
32245,2,0,0,0,0,0
32243,2,0,0,0,0,0
32244,5,5,5,0,0,5
32248,2,0,0,0,0,0
32246,2,0,0,0,0,0
32247,5,5,5,0,0,5
32251,2,0,0,0,0,0
32249,2,0,0,0,0,0
32250,5,5,5,0,0,5
32254,2,0,0,0,0,0
32252,2,0,0,0,0,0
32253,5,5,5,0,0,5
32257,2,0,0,0,0,0
32255,2,0,0,0,0,0
32256,5,5,5,0,0,5
32260,2,0,0,0,0,0
32258,2,0,0,0,0,0
32259,5,5,5,0,0,5
32263,2,0,0,0,0,0
32261,2,0,0,0,0,0
32262,5,5,5,0,0,5
32266,2,0,0,0,0,0
32264,2,0,0,0,0,0
32265,5,5,5,0,0,5
32269,2,0,0,0,0,0
32267,2,0,0,0,0,0
32268,5,5,5,0,0,5
32272,2,0,0,0,0,0
32270,2,0,0,0,0,0
32271,5,5,5,0,0,5
32275,2,0,0,0,0,0
32273,2,0,0,0,0,0
32274,5,5,5,0,0,5
32278,2,0,0,0,0,0
32276,2,0,0,0,0,0
32277,5,5,5,0,0,5
32281,2,0,0,0,0,0
32279,2,0,0,0,0,0
32280,5,5,5,0,0,5
32284,2,0,0,0,0,0
32282,2,0,0,0,0,0
32283,5,5,5,0,0,5
32287,2,0,0,0,0,0
32285,2,0,0,0,0,0
32286,5,5,5,0,0,5
32290,2,0,0,0,0,0
32288,2,0,0,0,0,0
32289,5,5,5,0,0,5
32293,2,0,0,0,0,0
32291,2,0,0,0,0,0
32292,5,5,5,0,0,5
32296,2,0,0,0,0,0
32294,2,0,0,0,0,0
32295,5,5,5,0,0,5
32299,2,0,0,0,0,0
32297,2,0,0,0,0,0
32298,5,5,5,0,0,5
32302,2,0,0,0,0,0
32300,2,0,0,0,0,0
32301,5,5,5,0,0,5
32305,2,0,0,0,0,0
32303,2,0,0,0,0,0
32304,5,5,5,0,0,5
32308,2,0,0,0,0,0
32306,2,0,0,0,0,0
32307,5,5,5,0,0,5
32311,2,0,0,0,0,0
32309,2,0,0,0,0,0
32310,5,5,5,0,0,5
32314,2,0,0,0,0,0
32312,2,0,0,0,0,0
32313,5,5,5,0,0,5
32317,2,0,0,0,0,0
32315,2,0,0,0,0,0
32316,5,5,5,0,0,5
32320,2,0,0,0,0,0
32318,2,0,0,0,0,0
32319,5,5,5,0,0,5
32323,2,0,0,0,0,0
32321,2,0,0,0,0,0
32322,5,5,5,0,0,5
32326,2,0,0,0,0,0
32324,2,0,0,0,0,0
32325,5,5,5,0,0,5
32329,2,0,0,0,0,0
32327,2,0,0,0,0,0
32328,5,5,5,0,0,5
32332,2,0,0,0,0,0
32330,2,0,0,0,0,0
32331,5,5,5,0,0,5
32335,2,0,0,0,0,0
32333,2,0,0,0,0,0
32334,5,5,5,0,0,5
32338,2,0,0,0,0,0
32336,2,0,0,0,0,0
32337,5,5,5,0,0,5
32341,2,0,0,0,0,0
32339,2,0,0,0,0,0
32340,5,5,5,0,0,5
32344,2,0,0,0,0,0
32342,2,0,0,0,0,0
32343,5,5,5,0,0,5
32347,2,0,0,0,0,0
32345,2,0,0,0,0,0
32346,5,5,5,0,0,5
32350,2,0,0,0,0,0
32348,2,0,0,0,0,0
32349,5,5,5,0,0,5
32353,2,0,0,0,0,0
32351,2,0,0,0,0,0
32352,5,5,5,0,0,5
32356,2,0,0,0,0,0
32354,2,0,0,0,0,0
32355,5,5,5,0,0,5
32359,2,0,0,0,0,0
32357,2,0,0,0,0,0
32358,5,5,5,0,0,5
32362,2,0,0,0,0,0
32360,2,0,0,0,0,0
32361,5,5,5,0,0,5
32365,2,0,0,0,0,0
32363,2,0,0,0,0,0
32364,5,5,5,0,0,5
32368,2,0,0,0,0,0
32366,2,0,0,0,0,0
32367,5,5,5,0,0,5
32371,2,0,0,0,0,0
32369,2,0,0,0,0,0
32370,5,5,5,0,0,5
32374,2,0,0,0,0,0
32372,2,0,0,0,0,0
32373,5,5,5,0,0,5
32377,2,0,0,0,0,0
32375,2,0,0,0,0,0
32376,5,5,5,0,0,5
32380,2,0,0,0,0,0
32378,2,0,0,0,0,0
32379,5,5,5,0,0,5
32383,2,0,0,0,0,0
32381,2,0,0,0,0,0
32382,5,5,5,0,0,5
32386,2,0,0,0,0,0
32384,2,0,0,0,0,0
32385,5,5,5,0,0,5
32389,2,0,0,0,0,0
32387,2,0,0,0,0,0
32388,5,5,5,0,0,5
32392,2,0,0,0,0,0
32390,2,0,0,0,0,0
32391,5,5,5,0,0,5
32395,2,0,0,0,0,0
32393,2,0,0,0,0,0
32394,5,5,5,0,0,5
32398,2,0,0,0,0,0
32396,2,0,0,0,0,0
32397,5,5,5,0,0,5
32401,2,0,0,0,0,0
32399,2,0,0,0,0,0
32400,5,5,5,0,0,5
32404,2,0,0,0,0,0
32402,2,0,0,0,0,0
32403,5,5,5,0,0,5
32407,2,0,0,0,0,0
32405,2,0,0,0,0,0
32406,5,5,5,0,0,5
32410,2,0,0,0,0,0
32408,2,0,0,0,0,0
32409,5,5,5,0,0,5
32413,2,0,0,0,0,0
32411,2,0,0,0,0,0
32412,5,5,5,0,0,5
32416,2,0,0,0,0,0
32414,2,0,0,0,0,0
32415,5,5,5,0,0,5
32419,2,0,0,0,0,0
32417,2,0,0,0,0,0
32418,5,5,5,0,0,5
32422,2,0,0,0,0,0
32420,2,0,0,0,0,0
32421,5,5,5,0,0,5
32425,2,0,0,0,0,0
32423,2,0,0,0,0,0
32424,5,5,5,0,0,5
32428,2,0,0,0,0,0
32426,2,0,0,0,0,0
32427,5,5,5,0,0,5
32431,2,0,0,0,0,0
32429,2,0,0,0,0,0
32430,5,5,5,0,0,5
32434,2,0,0,0,0,0
32432,2,0,0,0,0,0
32433,5,5,5,0,0,5
32437,2,0,0,0,0,0
32435,2,0,0,0,0,0
32436,5,5,5,0,0,5
32440,2,0,0,0,0,0
32438,2,0,0,0,0,0
32439,5,5,5,0,0,5
32443,2,0,0,0,0,0
32441,2,0,0,0,0,0
32442,5,5,5,0,0,5
32446,2,0,0,0,0,0
32444,2,0,0,0,0,0
32445,5,5,5,0,0,5
32449,2,0,0,0,0,0
32447,2,0,0,0,0,0
32448,5,5,5,0,0,5
32452,2,0,0,0,0,0
32450,2,0,0,0,0,0
32451,5,5,5,0,0,5
32455,2,0,0,0,0,0
32453,2,0,0,0,0,0
32454,5,5,5,0,0,5
32458,2,0,0,0,0,0
32456,2,0,0,0,0,0
32457,5,5,5,0,0,5
32461,2,0,0,0,0,0
32459,2,0,0,0,0,0
32460,5,5,5,0,0,5
32464,2,0,0,0,0,0
32462,2,0,0,0,0,0
32463,5,5,5,0,0,5
32467,2,0,0,0,0,0
32465,2,0,0,0,0,0
32466,5,5,5,0,0,5
32470,2,0,0,0,0,0
32468,2,0,0,0,0,0
32469,5,5,5,0,0,5
32473,2,0,0,0,0,0
32471,2,0,0,0,0,0
32472,5,5,5,0,0,5
32476,2,0,0,0,0,0
32474,2,0,0,0,0,0
32475,5,5,5,0,0,5
32479,2,0,0,0,0,0
32477,2,0,0,0,0,0
32478,5,5,5,0,0,5
32482,2,0,0,0,0,0
32480,2,0,0,0,0,0
32481,5,5,5,0,0,5
32485,2,0,0,0,0,0
32483,2,0,0,0,0,0
32484,5,5,5,0,0,5
32488,2,0,0,0,0,0
32486,2,0,0,0,0,0
32487,5,5,5,0,0,5
32491,2,0,0,0,0,0
32489,2,0,0,0,0,0
32490,5,5,5,0,0,5
32494,2,0,0,0,0,0
32492,2,0,0,0,0,0
32493,5,5,5,0,0,5
32497,2,0,0,0,0,0
32495,2,0,0,0,0,0
32496,5,5,5,0,0,5
32500,2,0,0,0,0,0
32498,2,0,0,0,0,0
32499,5,5,5,0,0,5
32503,2,0,0,0,0,0
32501,2,0,0,0,0,0
32502,5,5,5,0,0,5
32506,2,0,0,0,0,0
32504,2,0,0,0,0,0
32505,5,5,5,0,0,5
32509,2,0,0,0,0,0
32507,2,0,0,0,0,0
32508,5,5,5,0,0,5
32512,2,0,0,0,0,0
32510,2,0,0,0,0,0
32511,5,5,5,0,0,5
32515,2,0,0,0,0,0
32513,2,0,0,0,0,0
32514,5,5,5,0,0,5
32518,2,0,0,0,0,0
32516,2,0,0,0,0,0
32517,5,5,5,0,0,5
32521,2,0,0,0,0,0
32519,2,0,0,0,0,0
32520,5,5,5,0,0,5
32524,2,0,0,0,0,0
32522,2,0,0,0,0,0
32523,5,5,5,0,0,5
32527,2,0,0,0,0,0
32525,2,0,0,0,0,0
32526,5,5,5,0,0,5
32530,2,0,0,0,0,0
32528,2,0,0,0,0,0
32529,5,5,5,0,0,5
32533,2,0,0,0,0,0
32531,2,0,0,0,0,0
32532,5,5,5,0,0,5
32536,2,0,0,0,0,0
32534,2,0,0,0,0,0
32535,5,5,5,0,0,5
32539,2,0,0,0,0,0
32537,2,0,0,0,0,0
32538,5,5,5,0,0,5
32542,2,0,0,0,0,0
32540,2,0,0,0,0,0
32541,5,5,5,0,0,5
32545,2,0,0,0,0,0
32543,2,0,0,0,0,0
32544,5,5,5,0,0,5
32548,2,0,0,0,0,0
32546,2,0,0,0,0,0
32547,5,5,5,0,0,5
32551,2,0,0,0,0,0
32549,2,0,0,0,0,0
32550,5,5,5,0,0,5
32554,2,0,0,0,0,0
32552,2,0,0,0,0,0
32553,5,5,5,0,0,5
32557,2,0,0,0,0,0
32555,2,0,0,0,0,0
32556,5,5,5,0,0,5
32560,2,0,0,0,0,0
32558,2,0,0,0,0,0
32559,5,5,5,0,0,5
32563,2,0,0,0,0,0
32561,2,0,0,0,0,0
32562,5,5,5,0,0,5
32566,2,0,0,0,0,0
32564,2,0,0,0,0,0
32565,5,5,5,0,0,5
32569,2,0,0,0,0,0
32567,2,0,0,0,0,0
32568,5,5,5,0,0,5
32572,2,0,0,0,0,0
32570,2,0,0,0,0,0
32571,5,5,5,0,0,5
32575,2,0,0,0,0,0
32573,2,0,0,0,0,0
32574,5,5,5,0,0,5
32578,2,0,0,0,0,0
32576,2,0,0,0,0,0
32577,5,5,5,0,0,5
32581,2,0,0,0,0,0
32579,2,0,0,0,0,0
32580,5,5,5,0,0,5
32584,2,0,0,0,0,0
32582,2,0,0,0,0,0
32583,5,5,5,0,0,5
32587,2,0,0,0,0,0
32585,2,0,0,0,0,0
32586,5,5,5,0,0,5
32590,2,0,0,0,0,0
32588,2,0,0,0,0,0
32589,5,5,5,0,0,5
32593,2,0,0,0,0,0
32591,2,0,0,0,0,0
32592,5,5,5,0,0,5
32596,2,0,0,0,0,0
32594,2,0,0,0,0,0
32595,5,5,5,0,0,5
32599,2,0,0,0,0,0
32597,2,0,0,0,0,0
32598,5,5,5,0,0,5
32602,2,0,0,0,0,0
32600,2,0,0,0,0,0
32601,5,5,5,0,0,5
32605,2,0,0,0,0,0
32603,2,0,0,0,0,0
32604,5,5,5,0,0,5
32608,2,0,0,0,0,0
32606,2,0,0,0,0,0
32607,5,5,5,0,0,5
32611,2,0,0,0,0,0
32609,2,0,0,0,0,0
32610,5,5,5,0,0,5
32614,2,0,0,0,0,0
32612,2,0,0,0,0,0
32613,5,5,5,0,0,5
32617,2,0,0,0,0,0
32615,2,0,0,0,0,0
32616,5,5,5,0,0,5
32620,2,0,0,0,0,0
32618,2,0,0,0,0,0
32619,5,5,5,0,0,5
32623,2,0,0,0,0,0
32621,2,0,0,0,0,0
32622,5,5,5,0,0,5
32626,2,0,0,0,0,0
32624,2,0,0,0,0,0
32625,5,5,5,0,0,5
32629,2,0,0,0,0,0
32627,2,0,0,0,0,0
32628,5,5,5,0,0,5
32632,2,0,0,0,0,0
32630,2,0,0,0,0,0
32631,5,5,5,0,0,5
32635,2,0,0,0,0,0
32633,2,0,0,0,0,0
32634,5,5,5,0,0,5
32638,2,0,0,0,0,0
32636,2,0,0,0,0,0
32637,5,5,5,0,0,5
32641,2,0,0,0,0,0
32639,2,0,0,0,0,0
32640,5,5,5,0,0,5
32644,2,0,0,0,0,0
32642,2,0,0,0,0,0
32643,5,5,5,0,0,5
32647,2,0,0,0,0,0
32645,2,0,0,0,0,0
32646,5,5,5,0,0,5
32650,2,0,0,0,0,0
32648,2,0,0,0,0,0
32649,5,5,5,0,0,5
32653,2,0,0,0,0,0
32651,2,0,0,0,0,0
32652,5,5,5,0,0,5
32656,2,0,0,0,0,0
32654,2,0,0,0,0,0
32655,5,5,5,0,0,5
32659,2,0,0,0,0,0
32657,2,0,0,0,0,0
32658,5,5,5,0,0,5
32662,2,0,0,0,0,0
32660,2,0,0,0,0,0
32661,5,5,5,0,0,5
32665,2,0,0,0,0,0
32663,2,0,0,0,0,0
32664,5,5,5,0,0,5
32668,2,0,0,0,0,0
32666,2,0,0,0,0,0
32667,5,5,5,0,0,5
32671,2,0,0,0,0,0
32669,2,0,0,0,0,0
32670,5,5,5,0,0,5
32674,2,0,0,0,0,0
32672,2,0,0,0,0,0
32673,5,5,5,0,0,5
32677,2,0,0,0,0,0
32675,2,0,0,0,0,0
32676,5,5,5,0,0,5
32680,2,0,0,0,0,0
32678,2,0,0,0,0,0
32679,5,5,5,0,0,5
32683,2,0,0,0,0,0
32681,2,0,0,0,0,0
32682,5,5,5,0,0,5
32686,2,0,0,0,0,0
32684,2,0,0,0,0,0
32685,5,5,5,0,0,5
32689,2,0,0,0,0,0
32687,2,0,0,0,0,0
32688,5,5,5,0,0,5
32692,2,0,0,0,0,0
32690,2,0,0,0,0,0
32691,5,5,5,0,0,5
32695,2,0,0,0,0,0
32693,2,0,0,0,0,0
32694,5,5,5,0,0,5
32698,2,0,0,0,0,0
32696,2,0,0,0,0,0
32697,5,5,5,0,0,5
32701,2,0,0,0,0,0
32699,2,0,0,0,0,0
32700,5,5,5,0,0,5
32704,2,0,0,0,0,0
32702,2,0,0,0,0,0
32703,5,5,5,0,0,5
32707,2,0,0,0,0,0
32705,2,0,0,0,0,0
32706,5,5,5,0,0,5
32710,2,0,0,0,0,0
32708,2,0,0,0,0,0
32709,5,5,5,0,0,5
32713,2,0,0,0,0,0
32711,2,0,0,0,0,0
32712,5,5,5,0,0,5
32716,2,0,0,0,0,0
32714,2,0,0,0,0,0
32715,5,5,5,0,0,5
32719,2,0,0,0,0,0
32717,2,0,0,0,0,0
32718,5,5,5,0,0,5
32722,2,0,0,0,0,0
32720,2,0,0,0,0,0
32721,5,5,5,0,0,5
32725,2,0,0,0,0,0
32723,2,0,0,0,0,0
32724,5,5,5,0,0,5
32728,2,0,0,0,0,0
32726,2,0,0,0,0,0
32727,5,5,5,0,0,5
32731,2,0,0,0,0,0
32729,2,0,0,0,0,0
32730,5,5,5,0,0,5
32734,2,0,0,0,0,0
32732,2,0,0,0,0,0
32733,5,5,5,0,0,5
32737,2,0,0,0,0,0
32735,2,0,0,0,0,0
32736,5,5,5,0,0,5
32740,2,0,0,0,0,0
32738,2,0,0,0,0,0
32739,5,5,5,0,0,5
32743,2,0,0,0,0,0
32741,2,0,0,0,0,0
32742,5,5,5,0,0,5
32746,2,0,0,0,0,0
32744,2,0,0,0,0,0
32745,5,5,5,0,0,5
32749,2,0,0,0,0,0
32747,2,0,0,0,0,0
32748,5,5,5,0,0,5
32752,2,0,0,0,0,0
32750,2,0,0,0,0,0
32751,5,5,5,0,0,5
32755,2,0,0,0,0,0
32753,2,0,0,0,0,0
32754,5,5,5,0,0,5
32758,2,0,0,0,0,0
32756,2,0,0,0,0,0
32757,5,5,5,0,0,5
32761,2,0,0,0,0,0
32759,2,0,0,0,0,0
32760,5,5,5,0,0,5
32764,2,0,0,0,0,0
32762,2,0,0,0,0,0
32763,5,5,5,0,0,5
32767,2,0,0,0,0,0
32765,2,0,0,0,0,0
32766,5,5,5,0,0,5
32770,2,0,0,0,0,0
32768,2,0,0,0,0,0
32769,5,5,5,0,0,5
32773,2,0,0,0,0,0
32771,2,0,0,0,0,0
32772,5,5,5,0,0,5
32776,2,0,0,0,0,0
32774,2,0,0,0,0,0
32775,5,5,5,0,0,5
32779,2,0,0,0,0,0
32777,2,0,0,0,0,0
32778,5,5,5,0,0,5
32782,2,0,0,0,0,0
32780,2,0,0,0,0,0
32781,5,5,5,0,0,5
32785,2,0,0,0,0,0
32783,2,0,0,0,0,0
32784,5,5,5,0,0,5
32788,2,0,0,0,0,0
32786,2,0,0,0,0,0
32787,5,5,5,0,0,5
32791,2,0,0,0,0,0
32789,2,0,0,0,0,0
32790,5,5,5,0,0,5
32794,2,0,0,0,0,0
32792,2,0,0,0,0,0
32793,5,5,5,0,0,5
32797,2,0,0,0,0,0
32795,2,0,0,0,0,0
32796,5,5,5,0,0,5
32800,2,0,0,0,0,0
32798,2,0,0,0,0,0
32799,5,5,5,0,0,5
32803,2,0,0,0,0,0
32801,2,0,0,0,0,0
32802,5,5,5,0,0,5
32806,2,0,0,0,0,0
32804,2,0,0,0,0,0
32805,5,5,5,0,0,5
32809,2,0,0,0,0,0
32807,2,0,0,0,0,0
32808,5,5,5,0,0,5
32812,2,0,0,0,0,0
32810,2,0,0,0,0,0
32811,5,5,5,0,0,5
32815,2,0,0,0,0,0
32813,2,0,0,0,0,0
32814,5,5,5,0,0,5
32818,2,0,0,0,0,0
32816,2,0,0,0,0,0
32817,5,5,5,0,0,5
32821,2,0,0,0,0,0
32819,2,0,0,0,0,0
32820,5,5,5,0,0,5
32824,2,0,0,0,0,0
32822,2,0,0,0,0,0
32823,5,5,5,0,0,5
32827,2,0,0,0,0,0
32825,2,0,0,0,0,0
32826,5,5,5,0,0,5
32830,2,0,0,0,0,0
32828,2,0,0,0,0,0
32829,5,5,5,0,0,5
32833,2,0,0,0,0,0
32831,2,0,0,0,0,0
32832,5,5,5,0,0,5
32836,2,0,0,0,0,0
32834,2,0,0,0,0,0
32835,5,5,5,0,0,5
32839,2,0,0,0,0,0
32837,2,0,0,0,0,0
32838,5,5,5,0,0,5
32842,2,0,0,0,0,0
32840,2,0,0,0,0,0
32841,5,5,5,0,0,5
32845,2,0,0,0,0,0
32843,2,0,0,0,0,0
32844,5,5,5,0,0,5
32848,2,0,0,0,0,0
32846,2,0,0,0,0,0
32847,5,5,5,0,0,5
32851,2,0,0,0,0,0
32849,2,0,0,0,0,0
32850,5,5,5,0,0,5
32854,2,0,0,0,0,0
32852,2,0,0,0,0,0
32853,5,5,5,0,0,5
32857,2,0,0,0,0,0
32855,2,0,0,0,0,0
32856,5,5,5,0,0,5
32860,2,0,0,0,0,0
32858,2,0,0,0,0,0
32859,5,5,5,0,0,5
32863,2,0,0,0,0,0
32861,2,0,0,0,0,0
32862,5,5,5,0,0,5
32866,2,0,0,0,0,0
32864,2,0,0,0,0,0
32865,5,5,5,0,0,5
32869,2,0,0,0,0,0
32867,2,0,0,0,0,0
32868,5,5,5,0,0,5
32872,2,0,0,0,0,0
32870,2,0,0,0,0,0
32871,5,5,5,0,0,5
32875,2,0,0,0,0,0
32873,2,0,0,0,0,0
32874,5,5,5,0,0,5
32878,2,0,0,0,0,0
32876,2,0,0,0,0,0
32877,5,5,5,0,0,5
32881,2,0,0,0,0,0
32879,2,0,0,0,0,0
32880,5,5,5,0,0,5
32884,2,0,0,0,0,0
32882,2,0,0,0,0,0
32883,5,5,5,0,0,5
32887,2,0,0,0,0,0
32885,2,0,0,0,0,0
32886,5,5,5,0,0,5
32890,2,0,0,0,0,0
32888,2,0,0,0,0,0
32889,5,5,5,0,0,5
32893,2,0,0,0,0,0
32891,2,0,0,0,0,0
32892,5,5,5,0,0,5
32896,2,0,0,0,0,0
32894,2,0,0,0,0,0
32895,5,5,5,0,0,5
32899,2,0,0,0,0,0
32897,2,0,0,0,0,0
32898,5,5,5,0,0,5
32902,2,0,0,0,0,0
32900,2,0,0,0,0,0
32901,5,5,5,0,0,5
32905,2,0,0,0,0,0
32903,2,0,0,0,0,0
32904,5,5,5,0,0,5
32908,2,0,0,0,0,0
32906,2,0,0,0,0,0
32907,5,5,5,0,0,5
32911,2,0,0,0,0,0
32909,2,0,0,0,0,0
32910,5,5,5,0,0,5
32914,2,0,0,0,0,0
32912,2,0,0,0,0,0
32913,5,5,5,0,0,5
32917,2,0,0,0,0,0
32915,2,0,0,0,0,0
32916,5,5,5,0,0,5
32920,2,0,0,0,0,0
32918,2,0,0,0,0,0
32919,5,5,5,0,0,5
32923,2,0,0,0,0,0
32921,2,0,0,0,0,0
32922,5,5,5,0,0,5
32926,2,0,0,0,0,0
32924,2,0,0,0,0,0
32925,5,5,5,0,0,5
32929,2,0,0,0,0,0
32927,2,0,0,0,0,0
32928,5,5,5,0,0,5
32932,2,0,0,0,0,0
32930,2,0,0,0,0,0
32931,5,5,5,0,0,5
32935,2,0,0,0,0,0
32933,2,0,0,0,0,0
32934,5,5,5,0,0,5
32938,2,0,0,0,0,0
32936,2,0,0,0,0,0
32937,5,5,5,0,0,5
32941,2,0,0,0,0,0
32939,2,0,0,0,0,0
32940,5,5,5,0,0,5
32944,2,0,0,0,0,0
32942,2,0,0,0,0,0
32943,5,5,5,0,0,5
32947,2,0,0,0,0,0
32945,2,0,0,0,0,0
32946,5,5,5,0,0,5
32950,2,0,0,0,0,0
32948,2,0,0,0,0,0
32949,5,5,5,0,0,5
32953,2,0,0,0,0,0
32951,2,0,0,0,0,0
32952,5,5,5,0,0,5
32956,2,0,0,0,0,0
32954,2,0,0,0,0,0
32955,5,5,5,0,0,5
32959,2,0,0,0,0,0
32957,2,0,0,0,0,0
32958,5,5,5,0,0,5
32962,2,0,0,0,0,0
32960,2,0,0,0,0,0
32961,5,5,5,0,0,5
32965,2,0,0,0,0,0
32963,2,0,0,0,0,0
32964,5,5,5,0,0,5
32968,2,0,0,0,0,0
32966,2,0,0,0,0,0
32967,5,5,5,0,0,5
32971,2,0,0,0,0,0
32969,2,0,0,0,0,0
32970,5,5,5,0,0,5
32974,2,0,0,0,0,0
32972,2,0,0,0,0,0
32973,5,5,5,0,0,5
32977,2,0,0,0,0,0
32975,2,0,0,0,0,0
32976,5,5,5,0,0,5
32980,2,0,0,0,0,0
32978,2,0,0,0,0,0
32979,5,5,5,0,0,5
32983,2,0,0,0,0,0
32981,2,0,0,0,0,0
32982,5,5,5,0,0,5
32986,2,0,0,0,0,0
32984,2,0,0,0,0,0
32985,5,5,5,0,0,5
32989,2,0,0,0,0,0
32987,2,0,0,0,0,0
32988,5,5,5,0,0,5
32992,2,0,0,0,0,0
32990,2,0,0,0,0,0
32991,5,5,5,0,0,5
32995,2,0,0,0,0,0
32993,2,0,0,0,0,0
32994,5,5,5,0,0,5
32998,2,0,0,0,0,0
32996,2,0,0,0,0,0
32997,5,5,5,0,0,5
33001,2,0,0,0,0,0
32999,2,0,0,0,0,0
33000,5,5,5,0,0,5
33004,2,0,0,0,0,0
33002,2,0,0,0,0,0
33003,5,5,5,0,0,5
33007,2,0,0,0,0,0
33005,2,0,0,0,0,0
33006,5,5,5,0,0,5
33010,2,0,0,0,0,0
33008,2,0,0,0,0,0
33009,5,5,5,0,0,5
33013,2,0,0,0,0,0
33011,2,0,0,0,0,0
33012,5,5,5,0,0,5
33016,2,0,0,0,0,0
33014,2,0,0,0,0,0
33015,5,5,5,0,0,5
33019,2,0,0,0,0,0
33017,2,0,0,0,0,0
33018,5,5,5,0,0,5
33022,2,0,0,0,0,0
33020,2,0,0,0,0,0
33021,5,5,5,0,0,5
33025,2,0,0,0,0,0
33023,2,0,0,0,0,0
33024,5,5,5,0,0,5
33028,2,0,0,0,0,0
33026,2,0,0,0,0,0
33027,5,5,5,0,0,5
33031,2,0,0,0,0,0
33029,2,0,0,0,0,0
33030,5,5,5,0,0,5
33034,2,0,0,0,0,0
33032,2,0,0,0,0,0
33033,5,5,5,0,0,5
33037,2,0,0,0,0,0
33035,2,0,0,0,0,0
33036,5,5,5,0,0,5
33040,2,0,0,0,0,0
33038,2,0,0,0,0,0
33039,5,5,5,0,0,5
33043,2,0,0,0,0,0
33041,2,0,0,0,0,0
33042,5,5,5,0,0,5
33046,2,0,0,0,0,0
33044,2,0,0,0,0,0
33045,5,5,5,0,0,5
33049,2,0,0,0,0,0
33047,2,0,0,0,0,0
33048,5,5,5,0,0,5
33052,2,0,0,0,0,0
33050,2,0,0,0,0,0
33051,5,5,5,0,0,5
33055,2,0,0,0,0,0
33053,2,0,0,0,0,0
33054,5,5,5,0,0,5
33058,2,0,0,0,0,0
33056,2,0,0,0,0,0
33057,5,5,5,0,0,5
33061,2,0,0,0,0,0
33059,2,0,0,0,0,0
33060,5,5,5,0,0,5
33064,2,0,0,0,0,0
33062,2,0,0,0,0,0
33063,5,5,5,0,0,5
33067,2,0,0,0,0,0
33065,2,0,0,0,0,0
33066,5,5,5,0,0,5
33070,2,0,0,0,0,0
33068,2,0,0,0,0,0
33069,5,5,5,0,0,5
33073,2,0,0,0,0,0
33071,2,0,0,0,0,0
33072,5,5,5,0,0,5
33076,2,0,0,0,0,0
33074,2,0,0,0,0,0
33075,5,5,5,0,0,5
33079,2,0,0,0,0,0
33077,2,0,0,0,0,0
33078,5,5,5,0,0,5
33082,2,0,0,0,0,0
33080,2,0,0,0,0,0
33081,5,5,5,0,0,5
33085,2,0,0,0,0,0
33083,2,0,0,0,0,0
33084,5,5,5,0,0,5
33088,2,0,0,0,0,0
33086,2,0,0,0,0,0
33087,5,5,5,0,0,5
33091,2,0,0,0,0,0
33089,2,0,0,0,0,0
33090,5,5,5,0,0,5
33094,2,0,0,0,0,0
33092,2,0,0,0,0,0
33093,5,5,5,0,0,5
33097,2,0,0,0,0,0
33095,2,0,0,0,0,0
33096,5,5,5,0,0,5
33100,2,0,0,0,0,0
33098,2,0,0,0,0,0
33099,5,5,5,0,0,5
33103,2,0,0,0,0,0
33101,2,0,0,0,0,0
33102,5,5,5,0,0,5
33106,2,0,0,0,0,0
33104,2,0,0,0,0,0
33105,5,5,5,0,0,5
33109,2,0,0,0,0,0
33107,2,0,0,0,0,0
33108,5,5,5,0,0,5
33112,2,0,0,0,0,0
33110,2,0,0,0,0,0
33111,5,5,5,0,0,5
33115,2,0,0,0,0,0
33113,2,0,0,0,0,0
33114,5,5,5,0,0,5
33118,2,0,0,0,0,0
33116,2,0,0,0,0,0
33117,5,5,5,0,0,5
33121,2,0,0,0,0,0
33119,2,0,0,0,0,0
33120,5,5,5,0,0,5
33124,2,0,0,0,0,0
33122,2,0,0,0,0,0
33123,5,5,5,0,0,5
33127,2,0,0,0,0,0
33125,2,0,0,0,0,0
33126,5,5,5,0,0,5
33130,2,0,0,0,0,0
33128,2,0,0,0,0,0
33129,5,5,5,0,0,5
33133,2,0,0,0,0,0
33131,2,0,0,0,0,0
33132,5,5,5,0,0,5
33136,2,0,0,0,0,0
33134,2,0,0,0,0,0
33135,5,5,5,0,0,5
33139,2,0,0,0,0,0
33137,2,0,0,0,0,0
33138,5,5,5,0,0,5
33142,2,0,0,0,0,0
33140,2,0,0,0,0,0
33141,5,5,5,0,0,5
33145,2,0,0,0,0,0
33143,2,0,0,0,0,0
33144,5,5,5,0,0,5
33148,2,0,0,0,0,0
33146,2,0,0,0,0,0
33147,5,5,5,0,0,5
33151,2,0,0,0,0,0
33149,2,0,0,0,0,0
33150,5,5,5,0,0,5
33154,2,0,0,0,0,0
33152,2,0,0,0,0,0
33153,5,5,5,0,0,5
33157,2,0,0,0,0,0
33155,2,0,0,0,0,0
33156,5,5,5,0,0,5
33160,2,0,0,0,0,0
33158,2,0,0,0,0,0
33159,5,5,5,0,0,5
33163,2,0,0,0,0,0
33161,2,0,0,0,0,0
33162,5,5,5,0,0,5
33166,2,0,0,0,0,0
33164,2,0,0,0,0,0
33165,5,5,5,0,0,5
33169,2,0,0,0,0,0
33167,2,0,0,0,0,0
33168,5,5,5,0,0,5
33172,2,0,0,0,0,0
33170,2,0,0,0,0,0
33171,5,5,5,0,0,5
33175,2,0,0,0,0,0
33173,2,0,0,0,0,0
33174,5,5,5,0,0,5
33178,2,0,0,0,0,0
33176,2,0,0,0,0,0
33177,5,5,5,0,0,5
33181,2,0,0,0,0,0
33179,2,0,0,0,0,0
33180,5,5,5,0,0,5
33184,2,0,0,0,0,0
33182,2,0,0,0,0,0
33183,5,5,5,0,0,5
33187,2,0,0,0,0,0
33185,2,0,0,0,0,0
33186,5,5,5,0,0,5
33190,2,0,0,0,0,0
33188,2,0,0,0,0,0
33189,5,5,5,0,0,5
33193,2,0,0,0,0,0
33191,2,0,0,0,0,0
33192,5,5,5,0,0,5
33196,2,0,0,0,0,0
33194,2,0,0,0,0,0
33195,5,5,5,0,0,5
33199,2,0,0,0,0,0
33197,2,0,0,0,0,0
33198,5,5,5,0,0,5
33202,2,0,0,0,0,0
33200,2,0,0,0,0,0
33201,5,5,5,0,0,5
33205,2,0,0,0,0,0
33203,2,0,0,0,0,0
33204,5,5,5,0,0,5
33208,2,0,0,0,0,0
33206,2,0,0,0,0,0
33207,5,5,5,0,0,5
33211,2,0,0,0,0,0
33209,2,0,0,0,0,0
33210,5,5,5,0,0,5
33214,2,0,0,0,0,0
33212,2,0,0,0,0,0
33213,5,5,5,0,0,5
33217,2,0,0,0,0,0
33215,2,0,0,0,0,0
33216,5,5,5,0,0,5
33220,2,0,0,0,0,0
33218,2,0,0,0,0,0
33219,5,5,5,0,0,5
33223,2,0,0,0,0,0
33221,2,0,0,0,0,0
33222,5,5,5,0,0,5
33226,2,0,0,0,0,0
33224,2,0,0,0,0,0
33225,5,5,5,0,0,5
33229,2,0,0,0,0,0
33227,2,0,0,0,0,0
33228,5,5,5,0,0,5
33232,2,0,0,0,0,0
33230,2,0,0,0,0,0
33231,5,5,5,0,0,5
33235,2,0,0,0,0,0
33233,2,0,0,0,0,0
33234,5,5,5,0,0,5
33238,2,0,0,0,0,0
33236,2,0,0,0,0,0
33237,5,5,5,0,0,5
33241,2,0,0,0,0,0
33239,2,0,0,0,0,0
33240,5,5,5,0,0,5
33244,2,0,0,0,0,0
33242,2,0,0,0,0,0
33243,5,5,5,0,0,5
33247,2,0,0,0,0,0
33245,2,0,0,0,0,0
33246,5,5,5,0,0,5
33250,2,0,0,0,0,0
33248,2,0,0,0,0,0
33249,5,5,5,0,0,5
33253,2,0,0,0,0,0
33251,2,0,0,0,0,0
33252,5,5,5,0,0,5
33256,2,0,0,0,0,0
33254,2,0,0,0,0,0
33255,5,5,5,0,0,5
33259,2,0,0,0,0,0
33257,2,0,0,0,0,0
33258,5,5,5,0,0,5
33262,2,0,0,0,0,0
33260,2,0,0,0,0,0
33261,5,5,5,0,0,5
33265,2,0,0,0,0,0
33263,2,0,0,0,0,0
33264,5,5,5,0,0,5
33268,2,0,0,0,0,0
33266,2,0,0,0,0,0
33267,5,5,5,0,0,5
33271,2,0,0,0,0,0
33269,2,0,0,0,0,0
33270,5,5,5,0,0,5
33274,2,0,0,0,0,0
33272,2,0,0,0,0,0
33273,5,5,5,0,0,5
33277,2,0,0,0,0,0
33275,2,0,0,0,0,0
33276,5,5,5,0,0,5
33280,2,0,0,0,0,0
33278,2,0,0,0,0,0
33279,5,5,5,0,0,5
33283,2,0,0,0,0,0
33281,2,0,0,0,0,0
33282,5,5,5,0,0,5
33286,2,0,0,0,0,0
33284,2,0,0,0,0,0
33285,5,5,5,0,0,5
33289,2,0,0,0,0,0
33287,2,0,0,0,0,0
33288,5,5,5,0,0,5
33292,2,0,0,0,0,0
33290,2,0,0,0,0,0
33291,5,5,5,0,0,5
33295,2,0,0,0,0,0
33293,2,0,0,0,0,0
33294,5,5,5,0,0,5
33298,2,0,0,0,0,0
33296,2,0,0,0,0,0
33297,5,5,5,0,0,5
33301,2,0,0,0,0,0
33299,2,0,0,0,0,0
33300,5,5,5,0,0,5
33304,2,0,0,0,0,0
33302,2,0,0,0,0,0
33303,5,5,5,0,0,5
33307,2,0,0,0,0,0
33305,2,0,0,0,0,0
33306,5,5,5,0,0,5
33310,2,0,0,0,0,0
33308,2,0,0,0,0,0
33309,5,5,5,0,0,5
33313,2,0,0,0,0,0
33311,2,0,0,0,0,0
33312,5,5,5,0,0,5
33316,2,0,0,0,0,0
33314,2,0,0,0,0,0
33315,5,5,5,0,0,5
33319,2,0,0,0,0,0
33317,2,0,0,0,0,0
33318,5,5,5,0,0,5
33322,2,0,0,0,0,0
33320,2,0,0,0,0,0
33321,5,5,5,0,0,5
33325,2,0,0,0,0,0
33323,2,0,0,0,0,0
33324,5,5,5,0,0,5
33328,2,0,0,0,0,0
33326,2,0,0,0,0,0
33327,5,5,5,0,0,5
33331,2,0,0,0,0,0
33329,2,0,0,0,0,0
33330,5,5,5,0,0,5
33334,2,0,0,0,0,0
33332,2,0,0,0,0,0
33333,5,5,5,0,0,5
33337,2,0,0,0,0,0
33335,2,0,0,0,0,0
33336,5,5,5,0,0,5
33340,2,0,0,0,0,0
33338,2,0,0,0,0,0
33339,5,5,5,0,0,5
33343,2,0,0,0,0,0
33341,2,0,0,0,0,0
33342,5,5,5,0,0,5
33346,2,0,0,0,0,0
33344,2,0,0,0,0,0
33345,5,5,5,0,0,5
33349,2,0,0,0,0,0
33347,2,0,0,0,0,0
33348,5,5,5,0,0,5
33352,2,0,0,0,0,0
33350,2,0,0,0,0,0
33351,5,5,5,0,0,5
33355,2,0,0,0,0,0
33353,2,0,0,0,0,0
33354,5,5,5,0,0,5
33358,2,0,0,0,0,0
33356,2,0,0,0,0,0
33357,5,5,5,0,0,5
33361,2,0,0,0,0,0
33359,2,0,0,0,0,0
33360,5,5,5,0,0,5
33364,2,0,0,0,0,0
33362,2,0,0,0,0,0
33363,5,5,5,0,0,5
33367,2,0,0,0,0,0
33365,2,0,0,0,0,0
33366,5,5,5,0,0,5
33370,2,0,0,0,0,0
33368,2,0,0,0,0,0
33369,5,5,5,0,0,5
33373,2,0,0,0,0,0
33371,2,0,0,0,0,0
33372,5,5,5,0,0,5
33376,2,0,0,0,0,0
33374,2,0,0,0,0,0
33375,5,5,5,0,0,5
33379,2,0,0,0,0,0
33377,2,0,0,0,0,0
33378,5,5,5,0,0,5
33382,2,0,0,0,0,0
33380,2,0,0,0,0,0
33381,5,5,5,0,0,5
33385,2,0,0,0,0,0
33383,2,0,0,0,0,0
33384,5,5,5,0,0,5
33388,2,0,0,0,0,0
33386,2,0,0,0,0,0
33387,5,5,5,0,0,5
33391,2,0,0,0,0,0
33389,2,0,0,0,0,0
33390,5,5,5,0,0,5
33394,2,0,0,0,0,0
33392,2,0,0,0,0,0
33393,5,5,5,0,0,5
33397,2,0,0,0,0,0
33395,2,0,0,0,0,0
33396,5,5,5,0,0,5
33400,2,0,0,0,0,0
33398,2,0,0,0,0,0
33399,5,5,5,0,0,5
33403,2,0,0,0,0,0
33401,2,0,0,0,0,0
33402,5,5,5,0,0,5
33406,2,0,0,0,0,0
33404,2,0,0,0,0,0
33405,5,5,5,0,0,5
33409,2,0,0,0,0,0
33407,2,0,0,0,0,0
33408,5,5,5,0,0,5
33412,2,0,0,0,0,0
33410,2,0,0,0,0,0
33411,5,5,5,0,0,5
33415,2,0,0,0,0,0
33413,2,0,0,0,0,0
33414,5,5,5,0,0,5
33418,2,0,0,0,0,0
33416,2,0,0,0,0,0
33417,5,5,5,0,0,5
33421,2,0,0,0,0,0
33419,2,0,0,0,0,0
33420,5,5,5,0,0,5
33424,2,0,0,0,0,0
33422,2,0,0,0,0,0
33423,5,5,5,0,0,5
33427,2,0,0,0,0,0
33425,2,0,0,0,0,0
33426,5,5,5,0,0,5
33430,2,0,0,0,0,0
33428,2,0,0,0,0,0
33429,5,5,5,0,0,5
33433,2,0,0,0,0,0
33431,2,0,0,0,0,0
33432,5,5,5,0,0,5
33436,2,0,0,0,0,0
33434,2,0,0,0,0,0
33435,5,5,5,0,0,5
33439,2,0,0,0,0,0
33437,2,0,0,0,0,0
33438,5,5,5,0,0,5
33442,2,0,0,0,0,0
33440,2,0,0,0,0,0
33441,5,5,5,0,0,5
33445,2,0,0,0,0,0
33443,2,0,0,0,0,0
33444,5,5,5,0,0,5
33448,2,0,0,0,0,0
33446,2,0,0,0,0,0
33447,5,5,5,0,0,5
33451,2,0,0,0,0,0
33449,2,0,0,0,0,0
33450,5,5,5,0,0,5
33454,2,0,0,0,0,0
33452,2,0,0,0,0,0
33453,5,5,5,0,0,5
33457,2,0,0,0,0,0
33455,2,0,0,0,0,0
33456,5,5,5,0,0,5
33460,2,0,0,0,0,0
33458,2,0,0,0,0,0
33459,5,5,5,0,0,5
33463,2,0,0,0,0,0
33461,2,0,0,0,0,0
33462,5,5,5,0,0,5
33466,2,0,0,0,0,0
33464,2,0,0,0,0,0
33465,5,5,5,0,0,5
33469,2,0,0,0,0,0
33467,2,0,0,0,0,0
33468,5,5,5,0,0,5
33472,2,0,0,0,0,0
33470,2,0,0,0,0,0
33471,5,5,5,0,0,5
33475,2,0,0,0,0,0
33473,2,0,0,0,0,0
33474,5,5,5,0,0,5
33478,2,0,0,0,0,0
33476,2,0,0,0,0,0
33477,5,5,5,0,0,5
33481,2,0,0,0,0,0
33479,2,0,0,0,0,0
33480,5,5,5,0,0,5
33484,2,0,0,0,0,0
33482,2,0,0,0,0,0
33483,5,5,5,0,0,5
33487,2,0,0,0,0,0
33485,2,0,0,0,0,0
33486,5,5,5,0,0,5
33490,2,0,0,0,0,0
33488,2,0,0,0,0,0
33489,5,5,5,0,0,5
33493,2,0,0,0,0,0
33491,2,0,0,0,0,0
33492,5,5,5,0,0,5
33496,2,0,0,0,0,0
33494,2,0,0,0,0,0
33495,5,5,5,0,0,5
33499,2,0,0,0,0,0
33497,2,0,0,0,0,0
33498,5,5,5,0,0,5
33502,2,0,0,0,0,0
33500,2,0,0,0,0,0
33501,5,5,5,0,0,5
33505,2,0,0,0,0,0
33503,2,0,0,0,0,0
33504,5,5,5,0,0,5
33508,2,0,0,0,0,0
33506,2,0,0,0,0,0
33507,5,5,5,0,0,5
33511,2,0,0,0,0,0
33509,2,0,0,0,0,0
33510,5,5,5,0,0,5
33514,2,0,0,0,0,0
33512,2,0,0,0,0,0
33513,5,5,5,0,0,5
33517,2,0,0,0,0,0
33515,2,0,0,0,0,0
33516,5,5,5,0,0,5
33520,2,0,0,0,0,0
33518,2,0,0,0,0,0
33519,5,5,5,0,0,5
33523,2,0,0,0,0,0
33521,2,0,0,0,0,0
33522,5,5,5,0,0,5
33526,2,0,0,0,0,0
33524,2,0,0,0,0,0
33525,5,5,5,0,0,5
33529,2,0,0,0,0,0
33527,2,0,0,0,0,0
33528,5,5,5,0,0,5
33532,2,0,0,0,0,0
33530,2,0,0,0,0,0
33531,5,5,5,0,0,5
33535,2,0,0,0,0,0
33533,2,0,0,0,0,0
33534,5,5,5,0,0,5
33538,2,0,0,0,0,0
33536,2,0,0,0,0,0
33537,5,5,5,0,0,5
33541,2,0,0,0,0,0
33539,2,0,0,0,0,0
33540,5,5,5,0,0,5
33544,2,0,0,0,0,0
33542,2,0,0,0,0,0
33543,5,5,5,0,0,5
33547,2,0,0,0,0,0
33545,2,0,0,0,0,0
33546,5,5,5,0,0,5
33550,2,0,0,0,0,0
33548,2,0,0,0,0,0
33549,5,5,5,0,0,5
33553,2,0,0,0,0,0
33551,2,0,0,0,0,0
33552,5,5,5,0,0,5
33556,2,0,0,0,0,0
33554,2,0,0,0,0,0
33555,5,5,5,0,0,5
33559,2,0,0,0,0,0
33557,2,0,0,0,0,0
33558,5,5,5,0,0,5
33562,2,0,0,0,0,0
33560,2,0,0,0,0,0
33561,5,5,5,0,0,5
33565,2,0,0,0,0,0
33563,2,0,0,0,0,0
33564,5,5,5,0,0,5
33568,2,0,0,0,0,0
33566,2,0,0,0,0,0
33567,5,5,5,0,0,5
33571,2,0,0,0,0,0
33569,2,0,0,0,0,0
33570,5,5,5,0,0,5
33574,2,0,0,0,0,0
33572,2,0,0,0,0,0
33573,5,5,5,0,0,5
33577,2,0,0,0,0,0
33575,2,0,0,0,0,0
33576,5,5,5,0,0,5
33580,2,0,0,0,0,0
33578,2,0,0,0,0,0
33579,5,5,5,0,0,5
33583,2,0,0,0,0,0
33581,2,0,0,0,0,0
33582,5,5,5,0,0,5
33586,2,0,0,0,0,0
33584,2,0,0,0,0,0
33585,5,5,5,0,0,5
33589,2,0,0,0,0,0
33587,2,0,0,0,0,0
33588,5,5,5,0,0,5
33592,2,0,0,0,0,0
33590,2,0,0,0,0,0
33591,5,5,5,0,0,5
33595,2,0,0,0,0,0
33593,2,0,0,0,0,0
33594,5,5,5,0,0,5
33598,2,0,0,0,0,0
33596,2,0,0,0,0,0
33597,5,5,5,0,0,5
33601,2,0,0,0,0,0
33599,2,0,0,0,0,0
33600,5,5,5,0,0,5
33604,2,0,0,0,0,0
33602,2,0,0,0,0,0
33603,5,5,5,0,0,5
33607,2,0,0,0,0,0
33605,2,0,0,0,0,0
33606,5,5,5,0,0,5
33610,2,0,0,0,0,0
33608,2,0,0,0,0,0
33609,5,5,5,0,0,5
33613,2,0,0,0,0,0
33611,2,0,0,0,0,0
33612,5,5,5,0,0,5
33616,2,0,0,0,0,0
33614,2,0,0,0,0,0
33615,5,5,5,0,0,5
33619,2,0,0,0,0,0
33617,2,0,0,0,0,0
33618,5,5,5,0,0,5
33622,2,0,0,0,0,0
33620,2,0,0,0,0,0
33621,5,5,5,0,0,5
33625,2,0,0,0,0,0
33623,2,0,0,0,0,0
33624,5,5,5,0,0,5
33628,2,0,0,0,0,0
33626,2,0,0,0,0,0
33627,5,5,5,0,0,5
33631,2,0,0,0,0,0
33629,2,0,0,0,0,0
33630,5,5,5,0,0,5
33634,2,0,0,0,0,0
33632,2,0,0,0,0,0
33633,5,5,5,0,0,5
33637,2,0,0,0,0,0
33635,2,0,0,0,0,0
33636,5,5,5,0,0,5
33640,2,0,0,0,0,0
33638,2,0,0,0,0,0
33639,5,5,5,0,0,5
33643,2,0,0,0,0,0
33641,2,0,0,0,0,0
33642,5,5,5,0,0,5
33646,2,0,0,0,0,0
33644,2,0,0,0,0,0
33645,5,5,5,0,0,5
33649,2,0,0,0,0,0
33647,2,0,0,0,0,0
33648,5,5,5,0,0,5
33652,2,0,0,0,0,0
33650,2,0,0,0,0,0
33651,5,5,5,0,0,5
33655,2,0,0,0,0,0
33653,2,0,0,0,0,0
33654,5,5,5,0,0,5
33658,2,0,0,0,0,0
33656,2,0,0,0,0,0
33657,5,5,5,0,0,5
33661,2,0,0,0,0,0
33659,2,0,0,0,0,0
33660,5,5,5,0,0,5
33664,2,0,0,0,0,0
33662,2,0,0,0,0,0
33663,5,5,5,0,0,5
33667,2,0,0,0,0,0
33665,2,0,0,0,0,0
33666,5,5,5,0,0,5
33670,2,0,0,0,0,0
33668,2,0,0,0,0,0
33669,5,5,5,0,0,5
33673,2,0,0,0,0,0
33671,2,0,0,0,0,0
33672,5,5,5,0,0,5
33676,2,0,0,0,0,0
33674,2,0,0,0,0,0
33675,5,5,5,0,0,5
33679,2,0,0,0,0,0
33677,2,0,0,0,0,0
33678,5,5,5,0,0,5
33682,2,0,0,0,0,0
33680,2,0,0,0,0,0
33681,5,5,5,0,0,5
33685,2,0,0,0,0,0
33683,2,0,0,0,0,0
33684,5,5,5,0,0,5
33688,2,0,0,0,0,0
33686,2,0,0,0,0,0
33687,5,5,5,0,0,5
33691,2,0,0,0,0,0
33689,2,0,0,0,0,0
33690,5,5,5,0,0,5
33694,2,0,0,0,0,0
33692,2,0,0,0,0,0
33693,5,5,5,0,0,5
33697,2,0,0,0,0,0
33695,2,0,0,0,0,0
33696,5,5,5,0,0,5
33700,2,0,0,0,0,0
33698,2,0,0,0,0,0
33699,5,5,5,0,0,5
33703,2,0,0,0,0,0
33701,2,0,0,0,0,0
33702,5,5,5,0,0,5
33706,2,0,0,0,0,0
33704,2,0,0,0,0,0
33705,5,5,5,0,0,5
33709,2,0,0,0,0,0
33707,2,0,0,0,0,0
33708,5,5,5,0,0,5
33712,2,0,0,0,0,0
33710,2,0,0,0,0,0
33711,5,5,5,0,0,5
33715,2,0,0,0,0,0
33713,2,0,0,0,0,0
33714,5,5,5,0,0,5
33718,2,0,0,0,0,0
33716,2,0,0,0,0,0
33717,5,5,5,0,0,5
33721,2,0,0,0,0,0
33719,2,0,0,0,0,0
33720,5,5,5,0,0,5
33724,2,0,0,0,0,0
33722,2,0,0,0,0,0
33723,5,5,5,0,0,5
33727,2,0,0,0,0,0
33725,2,0,0,0,0,0
33726,5,5,5,0,0,5
33730,2,0,0,0,0,0
33728,2,0,0,0,0,0
33729,5,5,5,0,0,5
33733,2,0,0,0,0,0
33731,2,0,0,0,0,0
33732,5,5,5,0,0,5
33736,2,0,0,0,0,0
33734,2,0,0,0,0,0
33735,5,5,5,0,0,5
33739,2,0,0,0,0,0
33737,2,0,0,0,0,0
33738,5,5,5,0,0,5
33742,2,0,0,0,0,0
33740,2,0,0,0,0,0
33741,5,5,5,0,0,5
33745,2,0,0,0,0,0
33743,2,0,0,0,0,0
33744,5,5,5,0,0,5
33748,2,0,0,0,0,0
33746,2,0,0,0,0,0
33747,5,5,5,0,0,5
33751,2,0,0,0,0,0
33749,2,0,0,0,0,0
33750,5,5,5,0,0,5
33754,2,0,0,0,0,0
33752,2,0,0,0,0,0
33753,5,5,5,0,0,5
33757,2,0,0,0,0,0
33755,2,0,0,0,0,0
33756,5,5,5,0,0,5
33760,2,0,0,0,0,0
33758,2,0,0,0,0,0
33759,5,5,5,0,0,5
33763,2,0,0,0,0,0
33761,2,0,0,0,0,0
33762,5,5,5,0,0,5
33766,2,0,0,0,0,0
33764,2,0,0,0,0,0
33765,5,5,5,0,0,5
33769,2,0,0,0,0,0
33767,2,0,0,0,0,0
33768,5,5,5,0,0,5
33772,2,0,0,0,0,0
33770,2,0,0,0,0,0
33771,5,5,5,0,0,5
33775,2,0,0,0,0,0
33773,2,0,0,0,0,0
33774,5,5,5,0,0,5
33778,2,0,0,0,0,0
33776,2,0,0,0,0,0
33777,5,5,5,0,0,5
33781,2,0,0,0,0,0
33779,2,0,0,0,0,0
33780,5,5,5,0,0,5
33784,2,0,0,0,0,0
33782,2,0,0,0,0,0
33783,5,5,5,0,0,5
33787,2,0,0,0,0,0
33785,2,0,0,0,0,0
33786,5,5,5,0,0,5
33790,2,0,0,0,0,0
33788,2,0,0,0,0,0
33789,5,5,5,0,0,5
33793,2,0,0,0,0,0
33791,2,0,0,0,0,0
33792,5,5,5,0,0,5
33796,2,0,0,0,0,0
33794,2,0,0,0,0,0
33795,5,5,5,0,0,5
33799,2,0,0,0,0,0
33797,2,0,0,0,0,0
33798,5,5,5,0,0,5
33802,2,0,0,0,0,0
33800,2,0,0,0,0,0
33801,5,5,5,0,0,5
33805,2,0,0,0,0,0
33803,2,0,0,0,0,0
33804,5,5,5,0,0,5
33808,2,0,0,0,0,0
33806,2,0,0,0,0,0
33807,5,5,5,0,0,5
33811,2,0,0,0,0,0
33809,2,0,0,0,0,0
33810,5,5,5,0,0,5
33814,2,0,0,0,0,0
33812,2,0,0,0,0,0
33813,5,5,5,0,0,5
33817,2,0,0,0,0,0
33815,2,0,0,0,0,0
33816,5,5,5,0,0,5
33820,2,0,0,0,0,0
33818,2,0,0,0,0,0
33819,5,5,5,0,0,5
33823,2,0,0,0,0,0
33821,2,0,0,0,0,0
33822,5,5,5,0,0,5
33826,2,0,0,0,0,0
33824,2,0,0,0,0,0
33825,5,5,5,0,0,5
33829,2,0,0,0,0,0
33827,2,0,0,0,0,0
33828,5,5,5,0,0,5
33832,2,0,0,0,0,0
33830,2,0,0,0,0,0
33831,5,5,5,0,0,5
33835,2,0,0,0,0,0
33833,2,0,0,0,0,0
33834,5,5,5,0,0,5
33838,2,0,0,0,0,0
33836,2,0,0,0,0,0
33837,5,5,5,0,0,5
33841,2,0,0,0,0,0
33839,2,0,0,0,0,0
33840,5,5,5,0,0,5
33844,2,0,0,0,0,0
33842,2,0,0,0,0,0
33843,5,5,5,0,0,5
33847,2,0,0,0,0,0
33845,2,0,0,0,0,0
33846,5,5,5,0,0,5
33850,2,0,0,0,0,0
33848,2,0,0,0,0,0
33849,5,5,5,0,0,5
33853,2,0,0,0,0,0
33851,2,0,0,0,0,0
33852,5,5,5,0,0,5
33856,2,0,0,0,0,0
33854,2,0,0,0,0,0
33855,5,5,5,0,0,5
33859,2,0,0,0,0,0
33857,2,0,0,0,0,0
33858,5,5,5,0,0,5
33862,2,0,0,0,0,0
33860,2,0,0,0,0,0
33861,5,5,5,0,0,5
33865,2,0,0,0,0,0
33863,2,0,0,0,0,0
33864,5,5,5,0,0,5
33868,2,0,0,0,0,0
33866,2,0,0,0,0,0
33867,5,5,5,0,0,5
33871,2,0,0,0,0,0
33869,2,0,0,0,0,0
33870,5,5,5,0,0,5
33874,2,0,0,0,0,0
33872,2,0,0,0,0,0
33873,5,5,5,0,0,5
33877,2,0,0,0,0,0
33875,2,0,0,0,0,0
33876,5,5,5,0,0,5
33880,2,0,0,0,0,0
33878,2,0,0,0,0,0
33879,5,5,5,0,0,5
33883,2,0,0,0,0,0
33881,2,0,0,0,0,0
33882,5,5,5,0,0,5
33886,2,0,0,0,0,0
33884,2,0,0,0,0,0
33885,5,5,5,0,0,5
33889,2,0,0,0,0,0
33887,2,0,0,0,0,0
33888,5,5,5,0,0,5
33892,2,0,0,0,0,0
33890,2,0,0,0,0,0
33891,5,5,5,0,0,5
33895,2,0,0,0,0,0
33893,2,0,0,0,0,0
33894,5,5,5,0,0,5
33898,2,0,0,0,0,0
33896,2,0,0,0,0,0
33897,5,5,5,0,0,5
33901,2,0,0,0,0,0
33899,2,0,0,0,0,0
33900,5,5,5,0,0,5
33904,2,0,0,0,0,0
33902,2,0,0,0,0,0
33903,5,5,5,0,0,5
33907,2,0,0,0,0,0
33905,2,0,0,0,0,0
33906,5,5,5,0,0,5
33910,2,0,0,0,0,0
33908,2,0,0,0,0,0
33909,5,5,5,0,0,5
33913,2,0,0,0,0,0
33911,2,0,0,0,0,0
33912,5,5,5,0,0,5
33916,2,0,0,0,0,0
33914,2,0,0,0,0,0
33915,5,5,5,0,0,5
33919,2,0,0,0,0,0
33917,2,0,0,0,0,0
33918,5,5,5,0,0,5
33922,2,0,0,0,0,0
33920,2,0,0,0,0,0
33921,5,5,5,0,0,5
33925,2,0,0,0,0,0
33923,2,0,0,0,0,0
33924,5,5,5,0,0,5
33928,2,0,0,0,0,0
33926,2,0,0,0,0,0
33927,5,5,5,0,0,5
33931,2,0,0,0,0,0
33929,2,0,0,0,0,0
33930,5,5,5,0,0,5
33934,2,0,0,0,0,0
33932,2,0,0,0,0,0
33933,5,5,5,0,0,5
33937,2,0,0,0,0,0
33935,2,0,0,0,0,0
33936,5,5,5,0,0,5
33940,2,0,0,0,0,0
33938,2,0,0,0,0,0
33939,5,5,5,0,0,5
33943,2,0,0,0,0,0
33941,2,0,0,0,0,0
33942,5,5,5,0,0,5
33946,2,0,0,0,0,0
33944,2,0,0,0,0,0
33945,5,5,5,0,0,5
33949,2,0,0,0,0,0
33947,2,0,0,0,0,0
33948,5,5,5,0,0,5
33952,2,0,0,0,0,0
33950,2,0,0,0,0,0
33951,5,5,5,0,0,5
33955,2,0,0,0,0,0
33953,2,0,0,0,0,0
33954,5,5,5,0,0,5
33958,2,0,0,0,0,0
33956,2,0,0,0,0,0
33957,5,5,5,0,0,5
33961,2,0,0,0,0,0
33959,2,0,0,0,0,0
33960,5,5,5,0,0,5
33964,2,0,0,0,0,0
33962,2,0,0,0,0,0
33963,5,5,5,0,0,5
33967,2,0,0,0,0,0
33965,2,0,0,0,0,0
33966,5,5,5,0,0,5
33970,2,0,0,0,0,0
33968,2,0,0,0,0,0
33969,5,5,5,0,0,5
33973,2,0,0,0,0,0
33971,2,0,0,0,0,0
33972,5,5,5,0,0,5
33976,2,0,0,0,0,0
33974,2,0,0,0,0,0
33975,5,5,5,0,0,5
33979,2,0,0,0,0,0
33977,2,0,0,0,0,0
33978,5,5,5,0,0,5
33982,2,0,0,0,0,0
33980,2,0,0,0,0,0
33981,5,5,5,0,0,5
33985,2,0,0,0,0,0
33983,2,0,0,0,0,0
33984,5,5,5,0,0,5
33988,2,0,0,0,0,0
33986,2,0,0,0,0,0
33987,5,5,5,0,0,5
33991,2,0,0,0,0,0
33989,2,0,0,0,0,0
33990,5,5,5,0,0,5
33994,2,0,0,0,0,0
33992,2,0,0,0,0,0
33993,5,5,5,0,0,5
33997,2,0,0,0,0,0
33995,2,0,0,0,0,0
33996,5,5,5,0,0,5
34000,2,0,0,0,0,0
33998,2,0,0,0,0,0
33999,5,5,5,0,0,5
34003,2,0,0,0,0,0
34001,2,0,0,0,0,0
34002,5,5,5,0,0,5
34006,2,0,0,0,0,0
34004,2,0,0,0,0,0
34005,5,5,5,0,0,5
34009,2,0,0,0,0,0
34007,2,0,0,0,0,0
34008,5,5,5,0,0,5
34012,2,0,0,0,0,0
34010,2,0,0,0,0,0
34011,5,5,5,0,0,5
34015,2,0,0,0,0,0
34013,2,0,0,0,0,0
34014,5,5,5,0,0,5
34018,2,0,0,0,0,0
34016,2,0,0,0,0,0
34017,5,5,5,0,0,5
34021,2,0,0,0,0,0
34019,2,0,0,0,0,0
34020,5,5,5,0,0,5
34024,2,0,0,0,0,0
34022,2,0,0,0,0,0
34023,5,5,5,0,0,5
34027,2,0,0,0,0,0
34025,2,0,0,0,0,0
34026,5,5,5,0,0,5
34030,2,0,0,0,0,0
34028,2,0,0,0,0,0
34029,5,5,5,0,0,5
34033,2,0,0,0,0,0
34031,2,0,0,0,0,0
34032,5,5,5,0,0,5
34036,2,0,0,0,0,0
34034,2,0,0,0,0,0
34035,5,5,5,0,0,5
34039,2,0,0,0,0,0
34037,2,0,0,0,0,0
34038,5,5,5,0,0,5
34042,2,0,0,0,0,0
34040,2,0,0,0,0,0
34041,5,5,5,0,0,5
34045,2,0,0,0,0,0
34043,2,0,0,0,0,0
34044,5,5,5,0,0,5
34048,2,0,0,0,0,0
34046,2,0,0,0,0,0
34047,5,5,5,0,0,5
34051,2,0,0,0,0,0
34049,2,0,0,0,0,0
34050,5,5,5,0,0,5
34054,2,0,0,0,0,0
34052,2,0,0,0,0,0
34053,5,5,5,0,0,5
34057,2,0,0,0,0,0
34055,2,0,0,0,0,0
34056,5,5,5,0,0,5
34060,2,0,0,0,0,0
34058,2,0,0,0,0,0
34059,5,5,5,0,0,5
34063,2,0,0,0,0,0
34061,2,0,0,0,0,0
34062,5,5,5,0,0,5
34066,2,0,0,0,0,0
34064,2,0,0,0,0,0
34065,5,5,5,0,0,5
34069,2,0,0,0,0,0
34067,2,0,0,0,0,0
34068,5,5,5,0,0,5
34072,2,0,0,0,0,0
34070,2,0,0,0,0,0
34071,5,5,5,0,0,5
34075,2,0,0,0,0,0
34073,2,0,0,0,0,0
34074,5,5,5,0,0,5
34078,2,0,0,0,0,0
34076,2,0,0,0,0,0
34077,5,5,5,0,0,5
34081,2,0,0,0,0,0
34079,2,0,0,0,0,0
34080,5,5,5,0,0,5
34084,2,0,0,0,0,0
34082,2,0,0,0,0,0
34083,5,5,5,0,0,5
34087,2,0,0,0,0,0
34085,2,0,0,0,0,0
34086,5,5,5,0,0,5
34090,2,0,0,0,0,0
34088,2,0,0,0,0,0
34089,5,5,5,0,0,5
34093,2,0,0,0,0,0
34091,2,0,0,0,0,0
34092,5,5,5,0,0,5
34096,2,0,0,0,0,0
34094,2,0,0,0,0,0
34095,5,5,5,0,0,5
34099,2,0,0,0,0,0
34097,2,0,0,0,0,0
34098,5,5,5,0,0,5
34102,2,0,0,0,0,0
34100,2,0,0,0,0,0
34101,5,5,5,0,0,5
34105,2,0,0,0,0,0
34103,2,0,0,0,0,0
34104,5,5,5,0,0,5
34108,2,0,0,0,0,0
34106,2,0,0,0,0,0
34107,5,5,5,0,0,5
34111,2,0,0,0,0,0
34109,2,0,0,0,0,0
34110,5,5,5,0,0,5
34114,2,0,0,0,0,0
34112,2,0,0,0,0,0
34113,5,5,5,0,0,5
34117,2,0,0,0,0,0
34115,2,0,0,0,0,0
34116,5,5,5,0,0,5
34120,2,0,0,0,0,0
34118,2,0,0,0,0,0
34119,5,5,5,0,0,5
34123,2,0,0,0,0,0
34121,2,0,0,0,0,0
34122,5,5,5,0,0,5
34126,2,0,0,0,0,0
34124,2,0,0,0,0,0
34125,5,5,5,0,0,5
34129,2,0,0,0,0,0
34127,2,0,0,0,0,0
34128,5,5,5,0,0,5
34132,2,0,0,0,0,0
34130,2,0,0,0,0,0
34131,5,5,5,0,0,5
34135,2,0,0,0,0,0
34133,2,0,0,0,0,0
34134,5,5,5,0,0,5
34138,2,0,0,0,0,0
34136,2,0,0,0,0,0
34137,5,5,5,0,0,5
34141,2,0,0,0,0,0
34139,2,0,0,0,0,0
34140,5,5,5,0,0,5
34144,2,0,0,0,0,0
34142,2,0,0,0,0,0
34143,5,5,5,0,0,5
34147,2,0,0,0,0,0
34145,2,0,0,0,0,0
34146,5,5,5,0,0,5
34150,2,0,0,0,0,0
34148,2,0,0,0,0,0
34149,5,5,5,0,0,5
34153,2,0,0,0,0,0
34151,2,0,0,0,0,0
34152,5,5,5,0,0,5
34156,2,0,0,0,0,0
34154,2,0,0,0,0,0
34155,5,5,5,0,0,5
34159,2,0,0,0,0,0
34157,2,0,0,0,0,0
34158,5,5,5,0,0,5
34162,2,0,0,0,0,0
34160,2,0,0,0,0,0
34161,5,5,5,0,0,5
34165,2,0,0,0,0,0
34163,2,0,0,0,0,0
34164,5,5,5,0,0,5
34168,2,0,0,0,0,0
34166,2,0,0,0,0,0
34167,5,5,5,0,0,5
34171,2,0,0,0,0,0
34169,2,0,0,0,0,0
34170,5,5,5,0,0,5
34174,2,0,0,0,0,0
34172,2,0,0,0,0,0
34173,5,5,5,0,0,5
34177,2,0,0,0,0,0
34175,2,0,0,0,0,0
34176,5,5,5,0,0,5
34180,2,0,0,0,0,0
34178,2,0,0,0,0,0
34179,5,5,5,0,0,5
34183,2,0,0,0,0,0
34181,2,0,0,0,0,0
34182,5,5,5,0,0,5
34186,2,0,0,0,0,0
34184,2,0,0,0,0,0
34185,5,5,5,0,0,5
34189,2,0,0,0,0,0
34187,2,0,0,0,0,0
34188,5,5,5,0,0,5
34192,2,0,0,0,0,0
34190,2,0,0,0,0,0
34191,5,5,5,0,0,5
34195,2,0,0,0,0,0
34193,2,0,0,0,0,0
34194,5,5,5,0,0,5
34198,2,0,0,0,0,0
34196,2,0,0,0,0,0
34197,5,5,5,0,0,5
34201,2,0,0,0,0,0
34199,2,0,0,0,0,0
34200,5,5,5,0,0,5
34204,2,0,0,0,0,0
34202,2,0,0,0,0,0
34203,5,5,5,0,0,5
34207,2,0,0,0,0,0
34205,2,0,0,0,0,0
34206,5,5,5,0,0,5
34210,2,0,0,0,0,0
34208,2,0,0,0,0,0
34209,5,5,5,0,0,5
34213,2,0,0,0,0,0
34211,2,0,0,0,0,0
34212,5,5,5,0,0,5
34216,2,0,0,0,0,0
34214,2,0,0,0,0,0
34215,5,5,5,0,0,5
34219,2,0,0,0,0,0
34217,2,0,0,0,0,0
34218,5,5,5,0,0,5
34222,2,0,0,0,0,0
34220,2,0,0,0,0,0
34221,5,5,5,0,0,5
34225,2,0,0,0,0,0
34223,2,0,0,0,0,0
34224,5,5,5,0,0,5
34228,2,0,0,0,0,0
34226,2,0,0,0,0,0
34227,5,5,5,0,0,5
34231,2,0,0,0,0,0
34229,2,0,0,0,0,0
34230,5,5,5,0,0,5
34234,2,0,0,0,0,0
34232,2,0,0,0,0,0
34233,5,5,5,0,0,5
34237,2,0,0,0,0,0
34235,2,0,0,0,0,0
34236,5,5,5,0,0,5
34240,2,0,0,0,0,0
34238,2,0,0,0,0,0
34239,5,5,5,0,0,5
34243,2,0,0,0,0,0
34241,2,0,0,0,0,0
34242,5,5,5,0,0,5
34246,2,0,0,0,0,0
34244,2,0,0,0,0,0
34245,5,5,5,0,0,5
34249,2,0,0,0,0,0
34247,2,0,0,0,0,0
34248,5,5,5,0,0,5
34252,2,0,0,0,0,0
34250,2,0,0,0,0,0
34251,5,5,5,0,0,5
34255,2,0,0,0,0,0
34253,2,0,0,0,0,0
34254,5,5,5,0,0,5
34258,2,0,0,0,0,0
34256,2,0,0,0,0,0
34257,5,5,5,0,0,5
34261,2,0,0,0,0,0
34259,2,0,0,0,0,0
34260,5,5,5,0,0,5
34264,2,0,0,0,0,0
34262,2,0,0,0,0,0
34263,5,5,5,0,0,5
34267,2,0,0,0,0,0
34265,2,0,0,0,0,0
34266,5,5,5,0,0,5
34270,2,0,0,0,0,0
34268,2,0,0,0,0,0
34269,5,5,5,0,0,5
34273,2,0,0,0,0,0
34271,2,0,0,0,0,0
34272,5,5,5,0,0,5
34276,2,0,0,0,0,0
34274,2,0,0,0,0,0
34275,5,5,5,0,0,5
34279,2,0,0,0,0,0
34277,2,0,0,0,0,0
34278,5,5,5,0,0,5
34282,2,0,0,0,0,0
34280,2,0,0,0,0,0
34281,5,5,5,0,0,5
34285,2,0,0,0,0,0
34283,2,0,0,0,0,0
34284,5,5,5,0,0,5
34288,2,0,0,0,0,0
34286,2,0,0,0,0,0
34287,5,5,5,0,0,5
34291,2,0,0,0,0,0
34289,2,0,0,0,0,0
34290,5,5,5,0,0,5
34294,2,0,0,0,0,0
34292,2,0,0,0,0,0
34293,5,5,5,0,0,5
34297,2,0,0,0,0,0
34295,2,0,0,0,0,0
34296,5,5,5,0,0,5
34300,2,0,0,0,0,0
34298,2,0,0,0,0,0
34299,5,5,5,0,0,5
34303,2,0,0,0,0,0
34301,2,0,0,0,0,0
34302,5,5,5,0,0,5
34306,2,0,0,0,0,0
34304,2,0,0,0,0,0
34305,5,5,5,0,0,5
34309,2,0,0,0,0,0
34307,2,0,0,0,0,0
34308,5,5,5,0,0,5
34312,2,0,0,0,0,0
34310,2,0,0,0,0,0
34311,5,5,5,0,0,5
34315,2,0,0,0,0,0
34313,2,0,0,0,0,0
34314,5,5,5,0,0,5
34318,2,0,0,0,0,0
34316,2,0,0,0,0,0
34317,5,5,5,0,0,5
34321,2,0,0,0,0,0
34319,2,0,0,0,0,0
34320,5,5,5,0,0,5
34324,2,0,0,0,0,0
34322,2,0,0,0,0,0
34323,5,5,5,0,0,5
34327,2,0,0,0,0,0
34325,2,0,0,0,0,0
34326,5,5,5,0,0,5
34330,2,0,0,0,0,0
34328,2,0,0,0,0,0
34329,5,5,5,0,0,5
34333,2,0,0,0,0,0
34331,2,0,0,0,0,0
34332,5,5,5,0,0,5
34336,2,0,0,0,0,0
34334,2,0,0,0,0,0
34335,5,5,5,0,0,5
34339,2,0,0,0,0,0
34337,2,0,0,0,0,0
34338,5,5,5,0,0,5
34342,2,0,0,0,0,0
34340,2,0,0,0,0,0
34341,5,5,5,0,0,5
34345,2,0,0,0,0,0
34343,2,0,0,0,0,0
34344,5,5,5,0,0,5
34348,2,0,0,0,0,0
34346,2,0,0,0,0,0
34347,5,5,5,0,0,5
34351,2,0,0,0,0,0
34349,2,0,0,0,0,0
34350,5,5,5,0,0,5
34354,2,0,0,0,0,0
34352,2,0,0,0,0,0
34353,5,5,5,0,0,5
34357,2,0,0,0,0,0
34355,2,0,0,0,0,0
34356,5,5,5,0,0,5
34360,2,0,0,0,0,0
34358,2,0,0,0,0,0
34359,5,5,5,0,0,5
34363,2,0,0,0,0,0
34361,2,0,0,0,0,0
34362,5,5,5,0,0,5
34366,2,0,0,0,0,0
34364,2,0,0,0,0,0
34365,5,5,5,0,0,5
34369,2,0,0,0,0,0
34367,2,0,0,0,0,0
34368,5,5,5,0,0,5
34372,2,0,0,0,0,0
34370,2,0,0,0,0,0
34371,5,5,5,0,0,5
34375,2,0,0,0,0,0
34373,2,0,0,0,0,0
34374,5,5,5,0,0,5
34378,2,0,0,0,0,0
34376,2,0,0,0,0,0
34377,5,5,5,0,0,5
34381,2,0,0,0,0,0
34379,2,0,0,0,0,0
34380,5,5,5,0,0,5
34384,2,0,0,0,0,0
34382,2,0,0,0,0,0
34383,5,5,5,0,0,5
34387,2,0,0,0,0,0
34385,2,0,0,0,0,0
34386,5,5,5,0,0,5
34390,2,0,0,0,0,0
34388,2,0,0,0,0,0
34389,5,5,5,0,0,5
34393,2,0,0,0,0,0
34391,2,0,0,0,0,0
34392,5,5,5,0,0,5
34396,2,0,0,0,0,0
34394,2,0,0,0,0,0
34395,5,5,5,0,0,5
34399,2,0,0,0,0,0
34397,2,0,0,0,0,0
34398,5,5,5,0,0,5
34402,2,0,0,0,0,0
34400,2,0,0,0,0,0
34401,5,5,5,0,0,5
34405,2,0,0,0,0,0
34403,2,0,0,0,0,0
34404,5,5,5,0,0,5
34408,2,0,0,0,0,0
34406,2,0,0,0,0,0
34407,5,5,5,0,0,5
34411,2,0,0,0,0,0
34409,2,0,0,0,0,0
34410,5,5,5,0,0,5
34414,2,0,0,0,0,0
34412,2,0,0,0,0,0
34413,5,5,5,0,0,5
34417,2,0,0,0,0,0
34415,2,0,0,0,0,0
34416,5,5,5,0,0,5
34420,2,0,0,0,0,0
34418,2,0,0,0,0,0
34419,5,5,5,0,0,5
34423,2,0,0,0,0,0
34421,2,0,0,0,0,0
34422,5,5,5,0,0,5
34426,2,0,0,0,0,0
34424,2,0,0,0,0,0
34425,5,5,5,0,0,5
34429,2,0,0,0,0,0
34427,2,0,0,0,0,0
34428,5,5,5,0,0,5
34432,2,0,0,0,0,0
34430,2,0,0,0,0,0
34431,5,5,5,0,0,5
34435,2,0,0,0,0,0
34433,2,0,0,0,0,0
34434,5,5,5,0,0,5
34438,2,0,0,0,0,0
34436,2,0,0,0,0,0
34437,5,5,5,0,0,5
34441,2,0,0,0,0,0
34439,2,0,0,0,0,0
34440,5,5,5,0,0,5
34444,2,0,0,0,0,0
34442,2,0,0,0,0,0
34443,5,5,5,0,0,5
34447,2,0,0,0,0,0
34445,2,0,0,0,0,0
34446,5,5,5,0,0,5
34450,2,0,0,0,0,0
34448,2,0,0,0,0,0
34449,5,5,5,0,0,5
34453,2,0,0,0,0,0
34451,2,0,0,0,0,0
34452,5,5,5,0,0,5
34456,2,0,0,0,0,0
34454,2,0,0,0,0,0
34455,5,5,5,0,0,5
34459,2,0,0,0,0,0
34457,2,0,0,0,0,0
34458,5,5,5,0,0,5
34462,2,0,0,0,0,0
34460,2,0,0,0,0,0
34461,5,5,5,0,0,5
34465,2,0,0,0,0,0
34463,2,0,0,0,0,0
34464,5,5,5,0,0,5
34468,2,0,0,0,0,0
34466,2,0,0,0,0,0
34467,5,5,5,0,0,5
34471,2,0,0,0,0,0
34469,2,0,0,0,0,0
34470,5,5,5,0,0,5
34474,2,0,0,0,0,0
34472,2,0,0,0,0,0
34473,5,5,5,0,0,5
34477,2,0,0,0,0,0
34475,2,0,0,0,0,0
34476,5,5,5,0,0,5
34480,2,0,0,0,0,0
34478,2,0,0,0,0,0
34479,5,5,5,0,0,5
34483,2,0,0,0,0,0
34481,2,0,0,0,0,0
34482,5,5,5,0,0,5
34486,2,0,0,0,0,0
34484,2,0,0,0,0,0
34485,5,5,5,0,0,5
34489,2,0,0,0,0,0
34487,2,0,0,0,0,0
34488,5,5,5,0,0,5
34492,2,0,0,0,0,0
34490,2,0,0,0,0,0
34491,5,5,5,0,0,5
34495,2,0,0,0,0,0
34493,2,0,0,0,0,0
34494,5,5,5,0,0,5
34498,2,0,0,0,0,0
34496,2,0,0,0,0,0
34497,5,5,5,0,0,5
34501,2,0,0,0,0,0
34499,2,0,0,0,0,0
34500,5,5,5,0,0,5
34504,2,0,0,0,0,0
34502,2,0,0,0,0,0
34503,5,5,5,0,0,5
34507,2,0,0,0,0,0
34505,2,0,0,0,0,0
34506,5,5,5,0,0,5
34510,2,0,0,0,0,0
34508,2,0,0,0,0,0
34509,5,5,5,0,0,5
34513,2,0,0,0,0,0
34511,2,0,0,0,0,0
34512,5,5,5,0,0,5
34516,2,0,0,0,0,0
34514,2,0,0,0,0,0
34515,5,5,5,0,0,5
34519,2,0,0,0,0,0
34517,2,0,0,0,0,0
34518,5,5,5,0,0,5
34522,2,0,0,0,0,0
34520,2,0,0,0,0,0
34521,5,5,5,0,0,5
34525,2,0,0,0,0,0
34523,2,0,0,0,0,0
34524,5,5,5,0,0,5
34528,2,0,0,0,0,0
34526,2,0,0,0,0,0
34527,5,5,5,0,0,5
34531,2,0,0,0,0,0
34529,2,0,0,0,0,0
34530,5,5,5,0,0,5
34534,2,0,0,0,0,0
34532,2,0,0,0,0,0
34533,5,5,5,0,0,5
34537,2,0,0,0,0,0
34535,2,0,0,0,0,0
34536,5,5,5,0,0,5
34540,2,0,0,0,0,0
34538,2,0,0,0,0,0
34539,5,5,5,0,0,5
34543,2,0,0,0,0,0
34541,2,0,0,0,0,0
34542,5,5,5,0,0,5
34546,2,0,0,0,0,0
34544,2,0,0,0,0,0
34545,5,5,5,0,0,5
34549,2,0,0,0,0,0
34547,2,0,0,0,0,0
34548,5,5,5,0,0,5
34552,2,0,0,0,0,0
34550,2,0,0,0,0,0
34551,5,5,5,0,0,5
34555,2,0,0,0,0,0
34553,2,0,0,0,0,0
34554,5,5,5,0,0,5
34558,2,0,0,0,0,0
34556,2,0,0,0,0,0
34557,5,5,5,0,0,5
34561,2,0,0,0,0,0
34559,2,0,0,0,0,0
34560,5,5,5,0,0,5
34564,2,0,0,0,0,0
34562,2,0,0,0,0,0
34563,5,5,5,0,0,5
34567,2,0,0,0,0,0
34565,2,0,0,0,0,0
34566,5,5,5,0,0,5
34570,2,0,0,0,0,0
34568,2,0,0,0,0,0
34569,5,5,5,0,0,5
34573,2,0,0,0,0,0
34571,2,0,0,0,0,0
34572,5,5,5,0,0,5
34576,2,0,0,0,0,0
34574,2,0,0,0,0,0
34575,5,5,5,0,0,5
34579,2,0,0,0,0,0
34577,2,0,0,0,0,0
34578,5,5,5,0,0,5
34582,2,0,0,0,0,0
34580,2,0,0,0,0,0
34581,5,5,5,0,0,5
34585,2,0,0,0,0,0
34583,2,0,0,0,0,0
34584,5,5,5,0,0,5
34588,2,0,0,0,0,0
34586,2,0,0,0,0,0
34587,5,5,5,0,0,5
34591,2,0,0,0,0,0
34589,2,0,0,0,0,0
34590,5,5,5,0,0,5
34594,2,0,0,0,0,0
34592,2,0,0,0,0,0
34593,5,5,5,0,0,5
34597,2,0,0,0,0,0
34595,2,0,0,0,0,0
34596,5,5,5,0,0,5
34600,2,0,0,0,0,0
34598,2,0,0,0,0,0
34599,5,5,5,0,0,5
34603,2,0,0,0,0,0
34601,2,0,0,0,0,0
34602,5,5,5,0,0,5
34606,2,0,0,0,0,0
34604,2,0,0,0,0,0
34605,5,5,5,0,0,5
34609,2,0,0,0,0,0
34607,2,0,0,0,0,0
34608,5,5,5,0,0,5
34612,2,0,0,0,0,0
34610,2,0,0,0,0,0
34611,5,5,5,0,0,5
34615,2,0,0,0,0,0
34613,2,0,0,0,0,0
34614,5,5,5,0,0,5
34618,2,0,0,0,0,0
34616,2,0,0,0,0,0
34617,5,5,5,0,0,5
34621,2,0,0,0,0,0
34619,2,0,0,0,0,0
34620,5,5,5,0,0,5
34624,2,0,0,0,0,0
34622,2,0,0,0,0,0
34623,5,5,5,0,0,5
34627,2,0,0,0,0,0
34625,2,0,0,0,0,0
34626,5,5,5,0,0,5
34630,2,0,0,0,0,0
34628,2,0,0,0,0,0
34629,5,5,5,0,0,5
34633,2,0,0,0,0,0
34631,2,0,0,0,0,0
34632,5,5,5,0,0,5
34636,2,0,0,0,0,0
34634,2,0,0,0,0,0
34635,5,5,5,0,0,5
34639,2,0,0,0,0,0
34637,2,0,0,0,0,0
34638,5,5,5,0,0,5
34642,2,0,0,0,0,0
34640,2,0,0,0,0,0
34641,5,5,5,0,0,5
34645,2,0,0,0,0,0
34643,2,0,0,0,0,0
34644,5,5,5,0,0,5
34648,2,0,0,0,0,0
34646,2,0,0,0,0,0
34647,5,5,5,0,0,5
34651,2,0,0,0,0,0
34649,2,0,0,0,0,0
34650,5,5,5,0,0,5
34654,2,0,0,0,0,0
34652,2,0,0,0,0,0
34653,5,5,5,0,0,5
34657,2,0,0,0,0,0
34655,2,0,0,0,0,0
34656,5,5,5,0,0,5
34660,2,0,0,0,0,0
34658,2,0,0,0,0,0
34659,5,5,5,0,0,5
34663,2,0,0,0,0,0
34661,2,0,0,0,0,0
34662,5,5,5,0,0,5
34666,2,0,0,0,0,0
34664,2,0,0,0,0,0
34665,5,5,5,0,0,5
34669,2,0,0,0,0,0
34667,2,0,0,0,0,0
34668,5,5,5,0,0,5
34672,2,0,0,0,0,0
34670,2,0,0,0,0,0
34671,5,5,5,0,0,5
34675,2,0,0,0,0,0
34673,2,0,0,0,0,0
34674,5,5,5,0,0,5
34678,2,0,0,0,0,0
34676,2,0,0,0,0,0
34677,5,5,5,0,0,5
34681,2,0,0,0,0,0
34679,2,0,0,0,0,0
34680,5,5,5,0,0,5
34684,2,0,0,0,0,0
34682,2,0,0,0,0,0
34683,5,5,5,0,0,5
34687,2,0,0,0,0,0
34685,2,0,0,0,0,0
34686,5,5,5,0,0,5
34690,2,0,0,0,0,0
34688,2,0,0,0,0,0
34689,5,5,5,0,0,5
34693,2,0,0,0,0,0
34691,2,0,0,0,0,0
34692,5,5,5,0,0,5
34696,2,0,0,0,0,0
34694,2,0,0,0,0,0
34695,5,5,5,0,0,5
34699,2,0,0,0,0,0
34697,2,0,0,0,0,0
34698,5,5,5,0,0,5
34702,2,0,0,0,0,0
34700,2,0,0,0,0,0
34701,5,5,5,0,0,5
34705,2,0,0,0,0,0
34703,2,0,0,0,0,0
34704,5,5,5,0,0,5
34708,2,0,0,0,0,0
34706,2,0,0,0,0,0
34707,5,5,5,0,0,5
34711,2,0,0,0,0,0
34709,2,0,0,0,0,0
34710,5,5,5,0,0,5
34714,2,0,0,0,0,0
34712,2,0,0,0,0,0
34713,5,5,5,0,0,5
34717,2,0,0,0,0,0
34715,2,0,0,0,0,0
34716,5,5,5,0,0,5
34720,2,0,0,0,0,0
34718,2,0,0,0,0,0
34719,5,5,5,0,0,5
34723,2,0,0,0,0,0
34721,2,0,0,0,0,0
34722,5,5,5,0,0,5
34726,2,0,0,0,0,0
34724,2,0,0,0,0,0
34725,5,5,5,0,0,5
34729,2,0,0,0,0,0
34727,2,0,0,0,0,0
34728,5,5,5,0,0,5
34732,2,0,0,0,0,0
34730,2,0,0,0,0,0
34731,5,5,5,0,0,5
34735,2,0,0,0,0,0
34733,2,0,0,0,0,0
34734,5,5,5,0,0,5
34738,2,0,0,0,0,0
34736,2,0,0,0,0,0
34737,5,5,5,0,0,5
34741,2,0,0,0,0,0
34739,2,0,0,0,0,0
34740,5,5,5,0,0,5
34744,2,0,0,0,0,0
34742,2,0,0,0,0,0
34743,5,5,5,0,0,5
34747,2,0,0,0,0,0
34745,2,0,0,0,0,0
34746,5,5,5,0,0,5
34750,2,0,0,0,0,0
34748,2,0,0,0,0,0
34749,5,5,5,0,0,5
34753,2,0,0,0,0,0
34751,2,0,0,0,0,0
34752,5,5,5,0,0,5
34756,2,0,0,0,0,0
34754,2,0,0,0,0,0
34755,5,5,5,0,0,5
34759,2,0,0,0,0,0
34757,2,0,0,0,0,0
34758,5,5,5,0,0,5
34762,2,0,0,0,0,0
34760,2,0,0,0,0,0
34761,5,5,5,0,0,5
34765,2,0,0,0,0,0
34763,2,0,0,0,0,0
34764,5,5,5,0,0,5
34768,2,0,0,0,0,0
34766,2,0,0,0,0,0
34767,5,5,5,0,0,5
34771,2,0,0,0,0,0
34769,2,0,0,0,0,0
34770,5,5,5,0,0,5
34774,2,0,0,0,0,0
34772,2,0,0,0,0,0
34773,5,5,5,0,0,5
34777,2,0,0,0,0,0
34775,2,0,0,0,0,0
34776,5,5,5,0,0,5
34780,2,0,0,0,0,0
34778,2,0,0,0,0,0
34779,5,5,5,0,0,5
34783,2,0,0,0,0,0
34781,2,0,0,0,0,0
34782,5,5,5,0,0,5
34786,2,0,0,0,0,0
34784,2,0,0,0,0,0
34785,5,5,5,0,0,5
34789,2,0,0,0,0,0
34787,2,0,0,0,0,0
34788,5,5,5,0,0,5
34792,2,0,0,0,0,0
34790,2,0,0,0,0,0
34791,5,5,5,0,0,5
34795,2,0,0,0,0,0
34793,2,0,0,0,0,0
34794,5,5,5,0,0,5
34798,2,0,0,0,0,0
34796,2,0,0,0,0,0
34797,5,5,5,0,0,5
34801,2,0,0,0,0,0
34799,2,0,0,0,0,0
34800,5,5,5,0,0,5
34804,2,0,0,0,0,0
34802,2,0,0,0,0,0
34803,5,5,5,0,0,5
34807,2,0,0,0,0,0
34805,2,0,0,0,0,0
34806,5,5,5,0,0,5
34810,2,0,0,0,0,0
34808,2,0,0,0,0,0
34809,5,5,5,0,0,5
34813,2,0,0,0,0,0
34811,2,0,0,0,0,0
34812,5,5,5,0,0,5
34816,2,0,0,0,0,0
34814,2,0,0,0,0,0
34815,5,5,5,0,0,5
34819,2,0,0,0,0,0
34817,2,0,0,0,0,0
34818,5,5,5,0,0,5
34822,2,0,0,0,0,0
34820,2,0,0,0,0,0
34821,5,5,5,0,0,5
34825,2,0,0,0,0,0
34823,2,0,0,0,0,0
34824,5,5,5,0,0,5
34828,2,0,0,0,0,0
34826,2,0,0,0,0,0
34827,5,5,5,0,0,5
34831,2,0,0,0,0,0
34829,2,0,0,0,0,0
34830,5,5,5,0,0,5
34834,2,0,0,0,0,0
34832,2,0,0,0,0,0
34833,5,5,5,0,0,5
34837,2,0,0,0,0,0
34835,2,0,0,0,0,0
34836,5,5,5,0,0,5
34840,2,0,0,0,0,0
34838,2,0,0,0,0,0
34839,5,5,5,0,0,5
34843,2,0,0,0,0,0
34841,2,0,0,0,0,0
34842,5,5,5,0,0,5
34846,2,0,0,0,0,0
34844,2,0,0,0,0,0
34845,5,5,5,0,0,5
34849,2,0,0,0,0,0
34847,2,0,0,0,0,0
34848,5,5,5,0,0,5
34852,2,0,0,0,0,0
34850,2,0,0,0,0,0
34851,5,5,5,0,0,5
34855,2,0,0,0,0,0
34853,2,0,0,0,0,0
34854,5,5,5,0,0,5
34858,2,0,0,0,0,0
34856,2,0,0,0,0,0
34857,5,5,5,0,0,5
34861,2,0,0,0,0,0
34859,2,0,0,0,0,0
34860,5,5,5,0,0,5
34864,2,0,0,0,0,0
34862,2,0,0,0,0,0
34863,5,5,5,0,0,5
34867,2,0,0,0,0,0
34865,2,0,0,0,0,0
34866,5,5,5,0,0,5
34870,2,0,0,0,0,0
34868,2,0,0,0,0,0
34869,5,5,5,0,0,5
34873,2,0,0,0,0,0
34871,2,0,0,0,0,0
34872,5,5,5,0,0,5
34876,2,0,0,0,0,0
34874,2,0,0,0,0,0
34875,5,5,5,0,0,5
34879,2,0,0,0,0,0
34877,2,0,0,0,0,0
34878,5,5,5,0,0,5
34882,2,0,0,0,0,0
34880,2,0,0,0,0,0
34881,5,5,5,0,0,5
34885,2,0,0,0,0,0
34883,2,0,0,0,0,0
34884,5,5,5,0,0,5
34888,2,0,0,0,0,0
34886,2,0,0,0,0,0
34887,5,5,5,0,0,5
34891,2,0,0,0,0,0
34889,2,0,0,0,0,0
34890,5,5,5,0,0,5
34894,2,0,0,0,0,0
34892,2,0,0,0,0,0
34893,5,5,5,0,0,5
34897,2,0,0,0,0,0
34895,2,0,0,0,0,0
34896,5,5,5,0,0,5
34900,2,0,0,0,0,0
34898,2,0,0,0,0,0
34899,5,5,5,0,0,5
34903,2,0,0,0,0,0
34901,2,0,0,0,0,0
34902,5,5,5,0,0,5
34906,2,0,0,0,0,0
34904,2,0,0,0,0,0
34905,5,5,5,0,0,5
34909,2,0,0,0,0,0
34907,2,0,0,0,0,0
34908,5,5,5,0,0,5
34912,2,0,0,0,0,0
34910,2,0,0,0,0,0
34911,5,5,5,0,0,5
34915,2,0,0,0,0,0
34913,2,0,0,0,0,0
34914,5,5,5,0,0,5
34918,2,0,0,0,0,0
34916,2,0,0,0,0,0
34917,5,5,5,0,0,5
34921,2,0,0,0,0,0
34919,2,0,0,0,0,0
34920,5,5,5,0,0,5
34924,2,0,0,0,0,0
34922,2,0,0,0,0,0
34923,5,5,5,0,0,5
34927,2,0,0,0,0,0
34925,2,0,0,0,0,0
34926,5,5,5,0,0,5
34930,2,0,0,0,0,0
34928,2,0,0,0,0,0
34929,5,5,5,0,0,5
34933,2,0,0,0,0,0
34931,2,0,0,0,0,0
34932,5,5,5,0,0,5
34936,2,0,0,0,0,0
34934,2,0,0,0,0,0
34935,5,5,5,0,0,5
34939,2,0,0,0,0,0
34937,2,0,0,0,0,0
34938,5,5,5,0,0,5
34942,2,0,0,0,0,0
34940,2,0,0,0,0,0
34941,5,5,5,0,0,5
34945,2,0,0,0,0,0
34943,2,0,0,0,0,0
34944,5,5,5,0,0,5
34948,2,0,0,0,0,0
34946,2,0,0,0,0,0
34947,5,5,5,0,0,5
34951,2,0,0,0,0,0
34949,2,0,0,0,0,0
34950,5,5,5,0,0,5
34954,2,0,0,0,0,0
34952,2,0,0,0,0,0
34953,5,5,5,0,0,5
34957,2,0,0,0,0,0
34955,2,0,0,0,0,0
34956,5,5,5,0,0,5
34960,2,0,0,0,0,0
34958,2,0,0,0,0,0
34959,5,5,5,0,0,5
34963,2,0,0,0,0,0
34961,2,0,0,0,0,0
34962,5,5,5,0,0,5
34966,2,0,0,0,0,0
34964,2,0,0,0,0,0
34965,5,5,5,0,0,5
34969,2,0,0,0,0,0
34967,2,0,0,0,0,0
34968,5,5,5,0,0,5
34972,2,0,0,0,0,0
34970,2,0,0,0,0,0
34971,5,5,5,0,0,5
34975,2,0,0,0,0,0
34973,2,0,0,0,0,0
34974,5,5,5,0,0,5
34978,2,0,0,0,0,0
34976,2,0,0,0,0,0
34977,5,5,5,0,0,5
34981,2,0,0,0,0,0
34979,2,0,0,0,0,0
34980,5,5,5,0,0,5
34984,2,0,0,0,0,0
34982,2,0,0,0,0,0
34983,5,5,5,0,0,5
34987,2,0,0,0,0,0
34985,2,0,0,0,0,0
34986,5,5,5,0,0,5
34990,2,0,0,0,0,0
34988,2,0,0,0,0,0
34989,5,5,5,0,0,5
34993,2,0,0,0,0,0
34991,2,0,0,0,0,0
34992,5,5,5,0,0,5
34996,2,0,0,0,0,0
34994,2,0,0,0,0,0
34995,5,5,5,0,0,5
34999,2,0,0,0,0,0
34997,2,0,0,0,0,0
34998,5,5,5,0,0,5
35002,2,0,0,0,0,0
35000,2,0,0,0,0,0
35001,5,5,5,0,0,5
35005,2,0,0,0,0,0
35003,2,0,0,0,0,0
35004,5,5,5,0,0,5
35008,2,0,0,0,0,0
35006,2,0,0,0,0,0
35007,5,5,5,0,0,5
35011,2,0,0,0,0,0
35009,2,0,0,0,0,0
35010,5,5,5,0,0,5
35014,2,0,0,0,0,0
35012,2,0,0,0,0,0
35013,5,5,5,0,0,5
35017,2,0,0,0,0,0
35015,2,0,0,0,0,0
35016,5,5,5,0,0,5
35020,2,0,0,0,0,0
35018,2,0,0,0,0,0
35019,5,5,5,0,0,5
35023,2,0,0,0,0,0
35021,2,0,0,0,0,0
35022,5,5,5,0,0,5
35026,2,0,0,0,0,0
35024,2,0,0,0,0,0
35025,5,5,5,0,0,5
35029,2,0,0,0,0,0
35027,2,0,0,0,0,0
35028,5,5,5,0,0,5
35032,2,0,0,0,0,0
35030,2,0,0,0,0,0
35031,5,5,5,0,0,5
35035,2,0,0,0,0,0
35033,2,0,0,0,0,0
35034,5,5,5,0,0,5
35038,2,0,0,0,0,0
35036,2,0,0,0,0,0
35037,5,5,5,0,0,5
35041,2,0,0,0,0,0
35039,2,0,0,0,0,0
35040,5,5,5,0,0,5
35044,2,0,0,0,0,0
35042,2,0,0,0,0,0
35043,5,5,5,0,0,5
35047,2,0,0,0,0,0
35045,2,0,0,0,0,0
35046,5,5,5,0,0,5
35050,2,0,0,0,0,0
35048,2,0,0,0,0,0
35049,5,5,5,0,0,5
35053,2,0,0,0,0,0
35051,2,0,0,0,0,0
35052,5,5,5,0,0,5
35056,2,0,0,0,0,0
35054,2,0,0,0,0,0
35055,5,5,5,0,0,5
35059,2,0,0,0,0,0
35057,2,0,0,0,0,0
35058,5,5,5,0,0,5
35062,2,0,0,0,0,0
35060,2,0,0,0,0,0
35061,5,5,5,0,0,5
35065,2,0,0,0,0,0
35063,2,0,0,0,0,0
35064,5,5,5,0,0,5
35068,2,0,0,0,0,0
35066,2,0,0,0,0,0
35067,5,5,5,0,0,5
35071,2,0,0,0,0,0
35069,2,0,0,0,0,0
35070,5,5,5,0,0,5
35074,2,0,0,0,0,0
35072,2,0,0,0,0,0
35073,5,5,5,0,0,5
35077,2,0,0,0,0,0
35075,2,0,0,0,0,0
35076,5,5,5,0,0,5
35080,2,0,0,0,0,0
35078,2,0,0,0,0,0
35079,5,5,5,0,0,5
35083,2,0,0,0,0,0
35081,2,0,0,0,0,0
35082,5,5,5,0,0,5
35086,2,0,0,0,0,0
35084,2,0,0,0,0,0
35085,5,5,5,0,0,5
35089,2,0,0,0,0,0
35087,2,0,0,0,0,0
35088,5,5,5,0,0,5
35092,2,0,0,0,0,0
35090,2,0,0,0,0,0
35091,5,5,5,0,0,5
35095,2,0,0,0,0,0
35093,2,0,0,0,0,0
35094,5,5,5,0,0,5
35098,2,0,0,0,0,0
35096,2,0,0,0,0,0
35097,5,5,5,0,0,5
35101,2,0,0,0,0,0
35099,2,0,0,0,0,0
35100,5,5,5,0,0,5
35104,2,0,0,0,0,0
35102,2,0,0,0,0,0
35103,5,5,5,0,0,5
35107,2,0,0,0,0,0
35105,2,0,0,0,0,0
35106,5,5,5,0,0,5
35110,2,0,0,0,0,0
35108,2,0,0,0,0,0
35109,5,5,5,0,0,5
35113,2,0,0,0,0,0
35111,2,0,0,0,0,0
35112,5,5,5,0,0,5
35116,2,0,0,0,0,0
35114,2,0,0,0,0,0
35115,5,5,5,0,0,5
35119,2,0,0,0,0,0
35117,2,0,0,0,0,0
35118,5,5,5,0,0,5
35122,2,0,0,0,0,0
35120,2,0,0,0,0,0
35121,5,5,5,0,0,5
35125,2,0,0,0,0,0
35123,2,0,0,0,0,0
35124,5,5,5,0,0,5
35128,2,0,0,0,0,0
35126,2,0,0,0,0,0
35127,5,5,5,0,0,5
35131,2,0,0,0,0,0
35129,2,0,0,0,0,0
35130,5,5,5,0,0,5
35134,2,0,0,0,0,0
35132,2,0,0,0,0,0
35133,5,5,5,0,0,5
35137,2,0,0,0,0,0
35135,2,0,0,0,0,0
35136,5,5,5,0,0,5
35140,2,0,0,0,0,0
35138,2,0,0,0,0,0
35139,5,5,5,0,0,5
35143,2,0,0,0,0,0
35141,2,0,0,0,0,0
35142,5,5,5,0,0,5
35146,2,0,0,0,0,0
35144,2,0,0,0,0,0
35145,5,5,5,0,0,5
35149,2,0,0,0,0,0
35147,2,0,0,0,0,0
35148,5,5,5,0,0,5
35152,2,0,0,0,0,0
35150,2,0,0,0,0,0
35151,5,5,5,0,0,5
35155,2,0,0,0,0,0
35153,2,0,0,0,0,0
35154,5,5,5,0,0,5
35158,2,0,0,0,0,0
35156,2,0,0,0,0,0
35157,5,5,5,0,0,5
35161,2,0,0,0,0,0
35159,2,0,0,0,0,0
35160,5,5,5,0,0,5
35164,2,0,0,0,0,0
35162,2,0,0,0,0,0
35163,5,5,5,0,0,5
35167,2,0,0,0,0,0
35165,2,0,0,0,0,0
35166,5,5,5,0,0,5
35170,2,0,0,0,0,0
35168,2,0,0,0,0,0
35169,5,5,5,0,0,5
35173,2,0,0,0,0,0
35171,2,0,0,0,0,0
35172,5,5,5,0,0,5
35176,2,0,0,0,0,0
35174,2,0,0,0,0,0
35175,5,5,5,0,0,5
35179,2,0,0,0,0,0
35177,2,0,0,0,0,0
35178,5,5,5,0,0,5
35182,2,0,0,0,0,0
35180,2,0,0,0,0,0
35181,5,5,5,0,0,5
35185,2,0,0,0,0,0
35183,2,0,0,0,0,0
35184,5,5,5,0,0,5
35188,2,0,0,0,0,0
35186,2,0,0,0,0,0
35187,5,5,5,0,0,5
35191,2,0,0,0,0,0
35189,2,0,0,0,0,0
35190,5,5,5,0,0,5
35194,2,0,0,0,0,0
35192,2,0,0,0,0,0
35193,5,5,5,0,0,5
35197,2,0,0,0,0,0
35195,2,0,0,0,0,0
35196,5,5,5,0,0,5
35200,2,0,0,0,0,0
35198,2,0,0,0,0,0
35199,5,5,5,0,0,5
35203,2,0,0,0,0,0
35201,2,0,0,0,0,0
35202,5,5,5,0,0,5
35206,2,0,0,0,0,0
35204,2,0,0,0,0,0
35205,5,5,5,0,0,5
35209,2,0,0,0,0,0
35207,2,0,0,0,0,0
35208,5,5,5,0,0,5
35212,2,0,0,0,0,0
35210,2,0,0,0,0,0
35211,5,5,5,0,0,5
35215,2,0,0,0,0,0
35213,2,0,0,0,0,0
35214,5,5,5,0,0,5
35218,2,0,0,0,0,0
35216,2,0,0,0,0,0
35217,5,5,5,0,0,5
35221,2,0,0,0,0,0
35219,2,0,0,0,0,0
35220,5,5,5,0,0,5
35224,2,0,0,0,0,0
35222,2,0,0,0,0,0
35223,5,5,5,0,0,5
35227,2,0,0,0,0,0
35225,2,0,0,0,0,0
35226,5,5,5,0,0,5
35230,2,0,0,0,0,0
35228,2,0,0,0,0,0
35229,5,5,5,0,0,5
35233,2,0,0,0,0,0
35231,2,0,0,0,0,0
35232,5,5,5,0,0,5
35236,2,0,0,0,0,0
35234,2,0,0,0,0,0
35235,5,5,5,0,0,5
35239,2,0,0,0,0,0
35237,2,0,0,0,0,0
35238,5,5,5,0,0,5
35242,2,0,0,0,0,0
35240,2,0,0,0,0,0
35241,5,5,5,0,0,5
35245,2,0,0,0,0,0
35243,2,0,0,0,0,0
35244,5,5,5,0,0,5
35248,2,0,0,0,0,0
35246,2,0,0,0,0,0
35247,5,5,5,0,0,5
35251,2,0,0,0,0,0
35249,2,0,0,0,0,0
35250,5,5,5,0,0,5
35254,2,0,0,0,0,0
35252,2,0,0,0,0,0
35253,5,5,5,0,0,5
35257,2,0,0,0,0,0
35255,2,0,0,0,0,0
35256,5,5,5,0,0,5
35260,2,0,0,0,0,0
35258,2,0,0,0,0,0
35259,5,5,5,0,0,5
35263,2,0,0,0,0,0
35261,2,0,0,0,0,0
35262,5,5,5,0,0,5
35266,2,0,0,0,0,0
35264,2,0,0,0,0,0
35265,5,5,5,0,0,5
35269,2,0,0,0,0,0
35267,2,0,0,0,0,0
35268,5,5,5,0,0,5
35272,2,0,0,0,0,0
35270,2,0,0,0,0,0
35271,5,5,5,0,0,5
35275,2,0,0,0,0,0
35273,2,0,0,0,0,0
35274,5,5,5,0,0,5
35278,2,0,0,0,0,0
35276,2,0,0,0,0,0
35277,5,5,5,0,0,5
35281,2,0,0,0,0,0
35279,2,0,0,0,0,0
35280,5,5,5,0,0,5
35284,2,0,0,0,0,0
35282,2,0,0,0,0,0
35283,5,5,5,0,0,5
35287,2,0,0,0,0,0
35285,2,0,0,0,0,0
35286,5,5,5,0,0,5
35290,2,0,0,0,0,0
35288,2,0,0,0,0,0
35289,5,5,5,0,0,5
35293,2,0,0,0,0,0
35291,2,0,0,0,0,0
35292,5,5,5,0,0,5
35296,2,0,0,0,0,0
35294,2,0,0,0,0,0
35295,5,5,5,0,0,5
35299,2,0,0,0,0,0
35297,2,0,0,0,0,0
35298,5,5,5,0,0,5
35302,2,0,0,0,0,0
35300,2,0,0,0,0,0
35301,5,5,5,0,0,5
35305,2,0,0,0,0,0
35303,2,0,0,0,0,0
35304,5,5,5,0,0,5
35308,2,0,0,0,0,0
35306,2,0,0,0,0,0
35307,5,5,5,0,0,5
35311,2,0,0,0,0,0
35309,2,0,0,0,0,0
35310,5,5,5,0,0,5
35314,2,0,0,0,0,0
35312,2,0,0,0,0,0
35313,5,5,5,0,0,5
35317,2,0,0,0,0,0
35315,2,0,0,0,0,0
35316,5,5,5,0,0,5
35320,2,0,0,0,0,0
35318,2,0,0,0,0,0
35319,5,5,5,0,0,5
35323,2,0,0,0,0,0
35321,2,0,0,0,0,0
35322,5,5,5,0,0,5
35326,2,0,0,0,0,0
35324,2,0,0,0,0,0
35325,5,5,5,0,0,5
35329,2,0,0,0,0,0
35327,2,0,0,0,0,0
35328,5,5,5,0,0,5
35332,2,0,0,0,0,0
35330,2,0,0,0,0,0
35331,5,5,5,0,0,5
35335,2,0,0,0,0,0
35333,2,0,0,0,0,0
35334,5,5,5,0,0,5
35338,2,0,0,0,0,0
35336,2,0,0,0,0,0
35337,5,5,5,0,0,5
35341,2,0,0,0,0,0
35339,2,0,0,0,0,0
35340,5,5,5,0,0,5
35344,2,0,0,0,0,0
35342,2,0,0,0,0,0
35343,5,5,5,0,0,5
35347,2,0,0,0,0,0
35345,2,0,0,0,0,0
35346,5,5,5,0,0,5
35350,2,0,0,0,0,0
35348,2,0,0,0,0,0
35349,5,5,5,0,0,5
35353,2,0,0,0,0,0
35351,2,0,0,0,0,0
35352,5,5,5,0,0,5
35356,2,0,0,0,0,0
35354,2,0,0,0,0,0
35355,5,5,5,0,0,5
35359,2,0,0,0,0,0
35357,2,0,0,0,0,0
35358,5,5,5,0,0,5
35362,2,0,0,0,0,0
35360,2,0,0,0,0,0
35361,5,5,5,0,0,5
35365,2,0,0,0,0,0
35363,2,0,0,0,0,0
35364,5,5,5,0,0,5
35368,2,0,0,0,0,0
35366,2,0,0,0,0,0
35367,5,5,5,0,0,5
35371,2,0,0,0,0,0
35369,2,0,0,0,0,0
35370,5,5,5,0,0,5
35374,2,0,0,0,0,0
35372,2,0,0,0,0,0
35373,5,5,5,0,0,5
35377,2,0,0,0,0,0
35375,2,0,0,0,0,0
35376,5,5,5,0,0,5
35380,2,0,0,0,0,0
35378,2,0,0,0,0,0
35379,5,5,5,0,0,5
35383,2,0,0,0,0,0
35381,2,0,0,0,0,0
35382,5,5,5,0,0,5
35386,2,0,0,0,0,0
35384,2,0,0,0,0,0
35385,5,5,5,0,0,5
35389,2,0,0,0,0,0
35387,2,0,0,0,0,0
35388,5,5,5,0,0,5
35392,2,0,0,0,0,0
35390,2,0,0,0,0,0
35391,5,5,5,0,0,5
35395,2,0,0,0,0,0
35393,2,0,0,0,0,0
35394,5,5,5,0,0,5
35398,2,0,0,0,0,0
35396,2,0,0,0,0,0
35397,5,5,5,0,0,5
35401,2,0,0,0,0,0
35399,2,0,0,0,0,0
35400,5,5,5,0,0,5
35404,2,0,0,0,0,0
35402,2,0,0,0,0,0
35403,5,5,5,0,0,5
35407,2,0,0,0,0,0
35405,2,0,0,0,0,0
35406,5,5,5,0,0,5
35410,2,0,0,0,0,0
35408,2,0,0,0,0,0
35409,5,5,5,0,0,5
35413,2,0,0,0,0,0
35411,2,0,0,0,0,0
35412,5,5,5,0,0,5
35416,2,0,0,0,0,0
35414,2,0,0,0,0,0
35415,5,5,5,0,0,5
35419,2,0,0,0,0,0
35417,2,0,0,0,0,0
35418,5,5,5,0,0,5
35422,2,0,0,0,0,0
35420,2,0,0,0,0,0
35421,5,5,5,0,0,5
35425,2,0,0,0,0,0
35423,2,0,0,0,0,0
35424,5,5,5,0,0,5
35428,2,0,0,0,0,0
35426,2,0,0,0,0,0
35427,5,5,5,0,0,5
35431,2,0,0,0,0,0
35429,2,0,0,0,0,0
35430,5,5,5,0,0,5
35434,2,0,0,0,0,0
35432,2,0,0,0,0,0
35433,5,5,5,0,0,5
35437,2,0,0,0,0,0
35435,2,0,0,0,0,0
35436,5,5,5,0,0,5
35440,2,0,0,0,0,0
35438,2,0,0,0,0,0
35439,5,5,5,0,0,5
35443,2,0,0,0,0,0
35441,2,0,0,0,0,0
35442,5,5,5,0,0,5
35446,2,0,0,0,0,0
35444,2,0,0,0,0,0
35445,5,5,5,0,0,5
35449,2,0,0,0,0,0
35447,2,0,0,0,0,0
35448,5,5,5,0,0,5
35452,2,0,0,0,0,0
35450,2,0,0,0,0,0
35451,5,5,5,0,0,5
35455,2,0,0,0,0,0
35453,2,0,0,0,0,0
35454,5,5,5,0,0,5
35458,2,0,0,0,0,0
35456,2,0,0,0,0,0
35457,5,5,5,0,0,5
35461,2,0,0,0,0,0
35459,2,0,0,0,0,0
35460,5,5,5,0,0,5
35464,2,0,0,0,0,0
35462,2,0,0,0,0,0
35463,5,5,5,0,0,5
35467,2,0,0,0,0,0
35465,2,0,0,0,0,0
35466,5,5,5,0,0,5
35470,2,0,0,0,0,0
35468,2,0,0,0,0,0
35469,5,5,5,0,0,5
35473,2,0,0,0,0,0
35471,2,0,0,0,0,0
35472,5,5,5,0,0,5
35476,2,0,0,0,0,0
35474,2,0,0,0,0,0
35475,5,5,5,0,0,5
35479,2,0,0,0,0,0
35477,2,0,0,0,0,0
35478,5,5,5,0,0,5
35482,2,0,0,0,0,0
35480,2,0,0,0,0,0
35481,5,5,5,0,0,5
35485,2,0,0,0,0,0
35483,2,0,0,0,0,0
35484,5,5,5,0,0,5
35488,2,0,0,0,0,0
35486,2,0,0,0,0,0
35487,5,5,5,0,0,5
35491,2,0,0,0,0,0
35489,2,0,0,0,0,0
35490,5,5,5,0,0,5
35494,2,0,0,0,0,0
35492,2,0,0,0,0,0
35493,5,5,5,0,0,5
35497,2,0,0,0,0,0
35495,2,0,0,0,0,0
35496,5,5,5,0,0,5
35500,2,0,0,0,0,0
35498,2,0,0,0,0,0
35499,5,5,5,0,0,5
35503,2,0,0,0,0,0
35501,2,0,0,0,0,0
35502,5,5,5,0,0,5
35506,2,0,0,0,0,0
35504,2,0,0,0,0,0
35505,5,5,5,0,0,5
35509,2,0,0,0,0,0
35507,2,0,0,0,0,0
35508,5,5,5,0,0,5
35512,2,0,0,0,0,0
35510,2,0,0,0,0,0
35511,5,5,5,0,0,5
35515,2,0,0,0,0,0
35513,2,0,0,0,0,0
35514,5,5,5,0,0,5
35518,2,0,0,0,0,0
35516,2,0,0,0,0,0
35517,5,5,5,0,0,5
35521,2,0,0,0,0,0
35519,2,0,0,0,0,0
35520,5,5,5,0,0,5
35524,2,0,0,0,0,0
35522,2,0,0,0,0,0
35523,5,5,5,0,0,5
35527,2,0,0,0,0,0
35525,2,0,0,0,0,0
35526,5,5,5,0,0,5
35530,2,0,0,0,0,0
35528,2,0,0,0,0,0
35529,5,5,5,0,0,5
35533,2,0,0,0,0,0
35531,2,0,0,0,0,0
35532,5,5,5,0,0,5
35536,2,0,0,0,0,0
35534,2,0,0,0,0,0
35535,5,5,5,0,0,5
35539,2,0,0,0,0,0
35537,2,0,0,0,0,0
35538,5,5,5,0,0,5
35542,2,0,0,0,0,0
35540,2,0,0,0,0,0
35541,5,5,5,0,0,5
35545,2,0,0,0,0,0
35543,2,0,0,0,0,0
35544,5,5,5,0,0,5
35548,2,0,0,0,0,0
35546,2,0,0,0,0,0
35547,5,5,5,0,0,5
35551,2,0,0,0,0,0
35549,2,0,0,0,0,0
35550,5,5,5,0,0,5
35554,2,0,0,0,0,0
35552,2,0,0,0,0,0
35553,5,5,5,0,0,5
35557,2,0,0,0,0,0
35555,2,0,0,0,0,0
35556,5,5,5,0,0,5
35560,2,0,0,0,0,0
35558,2,0,0,0,0,0
35559,5,5,5,0,0,5
35563,2,0,0,0,0,0
35561,2,0,0,0,0,0
35562,5,5,5,0,0,5
35566,2,0,0,0,0,0
35564,2,0,0,0,0,0
35565,5,5,5,0,0,5
35569,2,0,0,0,0,0
35567,2,0,0,0,0,0
35568,5,5,5,0,0,5
35572,2,0,0,0,0,0
35570,2,0,0,0,0,0
35571,5,5,5,0,0,5
35575,2,0,0,0,0,0
35573,2,0,0,0,0,0
35574,5,5,5,0,0,5
35578,2,0,0,0,0,0
35576,2,0,0,0,0,0
35577,5,5,5,0,0,5
35581,2,0,0,0,0,0
35579,2,0,0,0,0,0
35580,5,5,5,0,0,5
35584,2,0,0,0,0,0
35582,2,0,0,0,0,0
35583,5,5,5,0,0,5
35587,2,0,0,0,0,0
35585,2,0,0,0,0,0
35586,5,5,5,0,0,5
35590,2,0,0,0,0,0
35588,2,0,0,0,0,0
35589,5,5,5,0,0,5
35593,2,0,0,0,0,0
35591,2,0,0,0,0,0
35592,5,5,5,0,0,5
35596,2,0,0,0,0,0
35594,2,0,0,0,0,0
35595,5,5,5,0,0,5
35599,2,0,0,0,0,0
35597,2,0,0,0,0,0
35598,5,5,5,0,0,5
35602,2,0,0,0,0,0
35600,2,0,0,0,0,0
35601,5,5,5,0,0,5
35605,2,0,0,0,0,0
35603,2,0,0,0,0,0
35604,5,5,5,0,0,5
35608,2,0,0,0,0,0
35606,2,0,0,0,0,0
35607,5,5,5,0,0,5
35611,2,0,0,0,0,0
35609,2,0,0,0,0,0
35610,5,5,5,0,0,5
35614,2,0,0,0,0,0
35612,2,0,0,0,0,0
35613,5,5,5,0,0,5
35617,2,0,0,0,0,0
35615,2,0,0,0,0,0
35616,5,5,5,0,0,5
35620,2,0,0,0,0,0
35618,2,0,0,0,0,0
35619,5,5,5,0,0,5
35623,2,0,0,0,0,0
35621,2,0,0,0,0,0
35622,5,5,5,0,0,5
35626,2,0,0,0,0,0
35624,2,0,0,0,0,0
35625,5,5,5,0,0,5
35629,2,0,0,0,0,0
35627,2,0,0,0,0,0
35628,5,5,5,0,0,5
35632,2,0,0,0,0,0
35630,2,0,0,0,0,0
35631,5,5,5,0,0,5
35635,2,0,0,0,0,0
35633,2,0,0,0,0,0
35634,5,5,5,0,0,5
35638,2,0,0,0,0,0
35636,2,0,0,0,0,0
35637,5,5,5,0,0,5
35641,2,0,0,0,0,0
35639,2,0,0,0,0,0
35640,5,5,5,0,0,5
35644,2,0,0,0,0,0
35642,2,0,0,0,0,0
35643,5,5,5,0,0,5
35647,2,0,0,0,0,0
35645,2,0,0,0,0,0
35646,5,5,5,0,0,5
35650,2,0,0,0,0,0
35648,2,0,0,0,0,0
35649,5,5,5,0,0,5
35653,2,0,0,0,0,0
35651,2,0,0,0,0,0
35652,5,5,5,0,0,5
35656,2,0,0,0,0,0
35654,2,0,0,0,0,0
35655,5,5,5,0,0,5
35659,2,0,0,0,0,0
35657,2,0,0,0,0,0
35658,5,5,5,0,0,5
35662,2,0,0,0,0,0
35660,2,0,0,0,0,0
35661,5,5,5,0,0,5
35665,2,0,0,0,0,0
35663,2,0,0,0,0,0
35664,5,5,5,0,0,5
35668,2,0,0,0,0,0
35666,2,0,0,0,0,0
35667,5,5,5,0,0,5
35671,2,0,0,0,0,0
35669,2,0,0,0,0,0
35670,5,5,5,0,0,5
35674,2,0,0,0,0,0
35672,2,0,0,0,0,0
35673,5,5,5,0,0,5
35677,2,0,0,0,0,0
35675,2,0,0,0,0,0
35676,5,5,5,0,0,5
35680,2,0,0,0,0,0
35678,2,0,0,0,0,0
35679,5,5,5,0,0,5
35683,2,0,0,0,0,0
35681,2,0,0,0,0,0
35682,5,5,5,0,0,5
35686,2,0,0,0,0,0
35684,2,0,0,0,0,0
35685,5,5,5,0,0,5
35689,2,0,0,0,0,0
35687,2,0,0,0,0,0
35688,5,5,5,0,0,5
35692,2,0,0,0,0,0
35690,2,0,0,0,0,0
35691,5,5,5,0,0,5
35695,2,0,0,0,0,0
35693,2,0,0,0,0,0
35694,5,5,5,0,0,5
35698,2,0,0,0,0,0
35696,2,0,0,0,0,0
35697,5,5,5,0,0,5
35701,2,0,0,0,0,0
35699,2,0,0,0,0,0
35700,5,5,5,0,0,5
35704,2,0,0,0,0,0
35702,2,0,0,0,0,0
35703,5,5,5,0,0,5
35707,2,0,0,0,0,0
35705,2,0,0,0,0,0
35706,5,5,5,0,0,5
35710,2,0,0,0,0,0
35708,2,0,0,0,0,0
35709,5,5,5,0,0,5
35713,2,0,0,0,0,0
35711,2,0,0,0,0,0
35712,5,5,5,0,0,5
35716,2,0,0,0,0,0
35714,2,0,0,0,0,0
35715,5,5,5,0,0,5
35719,2,0,0,0,0,0
35717,2,0,0,0,0,0
35718,5,5,5,0,0,5
35722,2,0,0,0,0,0
35720,2,0,0,0,0,0
35721,5,5,5,0,0,5
35725,2,0,0,0,0,0
35723,2,0,0,0,0,0
35724,5,5,5,0,0,5
35728,2,0,0,0,0,0
35726,2,0,0,0,0,0
35727,5,5,5,0,0,5
35731,2,0,0,0,0,0
35729,2,0,0,0,0,0
35730,5,5,5,0,0,5
35734,2,0,0,0,0,0
35732,2,0,0,0,0,0
35733,5,5,5,0,0,5
35737,2,0,0,0,0,0
35735,2,0,0,0,0,0
35736,5,5,5,0,0,5
35740,2,0,0,0,0,0
35738,2,0,0,0,0,0
35739,5,5,5,0,0,5
35743,2,0,0,0,0,0
35741,2,0,0,0,0,0
35742,5,5,5,0,0,5
35746,2,0,0,0,0,0
35744,2,0,0,0,0,0
35745,5,5,5,0,0,5
35749,2,0,0,0,0,0
35747,2,0,0,0,0,0
35748,5,5,5,0,0,5
35752,2,0,0,0,0,0
35750,2,0,0,0,0,0
35751,5,5,5,0,0,5
35755,2,0,0,0,0,0
35753,2,0,0,0,0,0
35754,5,5,5,0,0,5
35758,2,0,0,0,0,0
35756,2,0,0,0,0,0
35757,5,5,5,0,0,5
35761,2,0,0,0,0,0
35759,2,0,0,0,0,0
35760,5,5,5,0,0,5
35764,2,0,0,0,0,0
35762,2,0,0,0,0,0
35763,5,5,5,0,0,5
35767,2,0,0,0,0,0
35765,2,0,0,0,0,0
35766,5,5,5,0,0,5
35770,2,0,0,0,0,0
35768,2,0,0,0,0,0
35769,5,5,5,0,0,5
35773,2,0,0,0,0,0
35771,2,0,0,0,0,0
35772,5,5,5,0,0,5
35776,2,0,0,0,0,0
35774,2,0,0,0,0,0
35775,5,5,5,0,0,5
35779,2,0,0,0,0,0
35777,2,0,0,0,0,0
35778,5,5,5,0,0,5
35782,2,0,0,0,0,0
35780,2,0,0,0,0,0
35781,5,5,5,0,0,5
35785,2,0,0,0,0,0
35783,2,0,0,0,0,0
35784,5,5,5,0,0,5
35788,2,0,0,0,0,0
35786,2,0,0,0,0,0
35787,5,5,5,0,0,5
35791,2,0,0,0,0,0
35789,2,0,0,0,0,0
35790,5,5,5,0,0,5
35794,2,0,0,0,0,0
35792,2,0,0,0,0,0
35793,5,5,5,0,0,5
35797,2,0,0,0,0,0
35795,2,0,0,0,0,0
35796,5,5,5,0,0,5
35800,2,0,0,0,0,0
35798,2,0,0,0,0,0
35799,5,5,5,0,0,5
35803,2,0,0,0,0,0
35801,2,0,0,0,0,0
35802,5,5,5,0,0,5
35806,2,0,0,0,0,0
35804,2,0,0,0,0,0
35805,5,5,5,0,0,5
35809,2,0,0,0,0,0
35807,2,0,0,0,0,0
35808,5,5,5,0,0,5
35812,2,0,0,0,0,0
35810,2,0,0,0,0,0
35811,5,5,5,0,0,5
35815,2,0,0,0,0,0
35813,2,0,0,0,0,0
35814,5,5,5,0,0,5
35818,2,0,0,0,0,0
35816,2,0,0,0,0,0
35817,5,5,5,0,0,5
35821,2,0,0,0,0,0
35819,2,0,0,0,0,0
35820,5,5,5,0,0,5
35824,2,0,0,0,0,0
35822,2,0,0,0,0,0
35823,5,5,5,0,0,5
35827,2,0,0,0,0,0
35825,2,0,0,0,0,0
35826,5,5,5,0,0,5
35830,2,0,0,0,0,0
35828,2,0,0,0,0,0
35829,5,5,5,0,0,5
35833,2,0,0,0,0,0
35831,2,0,0,0,0,0
35832,5,5,5,0,0,5
35836,2,0,0,0,0,0
35834,2,0,0,0,0,0
35835,5,5,5,0,0,5
35839,2,0,0,0,0,0
35837,2,0,0,0,0,0
35838,5,5,5,0,0,5
35842,2,0,0,0,0,0
35840,2,0,0,0,0,0
35841,5,5,5,0,0,5
35845,2,0,0,0,0,0
35843,2,0,0,0,0,0
35844,5,5,5,0,0,5
35848,2,0,0,0,0,0
35846,2,0,0,0,0,0
35847,5,5,5,0,0,5
35851,2,0,0,0,0,0
35849,2,0,0,0,0,0
35850,5,5,5,0,0,5
35854,2,0,0,0,0,0
35852,2,0,0,0,0,0
35853,5,5,5,0,0,5
35857,2,0,0,0,0,0
35855,2,0,0,0,0,0
35856,5,5,5,0,0,5
35860,2,0,0,0,0,0
35858,2,0,0,0,0,0
35859,5,5,5,0,0,5
35863,2,0,0,0,0,0
35861,2,0,0,0,0,0
35862,5,5,5,0,0,5
35866,2,0,0,0,0,0
35864,2,0,0,0,0,0
35865,5,5,5,0,0,5
35869,2,0,0,0,0,0
35867,2,0,0,0,0,0
35868,5,5,5,0,0,5
35872,2,0,0,0,0,0
35870,2,0,0,0,0,0
35871,5,5,5,0,0,5
35875,2,0,0,0,0,0
35873,2,0,0,0,0,0
35874,5,5,5,0,0,5
35878,2,0,0,0,0,0
35876,2,0,0,0,0,0
35877,5,5,5,0,0,5
35881,2,0,0,0,0,0
35879,2,0,0,0,0,0
35880,5,5,5,0,0,5
35884,2,0,0,0,0,0
35882,2,0,0,0,0,0
35883,5,5,5,0,0,5
35887,2,0,0,0,0,0
35885,2,0,0,0,0,0
35886,5,5,5,0,0,5
35890,2,0,0,0,0,0
35888,2,0,0,0,0,0
35889,5,5,5,0,0,5
35893,2,0,0,0,0,0
35891,2,0,0,0,0,0
35892,5,5,5,0,0,5
35896,2,0,0,0,0,0
35894,2,0,0,0,0,0
35895,5,5,5,0,0,5
35899,2,0,0,0,0,0
35897,2,0,0,0,0,0
35898,5,5,5,0,0,5
35902,2,0,0,0,0,0
35900,2,0,0,0,0,0
35901,5,5,5,0,0,5
35905,2,0,0,0,0,0
35903,2,0,0,0,0,0
35904,5,5,5,0,0,5
35908,2,0,0,0,0,0
35906,2,0,0,0,0,0
35907,5,5,5,0,0,5
35911,2,0,0,0,0,0
35909,2,0,0,0,0,0
35910,5,5,5,0,0,5
35914,2,0,0,0,0,0
35912,2,0,0,0,0,0
35913,5,5,5,0,0,5
35917,2,0,0,0,0,0
35915,2,0,0,0,0,0
35916,5,5,5,0,0,5
35920,2,0,0,0,0,0
35918,2,0,0,0,0,0
35919,5,5,5,0,0,5
35923,2,0,0,0,0,0
35921,2,0,0,0,0,0
35922,5,5,5,0,0,5
35926,2,0,0,0,0,0
35924,2,0,0,0,0,0
35925,5,5,5,0,0,5
35929,2,0,0,0,0,0
35927,2,0,0,0,0,0
35928,5,5,5,0,0,5
35932,2,0,0,0,0,0
35930,2,0,0,0,0,0
35931,5,5,5,0,0,5
35935,2,0,0,0,0,0
35933,2,0,0,0,0,0
35934,5,5,5,0,0,5
35938,2,0,0,0,0,0
35936,2,0,0,0,0,0
35937,5,5,5,0,0,5
35941,2,0,0,0,0,0
35939,2,0,0,0,0,0
35940,5,5,5,0,0,5
35944,2,0,0,0,0,0
35942,2,0,0,0,0,0
35943,5,5,5,0,0,5
35947,2,0,0,0,0,0
35945,2,0,0,0,0,0
35946,5,5,5,0,0,5
35950,2,0,0,0,0,0
35948,2,0,0,0,0,0
35949,5,5,5,0,0,5
35953,2,0,0,0,0,0
35951,2,0,0,0,0,0
35952,5,5,5,0,0,5
35956,2,0,0,0,0,0
35954,2,0,0,0,0,0
35955,5,5,5,0,0,5
35959,2,0,0,0,0,0
35957,2,0,0,0,0,0
35958,5,5,5,0,0,5
35962,2,0,0,0,0,0
35960,2,0,0,0,0,0
35961,5,5,5,0,0,5
35965,2,0,0,0,0,0
35963,2,0,0,0,0,0
35964,5,5,5,0,0,5
35968,2,0,0,0,0,0
35966,2,0,0,0,0,0
35967,5,5,5,0,0,5
35971,2,0,0,0,0,0
35969,2,0,0,0,0,0
35970,5,5,5,0,0,5
35974,2,0,0,0,0,0
35972,2,0,0,0,0,0
35973,5,5,5,0,0,5
35977,2,0,0,0,0,0
35975,2,0,0,0,0,0
35976,5,5,5,0,0,5
35980,2,0,0,0,0,0
35978,2,0,0,0,0,0
35979,5,5,5,0,0,5
35983,2,0,0,0,0,0
35981,2,0,0,0,0,0
35982,5,5,5,0,0,5
35986,2,0,0,0,0,0
35984,2,0,0,0,0,0
35985,5,5,5,0,0,5
35989,2,0,0,0,0,0
35987,2,0,0,0,0,0
35988,5,5,5,0,0,5
35992,2,0,0,0,0,0
35990,2,0,0,0,0,0
35991,5,5,5,0,0,5
35995,2,0,0,0,0,0
35993,2,0,0,0,0,0
35994,5,5,5,0,0,5
35998,2,0,0,0,0,0
35996,2,0,0,0,0,0
35997,5,5,5,0,0,5
36001,2,0,0,0,0,0
35999,2,0,0,0,0,0
36000,5,5,5,0,0,5
36004,2,0,0,0,0,0
36002,2,0,0,0,0,0
36003,5,5,5,0,0,5
36007,2,0,0,0,0,0
36005,2,0,0,0,0,0
36006,5,5,5,0,0,5
36010,2,0,0,0,0,0
36008,2,0,0,0,0,0
36009,5,5,5,0,0,5
36013,2,0,0,0,0,0
36011,2,0,0,0,0,0
36012,5,5,5,0,0,5
36016,2,0,0,0,0,0
36014,2,0,0,0,0,0
36015,5,5,5,0,0,5
36019,2,0,0,0,0,0
36017,2,0,0,0,0,0
36018,5,5,5,0,0,5
36022,2,0,0,0,0,0
36020,2,0,0,0,0,0
36021,5,5,5,0,0,5
36025,2,0,0,0,0,0
36023,2,0,0,0,0,0
36024,5,5,5,0,0,5
36028,2,0,0,0,0,0
36026,2,0,0,0,0,0
36027,5,5,5,0,0,5
36031,2,0,0,0,0,0
36029,2,0,0,0,0,0
36030,5,5,5,0,0,5
36034,2,0,0,0,0,0
36032,2,0,0,0,0,0
36033,5,5,5,0,0,5
36037,2,0,0,0,0,0
36035,2,0,0,0,0,0
36036,5,5,5,0,0,5
36040,2,0,0,0,0,0
36038,2,0,0,0,0,0
36039,5,5,5,0,0,5
36043,2,0,0,0,0,0
36041,2,0,0,0,0,0
36042,5,5,5,0,0,5
36046,2,0,0,0,0,0
36044,2,0,0,0,0,0
36045,5,5,5,0,0,5
36049,2,0,0,0,0,0
36047,2,0,0,0,0,0
36048,5,5,5,0,0,5
36052,2,0,0,0,0,0
36050,2,0,0,0,0,0
36051,5,5,5,0,0,5
36055,2,0,0,0,0,0
36053,2,0,0,0,0,0
36054,5,5,5,0,0,5
36058,2,0,0,0,0,0
36056,2,0,0,0,0,0
36057,5,5,5,0,0,5
36061,2,0,0,0,0,0
36059,2,0,0,0,0,0
36060,5,5,5,0,0,5
36064,2,0,0,0,0,0
36062,2,0,0,0,0,0
36063,5,5,5,0,0,5
36067,2,0,0,0,0,0
36065,2,0,0,0,0,0
36066,5,5,5,0,0,5
36070,2,0,0,0,0,0
36068,2,0,0,0,0,0
36069,5,5,5,0,0,5
36073,2,0,0,0,0,0
36071,2,0,0,0,0,0
36072,5,5,5,0,0,5
36076,2,0,0,0,0,0
36074,2,0,0,0,0,0
36075,5,5,5,0,0,5
36079,2,0,0,0,0,0
36077,2,0,0,0,0,0
36078,5,5,5,0,0,5
36082,2,0,0,0,0,0
36080,2,0,0,0,0,0
36081,5,5,5,0,0,5
36085,2,0,0,0,0,0
36083,2,0,0,0,0,0
36084,5,5,5,0,0,5
36088,2,0,0,0,0,0
36086,2,0,0,0,0,0
36087,5,5,5,0,0,5
36091,2,0,0,0,0,0
36089,2,0,0,0,0,0
36090,5,5,5,0,0,5
36094,2,0,0,0,0,0
36092,2,0,0,0,0,0
36093,5,5,5,0,0,5
36097,2,0,0,0,0,0
36095,2,0,0,0,0,0
36096,5,5,5,0,0,5
36100,2,0,0,0,0,0
36098,2,0,0,0,0,0
36099,5,5,5,0,0,5
36103,2,0,0,0,0,0
36101,2,0,0,0,0,0
36102,5,5,5,0,0,5
36106,2,0,0,0,0,0
36104,2,0,0,0,0,0
36105,5,5,5,0,0,5
36109,2,0,0,0,0,0
36107,2,0,0,0,0,0
36108,5,5,5,0,0,5
36112,2,0,0,0,0,0
36110,2,0,0,0,0,0
36111,5,5,5,0,0,5
36115,2,0,0,0,0,0
36113,2,0,0,0,0,0
36114,5,5,5,0,0,5
36118,2,0,0,0,0,0
36116,2,0,0,0,0,0
36117,5,5,5,0,0,5
36121,2,0,0,0,0,0
36119,2,0,0,0,0,0
36120,5,5,5,0,0,5
36124,2,0,0,0,0,0
36122,2,0,0,0,0,0
36123,5,5,5,0,0,5
36127,2,0,0,0,0,0
36125,2,0,0,0,0,0
36126,5,5,5,0,0,5
36130,2,0,0,0,0,0
36128,2,0,0,0,0,0
36129,5,5,5,0,0,5
36133,2,0,0,0,0,0
36131,2,0,0,0,0,0
36132,5,5,5,0,0,5
36136,2,0,0,0,0,0
36134,2,0,0,0,0,0
36135,5,5,5,0,0,5
36139,2,0,0,0,0,0
36137,2,0,0,0,0,0
36138,5,5,5,0,0,5
36142,2,0,0,0,0,0
36140,2,0,0,0,0,0
36141,5,5,5,0,0,5
36145,2,0,0,0,0,0
36143,2,0,0,0,0,0
36144,5,5,5,0,0,5
36148,2,0,0,0,0,0
36146,2,0,0,0,0,0
36147,5,5,5,0,0,5
36151,2,0,0,0,0,0
36149,2,0,0,0,0,0
36150,5,5,5,0,0,5
36154,2,0,0,0,0,0
36152,2,0,0,0,0,0
36153,5,5,5,0,0,5
36157,2,0,0,0,0,0
36155,2,0,0,0,0,0
36156,5,5,5,0,0,5
36160,2,0,0,0,0,0
36158,2,0,0,0,0,0
36159,5,5,5,0,0,5
36163,2,0,0,0,0,0
36161,2,0,0,0,0,0
36162,5,5,5,0,0,5
36166,2,0,0,0,0,0
36164,2,0,0,0,0,0
36165,5,5,5,0,0,5
36169,2,0,0,0,0,0
36167,2,0,0,0,0,0
36168,5,5,5,0,0,5
36172,2,0,0,0,0,0
36170,2,0,0,0,0,0
36171,5,5,5,0,0,5
36175,2,0,0,0,0,0
36173,2,0,0,0,0,0
36174,5,5,5,0,0,5
36178,2,0,0,0,0,0
36176,2,0,0,0,0,0
36177,5,5,5,0,0,5
36181,2,0,0,0,0,0
36179,2,0,0,0,0,0
36180,5,5,5,0,0,5
36184,2,0,0,0,0,0
36182,2,0,0,0,0,0
36183,5,5,5,0,0,5
36187,2,0,0,0,0,0
36185,2,0,0,0,0,0
36186,5,5,5,0,0,5
36190,2,0,0,0,0,0
36188,2,0,0,0,0,0
36189,5,5,5,0,0,5
36193,2,0,0,0,0,0
36191,2,0,0,0,0,0
36192,5,5,5,0,0,5
36196,2,0,0,0,0,0
36194,2,0,0,0,0,0
36195,5,5,5,0,0,5
36199,2,0,0,0,0,0
36197,2,0,0,0,0,0
36198,5,5,5,0,0,5
36202,2,0,0,0,0,0
36200,2,0,0,0,0,0
36201,5,5,5,0,0,5
36205,2,0,0,0,0,0
36203,2,0,0,0,0,0
36204,5,5,5,0,0,5
36208,2,0,0,0,0,0
36206,2,0,0,0,0,0
36207,5,5,5,0,0,5
36211,2,0,0,0,0,0
36209,2,0,0,0,0,0
36210,5,5,5,0,0,5
36214,2,0,0,0,0,0
36212,2,0,0,0,0,0
36213,5,5,5,0,0,5
36217,2,0,0,0,0,0
36215,2,0,0,0,0,0
36216,5,5,5,0,0,5
36220,2,0,0,0,0,0
36218,2,0,0,0,0,0
36219,5,5,5,0,0,5
36223,2,0,0,0,0,0
36221,2,0,0,0,0,0
36222,5,5,5,0,0,5
36226,2,0,0,0,0,0
36224,2,0,0,0,0,0
36225,5,5,5,0,0,5
36229,2,0,0,0,0,0
36227,2,0,0,0,0,0
36228,5,5,5,0,0,5
36232,2,0,0,0,0,0
36230,2,0,0,0,0,0
36231,5,5,5,0,0,5
36235,2,0,0,0,0,0
36233,2,0,0,0,0,0
36234,5,5,5,0,0,5
36238,2,0,0,0,0,0
36236,2,0,0,0,0,0
36237,5,5,5,0,0,5
36241,2,0,0,0,0,0
36239,2,0,0,0,0,0
36240,5,5,5,0,0,5
36244,2,0,0,0,0,0
36242,2,0,0,0,0,0
36243,5,5,5,0,0,5
36247,2,0,0,0,0,0
36245,2,0,0,0,0,0
36246,5,5,5,0,0,5
36250,2,0,0,0,0,0
36248,2,0,0,0,0,0
36249,5,5,5,0,0,5
36253,2,0,0,0,0,0
36251,2,0,0,0,0,0
36252,5,5,5,0,0,5
36256,2,0,0,0,0,0
36254,2,0,0,0,0,0
36255,5,5,5,0,0,5
36259,2,0,0,0,0,0
36257,2,0,0,0,0,0
36258,5,5,5,0,0,5
36262,2,0,0,0,0,0
36260,2,0,0,0,0,0
36261,5,5,5,0,0,5
36265,2,0,0,0,0,0
36263,2,0,0,0,0,0
36264,5,5,5,0,0,5
36268,2,0,0,0,0,0
36266,2,0,0,0,0,0
36267,5,5,5,0,0,5
36271,2,0,0,0,0,0
36269,2,0,0,0,0,0
36270,5,5,5,0,0,5
36274,2,0,0,0,0,0
36272,2,0,0,0,0,0
36273,5,5,5,0,0,5
36277,2,0,0,0,0,0
36275,2,0,0,0,0,0
36276,5,5,5,0,0,5
36280,2,0,0,0,0,0
36278,2,0,0,0,0,0
36279,5,5,5,0,0,5
36283,2,0,0,0,0,0
36281,2,0,0,0,0,0
36282,5,5,5,0,0,5
36286,2,0,0,0,0,0
36284,2,0,0,0,0,0
36285,5,5,5,0,0,5
36289,2,0,0,0,0,0
36287,2,0,0,0,0,0
36288,5,5,5,0,0,5
36292,2,0,0,0,0,0
36290,2,0,0,0,0,0
36291,5,5,5,0,0,5
36295,2,0,0,0,0,0
36293,2,0,0,0,0,0
36294,5,5,5,0,0,5
36298,2,0,0,0,0,0
36296,2,0,0,0,0,0
36297,5,5,5,0,0,5
36301,2,0,0,0,0,0
36299,2,0,0,0,0,0
36300,5,5,5,0,0,5
36304,2,0,0,0,0,0
36302,2,0,0,0,0,0
36303,5,5,5,0,0,5
36307,2,0,0,0,0,0
36305,2,0,0,0,0,0
36306,5,5,5,0,0,5
36310,2,0,0,0,0,0
36308,2,0,0,0,0,0
36309,5,5,5,0,0,5
36313,2,0,0,0,0,0
36311,2,0,0,0,0,0
36312,5,5,5,0,0,5
36316,2,0,0,0,0,0
36314,2,0,0,0,0,0
36315,5,5,5,0,0,5
36319,2,0,0,0,0,0
36317,2,0,0,0,0,0
36318,5,5,5,0,0,5
36322,2,0,0,0,0,0
36320,2,0,0,0,0,0
36321,5,5,5,0,0,5
36325,2,0,0,0,0,0
36323,2,0,0,0,0,0
36324,5,5,5,0,0,5
36328,2,0,0,0,0,0
36326,2,0,0,0,0,0
36327,5,5,5,0,0,5
36331,2,0,0,0,0,0
36329,2,0,0,0,0,0
36330,5,5,5,0,0,5
36334,2,0,0,0,0,0
36332,2,0,0,0,0,0
36333,5,5,5,0,0,5
36337,2,0,0,0,0,0
36335,2,0,0,0,0,0
36336,5,5,5,0,0,5
36340,2,0,0,0,0,0
36338,2,0,0,0,0,0
36339,5,5,5,0,0,5
36343,2,0,0,0,0,0
36341,2,0,0,0,0,0
36342,5,5,5,0,0,5
36346,2,0,0,0,0,0
36344,2,0,0,0,0,0
36345,5,5,5,0,0,5
36349,2,0,0,0,0,0
36347,2,0,0,0,0,0
36348,5,5,5,0,0,5
36352,2,0,0,0,0,0
36350,2,0,0,0,0,0
36351,5,5,5,0,0,5
36355,2,0,0,0,0,0
36353,2,0,0,0,0,0
36354,5,5,5,0,0,5
36358,2,0,0,0,0,0
36356,2,0,0,0,0,0
36357,5,5,5,0,0,5
36361,2,0,0,0,0,0
36359,2,0,0,0,0,0
36360,5,5,5,0,0,5
36364,2,0,0,0,0,0
36362,2,0,0,0,0,0
36363,5,5,5,0,0,5
36367,2,0,0,0,0,0
36365,2,0,0,0,0,0
36366,5,5,5,0,0,5
36370,2,0,0,0,0,0
36368,2,0,0,0,0,0
36369,5,5,5,0,0,5
36373,2,0,0,0,0,0
36371,2,0,0,0,0,0
36372,5,5,5,0,0,5
36376,2,0,0,0,0,0
36374,2,0,0,0,0,0
36375,5,5,5,0,0,5
36379,2,0,0,0,0,0
36377,2,0,0,0,0,0
36378,5,5,5,0,0,5
36382,2,0,0,0,0,0
36380,2,0,0,0,0,0
36381,5,5,5,0,0,5
36385,2,0,0,0,0,0
36383,2,0,0,0,0,0
36384,5,5,5,0,0,5
36388,2,0,0,0,0,0
36386,2,0,0,0,0,0
36387,5,5,5,0,0,5
36391,2,0,0,0,0,0
36389,2,0,0,0,0,0
36390,5,5,5,0,0,5
36394,2,0,0,0,0,0
36392,2,0,0,0,0,0
36393,5,5,5,0,0,5
36397,2,0,0,0,0,0
36395,2,0,0,0,0,0
36396,5,5,5,0,0,5
36400,2,0,0,0,0,0
36398,2,0,0,0,0,0
36399,5,5,5,0,0,5
36403,2,0,0,0,0,0
36401,2,0,0,0,0,0
36402,5,5,5,0,0,5
36406,2,0,0,0,0,0
36404,2,0,0,0,0,0
36405,5,5,5,0,0,5
36409,2,0,0,0,0,0
36407,2,0,0,0,0,0
36408,5,5,5,0,0,5
36412,2,0,0,0,0,0
36410,2,0,0,0,0,0
36411,5,5,5,0,0,5
36415,2,0,0,0,0,0
36413,2,0,0,0,0,0
36414,5,5,5,0,0,5
36418,2,0,0,0,0,0
36416,2,0,0,0,0,0
36417,5,5,5,0,0,5
36421,2,0,0,0,0,0
36419,2,0,0,0,0,0
36420,5,5,5,0,0,5
36424,2,0,0,0,0,0
36422,2,0,0,0,0,0
36423,5,5,5,0,0,5
36427,2,0,0,0,0,0
36425,2,0,0,0,0,0
36426,5,5,5,0,0,5
36430,2,0,0,0,0,0
36428,2,0,0,0,0,0
36429,5,5,5,0,0,5
36433,2,0,0,0,0,0
36431,2,0,0,0,0,0
36432,5,5,5,0,0,5
36436,2,0,0,0,0,0
36434,2,0,0,0,0,0
36435,5,5,5,0,0,5
36439,2,0,0,0,0,0
36437,2,0,0,0,0,0
36438,5,5,5,0,0,5
36442,2,0,0,0,0,0
36440,2,0,0,0,0,0
36441,5,5,5,0,0,5
36445,2,0,0,0,0,0
36443,2,0,0,0,0,0
36444,5,5,5,0,0,5
36448,2,0,0,0,0,0
36446,2,0,0,0,0,0
36447,5,5,5,0,0,5
36451,2,0,0,0,0,0
36449,2,0,0,0,0,0
36450,5,5,5,0,0,5
36454,2,0,0,0,0,0
36452,2,0,0,0,0,0
36453,5,5,5,0,0,5
36457,2,0,0,0,0,0
36455,2,0,0,0,0,0
36456,5,5,5,0,0,5
36460,2,0,0,0,0,0
36458,2,0,0,0,0,0
36459,5,5,5,0,0,5
36463,2,0,0,0,0,0
36461,2,0,0,0,0,0
36462,5,5,5,0,0,5
36466,2,0,0,0,0,0
36464,2,0,0,0,0,0
36465,5,5,5,0,0,5
36469,2,0,0,0,0,0
36467,2,0,0,0,0,0
36468,5,5,5,0,0,5
36472,2,0,0,0,0,0
36470,2,0,0,0,0,0
36471,5,5,5,0,0,5
36475,2,0,0,0,0,0
36473,2,0,0,0,0,0
36474,5,5,5,0,0,5
36478,2,0,0,0,0,0
36476,2,0,0,0,0,0
36477,5,5,5,0,0,5
36481,2,0,0,0,0,0
36479,2,0,0,0,0,0
36480,5,5,5,0,0,5
36484,2,0,0,0,0,0
36482,2,0,0,0,0,0
36483,5,5,5,0,0,5
36487,2,0,0,0,0,0
36485,2,0,0,0,0,0
36486,5,5,5,0,0,5
36490,2,0,0,0,0,0
36488,2,0,0,0,0,0
36489,5,5,5,0,0,5
36493,2,0,0,0,0,0
36491,2,0,0,0,0,0
36492,5,5,5,0,0,5
36496,2,0,0,0,0,0
36494,2,0,0,0,0,0
36495,5,5,5,0,0,5
36499,2,0,0,0,0,0
36497,2,0,0,0,0,0
36498,5,5,5,0,0,5
36502,2,0,0,0,0,0
36500,2,0,0,0,0,0
36501,5,5,5,0,0,5
36505,2,0,0,0,0,0
36503,2,0,0,0,0,0
36504,5,5,5,0,0,5
36508,2,0,0,0,0,0
36506,2,0,0,0,0,0
36507,5,5,5,0,0,5
36511,2,0,0,0,0,0
36509,2,0,0,0,0,0
36510,5,5,5,0,0,5
36514,2,0,0,0,0,0
36512,2,0,0,0,0,0
36513,5,5,5,0,0,5
36517,2,0,0,0,0,0
36515,2,0,0,0,0,0
36516,5,5,5,0,0,5
36520,2,0,0,0,0,0
36518,2,0,0,0,0,0
36519,5,5,5,0,0,5
36523,2,0,0,0,0,0
36521,2,0,0,0,0,0
36522,5,5,5,0,0,5
36526,2,0,0,0,0,0
36524,2,0,0,0,0,0
36525,5,5,5,0,0,5
36529,2,0,0,0,0,0
36527,2,0,0,0,0,0
36528,5,5,5,0,0,5
36532,2,0,0,0,0,0
36530,2,0,0,0,0,0
36531,5,5,5,0,0,5
36535,2,0,0,0,0,0
36533,2,0,0,0,0,0
36534,5,5,5,0,0,5
36538,2,0,0,0,0,0
36536,2,0,0,0,0,0
36537,5,5,5,0,0,5
36541,2,0,0,0,0,0
36539,2,0,0,0,0,0
36540,5,5,5,0,0,5
36544,2,0,0,0,0,0
36542,2,0,0,0,0,0
36543,5,5,5,0,0,5
36547,2,0,0,0,0,0
36545,2,0,0,0,0,0
36546,5,5,5,0,0,5
36550,2,0,0,0,0,0
36548,2,0,0,0,0,0
36549,5,5,5,0,0,5
36553,2,0,0,0,0,0
36551,2,0,0,0,0,0
36552,5,5,5,0,0,5
36556,2,0,0,0,0,0
36554,2,0,0,0,0,0
36555,5,5,5,0,0,5
36559,2,0,0,0,0,0
36557,2,0,0,0,0,0
36558,5,5,5,0,0,5
36562,2,0,0,0,0,0
36560,2,0,0,0,0,0
36561,5,5,5,0,0,5
36565,2,0,0,0,0,0
36563,2,0,0,0,0,0
36564,5,5,5,0,0,5
36568,2,0,0,0,0,0
36566,2,0,0,0,0,0
36567,5,5,5,0,0,5
36571,2,0,0,0,0,0
36569,2,0,0,0,0,0
36570,5,5,5,0,0,5
36574,2,0,0,0,0,0
36572,2,0,0,0,0,0
36573,5,5,5,0,0,5
36577,2,0,0,0,0,0
36575,2,0,0,0,0,0
36576,5,5,5,0,0,5
36580,2,0,0,0,0,0
36578,2,0,0,0,0,0
36579,5,5,5,0,0,5
36583,2,0,0,0,0,0
36581,2,0,0,0,0,0
36582,5,5,5,0,0,5
36586,2,0,0,0,0,0
36584,2,0,0,0,0,0
36585,5,5,5,0,0,5
36589,2,0,0,0,0,0
36587,2,0,0,0,0,0
36588,5,5,5,0,0,5
36592,2,0,0,0,0,0
36590,2,0,0,0,0,0
36591,5,5,5,0,0,5
36595,2,0,0,0,0,0
36593,2,0,0,0,0,0
36594,5,5,5,0,0,5
36598,2,0,0,0,0,0
36596,2,0,0,0,0,0
36597,5,5,5,0,0,5
36601,2,0,0,0,0,0
36599,2,0,0,0,0,0
36600,5,5,5,0,0,5
36604,2,0,0,0,0,0
36602,2,0,0,0,0,0
36603,5,5,5,0,0,5
36607,2,0,0,0,0,0
36605,2,0,0,0,0,0
36606,5,5,5,0,0,5
36610,2,0,0,0,0,0
36608,2,0,0,0,0,0
36609,5,5,5,0,0,5
36613,2,0,0,0,0,0
36611,2,0,0,0,0,0
36612,5,5,5,0,0,5
36616,2,0,0,0,0,0
36614,2,0,0,0,0,0
36615,5,5,5,0,0,5
36619,2,0,0,0,0,0
36617,2,0,0,0,0,0
36618,5,5,5,0,0,5
36622,2,0,0,0,0,0
36620,2,0,0,0,0,0
36621,5,5,5,0,0,5
36625,2,0,0,0,0,0
36623,2,0,0,0,0,0
36624,5,5,5,0,0,5
36628,2,0,0,0,0,0
36626,2,0,0,0,0,0
36627,5,5,5,0,0,5
36631,2,0,0,0,0,0
36629,2,0,0,0,0,0
36630,5,5,5,0,0,5
36634,2,0,0,0,0,0
36632,2,0,0,0,0,0
36633,5,5,5,0,0,5
36637,2,0,0,0,0,0
36635,2,0,0,0,0,0
36636,5,5,5,0,0,5
36640,2,0,0,0,0,0
36638,2,0,0,0,0,0
36639,5,5,5,0,0,5
36643,2,0,0,0,0,0
36641,2,0,0,0,0,0
36642,5,5,5,0,0,5
36646,2,0,0,0,0,0
36644,2,0,0,0,0,0
36645,5,5,5,0,0,5
36649,2,0,0,0,0,0
36647,2,0,0,0,0,0
36648,5,5,5,0,0,5
36652,2,0,0,0,0,0
36650,2,0,0,0,0,0
36651,5,5,5,0,0,5
36655,2,0,0,0,0,0
36653,2,0,0,0,0,0
36654,5,5,5,0,0,5
36658,2,0,0,0,0,0
36656,2,0,0,0,0,0
36657,5,5,5,0,0,5
36661,2,0,0,0,0,0
36659,2,0,0,0,0,0
36660,5,5,5,0,0,5
36664,2,0,0,0,0,0
36662,2,0,0,0,0,0
36663,5,5,5,0,0,5
36667,2,0,0,0,0,0
36665,2,0,0,0,0,0
36666,5,5,5,0,0,5
36670,2,0,0,0,0,0
36668,2,0,0,0,0,0
36669,5,5,5,0,0,5
36673,2,0,0,0,0,0
36671,2,0,0,0,0,0
36672,5,5,5,0,0,5
36676,2,0,0,0,0,0
36674,2,0,0,0,0,0
36675,5,5,5,0,0,5
36679,2,0,0,0,0,0
36677,2,0,0,0,0,0
36678,5,5,5,0,0,5
36682,2,0,0,0,0,0
36680,2,0,0,0,0,0
36681,5,5,5,0,0,5
36685,2,0,0,0,0,0
36683,2,0,0,0,0,0
36684,5,5,5,0,0,5
36688,2,0,0,0,0,0
36686,2,0,0,0,0,0
36687,5,5,5,0,0,5
36691,2,0,0,0,0,0
36689,2,0,0,0,0,0
36690,5,5,5,0,0,5
36694,2,0,0,0,0,0
36692,2,0,0,0,0,0
36693,5,5,5,0,0,5
36697,2,0,0,0,0,0
36695,2,0,0,0,0,0
36696,5,5,5,0,0,5
36700,2,0,0,0,0,0
36698,2,0,0,0,0,0
36699,5,5,5,0,0,5
36703,2,0,0,0,0,0
36701,2,0,0,0,0,0
36702,5,5,5,0,0,5
36706,2,0,0,0,0,0
36704,2,0,0,0,0,0
36705,5,5,5,0,0,5
36709,2,0,0,0,0,0
36707,2,0,0,0,0,0
36708,5,5,5,0,0,5
36712,2,0,0,0,0,0
36710,2,0,0,0,0,0
36711,5,5,5,0,0,5
36715,2,0,0,0,0,0
36713,2,0,0,0,0,0
36714,5,5,5,0,0,5
36718,2,0,0,0,0,0
36716,2,0,0,0,0,0
36717,5,5,5,0,0,5
36721,2,0,0,0,0,0
36719,2,0,0,0,0,0
36720,5,5,5,0,0,5
36724,2,0,0,0,0,0
36722,2,0,0,0,0,0
36723,5,5,5,0,0,5
36727,2,0,0,0,0,0
36725,2,0,0,0,0,0
36726,5,5,5,0,0,5
36730,2,0,0,0,0,0
36728,2,0,0,0,0,0
36729,5,5,5,0,0,5
36733,2,0,0,0,0,0
36731,2,0,0,0,0,0
36732,5,5,5,0,0,5
36736,2,0,0,0,0,0
36734,2,0,0,0,0,0
36735,5,5,5,0,0,5
36739,2,0,0,0,0,0
36737,2,0,0,0,0,0
36738,5,5,5,0,0,5
36742,2,0,0,0,0,0
36740,2,0,0,0,0,0
36741,5,5,5,0,0,5
36745,2,0,0,0,0,0
36743,2,0,0,0,0,0
36744,5,5,5,0,0,5
36748,2,0,0,0,0,0
36746,2,0,0,0,0,0
36747,5,5,5,0,0,5
36751,2,0,0,0,0,0
36749,2,0,0,0,0,0
36750,5,5,5,0,0,5
36754,2,0,0,0,0,0
36752,2,0,0,0,0,0
36753,5,5,5,0,0,5
36757,2,0,0,0,0,0
36755,2,0,0,0,0,0
36756,5,5,5,0,0,5
36760,2,0,0,0,0,0
36758,2,0,0,0,0,0
36759,5,5,5,0,0,5
36763,2,0,0,0,0,0
36761,2,0,0,0,0,0
36762,5,5,5,0,0,5
36766,2,0,0,0,0,0
36764,2,0,0,0,0,0
36765,5,5,5,0,0,5
36769,2,0,0,0,0,0
36767,2,0,0,0,0,0
36768,5,5,5,0,0,5
36772,2,0,0,0,0,0
36770,2,0,0,0,0,0
36771,5,5,5,0,0,5
36775,2,0,0,0,0,0
36773,2,0,0,0,0,0
36774,5,5,5,0,0,5
36778,2,0,0,0,0,0
36776,2,0,0,0,0,0
36777,5,5,5,0,0,5
36781,2,0,0,0,0,0
36779,2,0,0,0,0,0
36780,5,5,5,0,0,5
36784,2,0,0,0,0,0
36782,2,0,0,0,0,0
36783,5,5,5,0,0,5
36787,2,0,0,0,0,0
36785,2,0,0,0,0,0
36786,5,5,5,0,0,5
36790,2,0,0,0,0,0
36788,2,0,0,0,0,0
36789,5,5,5,0,0,5
36793,2,0,0,0,0,0
36791,2,0,0,0,0,0
36792,5,5,5,0,0,5
36796,2,0,0,0,0,0
36794,2,0,0,0,0,0
36795,5,5,5,0,0,5
36799,2,0,0,0,0,0
36797,2,0,0,0,0,0
36798,5,5,5,0,0,5
36802,2,0,0,0,0,0
36800,2,0,0,0,0,0
36801,5,5,5,0,0,5
36805,2,0,0,0,0,0
36803,2,0,0,0,0,0
36804,5,5,5,0,0,5
36808,2,0,0,0,0,0
36806,2,0,0,0,0,0
36807,5,5,5,0,0,5
36811,2,0,0,0,0,0
36809,2,0,0,0,0,0
36810,5,5,5,0,0,5
36814,2,0,0,0,0,0
36812,2,0,0,0,0,0
36813,5,5,5,0,0,5
36817,2,0,0,0,0,0
36815,2,0,0,0,0,0
36816,5,5,5,0,0,5
36820,2,0,0,0,0,0
36818,2,0,0,0,0,0
36819,5,5,5,0,0,5
36823,2,0,0,0,0,0
36821,2,0,0,0,0,0
36822,5,5,5,0,0,5
36826,2,0,0,0,0,0
36824,2,0,0,0,0,0
36825,5,5,5,0,0,5
36829,2,0,0,0,0,0
36827,2,0,0,0,0,0
36828,5,5,5,0,0,5
36832,2,0,0,0,0,0
36830,2,0,0,0,0,0
36831,5,5,5,0,0,5
36835,2,0,0,0,0,0
36833,2,0,0,0,0,0
36834,5,5,5,0,0,5
36838,2,0,0,0,0,0
36836,2,0,0,0,0,0
36837,5,5,5,0,0,5
36841,2,0,0,0,0,0
36839,2,0,0,0,0,0
36840,5,5,5,0,0,5
36844,2,0,0,0,0,0
36842,2,0,0,0,0,0
36843,5,5,5,0,0,5
36847,2,0,0,0,0,0
36845,2,0,0,0,0,0
36846,5,5,5,0,0,5
36850,2,0,0,0,0,0
36848,2,0,0,0,0,0
36849,5,5,5,0,0,5
36853,2,0,0,0,0,0
36851,2,0,0,0,0,0
36852,5,5,5,0,0,5
36856,2,0,0,0,0,0
36854,2,0,0,0,0,0
36855,5,5,5,0,0,5
36859,2,0,0,0,0,0
36857,2,0,0,0,0,0
36858,5,5,5,0,0,5
36862,2,0,0,0,0,0
36860,2,0,0,0,0,0
36861,5,5,5,0,0,5
36865,2,0,0,0,0,0
36863,2,0,0,0,0,0
36864,5,5,5,0,0,5
36868,2,0,0,0,0,0
36866,2,0,0,0,0,0
36867,5,5,5,0,0,5
36871,2,0,0,0,0,0
36869,2,0,0,0,0,0
36870,5,5,5,0,0,5
36874,2,0,0,0,0,0
36872,2,0,0,0,0,0
36873,5,5,5,0,0,5
36877,2,0,0,0,0,0
36875,2,0,0,0,0,0
36876,5,5,5,0,0,5
36880,2,0,0,0,0,0
36878,2,0,0,0,0,0
36879,5,5,5,0,0,5
36883,2,0,0,0,0,0
36881,2,0,0,0,0,0
36882,5,5,5,0,0,5
36886,2,0,0,0,0,0
36884,2,0,0,0,0,0
36885,5,5,5,0,0,5
36889,2,0,0,0,0,0
36887,2,0,0,0,0,0
36888,5,5,5,0,0,5
36892,2,0,0,0,0,0
36890,2,0,0,0,0,0
36891,5,5,5,0,0,5
36895,2,0,0,0,0,0
36893,2,0,0,0,0,0
36894,5,5,5,0,0,5
36898,2,0,0,0,0,0
36896,2,0,0,0,0,0
36897,5,5,5,0,0,5
36901,2,0,0,0,0,0
36899,2,0,0,0,0,0
36900,5,5,5,0,0,5
36904,2,0,0,0,0,0
36902,2,0,0,0,0,0
36903,5,5,5,0,0,5
36907,2,0,0,0,0,0
36905,2,0,0,0,0,0
36906,5,5,5,0,0,5
36910,2,0,0,0,0,0
36908,2,0,0,0,0,0
36909,5,5,5,0,0,5
36913,2,0,0,0,0,0
36911,2,0,0,0,0,0
36912,5,5,5,0,0,5
36916,2,0,0,0,0,0
36914,2,0,0,0,0,0
36915,5,5,5,0,0,5
36919,2,0,0,0,0,0
36917,2,0,0,0,0,0
36918,5,5,5,0,0,5
36922,2,0,0,0,0,0
36920,2,0,0,0,0,0
36921,5,5,5,0,0,5
36925,2,0,0,0,0,0
36923,2,0,0,0,0,0
36924,5,5,5,0,0,5
36928,2,0,0,0,0,0
36926,2,0,0,0,0,0
36927,5,5,5,0,0,5
36931,2,0,0,0,0,0
36929,2,0,0,0,0,0
36930,5,5,5,0,0,5
36934,2,0,0,0,0,0
36932,2,0,0,0,0,0
36933,5,5,5,0,0,5
36937,2,0,0,0,0,0
36935,2,0,0,0,0,0
36936,5,5,5,0,0,5
36940,2,0,0,0,0,0
36938,2,0,0,0,0,0
36939,5,5,5,0,0,5
36943,2,0,0,0,0,0
36941,2,0,0,0,0,0
36942,5,5,5,0,0,5
36946,2,0,0,0,0,0
36944,2,0,0,0,0,0
36945,5,5,5,0,0,5
36949,2,0,0,0,0,0
36947,2,0,0,0,0,0
36948,5,5,5,0,0,5
36952,2,0,0,0,0,0
36950,2,0,0,0,0,0
36951,5,5,5,0,0,5
36955,2,0,0,0,0,0
36953,2,0,0,0,0,0
36954,5,5,5,0,0,5
36958,2,0,0,0,0,0
36956,2,0,0,0,0,0
36957,5,5,5,0,0,5
36961,2,0,0,0,0,0
36959,2,0,0,0,0,0
36960,5,5,5,0,0,5
36964,2,0,0,0,0,0
36962,2,0,0,0,0,0
36963,5,5,5,0,0,5
36967,2,0,0,0,0,0
36965,2,0,0,0,0,0
36966,5,5,5,0,0,5
36970,2,0,0,0,0,0
36968,2,0,0,0,0,0
36969,5,5,5,0,0,5
36973,2,0,0,0,0,0
36971,2,0,0,0,0,0
36972,5,5,5,0,0,5
36976,2,0,0,0,0,0
36974,2,0,0,0,0,0
36975,5,5,5,0,0,5
36979,2,0,0,0,0,0
36977,2,0,0,0,0,0
36978,5,5,5,0,0,5
36982,2,0,0,0,0,0
36980,2,0,0,0,0,0
36981,5,5,5,0,0,5
36985,2,0,0,0,0,0
36983,2,0,0,0,0,0
36984,5,5,5,0,0,5
36988,2,0,0,0,0,0
36986,2,0,0,0,0,0
36987,5,5,5,0,0,5
36991,2,0,0,0,0,0
36989,2,0,0,0,0,0
36990,5,5,5,0,0,5
36994,2,0,0,0,0,0
36992,2,0,0,0,0,0
36993,5,5,5,0,0,5
36997,2,0,0,0,0,0
36995,2,0,0,0,0,0
36996,5,5,5,0,0,5
37000,2,0,0,0,0,0
36998,2,0,0,0,0,0
36999,5,5,5,0,0,5
37003,2,0,0,0,0,0
37001,2,0,0,0,0,0
37002,5,5,5,0,0,5
37006,2,0,0,0,0,0
37004,2,0,0,0,0,0
37005,5,5,5,0,0,5
37009,2,0,0,0,0,0
37007,2,0,0,0,0,0
37008,5,5,5,0,0,5
37012,2,0,0,0,0,0
37010,2,0,0,0,0,0
37011,5,5,5,0,0,5
37015,2,0,0,0,0,0
37013,2,0,0,0,0,0
37014,5,5,5,0,0,5
37018,2,0,0,0,0,0
37016,2,0,0,0,0,0
37017,5,5,5,0,0,5
37021,2,0,0,0,0,0
37019,2,0,0,0,0,0
37020,5,5,5,0,0,5
37024,2,0,0,0,0,0
37022,2,0,0,0,0,0
37023,5,5,5,0,0,5
37027,2,0,0,0,0,0
37025,2,0,0,0,0,0
37026,5,5,5,0,0,5
37030,2,0,0,0,0,0
37028,2,0,0,0,0,0
37029,5,5,5,0,0,5
37033,2,0,0,0,0,0
37031,2,0,0,0,0,0
37032,5,5,5,0,0,5
37036,2,0,0,0,0,0
37034,2,0,0,0,0,0
37035,5,5,5,0,0,5
37039,2,0,0,0,0,0
37037,2,0,0,0,0,0
37038,5,5,5,0,0,5
37042,2,0,0,0,0,0
37040,2,0,0,0,0,0
37041,5,5,5,0,0,5
37045,2,0,0,0,0,0
37043,2,0,0,0,0,0
37044,5,5,5,0,0,5
37048,2,0,0,0,0,0
37046,2,0,0,0,0,0
37047,5,5,5,0,0,5
37051,2,0,0,0,0,0
37049,2,0,0,0,0,0
37050,5,5,5,0,0,5
37054,2,0,0,0,0,0
37052,2,0,0,0,0,0
37053,5,5,5,0,0,5
37057,2,0,0,0,0,0
37055,2,0,0,0,0,0
37056,5,5,5,0,0,5
37060,2,0,0,0,0,0
37058,2,0,0,0,0,0
37059,5,5,5,0,0,5
37063,2,0,0,0,0,0
37061,2,0,0,0,0,0
37062,5,5,5,0,0,5
37066,2,0,0,0,0,0
37064,2,0,0,0,0,0
37065,5,5,5,0,0,5
37069,2,0,0,0,0,0
37067,2,0,0,0,0,0
37068,5,5,5,0,0,5
37072,2,0,0,0,0,0
37070,2,0,0,0,0,0
37071,5,5,5,0,0,5
37075,2,0,0,0,0,0
37073,2,0,0,0,0,0
37074,5,5,5,0,0,5
37078,2,0,0,0,0,0
37076,2,0,0,0,0,0
37077,5,5,5,0,0,5
37081,2,0,0,0,0,0
37079,2,0,0,0,0,0
37080,5,5,5,0,0,5
37084,2,0,0,0,0,0
37082,2,0,0,0,0,0
37083,5,5,5,0,0,5
37087,2,0,0,0,0,0
37085,2,0,0,0,0,0
37086,5,5,5,0,0,5
37090,2,0,0,0,0,0
37088,2,0,0,0,0,0
37089,5,5,5,0,0,5
37093,2,0,0,0,0,0
37091,2,0,0,0,0,0
37092,5,5,5,0,0,5
37096,2,0,0,0,0,0
37094,2,0,0,0,0,0
37095,5,5,5,0,0,5
37099,2,0,0,0,0,0
37097,2,0,0,0,0,0
37098,5,5,5,0,0,5
37102,2,0,0,0,0,0
37100,2,0,0,0,0,0
37101,5,5,5,0,0,5
37105,2,0,0,0,0,0
37103,2,0,0,0,0,0
37104,5,5,5,0,0,5
37108,2,0,0,0,0,0
37106,2,0,0,0,0,0
37107,5,5,5,0,0,5
37111,2,0,0,0,0,0
37109,2,0,0,0,0,0
37110,5,5,5,0,0,5
37114,2,0,0,0,0,0
37112,2,0,0,0,0,0
37113,5,5,5,0,0,5
37117,2,0,0,0,0,0
37115,2,0,0,0,0,0
37116,5,5,5,0,0,5
37120,2,0,0,0,0,0
37118,2,0,0,0,0,0
37119,5,5,5,0,0,5
37123,2,0,0,0,0,0
37121,2,0,0,0,0,0
37122,5,5,5,0,0,5
37126,2,0,0,0,0,0
37124,2,0,0,0,0,0
37125,5,5,5,0,0,5
37129,2,0,0,0,0,0
37127,2,0,0,0,0,0
37128,5,5,5,0,0,5
37132,2,0,0,0,0,0
37130,2,0,0,0,0,0
37131,5,5,5,0,0,5
37135,2,0,0,0,0,0
37133,2,0,0,0,0,0
37134,5,5,5,0,0,5
37138,2,0,0,0,0,0
37136,2,0,0,0,0,0
37137,5,5,5,0,0,5
37141,2,0,0,0,0,0
37139,2,0,0,0,0,0
37140,5,5,5,0,0,5
37144,2,0,0,0,0,0
37142,2,0,0,0,0,0
37143,5,5,5,0,0,5
37147,2,0,0,0,0,0
37145,2,0,0,0,0,0
37146,5,5,5,0,0,5
37150,2,0,0,0,0,0
37148,2,0,0,0,0,0
37149,5,5,5,0,0,5
37153,2,0,0,0,0,0
37151,2,0,0,0,0,0
37152,5,5,5,0,0,5
37156,2,0,0,0,0,0
37154,2,0,0,0,0,0
37155,5,5,5,0,0,5
37159,2,0,0,0,0,0
37157,2,0,0,0,0,0
37158,5,5,5,0,0,5
37162,2,0,0,0,0,0
37160,2,0,0,0,0,0
37161,5,5,5,0,0,5
37165,2,0,0,0,0,0
37163,2,0,0,0,0,0
37164,5,5,5,0,0,5
37168,2,0,0,0,0,0
37166,2,0,0,0,0,0
37167,5,5,5,0,0,5
37171,2,0,0,0,0,0
37169,2,0,0,0,0,0
37170,5,5,5,0,0,5
37174,2,0,0,0,0,0
37172,2,0,0,0,0,0
37173,5,5,5,0,0,5
37177,2,0,0,0,0,0
37175,2,0,0,0,0,0
37176,5,5,5,0,0,5
37180,2,0,0,0,0,0
37178,2,0,0,0,0,0
37179,5,5,5,0,0,5
37183,2,0,0,0,0,0
37181,2,0,0,0,0,0
37182,5,5,5,0,0,5
37186,2,0,0,0,0,0
37184,2,0,0,0,0,0
37185,5,5,5,0,0,5
37189,2,0,0,0,0,0
37187,2,0,0,0,0,0
37188,5,5,5,0,0,5
37192,2,0,0,0,0,0
37190,2,0,0,0,0,0
37191,5,5,5,0,0,5
37195,2,0,0,0,0,0
37193,2,0,0,0,0,0
37194,5,5,5,0,0,5
37198,2,0,0,0,0,0
37196,2,0,0,0,0,0
37197,5,5,5,0,0,5
37201,2,0,0,0,0,0
37199,2,0,0,0,0,0
37200,5,5,5,0,0,5
37204,2,0,0,0,0,0
37202,2,0,0,0,0,0
37203,5,5,5,0,0,5
37207,2,0,0,0,0,0
37205,2,0,0,0,0,0
37206,5,5,5,0,0,5
37210,2,0,0,0,0,0
37208,2,0,0,0,0,0
37209,5,5,5,0,0,5
37213,2,0,0,0,0,0
37211,2,0,0,0,0,0
37212,5,5,5,0,0,5
37216,2,0,0,0,0,0
37214,2,0,0,0,0,0
37215,5,5,5,0,0,5
37219,2,0,0,0,0,0
37217,2,0,0,0,0,0
37218,5,5,5,0,0,5
37222,2,0,0,0,0,0
37220,2,0,0,0,0,0
37221,5,5,5,0,0,5
37225,2,0,0,0,0,0
37223,2,0,0,0,0,0
37224,5,5,5,0,0,5
37228,2,0,0,0,0,0
37226,2,0,0,0,0,0
37227,5,5,5,0,0,5
37231,2,0,0,0,0,0
37229,2,0,0,0,0,0
37230,5,5,5,0,0,5
37234,2,0,0,0,0,0
37232,2,0,0,0,0,0
37233,5,5,5,0,0,5
37237,2,0,0,0,0,0
37235,2,0,0,0,0,0
37236,5,5,5,0,0,5
37240,2,0,0,0,0,0
37238,2,0,0,0,0,0
37239,5,5,5,0,0,5
37243,2,0,0,0,0,0
37241,2,0,0,0,0,0
37242,5,5,5,0,0,5
37246,2,0,0,0,0,0
37244,2,0,0,0,0,0
37245,5,5,5,0,0,5
37249,2,0,0,0,0,0
37247,2,0,0,0,0,0
37248,5,5,5,0,0,5
37252,2,0,0,0,0,0
37250,2,0,0,0,0,0
37251,5,5,5,0,0,5
37255,2,0,0,0,0,0
37253,2,0,0,0,0,0
37254,5,5,5,0,0,5
37258,2,0,0,0,0,0
37256,2,0,0,0,0,0
37257,5,5,5,0,0,5
37261,2,0,0,0,0,0
37259,2,0,0,0,0,0
37260,5,5,5,0,0,5
37264,2,0,0,0,0,0
37262,2,0,0,0,0,0
37263,5,5,5,0,0,5
37267,2,0,0,0,0,0
37265,2,0,0,0,0,0
37266,5,5,5,0,0,5
37270,2,0,0,0,0,0
37268,2,0,0,0,0,0
37269,5,5,5,0,0,5
37273,2,0,0,0,0,0
37271,2,0,0,0,0,0
37272,5,5,5,0,0,5
37276,2,0,0,0,0,0
37274,2,0,0,0,0,0
37275,5,5,5,0,0,5
37279,2,0,0,0,0,0
37277,2,0,0,0,0,0
37278,5,5,5,0,0,5
37282,2,0,0,0,0,0
37280,2,0,0,0,0,0
37281,5,5,5,0,0,5
37285,2,0,0,0,0,0
37283,2,0,0,0,0,0
37284,5,5,5,0,0,5
37288,2,0,0,0,0,0
37286,2,0,0,0,0,0
37287,5,5,5,0,0,5
37291,2,0,0,0,0,0
37289,2,0,0,0,0,0
37290,5,5,5,0,0,5
37294,2,0,0,0,0,0
37292,2,0,0,0,0,0
37293,5,5,5,0,0,5
37297,2,0,0,0,0,0
37295,2,0,0,0,0,0
37296,5,5,5,0,0,5
37300,2,0,0,0,0,0
37298,2,0,0,0,0,0
37299,5,5,5,0,0,5
37303,2,0,0,0,0,0
37301,2,0,0,0,0,0
37302,5,5,5,0,0,5
37306,2,0,0,0,0,0
37304,2,0,0,0,0,0
37305,5,5,5,0,0,5
37309,2,0,0,0,0,0
37307,2,0,0,0,0,0
37308,5,5,5,0,0,5
37312,2,0,0,0,0,0
37310,2,0,0,0,0,0
37311,5,5,5,0,0,5
37315,2,0,0,0,0,0
37313,2,0,0,0,0,0
37314,5,5,5,0,0,5
37318,2,0,0,0,0,0
37316,2,0,0,0,0,0
37317,5,5,5,0,0,5
37321,2,0,0,0,0,0
37319,2,0,0,0,0,0
37320,5,5,5,0,0,5
37324,2,0,0,0,0,0
37322,2,0,0,0,0,0
37323,5,5,5,0,0,5
37327,2,0,0,0,0,0
37325,2,0,0,0,0,0
37326,5,5,5,0,0,5
37330,2,0,0,0,0,0
37328,2,0,0,0,0,0
37329,5,5,5,0,0,5
37333,2,0,0,0,0,0
37331,2,0,0,0,0,0
37332,5,5,5,0,0,5
37336,2,0,0,0,0,0
37334,2,0,0,0,0,0
37335,5,5,5,0,0,5
37339,2,0,0,0,0,0
37337,2,0,0,0,0,0
37338,5,5,5,0,0,5
37342,2,0,0,0,0,0
37340,2,0,0,0,0,0
37341,5,5,5,0,0,5
37345,2,0,0,0,0,0
37343,2,0,0,0,0,0
37344,5,5,5,0,0,5
37348,2,0,0,0,0,0
37346,2,0,0,0,0,0
37347,5,5,5,0,0,5
37351,2,0,0,0,0,0
37349,2,0,0,0,0,0
37350,5,5,5,0,0,5
37354,2,0,0,0,0,0
37352,2,0,0,0,0,0
37353,5,5,5,0,0,5
37357,2,0,0,0,0,0
37355,2,0,0,0,0,0
37356,5,5,5,0,0,5
37360,2,0,0,0,0,0
37358,2,0,0,0,0,0
37359,5,5,5,0,0,5
37363,2,0,0,0,0,0
37361,2,0,0,0,0,0
37362,5,5,5,0,0,5
37366,2,0,0,0,0,0
37364,2,0,0,0,0,0
37365,5,5,5,0,0,5
37369,2,0,0,0,0,0
37367,2,0,0,0,0,0
37368,5,5,5,0,0,5
37372,2,0,0,0,0,0
37370,2,0,0,0,0,0
37371,5,5,5,0,0,5
37375,2,0,0,0,0,0
37373,2,0,0,0,0,0
37374,5,5,5,0,0,5
37378,2,0,0,0,0,0
37376,2,0,0,0,0,0
37377,5,5,5,0,0,5
37381,2,0,0,0,0,0
37379,2,0,0,0,0,0
37380,5,5,5,0,0,5
37384,2,0,0,0,0,0
37382,2,0,0,0,0,0
37383,5,5,5,0,0,5
37387,2,0,0,0,0,0
37385,2,0,0,0,0,0
37386,5,5,5,0,0,5
37390,2,0,0,0,0,0
37388,2,0,0,0,0,0
37389,5,5,5,0,0,5
37393,2,0,0,0,0,0
37391,2,0,0,0,0,0
37392,5,5,5,0,0,5
37396,2,0,0,0,0,0
37394,2,0,0,0,0,0
37395,5,5,5,0,0,5
37399,2,0,0,0,0,0
37397,2,0,0,0,0,0
37398,5,5,5,0,0,5
37402,2,0,0,0,0,0
37400,2,0,0,0,0,0
37401,5,5,5,0,0,5
37405,2,0,0,0,0,0
37403,2,0,0,0,0,0
37404,5,5,5,0,0,5
37408,2,0,0,0,0,0
37406,2,0,0,0,0,0
37407,5,5,5,0,0,5
37411,2,0,0,0,0,0
37409,2,0,0,0,0,0
37410,5,5,5,0,0,5
37414,2,0,0,0,0,0
37412,2,0,0,0,0,0
37413,5,5,5,0,0,5
37417,2,0,0,0,0,0
37415,2,0,0,0,0,0
37416,5,5,5,0,0,5
37420,2,0,0,0,0,0
37418,2,0,0,0,0,0
37419,5,5,5,0,0,5
37423,2,0,0,0,0,0
37421,2,0,0,0,0,0
37422,5,5,5,0,0,5
37426,2,0,0,0,0,0
37424,2,0,0,0,0,0
37425,5,5,5,0,0,5
37429,2,0,0,0,0,0
37427,2,0,0,0,0,0
37428,5,5,5,0,0,5
37432,2,0,0,0,0,0
37430,2,0,0,0,0,0
37431,5,5,5,0,0,5
37435,2,0,0,0,0,0
37433,2,0,0,0,0,0
37434,5,5,5,0,0,5
37438,2,0,0,0,0,0
37436,2,0,0,0,0,0
37437,5,5,5,0,0,5
37441,2,0,0,0,0,0
37439,2,0,0,0,0,0
37440,5,5,5,0,0,5
37444,2,0,0,0,0,0
37442,2,0,0,0,0,0
37443,5,5,5,0,0,5
37447,2,0,0,0,0,0
37445,2,0,0,0,0,0
37446,5,5,5,0,0,5
37450,2,0,0,0,0,0
37448,2,0,0,0,0,0
37449,5,5,5,0,0,5
37453,2,0,0,0,0,0
37451,2,0,0,0,0,0
37452,5,5,5,0,0,5
37456,2,0,0,0,0,0
37454,2,0,0,0,0,0
37455,5,5,5,0,0,5
37459,2,0,0,0,0,0
37457,2,0,0,0,0,0
37458,5,5,5,0,0,5
37462,2,0,0,0,0,0
37460,2,0,0,0,0,0
37461,5,5,5,0,0,5
37465,2,0,0,0,0,0
37463,2,0,0,0,0,0
37464,5,5,5,0,0,5
37468,2,0,0,0,0,0
37466,2,0,0,0,0,0
37467,5,5,5,0,0,5
37471,2,0,0,0,0,0
37469,2,0,0,0,0,0
37470,5,5,5,0,0,5
37474,2,0,0,0,0,0
37472,2,0,0,0,0,0
37473,5,5,5,0,0,5
37477,2,0,0,0,0,0
37475,2,0,0,0,0,0
37476,5,5,5,0,0,5
37480,2,0,0,0,0,0
37478,2,0,0,0,0,0
37479,5,5,5,0,0,5
37483,2,0,0,0,0,0
37481,2,0,0,0,0,0
37482,5,5,5,0,0,5
37486,2,0,0,0,0,0
37484,2,0,0,0,0,0
37485,5,5,5,0,0,5
37489,2,0,0,0,0,0
37487,2,0,0,0,0,0
37488,5,5,5,0,0,5
37492,2,0,0,0,0,0
37490,2,0,0,0,0,0
37491,5,5,5,0,0,5
37495,2,0,0,0,0,0
37493,2,0,0,0,0,0
37494,5,5,5,0,0,5
37498,2,0,0,0,0,0
37496,2,0,0,0,0,0
37497,5,5,5,0,0,5
37501,2,0,0,0,0,0
37499,2,0,0,0,0,0
37500,5,5,5,0,0,5
37504,2,0,0,0,0,0
37502,2,0,0,0,0,0
37503,5,5,5,0,0,5
37507,2,0,0,0,0,0
37505,2,0,0,0,0,0
37506,5,5,5,0,0,5
37510,2,0,0,0,0,0
37508,2,0,0,0,0,0
37509,5,5,5,0,0,5
37513,2,0,0,0,0,0
37511,2,0,0,0,0,0
37512,5,5,5,0,0,5
37516,2,0,0,0,0,0
37514,2,0,0,0,0,0
37515,5,5,5,0,0,5
37519,2,0,0,0,0,0
37517,2,0,0,0,0,0
37518,5,5,5,0,0,5
37522,2,0,0,0,0,0
37520,2,0,0,0,0,0
37521,5,5,5,0,0,5
37525,2,0,0,0,0,0
37523,2,0,0,0,0,0
37524,5,5,5,0,0,5
37528,2,0,0,0,0,0
37526,2,0,0,0,0,0
37527,5,5,5,0,0,5
37531,2,0,0,0,0,0
37529,2,0,0,0,0,0
37530,5,5,5,0,0,5
37534,2,0,0,0,0,0
37532,2,0,0,0,0,0
37533,5,5,5,0,0,5
37537,2,0,0,0,0,0
37535,2,0,0,0,0,0
37536,5,5,5,0,0,5
37540,2,0,0,0,0,0
37538,2,0,0,0,0,0
37539,5,5,5,0,0,5
37543,2,0,0,0,0,0
37541,2,0,0,0,0,0
37542,5,5,5,0,0,5
37546,2,0,0,0,0,0
37544,2,0,0,0,0,0
37545,5,5,5,0,0,5
37549,2,0,0,0,0,0
37547,2,0,0,0,0,0
37548,5,5,5,0,0,5
37552,2,0,0,0,0,0
37550,2,0,0,0,0,0
37551,5,5,5,0,0,5
37555,2,0,0,0,0,0
37553,2,0,0,0,0,0
37554,5,5,5,0,0,5
37558,2,0,0,0,0,0
37556,2,0,0,0,0,0
37557,5,5,5,0,0,5
37561,2,0,0,0,0,0
37559,2,0,0,0,0,0
37560,5,5,5,0,0,5
37564,2,0,0,0,0,0
37562,2,0,0,0,0,0
37563,5,5,5,0,0,5
37567,2,0,0,0,0,0
37565,2,0,0,0,0,0
37566,5,5,5,0,0,5
37570,2,0,0,0,0,0
37568,2,0,0,0,0,0
37569,5,5,5,0,0,5
37573,2,0,0,0,0,0
37571,2,0,0,0,0,0
37572,5,5,5,0,0,5
37576,2,0,0,0,0,0
37574,2,0,0,0,0,0
37575,5,5,5,0,0,5
37579,2,0,0,0,0,0
37577,2,0,0,0,0,0
37578,5,5,5,0,0,5
37582,2,0,0,0,0,0
37580,2,0,0,0,0,0
37581,5,5,5,0,0,5
37585,2,0,0,0,0,0
37583,2,0,0,0,0,0
37584,5,5,5,0,0,5
37588,2,0,0,0,0,0
37586,2,0,0,0,0,0
37587,5,5,5,0,0,5
37591,2,0,0,0,0,0
37589,2,0,0,0,0,0
37590,5,5,5,0,0,5
37594,2,0,0,0,0,0
37592,2,0,0,0,0,0
37593,5,5,5,0,0,5
37597,2,0,0,0,0,0
37595,2,0,0,0,0,0
37596,5,5,5,0,0,5
37600,2,0,0,0,0,0
37598,2,0,0,0,0,0
37599,5,5,5,0,0,5
37603,2,0,0,0,0,0
37601,2,0,0,0,0,0
37602,5,5,5,0,0,5
37606,2,0,0,0,0,0
37604,2,0,0,0,0,0
37605,5,5,5,0,0,5
37609,2,0,0,0,0,0
37607,2,0,0,0,0,0
37608,5,5,5,0,0,5
37612,2,0,0,0,0,0
37610,2,0,0,0,0,0
37611,5,5,5,0,0,5
37615,2,0,0,0,0,0
37613,2,0,0,0,0,0
37614,5,5,5,0,0,5
37618,2,0,0,0,0,0
37616,2,0,0,0,0,0
37617,5,5,5,0,0,5
37621,2,0,0,0,0,0
37619,2,0,0,0,0,0
37620,5,5,5,0,0,5
37624,2,0,0,0,0,0
37622,2,0,0,0,0,0
37623,5,5,5,0,0,5
37627,2,0,0,0,0,0
37625,2,0,0,0,0,0
37626,5,5,5,0,0,5
37630,2,0,0,0,0,0
37628,2,0,0,0,0,0
37629,5,5,5,0,0,5
37633,2,0,0,0,0,0
37631,2,0,0,0,0,0
37632,5,5,5,0,0,5
37636,2,0,0,0,0,0
37634,2,0,0,0,0,0
37635,5,5,5,0,0,5
37639,2,0,0,0,0,0
37637,2,0,0,0,0,0
37638,5,5,5,0,0,5
37642,2,0,0,0,0,0
37640,2,0,0,0,0,0
37641,5,5,5,0,0,5
37645,2,0,0,0,0,0
37643,2,0,0,0,0,0
37644,5,5,5,0,0,5
37648,2,0,0,0,0,0
37646,2,0,0,0,0,0
37647,5,5,5,0,0,5
37651,2,0,0,0,0,0
37649,2,0,0,0,0,0
37650,5,5,5,0,0,5
37654,2,0,0,0,0,0
37652,2,0,0,0,0,0
37653,5,5,5,0,0,5
37657,2,0,0,0,0,0
37655,2,0,0,0,0,0
37656,5,5,5,0,0,5
37660,2,0,0,0,0,0
37658,2,0,0,0,0,0
37659,5,5,5,0,0,5
37663,2,0,0,0,0,0
37661,2,0,0,0,0,0
37662,5,5,5,0,0,5
37666,2,0,0,0,0,0
37664,2,0,0,0,0,0
37665,5,5,5,0,0,5
37669,2,0,0,0,0,0
37667,2,0,0,0,0,0
37668,5,5,5,0,0,5
37672,2,0,0,0,0,0
37670,2,0,0,0,0,0
37671,5,5,5,0,0,5
37675,2,0,0,0,0,0
37673,2,0,0,0,0,0
37674,5,5,5,0,0,5
37678,2,0,0,0,0,0
37676,2,0,0,0,0,0
37677,5,5,5,0,0,5
37681,2,0,0,0,0,0
37679,2,0,0,0,0,0
37680,5,5,5,0,0,5
37684,2,0,0,0,0,0
37682,2,0,0,0,0,0
37683,5,5,5,0,0,5
37687,2,0,0,0,0,0
37685,2,0,0,0,0,0
37686,5,5,5,0,0,5
37690,2,0,0,0,0,0
37688,2,0,0,0,0,0
37689,5,5,5,0,0,5
37693,2,0,0,0,0,0
37691,2,0,0,0,0,0
37692,5,5,5,0,0,5
37696,2,0,0,0,0,0
37694,2,0,0,0,0,0
37695,5,5,5,0,0,5
37699,2,0,0,0,0,0
37697,2,0,0,0,0,0
37698,5,5,5,0,0,5
37702,2,0,0,0,0,0
37700,2,0,0,0,0,0
37701,5,5,5,0,0,5
37705,2,0,0,0,0,0
37703,2,0,0,0,0,0
37704,5,5,5,0,0,5
37708,2,0,0,0,0,0
37706,2,0,0,0,0,0
37707,5,5,5,0,0,5
37711,2,0,0,0,0,0
37709,2,0,0,0,0,0
37710,5,5,5,0,0,5
37714,2,0,0,0,0,0
37712,2,0,0,0,0,0
37713,5,5,5,0,0,5
37717,2,0,0,0,0,0
37715,2,0,0,0,0,0
37716,5,5,5,0,0,5
37720,2,0,0,0,0,0
37718,2,0,0,0,0,0
37719,5,5,5,0,0,5
37723,2,0,0,0,0,0
37721,2,0,0,0,0,0
37722,5,5,5,0,0,5
37726,2,0,0,0,0,0
37724,2,0,0,0,0,0
37725,5,5,5,0,0,5
37729,2,0,0,0,0,0
37727,2,0,0,0,0,0
37728,5,5,5,0,0,5
37732,2,0,0,0,0,0
37730,2,0,0,0,0,0
37731,5,5,5,0,0,5
37735,2,0,0,0,0,0
37733,2,0,0,0,0,0
37734,5,5,5,0,0,5
37738,2,0,0,0,0,0
37736,2,0,0,0,0,0
37737,5,5,5,0,0,5
37741,2,0,0,0,0,0
37739,2,0,0,0,0,0
37740,5,5,5,0,0,5
37744,2,0,0,0,0,0
37742,2,0,0,0,0,0
37743,5,5,5,0,0,5
37747,2,0,0,0,0,0
37745,2,0,0,0,0,0
37746,5,5,5,0,0,5
37750,2,0,0,0,0,0
37748,2,0,0,0,0,0
37749,5,5,5,0,0,5
37753,2,0,0,0,0,0
37751,2,0,0,0,0,0
37752,5,5,5,0,0,5
37756,2,0,0,0,0,0
37754,2,0,0,0,0,0
37755,5,5,5,0,0,5
37759,2,0,0,0,0,0
37757,2,0,0,0,0,0
37758,5,5,5,0,0,5
37762,2,0,0,0,0,0
37760,2,0,0,0,0,0
37761,5,5,5,0,0,5
37765,2,0,0,0,0,0
37763,2,0,0,0,0,0
37764,5,5,5,0,0,5
37768,2,0,0,0,0,0
37766,2,0,0,0,0,0
37767,5,5,5,0,0,5
37771,2,0,0,0,0,0
37769,2,0,0,0,0,0
37770,5,5,5,0,0,5
37774,2,0,0,0,0,0
37772,2,0,0,0,0,0
37773,5,5,5,0,0,5
37777,2,0,0,0,0,0
37775,2,0,0,0,0,0
37776,5,5,5,0,0,5
37780,2,0,0,0,0,0
37778,2,0,0,0,0,0
37779,5,5,5,0,0,5
37783,2,0,0,0,0,0
37781,2,0,0,0,0,0
37782,5,5,5,0,0,5
37786,2,0,0,0,0,0
37784,2,0,0,0,0,0
37785,5,5,5,0,0,5
37789,2,0,0,0,0,0
37787,2,0,0,0,0,0
37788,5,5,5,0,0,5
37792,2,0,0,0,0,0
37790,2,0,0,0,0,0
37791,5,5,5,0,0,5
37795,2,0,0,0,0,0
37793,2,0,0,0,0,0
37794,5,5,5,0,0,5
37798,2,0,0,0,0,0
37796,2,0,0,0,0,0
37797,5,5,5,0,0,5
37801,2,0,0,0,0,0
37799,2,0,0,0,0,0
37800,5,5,5,0,0,5
37804,2,0,0,0,0,0
37802,2,0,0,0,0,0
37803,5,5,5,0,0,5
37807,2,0,0,0,0,0
37805,2,0,0,0,0,0
37806,5,5,5,0,0,5
37810,2,0,0,0,0,0
37808,2,0,0,0,0,0
37809,5,5,5,0,0,5
37813,2,0,0,0,0,0
37811,2,0,0,0,0,0
37812,5,5,5,0,0,5
37816,2,0,0,0,0,0
37814,2,0,0,0,0,0
37815,5,5,5,0,0,5
37819,2,0,0,0,0,0
37817,2,0,0,0,0,0
37818,5,5,5,0,0,5
37822,2,0,0,0,0,0
37820,2,0,0,0,0,0
37821,5,5,5,0,0,5
37825,2,0,0,0,0,0
37823,2,0,0,0,0,0
37824,5,5,5,0,0,5
37828,2,0,0,0,0,0
37826,2,0,0,0,0,0
37827,5,5,5,0,0,5
37831,2,0,0,0,0,0
37829,2,0,0,0,0,0
37830,5,5,5,0,0,5
37834,2,0,0,0,0,0
37832,2,0,0,0,0,0
37833,5,5,5,0,0,5
37837,2,0,0,0,0,0
37835,2,0,0,0,0,0
37836,5,5,5,0,0,5
37840,2,0,0,0,0,0
37838,2,0,0,0,0,0
37839,5,5,5,0,0,5
37843,2,0,0,0,0,0
37841,2,0,0,0,0,0
37842,5,5,5,0,0,5
37846,2,0,0,0,0,0
37844,2,0,0,0,0,0
37845,5,5,5,0,0,5
37849,2,0,0,0,0,0
37847,2,0,0,0,0,0
37848,5,5,5,0,0,5
37852,2,0,0,0,0,0
37850,2,0,0,0,0,0
37851,5,5,5,0,0,5
37855,2,0,0,0,0,0
37853,2,0,0,0,0,0
37854,5,5,5,0,0,5
37858,2,0,0,0,0,0
37856,2,0,0,0,0,0
37857,5,5,5,0,0,5
37861,2,0,0,0,0,0
37859,2,0,0,0,0,0
37860,5,5,5,0,0,5
37864,2,0,0,0,0,0
37862,2,0,0,0,0,0
37863,5,5,5,0,0,5
37867,2,0,0,0,0,0
37865,2,0,0,0,0,0
37866,5,5,5,0,0,5
37870,2,0,0,0,0,0
37868,2,0,0,0,0,0
37869,5,5,5,0,0,5
37873,2,0,0,0,0,0
37871,2,0,0,0,0,0
37872,5,5,5,0,0,5
37876,2,0,0,0,0,0
37874,2,0,0,0,0,0
37875,5,5,5,0,0,5
37879,2,0,0,0,0,0
37877,2,0,0,0,0,0
37878,5,5,5,0,0,5
37882,2,0,0,0,0,0
37880,2,0,0,0,0,0
37881,5,5,5,0,0,5
37885,2,0,0,0,0,0
37883,2,0,0,0,0,0
37884,5,5,5,0,0,5
37888,2,0,0,0,0,0
37886,2,0,0,0,0,0
37887,5,5,5,0,0,5
37891,2,0,0,0,0,0
37889,2,0,0,0,0,0
37890,5,5,5,0,0,5
37894,2,0,0,0,0,0
37892,2,0,0,0,0,0
37893,5,5,5,0,0,5
37897,2,0,0,0,0,0
37895,2,0,0,0,0,0
37896,5,5,5,0,0,5
37900,2,0,0,0,0,0
37898,2,0,0,0,0,0
37899,5,5,5,0,0,5
37903,2,0,0,0,0,0
37901,2,0,0,0,0,0
37902,5,5,5,0,0,5
37906,2,0,0,0,0,0
37904,2,0,0,0,0,0
37905,5,5,5,0,0,5
37909,2,0,0,0,0,0
37907,2,0,0,0,0,0
37908,5,5,5,0,0,5
37912,2,0,0,0,0,0
37910,2,0,0,0,0,0
37911,5,5,5,0,0,5
37915,2,0,0,0,0,0
37913,2,0,0,0,0,0
37914,5,5,5,0,0,5
37918,2,0,0,0,0,0
37916,2,0,0,0,0,0
37917,5,5,5,0,0,5
37921,2,0,0,0,0,0
37919,2,0,0,0,0,0
37920,5,5,5,0,0,5
37924,2,0,0,0,0,0
37922,2,0,0,0,0,0
37923,5,5,5,0,0,5
37927,2,0,0,0,0,0
37925,2,0,0,0,0,0
37926,5,5,5,0,0,5
37930,2,0,0,0,0,0
37928,2,0,0,0,0,0
37929,5,5,5,0,0,5
37933,2,0,0,0,0,0
37931,2,0,0,0,0,0
37932,5,5,5,0,0,5
37936,2,0,0,0,0,0
37934,2,0,0,0,0,0
37935,5,5,5,0,0,5
37939,2,0,0,0,0,0
37937,2,0,0,0,0,0
37938,5,5,5,0,0,5
37942,2,0,0,0,0,0
37940,2,0,0,0,0,0
37941,5,5,5,0,0,5
37945,2,0,0,0,0,0
37943,2,0,0,0,0,0
37944,5,5,5,0,0,5
37948,2,0,0,0,0,0
37946,2,0,0,0,0,0
37947,5,5,5,0,0,5
37951,2,0,0,0,0,0
37949,2,0,0,0,0,0
37950,5,5,5,0,0,5
37954,2,0,0,0,0,0
37952,2,0,0,0,0,0
37953,5,5,5,0,0,5
37957,2,0,0,0,0,0
37955,2,0,0,0,0,0
37956,5,5,5,0,0,5
37960,2,0,0,0,0,0
37958,2,0,0,0,0,0
37959,5,5,5,0,0,5
37963,2,0,0,0,0,0
37961,2,0,0,0,0,0
37962,5,5,5,0,0,5
37966,2,0,0,0,0,0
37964,2,0,0,0,0,0
37965,5,5,5,0,0,5
37969,2,0,0,0,0,0
37967,2,0,0,0,0,0
37968,5,5,5,0,0,5
37972,2,0,0,0,0,0
37970,2,0,0,0,0,0
37971,5,5,5,0,0,5
37975,2,0,0,0,0,0
37973,2,0,0,0,0,0
37974,5,5,5,0,0,5
37978,2,0,0,0,0,0
37976,2,0,0,0,0,0
37977,5,5,5,0,0,5
37981,2,0,0,0,0,0
37979,2,0,0,0,0,0
37980,5,5,5,0,0,5
37984,2,0,0,0,0,0
37982,2,0,0,0,0,0
37983,5,5,5,0,0,5
37987,2,0,0,0,0,0
37985,2,0,0,0,0,0
37986,5,5,5,0,0,5
37990,2,0,0,0,0,0
37988,2,0,0,0,0,0
37989,5,5,5,0,0,5
37993,2,0,0,0,0,0
37991,2,0,0,0,0,0
37992,5,5,5,0,0,5
37996,2,0,0,0,0,0
37994,2,0,0,0,0,0
37995,5,5,5,0,0,5
37999,2,0,0,0,0,0
37997,2,0,0,0,0,0
37998,5,5,5,0,0,5
38002,2,0,0,0,0,0
38000,2,0,0,0,0,0
38001,5,5,5,0,0,5
38005,2,0,0,0,0,0
38003,2,0,0,0,0,0
38004,5,5,5,0,0,5
38008,2,0,0,0,0,0
38006,2,0,0,0,0,0
38007,5,5,5,0,0,5
38011,2,0,0,0,0,0
38009,2,0,0,0,0,0
38010,5,5,5,0,0,5
38014,2,0,0,0,0,0
38012,2,0,0,0,0,0
38013,5,5,5,0,0,5
38017,2,0,0,0,0,0
38015,2,0,0,0,0,0
38016,5,5,5,0,0,5
38020,2,0,0,0,0,0
38018,2,0,0,0,0,0
38019,5,5,5,0,0,5
38023,2,0,0,0,0,0
38021,2,0,0,0,0,0
38022,5,5,5,0,0,5
38026,2,0,0,0,0,0
38024,2,0,0,0,0,0
38025,5,5,5,0,0,5
38029,2,0,0,0,0,0
38027,2,0,0,0,0,0
38028,5,5,5,0,0,5
38032,2,0,0,0,0,0
38030,2,0,0,0,0,0
38031,5,5,5,0,0,5
38035,2,0,0,0,0,0
38033,2,0,0,0,0,0
38034,5,5,5,0,0,5
38038,2,0,0,0,0,0
38036,2,0,0,0,0,0
38037,5,5,5,0,0,5
38041,2,0,0,0,0,0
38039,2,0,0,0,0,0
38040,5,5,5,0,0,5
38044,2,0,0,0,0,0
38042,2,0,0,0,0,0
38043,5,5,5,0,0,5
38047,2,0,0,0,0,0
38045,2,0,0,0,0,0
38046,5,5,5,0,0,5
38050,2,0,0,0,0,0
38048,2,0,0,0,0,0
38049,5,5,5,0,0,5
38053,2,0,0,0,0,0
38051,2,0,0,0,0,0
38052,5,5,5,0,0,5
38056,2,0,0,0,0,0
38054,2,0,0,0,0,0
38055,5,5,5,0,0,5
38059,2,0,0,0,0,0
38057,2,0,0,0,0,0
38058,5,5,5,0,0,5
38062,2,0,0,0,0,0
38060,2,0,0,0,0,0
38061,5,5,5,0,0,5
38065,2,0,0,0,0,0
38063,2,0,0,0,0,0
38064,5,5,5,0,0,5
38068,2,0,0,0,0,0
38066,2,0,0,0,0,0
38067,5,5,5,0,0,5
38071,2,0,0,0,0,0
38069,2,0,0,0,0,0
38070,5,5,5,0,0,5
38074,2,0,0,0,0,0
38072,2,0,0,0,0,0
38073,5,5,5,0,0,5
38077,2,0,0,0,0,0
38075,2,0,0,0,0,0
38076,5,5,5,0,0,5
38080,2,0,0,0,0,0
38078,2,0,0,0,0,0
38079,5,5,5,0,0,5
38083,2,0,0,0,0,0
38081,2,0,0,0,0,0
38082,5,5,5,0,0,5
38086,2,0,0,0,0,0
38084,2,0,0,0,0,0
38085,5,5,5,0,0,5
38089,2,0,0,0,0,0
38087,2,0,0,0,0,0
38088,5,5,5,0,0,5
38092,2,0,0,0,0,0
38090,2,0,0,0,0,0
38091,5,5,5,0,0,5
38095,2,0,0,0,0,0
38093,2,0,0,0,0,0
38094,5,5,5,0,0,5
38098,2,0,0,0,0,0
38096,2,0,0,0,0,0
38097,5,5,5,0,0,5
38101,2,0,0,0,0,0
38099,2,0,0,0,0,0
38100,5,5,5,0,0,5
38104,2,0,0,0,0,0
38102,2,0,0,0,0,0
38103,5,5,5,0,0,5
38107,2,0,0,0,0,0
38105,2,0,0,0,0,0
38106,5,5,5,0,0,5
38110,2,0,0,0,0,0
38108,2,0,0,0,0,0
38109,5,5,5,0,0,5
38113,2,0,0,0,0,0
38111,2,0,0,0,0,0
38112,5,5,5,0,0,5
38116,2,0,0,0,0,0
38114,2,0,0,0,0,0
38115,5,5,5,0,0,5
38119,2,0,0,0,0,0
38117,2,0,0,0,0,0
38118,5,5,5,0,0,5
38122,2,0,0,0,0,0
38120,2,0,0,0,0,0
38121,5,5,5,0,0,5
38125,2,0,0,0,0,0
38123,2,0,0,0,0,0
38124,5,5,5,0,0,5
38128,2,0,0,0,0,0
38126,2,0,0,0,0,0
38127,5,5,5,0,0,5
38131,2,0,0,0,0,0
38129,2,0,0,0,0,0
38130,5,5,5,0,0,5
38134,2,0,0,0,0,0
38132,2,0,0,0,0,0
38133,5,5,5,0,0,5
38137,2,0,0,0,0,0
38135,2,0,0,0,0,0
38136,5,5,5,0,0,5
38140,2,0,0,0,0,0
38138,2,0,0,0,0,0
38139,5,5,5,0,0,5
38143,2,0,0,0,0,0
38141,2,0,0,0,0,0
38142,5,5,5,0,0,5
38146,2,0,0,0,0,0
38144,2,0,0,0,0,0
38145,5,5,5,0,0,5
38149,2,0,0,0,0,0
38147,2,0,0,0,0,0
38148,5,5,5,0,0,5
38152,2,0,0,0,0,0
38150,2,0,0,0,0,0
38151,5,5,5,0,0,5
38155,2,0,0,0,0,0
38153,2,0,0,0,0,0
38154,5,5,5,0,0,5
38158,2,0,0,0,0,0
38156,2,0,0,0,0,0
38157,5,5,5,0,0,5
38161,2,0,0,0,0,0
38159,2,0,0,0,0,0
38160,5,5,5,0,0,5
38164,2,0,0,0,0,0
38162,2,0,0,0,0,0
38163,5,5,5,0,0,5
38167,2,0,0,0,0,0
38165,2,0,0,0,0,0
38166,5,5,5,0,0,5
38170,2,0,0,0,0,0
38168,2,0,0,0,0,0
38169,5,5,5,0,0,5
38173,2,0,0,0,0,0
38171,2,0,0,0,0,0
38172,5,5,5,0,0,5
38176,2,0,0,0,0,0
38174,2,0,0,0,0,0
38175,5,5,5,0,0,5
38179,2,0,0,0,0,0
38177,2,0,0,0,0,0
38178,5,5,5,0,0,5
38182,2,0,0,0,0,0
38180,2,0,0,0,0,0
38181,5,5,5,0,0,5
38185,2,0,0,0,0,0
38183,2,0,0,0,0,0
38184,5,5,5,0,0,5
38188,2,0,0,0,0,0
38186,2,0,0,0,0,0
38187,5,5,5,0,0,5
38191,2,0,0,0,0,0
38189,2,0,0,0,0,0
38190,5,5,5,0,0,5
38194,2,0,0,0,0,0
38192,2,0,0,0,0,0
38193,5,5,5,0,0,5
38197,2,0,0,0,0,0
38195,2,0,0,0,0,0
38196,5,5,5,0,0,5
38200,2,0,0,0,0,0
38198,2,0,0,0,0,0
38199,5,5,5,0,0,5
38203,2,0,0,0,0,0
38201,2,0,0,0,0,0
38202,5,5,5,0,0,5
38206,2,0,0,0,0,0
38204,2,0,0,0,0,0
38205,5,5,5,0,0,5
38209,2,0,0,0,0,0
38207,2,0,0,0,0,0
38208,5,5,5,0,0,5
38212,2,0,0,0,0,0
38210,2,0,0,0,0,0
38211,5,5,5,0,0,5
38215,2,0,0,0,0,0
38213,2,0,0,0,0,0
38214,5,5,5,0,0,5
38218,2,0,0,0,0,0
38216,2,0,0,0,0,0
38217,5,5,5,0,0,5
38221,2,0,0,0,0,0
38219,2,0,0,0,0,0
38220,5,5,5,0,0,5
38224,2,0,0,0,0,0
38222,2,0,0,0,0,0
38223,5,5,5,0,0,5
38227,2,0,0,0,0,0
38225,2,0,0,0,0,0
38226,5,5,5,0,0,5
38230,2,0,0,0,0,0
38228,2,0,0,0,0,0
38229,5,5,5,0,0,5
38233,2,0,0,0,0,0
38231,2,0,0,0,0,0
38232,5,5,5,0,0,5
38236,2,0,0,0,0,0
38234,2,0,0,0,0,0
38235,5,5,5,0,0,5
38239,2,0,0,0,0,0
38237,2,0,0,0,0,0
38238,5,5,5,0,0,5
38242,2,0,0,0,0,0
38240,2,0,0,0,0,0
38241,5,5,5,0,0,5
38245,2,0,0,0,0,0
38243,2,0,0,0,0,0
38244,5,5,5,0,0,5
38248,2,0,0,0,0,0
38246,2,0,0,0,0,0
38247,5,5,5,0,0,5
38251,2,0,0,0,0,0
38249,2,0,0,0,0,0
38250,5,5,5,0,0,5
38254,2,0,0,0,0,0
38252,2,0,0,0,0,0
38253,5,5,5,0,0,5
38257,2,0,0,0,0,0
38255,2,0,0,0,0,0
38256,5,5,5,0,0,5
38260,2,0,0,0,0,0
38258,2,0,0,0,0,0
38259,5,5,5,0,0,5
38263,2,0,0,0,0,0
38261,2,0,0,0,0,0
38262,5,5,5,0,0,5
38266,2,0,0,0,0,0
38264,2,0,0,0,0,0
38265,5,5,5,0,0,5
38269,2,0,0,0,0,0
38267,2,0,0,0,0,0
38268,5,5,5,0,0,5
38272,2,0,0,0,0,0
38270,2,0,0,0,0,0
38271,5,5,5,0,0,5
38275,2,0,0,0,0,0
38273,2,0,0,0,0,0
38274,5,5,5,0,0,5
38278,2,0,0,0,0,0
38276,2,0,0,0,0,0
38277,5,5,5,0,0,5
38281,2,0,0,0,0,0
38279,2,0,0,0,0,0
38280,5,5,5,0,0,5
38284,2,0,0,0,0,0
38282,2,0,0,0,0,0
38283,5,5,5,0,0,5
38287,2,0,0,0,0,0
38285,2,0,0,0,0,0
38286,5,5,5,0,0,5
38290,2,0,0,0,0,0
38288,2,0,0,0,0,0
38289,5,5,5,0,0,5
38293,2,0,0,0,0,0
38291,2,0,0,0,0,0
38292,5,5,5,0,0,5
38296,2,0,0,0,0,0
38294,2,0,0,0,0,0
38295,5,5,5,0,0,5
38299,2,0,0,0,0,0
38297,2,0,0,0,0,0
38298,5,5,5,0,0,5
38302,2,0,0,0,0,0
38300,2,0,0,0,0,0
38301,5,5,5,0,0,5
38305,2,0,0,0,0,0
38303,2,0,0,0,0,0
38304,5,5,5,0,0,5
38308,2,0,0,0,0,0
38306,2,0,0,0,0,0
38307,5,5,5,0,0,5
38311,2,0,0,0,0,0
38309,2,0,0,0,0,0
38310,5,5,5,0,0,5
38314,2,0,0,0,0,0
38312,2,0,0,0,0,0
38313,5,5,5,0,0,5
38317,2,0,0,0,0,0
38315,2,0,0,0,0,0
38316,5,5,5,0,0,5
38320,2,0,0,0,0,0
38318,2,0,0,0,0,0
38319,5,5,5,0,0,5
38323,2,0,0,0,0,0
38321,2,0,0,0,0,0
38322,5,5,5,0,0,5
38326,2,0,0,0,0,0
38324,2,0,0,0,0,0
38325,5,5,5,0,0,5
38329,2,0,0,0,0,0
38327,2,0,0,0,0,0
38328,5,5,5,0,0,5
38332,2,0,0,0,0,0
38330,2,0,0,0,0,0
38331,5,5,5,0,0,5
38335,2,0,0,0,0,0
38333,2,0,0,0,0,0
38334,5,5,5,0,0,5
38338,2,0,0,0,0,0
38336,2,0,0,0,0,0
38337,5,5,5,0,0,5
38341,2,0,0,0,0,0
38339,2,0,0,0,0,0
38340,5,5,5,0,0,5
38344,2,0,0,0,0,0
38342,2,0,0,0,0,0
38343,5,5,5,0,0,5
38347,2,0,0,0,0,0
38345,2,0,0,0,0,0
38346,5,5,5,0,0,5
38350,2,0,0,0,0,0
38348,2,0,0,0,0,0
38349,5,5,5,0,0,5
38353,2,0,0,0,0,0
38351,2,0,0,0,0,0
38352,5,5,5,0,0,5
38356,2,0,0,0,0,0
38354,2,0,0,0,0,0
38355,5,5,5,0,0,5
38359,2,0,0,0,0,0
38357,2,0,0,0,0,0
38358,5,5,5,0,0,5
38362,2,0,0,0,0,0
38360,2,0,0,0,0,0
38361,5,5,5,0,0,5
38365,2,0,0,0,0,0
38363,2,0,0,0,0,0
38364,5,5,5,0,0,5
38368,2,0,0,0,0,0
38366,2,0,0,0,0,0
38367,5,5,5,0,0,5
38371,2,0,0,0,0,0
38369,2,0,0,0,0,0
38370,5,5,5,0,0,5
38374,2,0,0,0,0,0
38372,2,0,0,0,0,0
38373,5,5,5,0,0,5
38377,2,0,0,0,0,0
38375,2,0,0,0,0,0
38376,5,5,5,0,0,5
38380,2,0,0,0,0,0
38378,2,0,0,0,0,0
38379,5,5,5,0,0,5
38383,2,0,0,0,0,0
38381,2,0,0,0,0,0
38382,5,5,5,0,0,5
38386,2,0,0,0,0,0
38384,2,0,0,0,0,0
38385,5,5,5,0,0,5
38389,2,0,0,0,0,0
38387,2,0,0,0,0,0
38388,5,5,5,0,0,5
38392,2,0,0,0,0,0
38390,2,0,0,0,0,0
38391,5,5,5,0,0,5
38395,2,0,0,0,0,0
38393,2,0,0,0,0,0
38394,5,5,5,0,0,5
38398,2,0,0,0,0,0
38396,2,0,0,0,0,0
38397,5,5,5,0,0,5
38401,2,0,0,0,0,0
38399,2,0,0,0,0,0
38400,5,5,5,0,0,5
38404,2,0,0,0,0,0
38402,2,0,0,0,0,0
38403,5,5,5,0,0,5
38407,2,0,0,0,0,0
38405,2,0,0,0,0,0
38406,5,5,5,0,0,5
38410,2,0,0,0,0,0
38408,2,0,0,0,0,0
38409,5,5,5,0,0,5
38413,2,0,0,0,0,0
38411,2,0,0,0,0,0
38412,5,5,5,0,0,5
38416,2,0,0,0,0,0
38414,2,0,0,0,0,0
38415,5,5,5,0,0,5
38419,2,0,0,0,0,0
38417,2,0,0,0,0,0
38418,5,5,5,0,0,5
38422,2,0,0,0,0,0
38420,2,0,0,0,0,0
38421,5,5,5,0,0,5
38425,2,0,0,0,0,0
38423,2,0,0,0,0,0
38424,5,5,5,0,0,5
38428,2,0,0,0,0,0
38426,2,0,0,0,0,0
38427,5,5,5,0,0,5
38431,2,0,0,0,0,0
38429,2,0,0,0,0,0
38430,5,5,5,0,0,5
38434,2,0,0,0,0,0
38432,2,0,0,0,0,0
38433,5,5,5,0,0,5
38437,2,0,0,0,0,0
38435,2,0,0,0,0,0
38436,5,5,5,0,0,5
38440,2,0,0,0,0,0
38438,2,0,0,0,0,0
38439,5,5,5,0,0,5
38443,2,0,0,0,0,0
38441,2,0,0,0,0,0
38442,5,5,5,0,0,5
38446,2,0,0,0,0,0
38444,2,0,0,0,0,0
38445,5,5,5,0,0,5
38449,2,0,0,0,0,0
38447,2,0,0,0,0,0
38448,5,5,5,0,0,5
38452,2,0,0,0,0,0
38450,2,0,0,0,0,0
38451,5,5,5,0,0,5
38455,2,0,0,0,0,0
38453,2,0,0,0,0,0
38454,5,5,5,0,0,5
38458,2,0,0,0,0,0
38456,2,0,0,0,0,0
38457,5,5,5,0,0,5
38461,2,0,0,0,0,0
38459,2,0,0,0,0,0
38460,5,5,5,0,0,5
38464,2,0,0,0,0,0
38462,2,0,0,0,0,0
38463,5,5,5,0,0,5
38467,2,0,0,0,0,0
38465,2,0,0,0,0,0
38466,5,5,5,0,0,5
38470,2,0,0,0,0,0
38468,2,0,0,0,0,0
38469,5,5,5,0,0,5
38473,2,0,0,0,0,0
38471,2,0,0,0,0,0
38472,5,5,5,0,0,5
38476,2,0,0,0,0,0
38474,2,0,0,0,0,0
38475,5,5,5,0,0,5
38479,2,0,0,0,0,0
38477,2,0,0,0,0,0
38478,5,5,5,0,0,5
38482,2,0,0,0,0,0
38480,2,0,0,0,0,0
38481,5,5,5,0,0,5
38485,2,0,0,0,0,0
38483,2,0,0,0,0,0
38484,5,5,5,0,0,5
38488,2,0,0,0,0,0
38486,2,0,0,0,0,0
38487,5,5,5,0,0,5
38491,2,0,0,0,0,0
38489,2,0,0,0,0,0
38490,5,5,5,0,0,5
38494,2,0,0,0,0,0
38492,2,0,0,0,0,0
38493,5,5,5,0,0,5
38497,2,0,0,0,0,0
38495,2,0,0,0,0,0
38496,5,5,5,0,0,5
38500,2,0,0,0,0,0
38498,2,0,0,0,0,0
38499,5,5,5,0,0,5
38503,2,0,0,0,0,0
38501,2,0,0,0,0,0
38502,5,5,5,0,0,5
38506,2,0,0,0,0,0
38504,2,0,0,0,0,0
38505,5,5,5,0,0,5
38509,2,0,0,0,0,0
38507,2,0,0,0,0,0
38508,5,5,5,0,0,5
38512,2,0,0,0,0,0
38510,2,0,0,0,0,0
38511,5,5,5,0,0,5
38515,2,0,0,0,0,0
38513,2,0,0,0,0,0
38514,5,5,5,0,0,5
38518,2,0,0,0,0,0
38516,2,0,0,0,0,0
38517,5,5,5,0,0,5
38521,2,0,0,0,0,0
38519,2,0,0,0,0,0
38520,5,5,5,0,0,5
38524,2,0,0,0,0,0
38522,2,0,0,0,0,0
38523,5,5,5,0,0,5
38527,2,0,0,0,0,0
38525,2,0,0,0,0,0
38526,5,5,5,0,0,5
38530,2,0,0,0,0,0
38528,2,0,0,0,0,0
38529,5,5,5,0,0,5
38533,2,0,0,0,0,0
38531,2,0,0,0,0,0
38532,5,5,5,0,0,5
38536,2,0,0,0,0,0
38534,2,0,0,0,0,0
38535,5,5,5,0,0,5
38539,2,0,0,0,0,0
38537,2,0,0,0,0,0
38538,5,5,5,0,0,5
38542,2,0,0,0,0,0
38540,2,0,0,0,0,0
38541,5,5,5,0,0,5
38545,2,0,0,0,0,0
38543,2,0,0,0,0,0
38544,5,5,5,0,0,5
38548,2,0,0,0,0,0
38546,2,0,0,0,0,0
38547,5,5,5,0,0,5
38551,2,0,0,0,0,0
38549,2,0,0,0,0,0
38550,5,5,5,0,0,5
38554,2,0,0,0,0,0
38552,2,0,0,0,0,0
38553,5,5,5,0,0,5
38557,2,0,0,0,0,0
38555,2,0,0,0,0,0
38556,5,5,5,0,0,5
38560,2,0,0,0,0,0
38558,2,0,0,0,0,0
38559,5,5,5,0,0,5
38563,2,0,0,0,0,0
38561,2,0,0,0,0,0
38562,5,5,5,0,0,5
38566,2,0,0,0,0,0
38564,2,0,0,0,0,0
38565,5,5,5,0,0,5
38569,2,0,0,0,0,0
38567,2,0,0,0,0,0
38568,5,5,5,0,0,5
38572,2,0,0,0,0,0
38570,2,0,0,0,0,0
38571,5,5,5,0,0,5
38575,2,0,0,0,0,0
38573,2,0,0,0,0,0
38574,5,5,5,0,0,5
38578,2,0,0,0,0,0
38576,2,0,0,0,0,0
38577,5,5,5,0,0,5
38581,2,0,0,0,0,0
38579,2,0,0,0,0,0
38580,5,5,5,0,0,5
38584,2,0,0,0,0,0
38582,2,0,0,0,0,0
38583,5,5,5,0,0,5
38587,2,0,0,0,0,0
38585,2,0,0,0,0,0
38586,5,5,5,0,0,5
38590,2,0,0,0,0,0
38588,2,0,0,0,0,0
38589,5,5,5,0,0,5
38593,2,0,0,0,0,0
38591,2,0,0,0,0,0
38592,5,5,5,0,0,5
38596,2,0,0,0,0,0
38594,2,0,0,0,0,0
38595,5,5,5,0,0,5
38599,2,0,0,0,0,0
38597,2,0,0,0,0,0
38598,5,5,5,0,0,5
38602,2,0,0,0,0,0
38600,2,0,0,0,0,0
38601,5,5,5,0,0,5
38605,2,0,0,0,0,0
38603,2,0,0,0,0,0
38604,5,5,5,0,0,5
38608,2,0,0,0,0,0
38606,2,0,0,0,0,0
38607,5,5,5,0,0,5
38611,2,0,0,0,0,0
38609,2,0,0,0,0,0
38610,5,5,5,0,0,5
38614,2,0,0,0,0,0
38612,2,0,0,0,0,0
38613,5,5,5,0,0,5
38617,2,0,0,0,0,0
38615,2,0,0,0,0,0
38616,5,5,5,0,0,5
38620,2,0,0,0,0,0
38618,2,0,0,0,0,0
38619,5,5,5,0,0,5
38623,2,0,0,0,0,0
38621,2,0,0,0,0,0
38622,5,5,5,0,0,5
38626,2,0,0,0,0,0
38624,2,0,0,0,0,0
38625,5,5,5,0,0,5
38629,2,0,0,0,0,0
38627,2,0,0,0,0,0
38628,5,5,5,0,0,5
38632,2,0,0,0,0,0
38630,2,0,0,0,0,0
38631,5,5,5,0,0,5
38635,2,0,0,0,0,0
38633,2,0,0,0,0,0
38634,5,5,5,0,0,5
38638,2,0,0,0,0,0
38636,2,0,0,0,0,0
38637,5,5,5,0,0,5
38641,2,0,0,0,0,0
38639,2,0,0,0,0,0
38640,5,5,5,0,0,5
38644,2,0,0,0,0,0
38642,2,0,0,0,0,0
38643,5,5,5,0,0,5
38647,2,0,0,0,0,0
38645,2,0,0,0,0,0
38646,5,5,5,0,0,5
38650,2,0,0,0,0,0
38648,2,0,0,0,0,0
38649,5,5,5,0,0,5
38653,2,0,0,0,0,0
38651,2,0,0,0,0,0
38652,5,5,5,0,0,5
38656,2,0,0,0,0,0
38654,2,0,0,0,0,0
38655,5,5,5,0,0,5
38659,2,0,0,0,0,0
38657,2,0,0,0,0,0
38658,5,5,5,0,0,5
38662,2,0,0,0,0,0
38660,2,0,0,0,0,0
38661,5,5,5,0,0,5
38665,2,0,0,0,0,0
38663,2,0,0,0,0,0
38664,5,5,5,0,0,5
38668,2,0,0,0,0,0
38666,2,0,0,0,0,0
38667,5,5,5,0,0,5
38671,2,0,0,0,0,0
38669,2,0,0,0,0,0
38670,5,5,5,0,0,5
38674,2,0,0,0,0,0
38672,2,0,0,0,0,0
38673,5,5,5,0,0,5
38677,2,0,0,0,0,0
38675,2,0,0,0,0,0
38676,5,5,5,0,0,5
38680,2,0,0,0,0,0
38678,2,0,0,0,0,0
38679,5,5,5,0,0,5
38683,2,0,0,0,0,0
38681,2,0,0,0,0,0
38682,5,5,5,0,0,5
38686,2,0,0,0,0,0
38684,2,0,0,0,0,0
38685,5,5,5,0,0,5
38689,2,0,0,0,0,0
38687,2,0,0,0,0,0
38688,5,5,5,0,0,5
38692,2,0,0,0,0,0
38690,2,0,0,0,0,0
38691,5,5,5,0,0,5
38695,2,0,0,0,0,0
38693,2,0,0,0,0,0
38694,5,5,5,0,0,5
38698,2,0,0,0,0,0
38696,2,0,0,0,0,0
38697,5,5,5,0,0,5
38701,2,0,0,0,0,0
38699,2,0,0,0,0,0
38700,5,5,5,0,0,5
38704,2,0,0,0,0,0
38702,2,0,0,0,0,0
38703,5,5,5,0,0,5
38707,2,0,0,0,0,0
38705,2,0,0,0,0,0
38706,5,5,5,0,0,5
38710,2,0,0,0,0,0
38708,2,0,0,0,0,0
38709,5,5,5,0,0,5
38713,2,0,0,0,0,0
38711,2,0,0,0,0,0
38712,5,5,5,0,0,5
38716,2,0,0,0,0,0
38714,2,0,0,0,0,0
38715,5,5,5,0,0,5
38719,2,0,0,0,0,0
38717,2,0,0,0,0,0
38718,5,5,5,0,0,5
38722,2,0,0,0,0,0
38720,2,0,0,0,0,0
38721,5,5,5,0,0,5
38725,2,0,0,0,0,0
38723,2,0,0,0,0,0
38724,5,5,5,0,0,5
38728,2,0,0,0,0,0
38726,2,0,0,0,0,0
38727,5,5,5,0,0,5
38731,2,0,0,0,0,0
38729,2,0,0,0,0,0
38730,5,5,5,0,0,5
38734,2,0,0,0,0,0
38732,2,0,0,0,0,0
38733,5,5,5,0,0,5
38737,2,0,0,0,0,0
38735,2,0,0,0,0,0
38736,5,5,5,0,0,5
38740,2,0,0,0,0,0
38738,2,0,0,0,0,0
38739,5,5,5,0,0,5
38743,2,0,0,0,0,0
38741,2,0,0,0,0,0
38742,5,5,5,0,0,5
38746,2,0,0,0,0,0
38744,2,0,0,0,0,0
38745,5,5,5,0,0,5
38749,2,0,0,0,0,0
38747,2,0,0,0,0,0
38748,5,5,5,0,0,5
38752,2,0,0,0,0,0
38750,2,0,0,0,0,0
38751,5,5,5,0,0,5
38755,2,0,0,0,0,0
38753,2,0,0,0,0,0
38754,5,5,5,0,0,5
38758,2,0,0,0,0,0
38756,2,0,0,0,0,0
38757,5,5,5,0,0,5
38761,2,0,0,0,0,0
38759,2,0,0,0,0,0
38760,5,5,5,0,0,5
38764,2,0,0,0,0,0
38762,2,0,0,0,0,0
38763,5,5,5,0,0,5
38767,2,0,0,0,0,0
38765,2,0,0,0,0,0
38766,5,5,5,0,0,5
38770,2,0,0,0,0,0
38768,2,0,0,0,0,0
38769,5,5,5,0,0,5
38773,2,0,0,0,0,0
38771,2,0,0,0,0,0
38772,5,5,5,0,0,5
38776,2,0,0,0,0,0
38774,2,0,0,0,0,0
38775,5,5,5,0,0,5
38779,2,0,0,0,0,0
38777,2,0,0,0,0,0
38778,5,5,5,0,0,5
38782,2,0,0,0,0,0
38780,2,0,0,0,0,0
38781,5,5,5,0,0,5
38785,2,0,0,0,0,0
38783,2,0,0,0,0,0
38784,5,5,5,0,0,5
38788,2,0,0,0,0,0
38786,2,0,0,0,0,0
38787,5,5,5,0,0,5
38791,2,0,0,0,0,0
38789,2,0,0,0,0,0
38790,5,5,5,0,0,5
38794,2,0,0,0,0,0
38792,2,0,0,0,0,0
38793,5,5,5,0,0,5
38797,2,0,0,0,0,0
38795,2,0,0,0,0,0
38796,5,5,5,0,0,5
38800,2,0,0,0,0,0
38798,2,0,0,0,0,0
38799,5,5,5,0,0,5
38803,2,0,0,0,0,0
38801,2,0,0,0,0,0
38802,5,5,5,0,0,5
38806,2,0,0,0,0,0
38804,2,0,0,0,0,0
38805,5,5,5,0,0,5
38809,2,0,0,0,0,0
38807,2,0,0,0,0,0
38808,5,5,5,0,0,5
38812,2,0,0,0,0,0
38810,2,0,0,0,0,0
38811,5,5,5,0,0,5
38815,2,0,0,0,0,0
38813,2,0,0,0,0,0
38814,5,5,5,0,0,5
38818,2,0,0,0,0,0
38816,2,0,0,0,0,0
38817,5,5,5,0,0,5
38821,2,0,0,0,0,0
38819,2,0,0,0,0,0
38820,5,5,5,0,0,5
38824,2,0,0,0,0,0
38822,2,0,0,0,0,0
38823,5,5,5,0,0,5
38827,2,0,0,0,0,0
38825,2,0,0,0,0,0
38826,5,5,5,0,0,5
38830,2,0,0,0,0,0
38828,2,0,0,0,0,0
38829,5,5,5,0,0,5
38833,2,0,0,0,0,0
38831,2,0,0,0,0,0
38832,5,5,5,0,0,5
38836,2,0,0,0,0,0
38834,2,0,0,0,0,0
38835,5,5,5,0,0,5
38839,2,0,0,0,0,0
38837,2,0,0,0,0,0
38838,5,5,5,0,0,5
38842,2,0,0,0,0,0
38840,2,0,0,0,0,0
38841,5,5,5,0,0,5
38845,2,0,0,0,0,0
38843,2,0,0,0,0,0
38844,5,5,5,0,0,5
38848,2,0,0,0,0,0
38846,2,0,0,0,0,0
38847,5,5,5,0,0,5
38851,2,0,0,0,0,0
38849,2,0,0,0,0,0
38850,5,5,5,0,0,5
38854,2,0,0,0,0,0
38852,2,0,0,0,0,0
38853,5,5,5,0,0,5
38857,2,0,0,0,0,0
38855,2,0,0,0,0,0
38856,5,5,5,0,0,5
38860,2,0,0,0,0,0
38858,2,0,0,0,0,0
38859,5,5,5,0,0,5
38863,2,0,0,0,0,0
38861,2,0,0,0,0,0
38862,5,5,5,0,0,5
38866,2,0,0,0,0,0
38864,2,0,0,0,0,0
38865,5,5,5,0,0,5
38869,2,0,0,0,0,0
38867,2,0,0,0,0,0
38868,5,5,5,0,0,5
38872,2,0,0,0,0,0
38870,2,0,0,0,0,0
38871,5,5,5,0,0,5
38875,2,0,0,0,0,0
38873,2,0,0,0,0,0
38874,5,5,5,0,0,5
38878,2,0,0,0,0,0
38876,2,0,0,0,0,0
38877,5,5,5,0,0,5
38881,2,0,0,0,0,0
38879,2,0,0,0,0,0
38880,5,5,5,0,0,5
38884,2,0,0,0,0,0
38882,2,0,0,0,0,0
38883,5,5,5,0,0,5
38887,2,0,0,0,0,0
38885,2,0,0,0,0,0
38886,5,5,5,0,0,5
38890,2,0,0,0,0,0
38888,2,0,0,0,0,0
38889,5,5,5,0,0,5
38893,2,0,0,0,0,0
38891,2,0,0,0,0,0
38892,5,5,5,0,0,5
38896,2,0,0,0,0,0
38894,2,0,0,0,0,0
38895,5,5,5,0,0,5
38899,2,0,0,0,0,0
38897,2,0,0,0,0,0
38898,5,5,5,0,0,5
38902,2,0,0,0,0,0
38900,2,0,0,0,0,0
38901,5,5,5,0,0,5
38905,2,0,0,0,0,0
38903,2,0,0,0,0,0
38904,5,5,5,0,0,5
38908,2,0,0,0,0,0
38906,2,0,0,0,0,0
38907,5,5,5,0,0,5
38911,2,0,0,0,0,0
38909,2,0,0,0,0,0
38910,5,5,5,0,0,5
38914,2,0,0,0,0,0
38912,2,0,0,0,0,0
38913,5,5,5,0,0,5
38917,2,0,0,0,0,0
38915,2,0,0,0,0,0
38916,5,5,5,0,0,5
38920,2,0,0,0,0,0
38918,2,0,0,0,0,0
38919,5,5,5,0,0,5
38923,2,0,0,0,0,0
38921,2,0,0,0,0,0
38922,5,5,5,0,0,5
38926,2,0,0,0,0,0
38924,2,0,0,0,0,0
38925,5,5,5,0,0,5
38929,2,0,0,0,0,0
38927,2,0,0,0,0,0
38928,5,5,5,0,0,5
38932,2,0,0,0,0,0
38930,2,0,0,0,0,0
38931,5,5,5,0,0,5
38935,2,0,0,0,0,0
38933,2,0,0,0,0,0
38934,5,5,5,0,0,5
38938,2,0,0,0,0,0
38936,2,0,0,0,0,0
38937,5,5,5,0,0,5
38941,2,0,0,0,0,0
38939,2,0,0,0,0,0
38940,5,5,5,0,0,5
38944,2,0,0,0,0,0
38942,2,0,0,0,0,0
38943,5,5,5,0,0,5
38947,2,0,0,0,0,0
38945,2,0,0,0,0,0
38946,5,5,5,0,0,5
38950,2,0,0,0,0,0
38948,2,0,0,0,0,0
38949,5,5,5,0,0,5
38953,2,0,0,0,0,0
38951,2,0,0,0,0,0
38952,5,5,5,0,0,5
38956,2,0,0,0,0,0
38954,2,0,0,0,0,0
38955,5,5,5,0,0,5
38959,2,0,0,0,0,0
38957,2,0,0,0,0,0
38958,5,5,5,0,0,5
38962,2,0,0,0,0,0
38960,2,0,0,0,0,0
38961,5,5,5,0,0,5
38965,2,0,0,0,0,0
38963,2,0,0,0,0,0
38964,5,5,5,0,0,5
38968,2,0,0,0,0,0
38966,2,0,0,0,0,0
38967,5,5,5,0,0,5
38971,2,0,0,0,0,0
38969,2,0,0,0,0,0
38970,5,5,5,0,0,5
38974,2,0,0,0,0,0
38972,2,0,0,0,0,0
38973,5,5,5,0,0,5
38977,2,0,0,0,0,0
38975,2,0,0,0,0,0
38976,5,5,5,0,0,5
38980,2,0,0,0,0,0
38978,2,0,0,0,0,0
38979,5,5,5,0,0,5
38983,2,0,0,0,0,0
38981,2,0,0,0,0,0
38982,5,5,5,0,0,5
38986,2,0,0,0,0,0
38984,2,0,0,0,0,0
38985,5,5,5,0,0,5
38989,2,0,0,0,0,0
38987,2,0,0,0,0,0
38988,5,5,5,0,0,5
38992,2,0,0,0,0,0
38990,2,0,0,0,0,0
38991,5,5,5,0,0,5
38995,2,0,0,0,0,0
38993,2,0,0,0,0,0
38994,5,5,5,0,0,5
38998,2,0,0,0,0,0
38996,2,0,0,0,0,0
38997,5,5,5,0,0,5
39001,2,0,0,0,0,0
38999,2,0,0,0,0,0
39000,5,5,5,0,0,5
39004,2,0,0,0,0,0
39002,2,0,0,0,0,0
39003,5,5,5,0,0,5
39007,2,0,0,0,0,0
39005,2,0,0,0,0,0
39006,5,5,5,0,0,5
39010,2,0,0,0,0,0
39008,2,0,0,0,0,0
39009,5,5,5,0,0,5
39013,2,0,0,0,0,0
39011,2,0,0,0,0,0
39012,5,5,5,0,0,5
39016,2,0,0,0,0,0
39014,2,0,0,0,0,0
39015,5,5,5,0,0,5
39019,2,0,0,0,0,0
39017,2,0,0,0,0,0
39018,5,5,5,0,0,5
39022,2,0,0,0,0,0
39020,2,0,0,0,0,0
39021,5,5,5,0,0,5
39025,2,0,0,0,0,0
39023,2,0,0,0,0,0
39024,5,5,5,0,0,5
39028,2,0,0,0,0,0
39026,2,0,0,0,0,0
39027,5,5,5,0,0,5
39031,2,0,0,0,0,0
39029,2,0,0,0,0,0
39030,5,5,5,0,0,5
39034,2,0,0,0,0,0
39032,2,0,0,0,0,0
39033,5,5,5,0,0,5
39037,2,0,0,0,0,0
39035,2,0,0,0,0,0
39036,5,5,5,0,0,5
39040,2,0,0,0,0,0
39038,2,0,0,0,0,0
39039,5,5,5,0,0,5
39043,2,0,0,0,0,0
39041,2,0,0,0,0,0
39042,5,5,5,0,0,5
39046,2,0,0,0,0,0
39044,2,0,0,0,0,0
39045,5,5,5,0,0,5
39049,2,0,0,0,0,0
39047,2,0,0,0,0,0
39048,5,5,5,0,0,5
39052,2,0,0,0,0,0
39050,2,0,0,0,0,0
39051,5,5,5,0,0,5
39055,2,0,0,0,0,0
39053,2,0,0,0,0,0
39054,5,5,5,0,0,5
39058,2,0,0,0,0,0
39056,2,0,0,0,0,0
39057,5,5,5,0,0,5
39061,2,0,0,0,0,0
39059,2,0,0,0,0,0
39060,5,5,5,0,0,5
39064,2,0,0,0,0,0
39062,2,0,0,0,0,0
39063,5,5,5,0,0,5
39067,2,0,0,0,0,0
39065,2,0,0,0,0,0
39066,5,5,5,0,0,5
39070,2,0,0,0,0,0
39068,2,0,0,0,0,0
39069,5,5,5,0,0,5
39073,2,0,0,0,0,0
39071,2,0,0,0,0,0
39072,5,5,5,0,0,5
39076,2,0,0,0,0,0
39074,2,0,0,0,0,0
39075,5,5,5,0,0,5
39079,2,0,0,0,0,0
39077,2,0,0,0,0,0
39078,5,5,5,0,0,5
39082,2,0,0,0,0,0
39080,2,0,0,0,0,0
39081,5,5,5,0,0,5
39085,2,0,0,0,0,0
39083,2,0,0,0,0,0
39084,5,5,5,0,0,5
39088,2,0,0,0,0,0
39086,2,0,0,0,0,0
39087,5,5,5,0,0,5
39091,2,0,0,0,0,0
39089,2,0,0,0,0,0
39090,5,5,5,0,0,5
39094,2,0,0,0,0,0
39092,2,0,0,0,0,0
39093,5,5,5,0,0,5
39097,2,0,0,0,0,0
39095,2,0,0,0,0,0
39096,5,5,5,0,0,5
39100,2,0,0,0,0,0
39098,2,0,0,0,0,0
39099,5,5,5,0,0,5
39103,2,0,0,0,0,0
39101,2,0,0,0,0,0
39102,5,5,5,0,0,5
39106,2,0,0,0,0,0
39104,2,0,0,0,0,0
39105,5,5,5,0,0,5
39109,2,0,0,0,0,0
39107,2,0,0,0,0,0
39108,5,5,5,0,0,5
39112,2,0,0,0,0,0
39110,2,0,0,0,0,0
39111,5,5,5,0,0,5
39115,2,0,0,0,0,0
39113,2,0,0,0,0,0
39114,5,5,5,0,0,5
39118,2,0,0,0,0,0
39116,2,0,0,0,0,0
39117,5,5,5,0,0,5
39121,2,0,0,0,0,0
39119,2,0,0,0,0,0
39120,5,5,5,0,0,5
39124,2,0,0,0,0,0
39122,2,0,0,0,0,0
39123,5,5,5,0,0,5
39127,2,0,0,0,0,0
39125,2,0,0,0,0,0
39126,5,5,5,0,0,5
39130,2,0,0,0,0,0
39128,2,0,0,0,0,0
39129,5,5,5,0,0,5
39133,2,0,0,0,0,0
39131,2,0,0,0,0,0
39132,5,5,5,0,0,5
39136,2,0,0,0,0,0
39134,2,0,0,0,0,0
39135,5,5,5,0,0,5
39139,2,0,0,0,0,0
39137,2,0,0,0,0,0
39138,5,5,5,0,0,5
39142,2,0,0,0,0,0
39140,2,0,0,0,0,0
39141,5,5,5,0,0,5
39145,2,0,0,0,0,0
39143,2,0,0,0,0,0
39144,5,5,5,0,0,5
39148,2,0,0,0,0,0
39146,2,0,0,0,0,0
39147,5,5,5,0,0,5
39151,2,0,0,0,0,0
39149,2,0,0,0,0,0
39150,5,5,5,0,0,5
39154,2,0,0,0,0,0
39152,2,0,0,0,0,0
39153,5,5,5,0,0,5
39157,2,0,0,0,0,0
39155,2,0,0,0,0,0
39156,5,5,5,0,0,5
39160,2,0,0,0,0,0
39158,2,0,0,0,0,0
39159,5,5,5,0,0,5
39163,2,0,0,0,0,0
39161,2,0,0,0,0,0
39162,5,5,5,0,0,5
39166,2,0,0,0,0,0
39164,2,0,0,0,0,0
39165,5,5,5,0,0,5
39169,2,0,0,0,0,0
39167,2,0,0,0,0,0
39168,5,5,5,0,0,5
39172,2,0,0,0,0,0
39170,2,0,0,0,0,0
39171,5,5,5,0,0,5
39175,2,0,0,0,0,0
39173,2,0,0,0,0,0
39174,5,5,5,0,0,5
39178,2,0,0,0,0,0
39176,2,0,0,0,0,0
39177,5,5,5,0,0,5
39181,2,0,0,0,0,0
39179,2,0,0,0,0,0
39180,5,5,5,0,0,5
39184,2,0,0,0,0,0
39182,2,0,0,0,0,0
39183,5,5,5,0,0,5
39187,2,0,0,0,0,0
39185,2,0,0,0,0,0
39186,5,5,5,0,0,5
39190,2,0,0,0,0,0
39188,2,0,0,0,0,0
39189,5,5,5,0,0,5
39193,2,0,0,0,0,0
39191,2,0,0,0,0,0
39192,5,5,5,0,0,5
39196,2,0,0,0,0,0
39194,2,0,0,0,0,0
39195,5,5,5,0,0,5
39199,2,0,0,0,0,0
39197,2,0,0,0,0,0
39198,5,5,5,0,0,5
39202,2,0,0,0,0,0
39200,2,0,0,0,0,0
39201,5,5,5,0,0,5
39205,2,0,0,0,0,0
39203,2,0,0,0,0,0
39204,5,5,5,0,0,5
39208,2,0,0,0,0,0
39206,2,0,0,0,0,0
39207,5,5,5,0,0,5
39211,2,0,0,0,0,0
39209,2,0,0,0,0,0
39210,5,5,5,0,0,5
39214,2,0,0,0,0,0
39212,2,0,0,0,0,0
39213,5,5,5,0,0,5
39217,2,0,0,0,0,0
39215,2,0,0,0,0,0
39216,5,5,5,0,0,5
39220,2,0,0,0,0,0
39218,2,0,0,0,0,0
39219,5,5,5,0,0,5
39223,2,0,0,0,0,0
39221,2,0,0,0,0,0
39222,5,5,5,0,0,5
39226,2,0,0,0,0,0
39224,2,0,0,0,0,0
39225,5,5,5,0,0,5
39229,2,0,0,0,0,0
39227,2,0,0,0,0,0
39228,5,5,5,0,0,5
39232,2,0,0,0,0,0
39230,2,0,0,0,0,0
39231,5,5,5,0,0,5
39235,2,0,0,0,0,0
39233,2,0,0,0,0,0
39234,5,5,5,0,0,5
39238,2,0,0,0,0,0
39236,2,0,0,0,0,0
39237,5,5,5,0,0,5
39241,2,0,0,0,0,0
39239,2,0,0,0,0,0
39240,5,5,5,0,0,5
39244,2,0,0,0,0,0
39242,2,0,0,0,0,0
39243,5,5,5,0,0,5
39247,2,0,0,0,0,0
39245,2,0,0,0,0,0
39246,5,5,5,0,0,5
39250,2,0,0,0,0,0
39248,2,0,0,0,0,0
39249,5,5,5,0,0,5
39253,2,0,0,0,0,0
39251,2,0,0,0,0,0
39252,5,5,5,0,0,5
39256,2,0,0,0,0,0
39254,2,0,0,0,0,0
39255,5,5,5,0,0,5
39259,2,0,0,0,0,0
39257,2,0,0,0,0,0
39258,5,5,5,0,0,5
39262,2,0,0,0,0,0
39260,2,0,0,0,0,0
39261,5,5,5,0,0,5
39265,2,0,0,0,0,0
39263,2,0,0,0,0,0
39264,5,5,5,0,0,5
39268,2,0,0,0,0,0
39266,2,0,0,0,0,0
39267,5,5,5,0,0,5
39271,2,0,0,0,0,0
39269,2,0,0,0,0,0
39270,5,5,5,0,0,5
39274,2,0,0,0,0,0
39272,2,0,0,0,0,0
39273,5,5,5,0,0,5
39277,2,0,0,0,0,0
39275,2,0,0,0,0,0
39276,5,5,5,0,0,5
39280,2,0,0,0,0,0
39278,2,0,0,0,0,0
39279,5,5,5,0,0,5
39283,2,0,0,0,0,0
39281,2,0,0,0,0,0
39282,5,5,5,0,0,5
39286,2,0,0,0,0,0
39284,2,0,0,0,0,0
39285,5,5,5,0,0,5
39289,2,0,0,0,0,0
39287,2,0,0,0,0,0
39288,5,5,5,0,0,5
39292,2,0,0,0,0,0
39290,2,0,0,0,0,0
39291,5,5,5,0,0,5
39295,2,0,0,0,0,0
39293,2,0,0,0,0,0
39294,5,5,5,0,0,5
39298,2,0,0,0,0,0
39296,2,0,0,0,0,0
39297,5,5,5,0,0,5
39301,2,0,0,0,0,0
39299,2,0,0,0,0,0
39300,5,5,5,0,0,5
39304,2,0,0,0,0,0
39302,2,0,0,0,0,0
39303,5,5,5,0,0,5
39307,2,0,0,0,0,0
39305,2,0,0,0,0,0
39306,5,5,5,0,0,5
39310,2,0,0,0,0,0
39308,2,0,0,0,0,0
39309,5,5,5,0,0,5
39313,2,0,0,0,0,0
39311,2,0,0,0,0,0
39312,5,5,5,0,0,5
39316,2,0,0,0,0,0
39314,2,0,0,0,0,0
39315,5,5,5,0,0,5
39319,2,0,0,0,0,0
39317,2,0,0,0,0,0
39318,5,5,5,0,0,5
39322,2,0,0,0,0,0
39320,2,0,0,0,0,0
39321,5,5,5,0,0,5
39325,2,0,0,0,0,0
39323,2,0,0,0,0,0
39324,5,5,5,0,0,5
39328,2,0,0,0,0,0
39326,2,0,0,0,0,0
39327,5,5,5,0,0,5
39331,2,0,0,0,0,0
39329,2,0,0,0,0,0
39330,5,5,5,0,0,5
39334,2,0,0,0,0,0
39332,2,0,0,0,0,0
39333,5,5,5,0,0,5
39337,2,0,0,0,0,0
39335,2,0,0,0,0,0
39336,5,5,5,0,0,5
39340,2,0,0,0,0,0
39338,2,0,0,0,0,0
39339,5,5,5,0,0,5
39343,2,0,0,0,0,0
39341,2,0,0,0,0,0
39342,5,5,5,0,0,5
39346,2,0,0,0,0,0
39344,2,0,0,0,0,0
39345,5,5,5,0,0,5
39349,2,0,0,0,0,0
39347,2,0,0,0,0,0
39348,5,5,5,0,0,5
39352,2,0,0,0,0,0
39350,2,0,0,0,0,0
39351,5,5,5,0,0,5
39355,2,0,0,0,0,0
39353,2,0,0,0,0,0
39354,5,5,5,0,0,5
39358,2,0,0,0,0,0
39356,2,0,0,0,0,0
39357,5,5,5,0,0,5
39361,2,0,0,0,0,0
39359,2,0,0,0,0,0
39360,5,5,5,0,0,5
39364,2,0,0,0,0,0
39362,2,0,0,0,0,0
39363,5,5,5,0,0,5
39367,2,0,0,0,0,0
39365,2,0,0,0,0,0
39366,5,5,5,0,0,5
39370,2,0,0,0,0,0
39368,2,0,0,0,0,0
39369,5,5,5,0,0,5
39373,2,0,0,0,0,0
39371,2,0,0,0,0,0
39372,5,5,5,0,0,5
39376,2,0,0,0,0,0
39374,2,0,0,0,0,0
39375,5,5,5,0,0,5
39379,2,0,0,0,0,0
39377,2,0,0,0,0,0
39378,5,5,5,0,0,5
39382,2,0,0,0,0,0
39380,2,0,0,0,0,0
39381,5,5,5,0,0,5
39385,2,0,0,0,0,0
39383,2,0,0,0,0,0
39384,5,5,5,0,0,5
39388,2,0,0,0,0,0
39386,2,0,0,0,0,0
39387,5,5,5,0,0,5
39391,2,0,0,0,0,0
39389,2,0,0,0,0,0
39390,5,5,5,0,0,5
39394,2,0,0,0,0,0
39392,2,0,0,0,0,0
39393,5,5,5,0,0,5
39397,2,0,0,0,0,0
39395,2,0,0,0,0,0
39396,5,5,5,0,0,5
39400,2,0,0,0,0,0
39398,2,0,0,0,0,0
39399,5,5,5,0,0,5
39403,2,0,0,0,0,0
39401,2,0,0,0,0,0
39402,5,5,5,0,0,5
39406,2,0,0,0,0,0
39404,2,0,0,0,0,0
39405,5,5,5,0,0,5
39409,2,0,0,0,0,0
39407,2,0,0,0,0,0
39408,5,5,5,0,0,5
39412,2,0,0,0,0,0
39410,2,0,0,0,0,0
39411,5,5,5,0,0,5
39415,2,0,0,0,0,0
39413,2,0,0,0,0,0
39414,5,5,5,0,0,5
39418,2,0,0,0,0,0
39416,2,0,0,0,0,0
39417,5,5,5,0,0,5
39421,2,0,0,0,0,0
39419,2,0,0,0,0,0
39420,5,5,5,0,0,5
39424,2,0,0,0,0,0
39422,2,0,0,0,0,0
39423,5,5,5,0,0,5
39427,2,0,0,0,0,0
39425,2,0,0,0,0,0
39426,5,5,5,0,0,5
39430,2,0,0,0,0,0
39428,2,0,0,0,0,0
39429,5,5,5,0,0,5
39433,2,0,0,0,0,0
39431,2,0,0,0,0,0
39432,5,5,5,0,0,5
39436,2,0,0,0,0,0
39434,2,0,0,0,0,0
39435,5,5,5,0,0,5
39439,2,0,0,0,0,0
39437,2,0,0,0,0,0
39438,5,5,5,0,0,5
39442,2,0,0,0,0,0
39440,2,0,0,0,0,0
39441,5,5,5,0,0,5
39445,2,0,0,0,0,0
39443,2,0,0,0,0,0
39444,5,5,5,0,0,5
39448,2,0,0,0,0,0
39446,2,0,0,0,0,0
39447,5,5,5,0,0,5
39451,2,0,0,0,0,0
39449,2,0,0,0,0,0
39450,5,5,5,0,0,5
39454,2,0,0,0,0,0
39452,2,0,0,0,0,0
39453,5,5,5,0,0,5
39457,2,0,0,0,0,0
39455,2,0,0,0,0,0
39456,5,5,5,0,0,5
39460,2,0,0,0,0,0
39458,2,0,0,0,0,0
39459,5,5,5,0,0,5
39463,2,0,0,0,0,0
39461,2,0,0,0,0,0
39462,5,5,5,0,0,5
39466,2,0,0,0,0,0
39464,2,0,0,0,0,0
39465,5,5,5,0,0,5
39469,2,0,0,0,0,0
39467,2,0,0,0,0,0
39468,5,5,5,0,0,5
39472,2,0,0,0,0,0
39470,2,0,0,0,0,0
39471,5,5,5,0,0,5
39475,2,0,0,0,0,0
39473,2,0,0,0,0,0
39474,5,5,5,0,0,5
39478,2,0,0,0,0,0
39476,2,0,0,0,0,0
39477,5,5,5,0,0,5
39481,2,0,0,0,0,0
39479,2,0,0,0,0,0
39480,5,5,5,0,0,5
39484,2,0,0,0,0,0
39482,2,0,0,0,0,0
39483,5,5,5,0,0,5
39487,2,0,0,0,0,0
39485,2,0,0,0,0,0
39486,5,5,5,0,0,5
39490,2,0,0,0,0,0
39488,2,0,0,0,0,0
39489,5,5,5,0,0,5
39493,2,0,0,0,0,0
39491,2,0,0,0,0,0
39492,5,5,5,0,0,5
39496,2,0,0,0,0,0
39494,2,0,0,0,0,0
39495,5,5,5,0,0,5
39499,2,0,0,0,0,0
39497,2,0,0,0,0,0
39498,5,5,5,0,0,5
39502,2,0,0,0,0,0
39500,2,0,0,0,0,0
39501,5,5,5,0,0,5
39505,2,0,0,0,0,0
39503,2,0,0,0,0,0
39504,5,5,5,0,0,5
39508,2,0,0,0,0,0
39506,2,0,0,0,0,0
39507,5,5,5,0,0,5
39511,2,0,0,0,0,0
39509,2,0,0,0,0,0
39510,5,5,5,0,0,5
39514,2,0,0,0,0,0
39512,2,0,0,0,0,0
39513,5,5,5,0,0,5
39517,2,0,0,0,0,0
39515,2,0,0,0,0,0
39516,5,5,5,0,0,5
39520,2,0,0,0,0,0
39518,2,0,0,0,0,0
39519,5,5,5,0,0,5
39523,2,0,0,0,0,0
39521,2,0,0,0,0,0
39522,5,5,5,0,0,5
39526,2,0,0,0,0,0
39524,2,0,0,0,0,0
39525,5,5,5,0,0,5
39529,2,0,0,0,0,0
39527,2,0,0,0,0,0
39528,5,5,5,0,0,5
39532,2,0,0,0,0,0
39530,2,0,0,0,0,0
39531,5,5,5,0,0,5
39535,2,0,0,0,0,0
39533,2,0,0,0,0,0
39534,5,5,5,0,0,5
39538,2,0,0,0,0,0
39536,2,0,0,0,0,0
39537,5,5,5,0,0,5
39541,2,0,0,0,0,0
39539,2,0,0,0,0,0
39540,5,5,5,0,0,5
39544,2,0,0,0,0,0
39542,2,0,0,0,0,0
39543,5,5,5,0,0,5
39547,2,0,0,0,0,0
39545,2,0,0,0,0,0
39546,5,5,5,0,0,5
39550,2,0,0,0,0,0
39548,2,0,0,0,0,0
39549,5,5,5,0,0,5
39553,2,0,0,0,0,0
39551,2,0,0,0,0,0
39552,5,5,5,0,0,5
39556,2,0,0,0,0,0
39554,2,0,0,0,0,0
39555,5,5,5,0,0,5
39559,2,0,0,0,0,0
39557,2,0,0,0,0,0
39558,5,5,5,0,0,5
39562,2,0,0,0,0,0
39560,2,0,0,0,0,0
39561,5,5,5,0,0,5
39565,2,0,0,0,0,0
39563,2,0,0,0,0,0
39564,5,5,5,0,0,5
39568,2,0,0,0,0,0
39566,2,0,0,0,0,0
39567,5,5,5,0,0,5
39571,2,0,0,0,0,0
39569,2,0,0,0,0,0
39570,5,5,5,0,0,5
39574,2,0,0,0,0,0
39572,2,0,0,0,0,0
39573,5,5,5,0,0,5
39577,2,0,0,0,0,0
39575,2,0,0,0,0,0
39576,5,5,5,0,0,5
39580,2,0,0,0,0,0
39578,2,0,0,0,0,0
39579,5,5,5,0,0,5
39583,2,0,0,0,0,0
39581,2,0,0,0,0,0
39582,5,5,5,0,0,5
39586,2,0,0,0,0,0
39584,2,0,0,0,0,0
39585,5,5,5,0,0,5
39589,2,0,0,0,0,0
39587,2,0,0,0,0,0
39588,5,5,5,0,0,5
39592,2,0,0,0,0,0
39590,2,0,0,0,0,0
39591,5,5,5,0,0,5
39595,2,0,0,0,0,0
39593,2,0,0,0,0,0
39594,5,5,5,0,0,5
39598,2,0,0,0,0,0
39596,2,0,0,0,0,0
39597,5,5,5,0,0,5
39601,2,0,0,0,0,0
39599,2,0,0,0,0,0
39600,5,5,5,0,0,5
39604,2,0,0,0,0,0
39602,2,0,0,0,0,0
39603,5,5,5,0,0,5
39607,2,0,0,0,0,0
39605,2,0,0,0,0,0
39606,5,5,5,0,0,5
39610,2,0,0,0,0,0
39608,2,0,0,0,0,0
39609,5,5,5,0,0,5
39613,2,0,0,0,0,0
39611,2,0,0,0,0,0
39612,5,5,5,0,0,5
39616,2,0,0,0,0,0
39614,2,0,0,0,0,0
39615,5,5,5,0,0,5
39619,2,0,0,0,0,0
39617,2,0,0,0,0,0
39618,5,5,5,0,0,5
39622,2,0,0,0,0,0
39620,2,0,0,0,0,0
39621,5,5,5,0,0,5
39625,2,0,0,0,0,0
39623,2,0,0,0,0,0
39624,5,5,5,0,0,5
39628,2,0,0,0,0,0
39626,2,0,0,0,0,0
39627,5,5,5,0,0,5
39631,2,0,0,0,0,0
39629,2,0,0,0,0,0
39630,5,5,5,0,0,5
39634,2,0,0,0,0,0
39632,2,0,0,0,0,0
39633,5,5,5,0,0,5
39637,2,0,0,0,0,0
39635,2,0,0,0,0,0
39636,5,5,5,0,0,5
39640,2,0,0,0,0,0
39638,2,0,0,0,0,0
39639,5,5,5,0,0,5
39643,2,0,0,0,0,0
39641,2,0,0,0,0,0
39642,5,5,5,0,0,5
39646,2,0,0,0,0,0
39644,2,0,0,0,0,0
39645,5,5,5,0,0,5
39649,2,0,0,0,0,0
39647,2,0,0,0,0,0
39648,5,5,5,0,0,5
39652,2,0,0,0,0,0
39650,2,0,0,0,0,0
39651,5,5,5,0,0,5
39655,2,0,0,0,0,0
39653,2,0,0,0,0,0
39654,5,5,5,0,0,5
39658,2,0,0,0,0,0
39656,2,0,0,0,0,0
39657,5,5,5,0,0,5
39661,2,0,0,0,0,0
39659,2,0,0,0,0,0
39660,5,5,5,0,0,5
39664,2,0,0,0,0,0
39662,2,0,0,0,0,0
39663,5,5,5,0,0,5
39667,2,0,0,0,0,0
39665,2,0,0,0,0,0
39666,5,5,5,0,0,5
39670,2,0,0,0,0,0
39668,2,0,0,0,0,0
39669,5,5,5,0,0,5
39673,2,0,0,0,0,0
39671,2,0,0,0,0,0
39672,5,5,5,0,0,5
39676,2,0,0,0,0,0
39674,2,0,0,0,0,0
39675,5,5,5,0,0,5
39679,2,0,0,0,0,0
39677,2,0,0,0,0,0
39678,5,5,5,0,0,5
39682,2,0,0,0,0,0
39680,2,0,0,0,0,0
39681,5,5,5,0,0,5
39685,2,0,0,0,0,0
39683,2,0,0,0,0,0
39684,5,5,5,0,0,5
39688,2,0,0,0,0,0
39686,2,0,0,0,0,0
39687,5,5,5,0,0,5
39691,2,0,0,0,0,0
39689,2,0,0,0,0,0
39690,5,5,5,0,0,5
39694,2,0,0,0,0,0
39692,2,0,0,0,0,0
39693,5,5,5,0,0,5
39697,2,0,0,0,0,0
39695,2,0,0,0,0,0
39696,5,5,5,0,0,5
39700,2,0,0,0,0,0
39698,2,0,0,0,0,0
39699,5,5,5,0,0,5
39703,2,0,0,0,0,0
39701,2,0,0,0,0,0
39702,5,5,5,0,0,5
39706,2,0,0,0,0,0
39704,2,0,0,0,0,0
39705,5,5,5,0,0,5
39709,2,0,0,0,0,0
39707,2,0,0,0,0,0
39708,5,5,5,0,0,5
39712,2,0,0,0,0,0
39710,2,0,0,0,0,0
39711,5,5,5,0,0,5
39715,2,0,0,0,0,0
39713,2,0,0,0,0,0
39714,5,5,5,0,0,5
39718,2,0,0,0,0,0
39716,2,0,0,0,0,0
39717,5,5,5,0,0,5
39721,2,0,0,0,0,0
39719,2,0,0,0,0,0
39720,5,5,5,0,0,5
39724,2,0,0,0,0,0
39722,2,0,0,0,0,0
39723,5,5,5,0,0,5
39727,2,0,0,0,0,0
39725,2,0,0,0,0,0
39726,5,5,5,0,0,5
39730,2,0,0,0,0,0
39728,2,0,0,0,0,0
39729,5,5,5,0,0,5
39733,2,0,0,0,0,0
39731,2,0,0,0,0,0
39732,5,5,5,0,0,5
39736,2,0,0,0,0,0
39734,2,0,0,0,0,0
39735,5,5,5,0,0,5
39739,2,0,0,0,0,0
39737,2,0,0,0,0,0
39738,5,5,5,0,0,5
39742,2,0,0,0,0,0
39740,2,0,0,0,0,0
39741,5,5,5,0,0,5
39745,2,0,0,0,0,0
39743,2,0,0,0,0,0
39744,5,5,5,0,0,5
39748,2,0,0,0,0,0
39746,2,0,0,0,0,0
39747,5,5,5,0,0,5
39751,2,0,0,0,0,0
39749,2,0,0,0,0,0
39750,5,5,5,0,0,5
39754,2,0,0,0,0,0
39752,2,0,0,0,0,0
39753,5,5,5,0,0,5
39757,2,0,0,0,0,0
39755,2,0,0,0,0,0
39756,5,5,5,0,0,5
39760,2,0,0,0,0,0
39758,2,0,0,0,0,0
39759,5,5,5,0,0,5
39763,2,0,0,0,0,0
39761,2,0,0,0,0,0
39762,5,5,5,0,0,5
39766,2,0,0,0,0,0
39764,2,0,0,0,0,0
39765,5,5,5,0,0,5
39769,2,0,0,0,0,0
39767,2,0,0,0,0,0
39768,5,5,5,0,0,5
39772,2,0,0,0,0,0
39770,2,0,0,0,0,0
39771,5,5,5,0,0,5
39775,2,0,0,0,0,0
39773,2,0,0,0,0,0
39774,5,5,5,0,0,5
39778,2,0,0,0,0,0
39776,2,0,0,0,0,0
39777,5,5,5,0,0,5
39781,2,0,0,0,0,0
39779,2,0,0,0,0,0
39780,5,5,5,0,0,5
39784,2,0,0,0,0,0
39782,2,0,0,0,0,0
39783,5,5,5,0,0,5
39787,2,0,0,0,0,0
39785,2,0,0,0,0,0
39786,5,5,5,0,0,5
39790,2,0,0,0,0,0
39788,2,0,0,0,0,0
39789,5,5,5,0,0,5
39793,2,0,0,0,0,0
39791,2,0,0,0,0,0
39792,5,5,5,0,0,5
39796,2,0,0,0,0,0
39794,2,0,0,0,0,0
39795,5,5,5,0,0,5
39799,2,0,0,0,0,0
39797,2,0,0,0,0,0
39798,5,5,5,0,0,5
39802,2,0,0,0,0,0
39800,2,0,0,0,0,0
39801,5,5,5,0,0,5
39805,2,0,0,0,0,0
39803,2,0,0,0,0,0
39804,5,5,5,0,0,5
39808,2,0,0,0,0,0
39806,2,0,0,0,0,0
39807,5,5,5,0,0,5
39811,2,0,0,0,0,0
39809,2,0,0,0,0,0
39810,5,5,5,0,0,5
39814,2,0,0,0,0,0
39812,2,0,0,0,0,0
39813,5,5,5,0,0,5
39817,2,0,0,0,0,0
39815,2,0,0,0,0,0
39816,5,5,5,0,0,5
39820,2,0,0,0,0,0
39818,2,0,0,0,0,0
39819,5,5,5,0,0,5
39823,2,0,0,0,0,0
39821,2,0,0,0,0,0
39822,5,5,5,0,0,5
39826,2,0,0,0,0,0
39824,2,0,0,0,0,0
39825,5,5,5,0,0,5
39829,2,0,0,0,0,0
39827,2,0,0,0,0,0
39828,5,5,5,0,0,5
39832,2,0,0,0,0,0
39830,2,0,0,0,0,0
39831,5,5,5,0,0,5
39835,2,0,0,0,0,0
39833,2,0,0,0,0,0
39834,5,5,5,0,0,5
39838,2,0,0,0,0,0
39836,2,0,0,0,0,0
39837,5,5,5,0,0,5
39841,2,0,0,0,0,0
39839,2,0,0,0,0,0
39840,5,5,5,0,0,5
39844,2,0,0,0,0,0
39842,2,0,0,0,0,0
39843,5,5,5,0,0,5
39847,2,0,0,0,0,0
39845,2,0,0,0,0,0
39846,5,5,5,0,0,5
39850,2,0,0,0,0,0
39848,2,0,0,0,0,0
39849,5,5,5,0,0,5
39853,2,0,0,0,0,0
39851,2,0,0,0,0,0
39852,5,5,5,0,0,5
39856,2,0,0,0,0,0
39854,2,0,0,0,0,0
39855,5,5,5,0,0,5
39859,2,0,0,0,0,0
39857,2,0,0,0,0,0
39858,5,5,5,0,0,5
39862,2,0,0,0,0,0
39860,2,0,0,0,0,0
39861,5,5,5,0,0,5
39865,2,0,0,0,0,0
39863,2,0,0,0,0,0
39864,5,5,5,0,0,5
39868,2,0,0,0,0,0
39866,2,0,0,0,0,0
39867,5,5,5,0,0,5
39871,2,0,0,0,0,0
39869,2,0,0,0,0,0
39870,5,5,5,0,0,5
39874,2,0,0,0,0,0
39872,2,0,0,0,0,0
39873,5,5,5,0,0,5
39877,2,0,0,0,0,0
39875,2,0,0,0,0,0
39876,5,5,5,0,0,5
39880,2,0,0,0,0,0
39878,2,0,0,0,0,0
39879,5,5,5,0,0,5
39883,2,0,0,0,0,0
39881,2,0,0,0,0,0
39882,5,5,5,0,0,5
39886,2,0,0,0,0,0
39884,2,0,0,0,0,0
39885,5,5,5,0,0,5
39889,2,0,0,0,0,0
39887,2,0,0,0,0,0
39888,5,5,5,0,0,5
39892,2,0,0,0,0,0
39890,2,0,0,0,0,0
39891,5,5,5,0,0,5
39895,2,0,0,0,0,0
39893,2,0,0,0,0,0
39894,5,5,5,0,0,5
39898,2,0,0,0,0,0
39896,2,0,0,0,0,0
39897,5,5,5,0,0,5
39901,2,0,0,0,0,0
39899,2,0,0,0,0,0
39900,5,5,5,0,0,5
39904,2,0,0,0,0,0
39902,2,0,0,0,0,0
39903,5,5,5,0,0,5
39907,2,0,0,0,0,0
39905,2,0,0,0,0,0
39906,5,5,5,0,0,5
39910,2,0,0,0,0,0
39908,2,0,0,0,0,0
39909,5,5,5,0,0,5
39913,2,0,0,0,0,0
39911,2,0,0,0,0,0
39912,5,5,5,0,0,5
39916,2,0,0,0,0,0
39914,2,0,0,0,0,0
39915,5,5,5,0,0,5
39919,2,0,0,0,0,0
39917,2,0,0,0,0,0
39918,5,5,5,0,0,5
39922,2,0,0,0,0,0
39920,2,0,0,0,0,0
39921,5,5,5,0,0,5
39925,2,0,0,0,0,0
39923,2,0,0,0,0,0
39924,5,5,5,0,0,5
39928,2,0,0,0,0,0
39926,2,0,0,0,0,0
39927,5,5,5,0,0,5
39931,2,0,0,0,0,0
39929,2,0,0,0,0,0
39930,5,5,5,0,0,5
39934,2,0,0,0,0,0
39932,2,0,0,0,0,0
39933,5,5,5,0,0,5
39937,2,0,0,0,0,0
39935,2,0,0,0,0,0
39936,5,5,5,0,0,5
39940,2,0,0,0,0,0
39938,2,0,0,0,0,0
39939,5,5,5,0,0,5
39943,2,0,0,0,0,0
39941,2,0,0,0,0,0
39942,5,5,5,0,0,5
39946,2,0,0,0,0,0
39944,2,0,0,0,0,0
39945,5,5,5,0,0,5
39949,2,0,0,0,0,0
39947,2,0,0,0,0,0
39948,5,5,5,0,0,5
39952,2,0,0,0,0,0
39950,2,0,0,0,0,0
39951,5,5,5,0,0,5
39955,2,0,0,0,0,0
39953,2,0,0,0,0,0
39954,5,5,5,0,0,5
39958,2,0,0,0,0,0
39956,2,0,0,0,0,0
39957,5,5,5,0,0,5
39961,2,0,0,0,0,0
39959,2,0,0,0,0,0
39960,5,5,5,0,0,5
39964,2,0,0,0,0,0
39962,2,0,0,0,0,0
39963,5,5,5,0,0,5
39967,2,0,0,0,0,0
39965,2,0,0,0,0,0
39966,5,5,5,0,0,5
39970,2,0,0,0,0,0
39968,2,0,0,0,0,0
39969,5,5,5,0,0,5
39973,2,0,0,0,0,0
39971,2,0,0,0,0,0
39972,5,5,5,0,0,5
39976,2,0,0,0,0,0
39974,2,0,0,0,0,0
39975,5,5,5,0,0,5
39979,2,0,0,0,0,0
39977,2,0,0,0,0,0
39978,5,5,5,0,0,5
39982,2,0,0,0,0,0
39980,2,0,0,0,0,0
39981,5,5,5,0,0,5
39985,2,0,0,0,0,0
39983,2,0,0,0,0,0
39984,5,5,5,0,0,5
39988,2,0,0,0,0,0
39986,2,0,0,0,0,0
39987,5,5,5,0,0,5
39991,2,0,0,0,0,0
39989,2,0,0,0,0,0
39990,5,5,5,0,0,5
39994,2,0,0,0,0,0
39992,2,0,0,0,0,0
39993,5,5,5,0,0,5
39997,2,0,0,0,0,0
39995,2,0,0,0,0,0
39996,5,5,5,0,0,5
40000,2,0,0,0,0,0
39998,2,0,0,0,0,0
39999,5,5,5,0,0,5
8001,2,1,0,2,0,0
8002,2,1,0,2,0,0
8003,2,1,0,2,0,0
8004,2,1,0,2,0,0
8005,2,1,0,2,0,0
8006,2,1,0,2,0,0
8007,2,1,0,2,0,0
8008,2,1,0,2,0,0
8009,2,1,0,2,0,0
8010,2,1,0,2,0,0
8011,2,1,0,2,0,0
8012,2,1,0,2,0,0
8013,2,1,0,2,0,0
8014,2,1,0,2,0,0
8015,2,1,0,2,0,0
8016,2,1,0,2,0,0
8017,2,1,0,2,0,0
8018,2,1,0,2,0,0
8019,2,1,0,2,0,0
8020,2,1,0,2,0,0
8021,2,1,0,2,0,0
8022,2,1,0,2,0,0
8023,2,1,0,2,0,0
8024,2,1,0,2,0,0
8025,2,1,0,2,0,0
8026,2,1,0,2,0,0
8027,2,1,0,2,0,0
8028,2,1,0,2,0,0
8029,2,1,0,2,0,0
8030,2,1,0,2,0,0
8031,2,1,0,2,0,0
8032,2,1,0,2,0,0
8033,2,1,0,2,0,0
8034,2,1,0,2,0,0
8035,2,1,0,2,0,0
8036,2,1,0,2,0,0
8037,2,1,0,2,0,0
8038,2,1,0,2,0,0
8039,2,1,0,2,0,0
8040,2,1,0,2,0,0
8041,2,1,0,2,0,0
8042,2,1,0,2,0,0
8043,2,1,0,2,0,0
8044,2,1,0,2,0,0
8045,2,1,0,2,0,0
8046,2,1,0,2,0,0
8047,2,1,0,2,0,0
8048,2,1,0,2,0,0
8049,2,1,0,2,0,0
8050,2,1,0,2,0,0
8051,2,1,0,2,0,0
8052,2,1,0,2,0,0
8053,2,1,0,2,0,0
8054,2,1,0,2,0,0
8055,2,1,0,2,0,0
8056,2,1,0,2,0,0
8057,2,1,0,2,0,0
8058,2,1,0,2,0,0
8059,2,1,0,2,0,0
8060,2,1,0,2,0,0
8061,2,1,0,2,0,0
8062,2,1,0,2,0,0
8063,2,1,0,2,0,0
8064,2,1,0,2,0,0
8065,2,1,0,2,0,0
8066,2,1,0,2,0,0
8067,2,1,0,2,0,0
8068,2,1,0,2,0,0
8069,2,1,0,2,0,0
8070,2,1,0,2,0,0
8071,2,1,0,2,0,0
8072,2,1,0,2,0,0
8073,2,1,0,2,0,0
8074,2,1,0,2,0,0
8075,2,1,0,2,0,0
8076,2,1,0,2,0,0
8077,2,1,0,2,0,0
8078,2,1,0,2,0,0
8079,2,1,0,2,0,0
8080,2,1,0,2,0,0
8081,2,1,0,2,0,0
8082,2,1,0,2,0,0
8083,2,1,0,2,0,0
8084,2,1,0,2,0,0
8085,2,1,0,2,0,0
8086,2,1,0,2,0,0
8087,2,1,0,2,0,0
8088,2,1,0,2,0,0
8089,2,1,0,2,0,0
8090,2,1,0,2,0,0
8091,2,1,0,2,0,0
8092,2,1,0,2,0,0
8093,2,1,0,2,0,0
8094,2,1,0,2,0,0
8095,2,1,0,2,0,0
8096,2,1,0,2,0,0
8097,2,1,0,2,0,0
8098,2,1,0,2,0,0
8099,2,1,0,2,0,0
8100,2,1,0,2,0,0
8101,2,1,0,2,0,0
8102,2,1,0,2,0,0
8103,2,1,0,2,0,0
8104,2,1,0,2,0,0
8105,2,1,0,2,0,0
8106,2,1,0,2,0,0
8107,2,1,0,2,0,0
8108,2,1,0,2,0,0
8109,2,1,0,2,0,0
8110,2,1,0,2,0,0
8111,2,1,0,2,0,0
8112,2,1,0,2,0,0
8113,2,1,0,2,0,0
8114,2,1,0,2,0,0
8115,2,1,0,2,0,0
8116,2,1,0,2,0,0
8117,2,1,0,2,0,0
8118,2,1,0,2,0,0
8119,2,1,0,2,0,0
8120,2,1,0,2,0,0
8121,2,1,0,2,0,0
8122,2,1,0,2,0,0
8123,2,1,0,2,0,0
8124,2,1,0,2,0,0
8125,2,1,0,2,0,0
8126,2,1,0,2,0,0
8127,2,1,0,2,0,0
8128,2,1,0,2,0,0
8129,2,1,0,2,0,0
8130,2,1,0,2,0,0
8131,2,1,0,2,0,0
8132,2,1,0,2,0,0
8133,2,1,0,2,0,0
8134,2,1,0,2,0,0
8135,2,1,0,2,0,0
8136,2,1,0,2,0,0
8137,2,1,0,2,0,0
8138,2,1,0,2,0,0
8139,2,1,0,2,0,0
8140,2,1,0,2,0,0
8141,2,1,0,2,0,0
8142,2,1,0,2,0,0
8143,2,1,0,2,0,0
8144,2,1,0,2,0,0
8145,2,1,0,2,0,0
8146,2,1,0,2,0,0
8147,2,1,0,2,0,0
8148,2,1,0,2,0,0
8149,2,1,0,2,0,0
8150,2,1,0,2,0,0
8151,2,1,0,2,0,0
8152,2,1,0,2,0,0
8153,2,1,0,2,0,0
8154,2,1,0,2,0,0
8155,2,1,0,2,0,0
8156,2,1,0,2,0,0
8157,2,1,0,2,0,0
8158,2,1,0,2,0,0
8159,2,1,0,2,0,0
8160,2,1,0,2,0,0
8161,2,1,0,2,0,0
8162,2,1,0,2,0,0
8163,2,1,0,2,0,0
8164,2,1,0,2,0,0
8165,2,1,0,2,0,0
8166,2,1,0,2,0,0
8167,2,1,0,2,0,0
8168,2,1,0,2,0,0
8169,2,1,0,2,0,0
8170,2,1,0,2,0,0
8171,2,1,0,2,0,0
8172,2,1,0,2,0,0
8173,2,1,0,2,0,0
8174,2,1,0,2,0,0
8175,2,1,0,2,0,0
8176,2,1,0,2,0,0
8177,2,1,0,2,0,0
8178,2,1,0,2,0,0
8179,2,1,0,2,0,0
8180,2,1,0,2,0,0
8181,2,1,0,2,0,0
8182,2,1,0,2,0,0
8183,2,1,0,2,0,0
8184,2,1,0,2,0,0
8185,2,1,0,2,0,0
8186,2,1,0,2,0,0
8187,2,1,0,2,0,0
8188,2,1,0,2,0,0
8189,2,1,0,2,0,0
8190,2,1,0,2,0,0
8191,2,1,0,2,0,0
8192,2,1,0,2,0,0
8193,2,1,0,2,0,0
8194,2,1,0,2,0,0
8195,2,1,0,2,0,0
8196,2,1,0,2,0,0
8197,2,1,0,2,0,0
8198,2,1,0,2,0,0
8199,2,1,0,2,0,0
8200,2,1,0,2,0,0
8201,2,1,0,2,0,0
8202,2,1,0,2,0,0
8203,2,1,0,2,0,0
8204,2,1,0,2,0,0
8205,2,1,0,2,0,0
8206,2,1,0,2,0,0
8207,2,1,0,2,0,0
8208,2,1,0,2,0,0
8209,2,1,0,2,0,0
8210,2,1,0,2,0,0
8211,2,1,0,2,0,0
8212,2,1,0,2,0,0
8213,2,1,0,2,0,0
8214,2,1,0,2,0,0
8215,2,1,0,2,0,0
8216,2,1,0,2,0,0
8217,2,1,0,2,0,0
8218,2,1,0,2,0,0
8219,2,1,0,2,0,0
8220,2,1,0,2,0,0
8221,2,1,0,2,0,0
8222,2,1,0,2,0,0
8223,2,1,0,2,0,0
8224,2,1,0,2,0,0
8225,2,1,0,2,0,0
8226,2,1,0,2,0,0
8227,2,1,0,2,0,0
8228,2,1,0,2,0,0
8229,2,1,0,2,0,0
8230,2,1,0,2,0,0
8231,2,1,0,2,0,0
8232,2,1,0,2,0,0
8233,2,1,0,2,0,0
8234,2,1,0,2,0,0
8235,2,1,0,2,0,0
8236,2,1,0,2,0,0
8237,2,1,0,2,0,0
8238,2,1,0,2,0,0
8239,2,1,0,2,0,0
8240,2,1,0,2,0,0
8241,2,1,0,2,0,0
8242,2,1,0,2,0,0
8243,2,1,0,2,0,0
8244,2,1,0,2,0,0
8245,2,1,0,2,0,0
8246,2,1,0,2,0,0
8247,2,1,0,2,0,0
8248,2,1,0,2,0,0
8249,2,1,0,2,0,0
8250,2,1,0,2,0,0
8251,2,1,0,2,0,0
8252,2,1,0,2,0,0
8253,2,1,0,2,0,0
8254,2,1,0,2,0,0
8255,2,1,0,2,0,0
8256,2,1,0,2,0,0
8257,2,1,0,2,0,0
8258,2,1,0,2,0,0
8259,2,1,0,2,0,0
8260,2,1,0,2,0,0
8261,2,1,0,2,0,0
8262,2,1,0,2,0,0
8263,2,1,0,2,0,0
8264,2,1,0,2,0,0
8265,2,1,0,2,0,0
8266,2,1,0,2,0,0
8267,2,1,0,2,0,0
8268,2,1,0,2,0,0
8269,2,1,0,2,0,0
8270,2,1,0,2,0,0
8271,2,1,0,2,0,0
8272,2,1,0,2,0,0
8273,2,1,0,2,0,0
8274,2,1,0,2,0,0
8275,2,1,0,2,0,0
8276,2,1,0,2,0,0
8277,2,1,0,2,0,0
8278,2,1,0,2,0,0
8279,2,1,0,2,0,0
8280,2,1,0,2,0,0
8281,2,1,0,2,0,0
8282,2,1,0,2,0,0
8283,2,1,0,2,0,0
8284,2,1,0,2,0,0
8285,2,1,0,2,0,0
8286,2,1,0,2,0,0
8287,2,1,0,2,0,0
8288,2,1,0,2,0,0
8289,2,1,0,2,0,0
8290,2,1,0,2,0,0
8291,2,1,0,2,0,0
8292,2,1,0,2,0,0
8293,2,1,0,2,0,0
8294,2,1,0,2,0,0
8295,2,1,0,2,0,0
8296,2,1,0,2,0,0
8297,2,1,0,2,0,0
8298,2,1,0,2,0,0
8299,2,1,0,2,0,0
8300,2,1,0,2,0,0
8301,2,1,0,2,0,0
8302,2,1,0,2,0,0
8303,2,1,0,2,0,0
8304,2,1,0,2,0,0
8305,2,1,0,2,0,0
8306,2,1,0,2,0,0
8307,2,1,0,2,0,0
8308,2,1,0,2,0,0
8309,2,1,0,2,0,0
8310,2,1,0,2,0,0
8311,2,1,0,2,0,0
8312,2,1,0,2,0,0
8313,2,1,0,2,0,0
8314,2,1,0,2,0,0
8315,2,1,0,2,0,0
8316,2,1,0,2,0,0
8317,2,1,0,2,0,0
8318,2,1,0,2,0,0
8319,2,1,0,2,0,0
8320,2,1,0,2,0,0
8321,2,1,0,2,0,0
8322,2,1,0,2,0,0
8323,2,1,0,2,0,0
8324,2,1,0,2,0,0
8325,2,1,0,2,0,0
8326,2,1,0,2,0,0
8327,2,1,0,2,0,0
8328,2,1,0,2,0,0
8329,2,1,0,2,0,0
8330,2,1,0,2,0,0
8331,2,1,0,2,0,0
8332,2,1,0,2,0,0
8333,2,1,0,2,0,0
8334,2,1,0,2,0,0
8335,2,1,0,2,0,0
8336,2,1,0,2,0,0
8337,2,1,0,2,0,0
8338,2,1,0,2,0,0
8339,2,1,0,2,0,0
8340,2,1,0,2,0,0
8341,2,1,0,2,0,0
8342,2,1,0,2,0,0
8343,2,1,0,2,0,0
8344,2,1,0,2,0,0
8345,2,1,0,2,0,0
8346,2,1,0,2,0,0
8347,2,1,0,2,0,0
8348,2,1,0,2,0,0
8349,2,1,0,2,0,0
8350,2,1,0,2,0,0
8351,2,1,0,2,0,0
8352,2,1,0,2,0,0
8353,2,1,0,2,0,0
8354,2,1,0,2,0,0
8355,2,1,0,2,0,0
8356,2,1,0,2,0,0
8357,2,1,0,2,0,0
8358,2,1,0,2,0,0
8359,2,1,0,2,0,0
8360,2,1,0,2,0,0
8361,2,1,0,2,0,0
8362,2,1,0,2,0,0
8363,2,1,0,2,0,0
8364,2,1,0,2,0,0
8365,2,1,0,2,0,0
8366,2,1,0,2,0,0
8367,2,1,0,2,0,0
8368,2,1,0,2,0,0
8369,2,1,0,2,0,0
8370,2,1,0,2,0,0
8371,2,1,0,2,0,0
8372,2,1,0,2,0,0
8373,2,1,0,2,0,0
8374,2,1,0,2,0,0
8375,2,1,0,2,0,0
8376,2,1,0,2,0,0
8377,2,1,0,2,0,0
8378,2,1,0,2,0,0
8379,2,1,0,2,0,0
8380,2,1,0,2,0,0
8381,2,1,0,2,0,0
8382,2,1,0,2,0,0
8383,2,1,0,2,0,0
8384,2,1,0,2,0,0
8385,2,1,0,2,0,0
8386,2,1,0,2,0,0
8387,2,1,0,2,0,0
8388,2,1,0,2,0,0
8389,2,1,0,2,0,0
8390,2,1,0,2,0,0
8391,2,1,0,2,0,0
8392,2,1,0,2,0,0
8393,2,1,0,2,0,0
8394,2,1,0,2,0,0
8395,2,1,0,2,0,0
8396,2,1,0,2,0,0
8397,2,1,0,2,0,0
8398,2,1,0,2,0,0
8399,2,1,0,2,0,0
8400,2,1,0,2,0,0
8401,2,1,0,2,0,0
8402,2,1,0,2,0,0
8403,2,1,0,2,0,0
8404,2,1,0,2,0,0
8405,2,1,0,2,0,0
8406,2,1,0,2,0,0
8407,2,1,0,2,0,0
8408,2,1,0,2,0,0
8409,2,1,0,2,0,0
8410,2,1,0,2,0,0
8411,2,1,0,2,0,0
8412,2,1,0,2,0,0
8413,2,1,0,2,0,0
8414,2,1,0,2,0,0
8415,2,1,0,2,0,0
8416,2,1,0,2,0,0
8417,2,1,0,2,0,0
8418,2,1,0,2,0,0
8419,2,1,0,2,0,0
8420,2,1,0,2,0,0
8421,2,1,0,2,0,0
8422,2,1,0,2,0,0
8423,2,1,0,2,0,0
8424,2,1,0,2,0,0
8425,2,1,0,2,0,0
8426,2,1,0,2,0,0
8427,2,1,0,2,0,0
8428,2,1,0,2,0,0
8429,2,1,0,2,0,0
8430,2,1,0,2,0,0
8431,2,1,0,2,0,0
8432,2,1,0,2,0,0
8433,2,1,0,2,0,0
8434,2,1,0,2,0,0
8435,2,1,0,2,0,0
8436,2,1,0,2,0,0
8437,2,1,0,2,0,0
8438,2,1,0,2,0,0
8439,2,1,0,2,0,0
8440,2,1,0,2,0,0
8441,2,1,0,2,0,0
8442,2,1,0,2,0,0
8443,2,1,0,2,0,0
8444,2,1,0,2,0,0
8445,2,1,0,2,0,0
8446,2,1,0,2,0,0
8447,2,1,0,2,0,0
8448,2,1,0,2,0,0
8449,2,1,0,2,0,0
8450,2,1,0,2,0,0
8451,2,1,0,2,0,0
8452,2,1,0,2,0,0
8453,2,1,0,2,0,0
8454,2,1,0,2,0,0
8455,2,1,0,2,0,0
8456,2,1,0,2,0,0
8457,2,1,0,2,0,0
8458,2,1,0,2,0,0
8459,2,1,0,2,0,0
8460,2,1,0,2,0,0
8461,2,1,0,2,0,0
8462,2,1,0,2,0,0
8463,2,1,0,2,0,0
8464,2,1,0,2,0,0
8465,2,1,0,2,0,0
8466,2,1,0,2,0,0
8467,2,1,0,2,0,0
8468,2,1,0,2,0,0
8469,2,1,0,2,0,0
8470,2,1,0,2,0,0
8471,2,1,0,2,0,0
8472,2,1,0,2,0,0
8473,2,1,0,2,0,0
8474,2,1,0,2,0,0
8475,2,1,0,2,0,0
8476,2,1,0,2,0,0
8477,2,1,0,2,0,0
8478,2,1,0,2,0,0
8479,2,1,0,2,0,0
8480,2,1,0,2,0,0
8481,2,1,0,2,0,0
8482,2,1,0,2,0,0
8483,2,1,0,2,0,0
8484,2,1,0,2,0,0
8485,2,1,0,2,0,0
8486,2,1,0,2,0,0
8487,2,1,0,2,0,0
8488,2,1,0,2,0,0
8489,2,1,0,2,0,0
8490,2,1,0,2,0,0
8491,2,1,0,2,0,0
8492,2,1,0,2,0,0
8493,2,1,0,2,0,0
8494,2,1,0,2,0,0
8495,2,1,0,2,0,0
8496,2,1,0,2,0,0
8497,2,1,0,2,0,0
8498,2,1,0,2,0,0
8499,2,1,0,2,0,0
8500,2,1,0,2,0,0
8501,2,1,0,2,0,0
8502,2,1,0,2,0,0
8503,2,1,0,2,0,0
8504,2,1,0,2,0,0
8505,2,1,0,2,0,0
8506,2,1,0,2,0,0
8507,2,1,0,2,0,0
8508,2,1,0,2,0,0
8509,2,1,0,2,0,0
8510,2,1,0,2,0,0
8511,2,1,0,2,0,0
8512,2,1,0,2,0,0
8513,2,1,0,2,0,0
8514,2,1,0,2,0,0
8515,2,1,0,2,0,0
8516,2,1,0,2,0,0
8517,2,1,0,2,0,0
8518,2,1,0,2,0,0
8519,2,1,0,2,0,0
8520,2,1,0,2,0,0
8521,2,1,0,2,0,0
8522,2,1,0,2,0,0
8523,2,1,0,2,0,0
8524,2,1,0,2,0,0
8525,2,1,0,2,0,0
8526,2,1,0,2,0,0
8527,2,1,0,2,0,0
8528,2,1,0,2,0,0
8529,2,1,0,2,0,0
8530,2,1,0,2,0,0
8531,2,1,0,2,0,0
8532,2,1,0,2,0,0
8533,2,1,0,2,0,0
8534,2,1,0,2,0,0
8535,2,1,0,2,0,0
8536,2,1,0,2,0,0
8537,2,1,0,2,0,0
8538,2,1,0,2,0,0
8539,2,1,0,2,0,0
8540,2,1,0,2,0,0
8541,2,1,0,2,0,0
8542,2,1,0,2,0,0
8543,2,1,0,2,0,0
8544,2,1,0,2,0,0
8545,2,1,0,2,0,0
8546,2,1,0,2,0,0
8547,2,1,0,2,0,0
8548,2,1,0,2,0,0
8549,2,1,0,2,0,0
8550,2,1,0,2,0,0
8551,2,1,0,2,0,0
8552,2,1,0,2,0,0
8553,2,1,0,2,0,0
8554,2,1,0,2,0,0
8555,2,1,0,2,0,0
8556,2,1,0,2,0,0
8557,2,1,0,2,0,0
8558,2,1,0,2,0,0
8559,2,1,0,2,0,0
8560,2,1,0,2,0,0
8561,2,1,0,2,0,0
8562,2,1,0,2,0,0
8563,2,1,0,2,0,0
8564,2,1,0,2,0,0
8565,2,1,0,2,0,0
8566,2,1,0,2,0,0
8567,2,1,0,2,0,0
8568,2,1,0,2,0,0
8569,2,1,0,2,0,0
8570,2,1,0,2,0,0
8571,2,1,0,2,0,0
8572,2,1,0,2,0,0
8573,2,1,0,2,0,0
8574,2,1,0,2,0,0
8575,2,1,0,2,0,0
8576,2,1,0,2,0,0
8577,2,1,0,2,0,0
8578,2,1,0,2,0,0
8579,2,1,0,2,0,0
8580,2,1,0,2,0,0
8581,2,1,0,2,0,0
8582,2,1,0,2,0,0
8583,2,1,0,2,0,0
8584,2,1,0,2,0,0
8585,2,1,0,2,0,0
8586,2,1,0,2,0,0
8587,2,1,0,2,0,0
8588,2,1,0,2,0,0
8589,2,1,0,2,0,0
8590,2,1,0,2,0,0
8591,2,1,0,2,0,0
8592,2,1,0,2,0,0
8593,2,1,0,2,0,0
8594,2,1,0,2,0,0
8595,2,1,0,2,0,0
8596,2,1,0,2,0,0
8597,2,1,0,2,0,0
8598,2,1,0,2,0,0
8599,2,1,0,2,0,0
8600,2,1,0,2,0,0
8601,2,1,0,2,0,0
8602,2,1,0,2,0,0
8603,2,1,0,2,0,0
8604,2,1,0,2,0,0
8605,2,1,0,2,0,0
8606,2,1,0,2,0,0
8607,2,1,0,2,0,0
8608,2,1,0,2,0,0
8609,2,1,0,2,0,0
8610,2,1,0,2,0,0
8611,2,1,0,2,0,0
8612,2,1,0,2,0,0
8613,2,1,0,2,0,0
8614,2,1,0,2,0,0
8615,2,1,0,2,0,0
8616,2,1,0,2,0,0
8617,2,1,0,2,0,0
8618,2,1,0,2,0,0
8619,2,1,0,2,0,0
8620,2,1,0,2,0,0
8621,2,1,0,2,0,0
8622,2,1,0,2,0,0
8623,2,1,0,2,0,0
8624,2,1,0,2,0,0
8625,2,1,0,2,0,0
8626,2,1,0,2,0,0
8627,2,1,0,2,0,0
8628,2,1,0,2,0,0
8629,2,1,0,2,0,0
8630,2,1,0,2,0,0
8631,2,1,0,2,0,0
8632,2,1,0,2,0,0
8633,2,1,0,2,0,0
8634,2,1,0,2,0,0
8635,2,1,0,2,0,0
8636,2,1,0,2,0,0
8637,2,1,0,2,0,0
8638,2,1,0,2,0,0
8639,2,1,0,2,0,0
8640,2,1,0,2,0,0
8641,2,1,0,2,0,0
8642,2,1,0,2,0,0
8643,2,1,0,2,0,0
8644,2,1,0,2,0,0
8645,2,1,0,2,0,0
8646,2,1,0,2,0,0
8647,2,1,0,2,0,0
8648,2,1,0,2,0,0
8649,2,1,0,2,0,0
8650,2,1,0,2,0,0
8651,2,1,0,2,0,0
8652,2,1,0,2,0,0
8653,2,1,0,2,0,0
8654,2,1,0,2,0,0
8655,2,1,0,2,0,0
8656,2,1,0,2,0,0
8657,2,1,0,2,0,0
8658,2,1,0,2,0,0
8659,2,1,0,2,0,0
8660,2,1,0,2,0,0
8661,2,1,0,2,0,0
8662,2,1,0,2,0,0
8663,2,1,0,2,0,0
8664,2,1,0,2,0,0
8665,2,1,0,2,0,0
8666,2,1,0,2,0,0
8667,2,1,0,2,0,0
8668,2,1,0,2,0,0
8669,2,1,0,2,0,0
8670,2,1,0,2,0,0
8671,2,1,0,2,0,0
8672,2,1,0,2,0,0
8673,2,1,0,2,0,0
8674,2,1,0,2,0,0
8675,2,1,0,2,0,0
8676,2,1,0,2,0,0
8677,2,1,0,2,0,0
8678,2,1,0,2,0,0
8679,2,1,0,2,0,0
8680,2,1,0,2,0,0
8681,2,1,0,2,0,0
8682,2,1,0,2,0,0
8683,2,1,0,2,0,0
8684,2,1,0,2,0,0
8685,2,1,0,2,0,0
8686,2,1,0,2,0,0
8687,2,1,0,2,0,0
8688,2,1,0,2,0,0
8689,2,1,0,2,0,0
8690,2,1,0,2,0,0
8691,2,1,0,2,0,0
8692,2,1,0,2,0,0
8693,2,1,0,2,0,0
8694,2,1,0,2,0,0
8695,2,1,0,2,0,0
8696,2,1,0,2,0,0
8697,2,1,0,2,0,0
8698,2,1,0,2,0,0
8699,2,1,0,2,0,0
8700,2,1,0,2,0,0
8701,2,1,0,2,0,0
8702,2,1,0,2,0,0
8703,2,1,0,2,0,0
8704,2,1,0,2,0,0
8705,2,1,0,2,0,0
8706,2,1,0,2,0,0
8707,2,1,0,2,0,0
8708,2,1,0,2,0,0
8709,2,1,0,2,0,0
8710,2,1,0,2,0,0
8711,2,1,0,2,0,0
8712,2,1,0,2,0,0
8713,2,1,0,2,0,0
8714,2,1,0,2,0,0
8715,2,1,0,2,0,0
8716,2,1,0,2,0,0
8717,2,1,0,2,0,0
8718,2,1,0,2,0,0
8719,2,1,0,2,0,0
8720,2,1,0,2,0,0
8721,2,1,0,2,0,0
8722,2,1,0,2,0,0
8723,2,1,0,2,0,0
8724,2,1,0,2,0,0
8725,2,1,0,2,0,0
8726,2,1,0,2,0,0
8727,2,1,0,2,0,0
8728,2,1,0,2,0,0
8729,2,1,0,2,0,0
8730,2,1,0,2,0,0
8731,2,1,0,2,0,0
8732,2,1,0,2,0,0
8733,2,1,0,2,0,0
8734,2,1,0,2,0,0
8735,2,1,0,2,0,0
8736,2,1,0,2,0,0
8737,2,1,0,2,0,0
8738,2,1,0,2,0,0
8739,2,1,0,2,0,0
8740,2,1,0,2,0,0
8741,2,1,0,2,0,0
8742,2,1,0,2,0,0
8743,2,1,0,2,0,0
8744,2,1,0,2,0,0
8745,2,1,0,2,0,0
8746,2,1,0,2,0,0
8747,2,1,0,2,0,0
8748,2,1,0,2,0,0
8749,2,1,0,2,0,0
8750,2,1,0,2,0,0
8751,2,1,0,2,0,0
8752,2,1,0,2,0,0
8753,2,1,0,2,0,0
8754,2,1,0,2,0,0
8755,2,1,0,2,0,0
8756,2,1,0,2,0,0
8757,2,1,0,2,0,0
8758,2,1,0,2,0,0
8759,2,1,0,2,0,0
8760,2,1,0,2,0,0
8761,2,1,0,2,0,0
8762,2,1,0,2,0,0
8763,2,1,0,2,0,0
8764,2,1,0,2,0,0
8765,2,1,0,2,0,0
8766,2,1,0,2,0,0
8767,2,1,0,2,0,0
8768,2,1,0,2,0,0
8769,2,1,0,2,0,0
8770,2,1,0,2,0,0
8771,2,1,0,2,0,0
8772,2,1,0,2,0,0
8773,2,1,0,2,0,0
8774,2,1,0,2,0,0
8775,2,1,0,2,0,0
8776,2,1,0,2,0,0
8777,2,1,0,2,0,0
8778,2,1,0,2,0,0
8779,2,1,0,2,0,0
8780,2,1,0,2,0,0
8781,2,1,0,2,0,0
8782,2,1,0,2,0,0
8783,2,1,0,2,0,0
8784,2,1,0,2,0,0
8785,2,1,0,2,0,0
8786,2,1,0,2,0,0
8787,2,1,0,2,0,0
8788,2,1,0,2,0,0
8789,2,1,0,2,0,0
8790,2,1,0,2,0,0
8791,2,1,0,2,0,0
8792,2,1,0,2,0,0
8793,2,1,0,2,0,0
8794,2,1,0,2,0,0
8795,2,1,0,2,0,0
8796,2,1,0,2,0,0
8797,2,1,0,2,0,0
8798,2,1,0,2,0,0
8799,2,1,0,2,0,0
8800,2,1,0,2,0,0
8801,2,1,0,2,0,0
8802,2,1,0,2,0,0
8803,2,1,0,2,0,0
8804,2,1,0,2,0,0
8805,2,1,0,2,0,0
8806,2,1,0,2,0,0
8807,2,1,0,2,0,0
8808,2,1,0,2,0,0
8809,2,1,0,2,0,0
8810,2,1,0,2,0,0
8811,2,1,0,2,0,0
8812,2,1,0,2,0,0
8813,2,1,0,2,0,0
8814,2,1,0,2,0,0
8815,2,1,0,2,0,0
8816,2,1,0,2,0,0
8817,2,1,0,2,0,0
8818,2,1,0,2,0,0
8819,2,1,0,2,0,0
8820,2,1,0,2,0,0
8821,2,1,0,2,0,0
8822,2,1,0,2,0,0
8823,2,1,0,2,0,0
8824,2,1,0,2,0,0
8825,2,1,0,2,0,0
8826,2,1,0,2,0,0
8827,2,1,0,2,0,0
8828,2,1,0,2,0,0
8829,2,1,0,2,0,0
8830,2,1,0,2,0,0
8831,2,1,0,2,0,0
8832,2,1,0,2,0,0
8833,2,1,0,2,0,0
8834,2,1,0,2,0,0
8835,2,1,0,2,0,0
8836,2,1,0,2,0,0
8837,2,1,0,2,0,0
8838,2,1,0,2,0,0
8839,2,1,0,2,0,0
8840,2,1,0,2,0,0
8841,2,1,0,2,0,0
8842,2,1,0,2,0,0
8843,2,1,0,2,0,0
8844,2,1,0,2,0,0
8845,2,1,0,2,0,0
8846,2,1,0,2,0,0
8847,2,1,0,2,0,0
8848,2,1,0,2,0,0
8849,2,1,0,2,0,0
8850,2,1,0,2,0,0
8851,2,1,0,2,0,0
8852,2,1,0,2,0,0
8853,2,1,0,2,0,0
8854,2,1,0,2,0,0
8855,2,1,0,2,0,0
8856,2,1,0,2,0,0
8857,2,1,0,2,0,0
8858,2,1,0,2,0,0
8859,2,1,0,2,0,0
8860,2,1,0,2,0,0
8861,2,1,0,2,0,0
8862,2,1,0,2,0,0
8863,2,1,0,2,0,0
8864,2,1,0,2,0,0
8865,2,1,0,2,0,0
8866,2,1,0,2,0,0
8867,2,1,0,2,0,0
8868,2,1,0,2,0,0
8869,2,1,0,2,0,0
8870,2,1,0,2,0,0
8871,2,1,0,2,0,0
8872,2,1,0,2,0,0
8873,2,1,0,2,0,0
8874,2,1,0,2,0,0
8875,2,1,0,2,0,0
8876,2,1,0,2,0,0
8877,2,1,0,2,0,0
8878,2,1,0,2,0,0
8879,2,1,0,2,0,0
8880,2,1,0,2,0,0
8881,2,1,0,2,0,0
8882,2,1,0,2,0,0
8883,2,1,0,2,0,0
8884,2,1,0,2,0,0
8885,2,1,0,2,0,0
8886,2,1,0,2,0,0
8887,2,1,0,2,0,0
8888,2,1,0,2,0,0
8889,2,1,0,2,0,0
8890,2,1,0,2,0,0
8891,2,1,0,2,0,0
8892,2,1,0,2,0,0
8893,2,1,0,2,0,0
8894,2,1,0,2,0,0
8895,2,1,0,2,0,0
8896,2,1,0,2,0,0
8897,2,1,0,2,0,0
8898,2,1,0,2,0,0
8899,2,1,0,2,0,0
8900,2,1,0,2,0,0
8901,2,1,0,2,0,0
8902,2,1,0,2,0,0
8903,2,1,0,2,0,0
8904,2,1,0,2,0,0
8905,2,1,0,2,0,0
8906,2,1,0,2,0,0
8907,2,1,0,2,0,0
8908,2,1,0,2,0,0
8909,2,1,0,2,0,0
8910,2,1,0,2,0,0
8911,2,1,0,2,0,0
8912,2,1,0,2,0,0
8913,2,1,0,2,0,0
8914,2,1,0,2,0,0
8915,2,1,0,2,0,0
8916,2,1,0,2,0,0
8917,2,1,0,2,0,0
8918,2,1,0,2,0,0
8919,2,1,0,2,0,0
8920,2,1,0,2,0,0
8921,2,1,0,2,0,0
8922,2,1,0,2,0,0
8923,2,1,0,2,0,0
8924,2,1,0,2,0,0
8925,2,1,0,2,0,0
8926,2,1,0,2,0,0
8927,2,1,0,2,0,0
8928,2,1,0,2,0,0
8929,2,1,0,2,0,0
8930,2,1,0,2,0,0
8931,2,1,0,2,0,0
8932,2,1,0,2,0,0
8933,2,1,0,2,0,0
8934,2,1,0,2,0,0
8935,2,1,0,2,0,0
8936,2,1,0,2,0,0
8937,2,1,0,2,0,0
8938,2,1,0,2,0,0
8939,2,1,0,2,0,0
8940,2,1,0,2,0,0
8941,2,1,0,2,0,0
8942,2,1,0,2,0,0
8943,2,1,0,2,0,0
8944,2,1,0,2,0,0
8945,2,1,0,2,0,0
8946,2,1,0,2,0,0
8947,2,1,0,2,0,0
8948,2,1,0,2,0,0
8949,2,1,0,2,0,0
8950,2,1,0,2,0,0
8951,2,1,0,2,0,0
8952,2,1,0,2,0,0
8953,2,1,0,2,0,0
8954,2,1,0,2,0,0
8955,2,1,0,2,0,0
8956,2,1,0,2,0,0
8957,2,1,0,2,0,0
8958,2,1,0,2,0,0
8959,2,1,0,2,0,0
8960,2,1,0,2,0,0
8961,2,1,0,2,0,0
8962,2,1,0,2,0,0
8963,2,1,0,2,0,0
8964,2,1,0,2,0,0
8965,2,1,0,2,0,0
8966,2,1,0,2,0,0
8967,2,1,0,2,0,0
8968,2,1,0,2,0,0
8969,2,1,0,2,0,0
8970,2,1,0,2,0,0
8971,2,1,0,2,0,0
8972,2,1,0,2,0,0
8973,2,1,0,2,0,0
8974,2,1,0,2,0,0
8975,2,1,0,2,0,0
8976,2,1,0,2,0,0
8977,2,1,0,2,0,0
8978,2,1,0,2,0,0
8979,2,1,0,2,0,0
8980,2,1,0,2,0,0
8981,2,1,0,2,0,0
8982,2,1,0,2,0,0
8983,2,1,0,2,0,0
8984,2,1,0,2,0,0
8985,2,1,0,2,0,0
8986,2,1,0,2,0,0
8987,2,1,0,2,0,0
8988,2,1,0,2,0,0
8989,2,1,0,2,0,0
8990,2,1,0,2,0,0
8991,2,1,0,2,0,0
8992,2,1,0,2,0,0
8993,2,1,0,2,0,0
8994,2,1,0,2,0,0
8995,2,1,0,2,0,0
8996,2,1,0,2,0,0
8997,2,1,0,2,0,0
8998,2,1,0,2,0,0
8999,2,1,0,2,0,0
9000,2,1,0,2,0,0
9001,2,1,0,2,0,0
9002,2,1,0,2,0,0
9003,2,1,0,2,0,0
9004,2,1,0,2,0,0
9005,2,1,0,2,0,0
9006,2,1,0,2,0,0
9007,2,1,0,2,0,0
9008,2,1,0,2,0,0
9009,2,1,0,2,0,0
9010,2,1,0,2,0,0
9011,2,1,0,2,0,0
9012,2,1,0,2,0,0
9013,2,1,0,2,0,0
9014,2,1,0,2,0,0
9015,2,1,0,2,0,0
9016,2,1,0,2,0,0
9017,2,1,0,2,0,0
9018,2,1,0,2,0,0
9019,2,1,0,2,0,0
9020,2,1,0,2,0,0
9021,2,1,0,2,0,0
9022,2,1,0,2,0,0
9023,2,1,0,2,0,0
9024,2,1,0,2,0,0
9025,2,1,0,2,0,0
9026,2,1,0,2,0,0
9027,2,1,0,2,0,0
9028,2,1,0,2,0,0
9029,2,1,0,2,0,0
9030,2,1,0,2,0,0
9031,2,1,0,2,0,0
9032,2,1,0,2,0,0
9033,2,1,0,2,0,0
9034,2,1,0,2,0,0
9035,2,1,0,2,0,0
9036,2,1,0,2,0,0
9037,2,1,0,2,0,0
9038,2,1,0,2,0,0
9039,2,1,0,2,0,0
9040,2,1,0,2,0,0
9041,2,1,0,2,0,0
9042,2,1,0,2,0,0
9043,2,1,0,2,0,0
9044,2,1,0,2,0,0
9045,2,1,0,2,0,0
9046,2,1,0,2,0,0
9047,2,1,0,2,0,0
9048,2,1,0,2,0,0
9049,2,1,0,2,0,0
9050,2,1,0,2,0,0
9051,2,1,0,2,0,0
9052,2,1,0,2,0,0
9053,2,1,0,2,0,0
9054,2,1,0,2,0,0
9055,2,1,0,2,0,0
9056,2,1,0,2,0,0
9057,2,1,0,2,0,0
9058,2,1,0,2,0,0
9059,2,1,0,2,0,0
9060,2,1,0,2,0,0
9061,2,1,0,2,0,0
9062,2,1,0,2,0,0
9063,2,1,0,2,0,0
9064,2,1,0,2,0,0
9065,2,1,0,2,0,0
9066,2,1,0,2,0,0
9067,2,1,0,2,0,0
9068,2,1,0,2,0,0
9069,2,1,0,2,0,0
9070,2,1,0,2,0,0
9071,2,1,0,2,0,0
9072,2,1,0,2,0,0
9073,2,1,0,2,0,0
9074,2,1,0,2,0,0
9075,2,1,0,2,0,0
9076,2,1,0,2,0,0
9077,2,1,0,2,0,0
9078,2,1,0,2,0,0
9079,2,1,0,2,0,0
9080,2,1,0,2,0,0
9081,2,1,0,2,0,0
9082,2,1,0,2,0,0
9083,2,1,0,2,0,0
9084,2,1,0,2,0,0
9085,2,1,0,2,0,0
9086,2,1,0,2,0,0
9087,2,1,0,2,0,0
9088,2,1,0,2,0,0
9089,2,1,0,2,0,0
9090,2,1,0,2,0,0
9091,2,1,0,2,0,0
9092,2,1,0,2,0,0
9093,2,1,0,2,0,0
9094,2,1,0,2,0,0
9095,2,1,0,2,0,0
9096,2,1,0,2,0,0
9097,2,1,0,2,0,0
9098,2,1,0,2,0,0
9099,2,1,0,2,0,0
9100,2,1,0,2,0,0
9101,2,1,0,2,0,0
9102,2,1,0,2,0,0
9103,2,1,0,2,0,0
9104,2,1,0,2,0,0
9105,2,1,0,2,0,0
9106,2,1,0,2,0,0
9107,2,1,0,2,0,0
9108,2,1,0,2,0,0
9109,2,1,0,2,0,0
9110,2,1,0,2,0,0
9111,2,1,0,2,0,0
9112,2,1,0,2,0,0
9113,2,1,0,2,0,0
9114,2,1,0,2,0,0
9115,2,1,0,2,0,0
9116,2,1,0,2,0,0
9117,2,1,0,2,0,0
9118,2,1,0,2,0,0
9119,2,1,0,2,0,0
9120,2,1,0,2,0,0
9121,2,1,0,2,0,0
9122,2,1,0,2,0,0
9123,2,1,0,2,0,0
9124,2,1,0,2,0,0
9125,2,1,0,2,0,0
9126,2,1,0,2,0,0
9127,2,1,0,2,0,0
9128,2,1,0,2,0,0
9129,2,1,0,2,0,0
9130,2,1,0,2,0,0
9131,2,1,0,2,0,0
9132,2,1,0,2,0,0
9133,2,1,0,2,0,0
9134,2,1,0,2,0,0
9135,2,1,0,2,0,0
9136,2,1,0,2,0,0
9137,2,1,0,2,0,0
9138,2,1,0,2,0,0
9139,2,1,0,2,0,0
9140,2,1,0,2,0,0
9141,2,1,0,2,0,0
9142,2,1,0,2,0,0
9143,2,1,0,2,0,0
9144,2,1,0,2,0,0
9145,2,1,0,2,0,0
9146,2,1,0,2,0,0
9147,2,1,0,2,0,0
9148,2,1,0,2,0,0
9149,2,1,0,2,0,0
9150,2,1,0,2,0,0
9151,2,1,0,2,0,0
9152,2,1,0,2,0,0
9153,2,1,0,2,0,0
9154,2,1,0,2,0,0
9155,2,1,0,2,0,0
9156,2,1,0,2,0,0
9157,2,1,0,2,0,0
9158,2,1,0,2,0,0
9159,2,1,0,2,0,0
9160,2,1,0,2,0,0
9161,2,1,0,2,0,0
9162,2,1,0,2,0,0
9163,2,1,0,2,0,0
9164,2,1,0,2,0,0
9165,2,1,0,2,0,0
9166,2,1,0,2,0,0
9167,2,1,0,2,0,0
9168,2,1,0,2,0,0
9169,2,1,0,2,0,0
9170,2,1,0,2,0,0
9171,2,1,0,2,0,0
9172,2,1,0,2,0,0
9173,2,1,0,2,0,0
9174,2,1,0,2,0,0
9175,2,1,0,2,0,0
9176,2,1,0,2,0,0
9177,2,1,0,2,0,0
9178,2,1,0,2,0,0
9179,2,1,0,2,0,0
9180,2,1,0,2,0,0
9181,2,1,0,2,0,0
9182,2,1,0,2,0,0
9183,2,1,0,2,0,0
9184,2,1,0,2,0,0
9185,2,1,0,2,0,0
9186,2,1,0,2,0,0
9187,2,1,0,2,0,0
9188,2,1,0,2,0,0
9189,2,1,0,2,0,0
9190,2,1,0,2,0,0
9191,2,1,0,2,0,0
9192,2,1,0,2,0,0
9193,2,1,0,2,0,0
9194,2,1,0,2,0,0
9195,2,1,0,2,0,0
9196,2,1,0,2,0,0
9197,2,1,0,2,0,0
9198,2,1,0,2,0,0
9199,2,1,0,2,0,0
9200,2,1,0,2,0,0
9201,2,1,0,2,0,0
9202,2,1,0,2,0,0
9203,2,1,0,2,0,0
9204,2,1,0,2,0,0
9205,2,1,0,2,0,0
9206,2,1,0,2,0,0
9207,2,1,0,2,0,0
9208,2,1,0,2,0,0
9209,2,1,0,2,0,0
9210,2,1,0,2,0,0
9211,2,1,0,2,0,0
9212,2,1,0,2,0,0
9213,2,1,0,2,0,0
9214,2,1,0,2,0,0
9215,2,1,0,2,0,0
9216,2,1,0,2,0,0
9217,2,1,0,2,0,0
9218,2,1,0,2,0,0
9219,2,1,0,2,0,0
9220,2,1,0,2,0,0
9221,2,1,0,2,0,0
9222,2,1,0,2,0,0
9223,2,1,0,2,0,0
9224,2,1,0,2,0,0
9225,2,1,0,2,0,0
9226,2,1,0,2,0,0
9227,2,1,0,2,0,0
9228,2,1,0,2,0,0
9229,2,1,0,2,0,0
9230,2,1,0,2,0,0
9231,2,1,0,2,0,0
9232,2,1,0,2,0,0
9233,2,1,0,2,0,0
9234,2,1,0,2,0,0
9235,2,1,0,2,0,0
9236,2,1,0,2,0,0
9237,2,1,0,2,0,0
9238,2,1,0,2,0,0
9239,2,1,0,2,0,0
9240,2,1,0,2,0,0
9241,2,1,0,2,0,0
9242,2,1,0,2,0,0
9243,2,1,0,2,0,0
9244,2,1,0,2,0,0
9245,2,1,0,2,0,0
9246,2,1,0,2,0,0
9247,2,1,0,2,0,0
9248,2,1,0,2,0,0
9249,2,1,0,2,0,0
9250,2,1,0,2,0,0
9251,2,1,0,2,0,0
9252,2,1,0,2,0,0
9253,2,1,0,2,0,0
9254,2,1,0,2,0,0
9255,2,1,0,2,0,0
9256,2,1,0,2,0,0
9257,2,1,0,2,0,0
9258,2,1,0,2,0,0
9259,2,1,0,2,0,0
9260,2,1,0,2,0,0
9261,2,1,0,2,0,0
9262,2,1,0,2,0,0
9263,2,1,0,2,0,0
9264,2,1,0,2,0,0
9265,2,1,0,2,0,0
9266,2,1,0,2,0,0
9267,2,1,0,2,0,0
9268,2,1,0,2,0,0
9269,2,1,0,2,0,0
9270,2,1,0,2,0,0
9271,2,1,0,2,0,0
9272,2,1,0,2,0,0
9273,2,1,0,2,0,0
9274,2,1,0,2,0,0
9275,2,1,0,2,0,0
9276,2,1,0,2,0,0
9277,2,1,0,2,0,0
9278,2,1,0,2,0,0
9279,2,1,0,2,0,0
9280,2,1,0,2,0,0
9281,2,1,0,2,0,0
9282,2,1,0,2,0,0
9283,2,1,0,2,0,0
9284,2,1,0,2,0,0
9285,2,1,0,2,0,0
9286,2,1,0,2,0,0
9287,2,1,0,2,0,0
9288,2,1,0,2,0,0
9289,2,1,0,2,0,0
9290,2,1,0,2,0,0
9291,2,1,0,2,0,0
9292,2,1,0,2,0,0
9293,2,1,0,2,0,0
9294,2,1,0,2,0,0
9295,2,1,0,2,0,0
9296,2,1,0,2,0,0
9297,2,1,0,2,0,0
9298,2,1,0,2,0,0
9299,2,1,0,2,0,0
9300,2,1,0,2,0,0
9301,2,1,0,2,0,0
9302,2,1,0,2,0,0
9303,2,1,0,2,0,0
9304,2,1,0,2,0,0
9305,2,1,0,2,0,0
9306,2,1,0,2,0,0
9307,2,1,0,2,0,0
9308,2,1,0,2,0,0
9309,2,1,0,2,0,0
9310,2,1,0,2,0,0
9311,2,1,0,2,0,0
9312,2,1,0,2,0,0
9313,2,1,0,2,0,0
9314,2,1,0,2,0,0
9315,2,1,0,2,0,0
9316,2,1,0,2,0,0
9317,2,1,0,2,0,0
9318,2,1,0,2,0,0
9319,2,1,0,2,0,0
9320,2,1,0,2,0,0
9321,2,1,0,2,0,0
9322,2,1,0,2,0,0
9323,2,1,0,2,0,0
9324,2,1,0,2,0,0
9325,2,1,0,2,0,0
9326,2,1,0,2,0,0
9327,2,1,0,2,0,0
9328,2,1,0,2,0,0
9329,2,1,0,2,0,0
9330,2,1,0,2,0,0
9331,2,1,0,2,0,0
9332,2,1,0,2,0,0
9333,2,1,0,2,0,0
9334,2,1,0,2,0,0
9335,2,1,0,2,0,0
9336,2,1,0,2,0,0
9337,2,1,0,2,0,0
9338,2,1,0,2,0,0
9339,2,1,0,2,0,0
9340,2,1,0,2,0,0
9341,2,1,0,2,0,0
9342,2,1,0,2,0,0
9343,2,1,0,2,0,0
9344,2,1,0,2,0,0
9345,2,1,0,2,0,0
9346,2,1,0,2,0,0
9347,2,1,0,2,0,0
9348,2,1,0,2,0,0
9349,2,1,0,2,0,0
9350,2,1,0,2,0,0
9351,2,1,0,2,0,0
9352,2,1,0,2,0,0
9353,2,1,0,2,0,0
9354,2,1,0,2,0,0
9355,2,1,0,2,0,0
9356,2,1,0,2,0,0
9357,2,1,0,2,0,0
9358,2,1,0,2,0,0
9359,2,1,0,2,0,0
9360,2,1,0,2,0,0
9361,2,1,0,2,0,0
9362,2,1,0,2,0,0
9363,2,1,0,2,0,0
9364,2,1,0,2,0,0
9365,2,1,0,2,0,0
9366,2,1,0,2,0,0
9367,2,1,0,2,0,0
9368,2,1,0,2,0,0
9369,2,1,0,2,0,0
9370,2,1,0,2,0,0
9371,2,1,0,2,0,0
9372,2,1,0,2,0,0
9373,2,1,0,2,0,0
9374,2,1,0,2,0,0
9375,2,1,0,2,0,0
9376,2,1,0,2,0,0
9377,2,1,0,2,0,0
9378,2,1,0,2,0,0
9379,2,1,0,2,0,0
9380,2,1,0,2,0,0
9381,2,1,0,2,0,0
9382,2,1,0,2,0,0
9383,2,1,0,2,0,0
9384,2,1,0,2,0,0
9385,2,1,0,2,0,0
9386,2,1,0,2,0,0
9387,2,1,0,2,0,0
9388,2,1,0,2,0,0
9389,2,1,0,2,0,0
9390,2,1,0,2,0,0
9391,2,1,0,2,0,0
9392,2,1,0,2,0,0
9393,2,1,0,2,0,0
9394,2,1,0,2,0,0
9395,2,1,0,2,0,0
9396,2,1,0,2,0,0
9397,2,1,0,2,0,0
9398,2,1,0,2,0,0
9399,2,1,0,2,0,0
9400,2,1,0,2,0,0
9401,2,1,0,2,0,0
9402,2,1,0,2,0,0
9403,2,1,0,2,0,0
9404,2,1,0,2,0,0
9405,2,1,0,2,0,0
9406,2,1,0,2,0,0
9407,2,1,0,2,0,0
9408,2,1,0,2,0,0
9409,2,1,0,2,0,0
9410,2,1,0,2,0,0
9411,2,1,0,2,0,0
9412,2,1,0,2,0,0
9413,2,1,0,2,0,0
9414,2,1,0,2,0,0
9415,2,1,0,2,0,0
9416,2,1,0,2,0,0
9417,2,1,0,2,0,0
9418,2,1,0,2,0,0
9419,2,1,0,2,0,0
9420,2,1,0,2,0,0
9421,2,1,0,2,0,0
9422,2,1,0,2,0,0
9423,2,1,0,2,0,0
9424,2,1,0,2,0,0
9425,2,1,0,2,0,0
9426,2,1,0,2,0,0
9427,2,1,0,2,0,0
9428,2,1,0,2,0,0
9429,2,1,0,2,0,0
9430,2,1,0,2,0,0
9431,2,1,0,2,0,0
9432,2,1,0,2,0,0
9433,2,1,0,2,0,0
9434,2,1,0,2,0,0
9435,2,1,0,2,0,0
9436,2,1,0,2,0,0
9437,2,1,0,2,0,0
9438,2,1,0,2,0,0
9439,2,1,0,2,0,0
9440,2,1,0,2,0,0
9441,2,1,0,2,0,0
9442,2,1,0,2,0,0
9443,2,1,0,2,0,0
9444,2,1,0,2,0,0
9445,2,1,0,2,0,0
9446,2,1,0,2,0,0
9447,2,1,0,2,0,0
9448,2,1,0,2,0,0
9449,2,1,0,2,0,0
9450,2,1,0,2,0,0
9451,2,1,0,2,0,0
9452,2,1,0,2,0,0
9453,2,1,0,2,0,0
9454,2,1,0,2,0,0
9455,2,1,0,2,0,0
9456,2,1,0,2,0,0
9457,2,1,0,2,0,0
9458,2,1,0,2,0,0
9459,2,1,0,2,0,0
9460,2,1,0,2,0,0
9461,2,1,0,2,0,0
9462,2,1,0,2,0,0
9463,2,1,0,2,0,0
9464,2,1,0,2,0,0
9465,2,1,0,2,0,0
9466,2,1,0,2,0,0
9467,2,1,0,2,0,0
9468,2,1,0,2,0,0
9469,2,1,0,2,0,0
9470,2,1,0,2,0,0
9471,2,1,0,2,0,0
9472,2,1,0,2,0,0
9473,2,1,0,2,0,0
9474,2,1,0,2,0,0
9475,2,1,0,2,0,0
9476,2,1,0,2,0,0
9477,2,1,0,2,0,0
9478,2,1,0,2,0,0
9479,2,1,0,2,0,0
9480,2,1,0,2,0,0
9481,2,1,0,2,0,0
9482,2,1,0,2,0,0
9483,2,1,0,2,0,0
9484,2,1,0,2,0,0
9485,2,1,0,2,0,0
9486,2,1,0,2,0,0
9487,2,1,0,2,0,0
9488,2,1,0,2,0,0
9489,2,1,0,2,0,0
9490,2,1,0,2,0,0
9491,2,1,0,2,0,0
9492,2,1,0,2,0,0
9493,2,1,0,2,0,0
9494,2,1,0,2,0,0
9495,2,1,0,2,0,0
9496,2,1,0,2,0,0
9497,2,1,0,2,0,0
9498,2,1,0,2,0,0
9499,2,1,0,2,0,0
9500,2,1,0,2,0,0
9501,2,1,0,2,0,0
9502,2,1,0,2,0,0
9503,2,1,0,2,0,0
9504,2,1,0,2,0,0
9505,2,1,0,2,0,0
9506,2,1,0,2,0,0
9507,2,1,0,2,0,0
9508,2,1,0,2,0,0
9509,2,1,0,2,0,0
9510,2,1,0,2,0,0
9511,2,1,0,2,0,0
9512,2,1,0,2,0,0
9513,2,1,0,2,0,0
9514,2,1,0,2,0,0
9515,2,1,0,2,0,0
9516,2,1,0,2,0,0
9517,2,1,0,2,0,0
9518,2,1,0,2,0,0
9519,2,1,0,2,0,0
9520,2,1,0,2,0,0
9521,2,1,0,2,0,0
9522,2,1,0,2,0,0
9523,2,1,0,2,0,0
9524,2,1,0,2,0,0
9525,2,1,0,2,0,0
9526,2,1,0,2,0,0
9527,2,1,0,2,0,0
9528,2,1,0,2,0,0
9529,2,1,0,2,0,0
9530,2,1,0,2,0,0
9531,2,1,0,2,0,0
9532,2,1,0,2,0,0
9533,2,1,0,2,0,0
9534,2,1,0,2,0,0
9535,2,1,0,2,0,0
9536,2,1,0,2,0,0
9537,2,1,0,2,0,0
9538,2,1,0,2,0,0
9539,2,1,0,2,0,0
9540,2,1,0,2,0,0
9541,2,1,0,2,0,0
9542,2,1,0,2,0,0
9543,2,1,0,2,0,0
9544,2,1,0,2,0,0
9545,2,1,0,2,0,0
9546,2,1,0,2,0,0
9547,2,1,0,2,0,0
9548,2,1,0,2,0,0
9549,2,1,0,2,0,0
9550,2,1,0,2,0,0
9551,2,1,0,2,0,0
9552,2,1,0,2,0,0
9553,2,1,0,2,0,0
9554,2,1,0,2,0,0
9555,2,1,0,2,0,0
9556,2,1,0,2,0,0
9557,2,1,0,2,0,0
9558,2,1,0,2,0,0
9559,2,1,0,2,0,0
9560,2,1,0,2,0,0
9561,2,1,0,2,0,0
9562,2,1,0,2,0,0
9563,2,1,0,2,0,0
9564,2,1,0,2,0,0
9565,2,1,0,2,0,0
9566,2,1,0,2,0,0
9567,2,1,0,2,0,0
9568,2,1,0,2,0,0
9569,2,1,0,2,0,0
9570,2,1,0,2,0,0
9571,2,1,0,2,0,0
9572,2,1,0,2,0,0
9573,2,1,0,2,0,0
9574,2,1,0,2,0,0
9575,2,1,0,2,0,0
9576,2,1,0,2,0,0
9577,2,1,0,2,0,0
9578,2,1,0,2,0,0
9579,2,1,0,2,0,0
9580,2,1,0,2,0,0
9581,2,1,0,2,0,0
9582,2,1,0,2,0,0
9583,2,1,0,2,0,0
9584,2,1,0,2,0,0
9585,2,1,0,2,0,0
9586,2,1,0,2,0,0
9587,2,1,0,2,0,0
9588,2,1,0,2,0,0
9589,2,1,0,2,0,0
9590,2,1,0,2,0,0
9591,2,1,0,2,0,0
9592,2,1,0,2,0,0
9593,2,1,0,2,0,0
9594,2,1,0,2,0,0
9595,2,1,0,2,0,0
9596,2,1,0,2,0,0
9597,2,1,0,2,0,0
9598,2,1,0,2,0,0
9599,2,1,0,2,0,0
9600,2,1,0,2,0,0
9601,2,1,0,2,0,0
9602,2,1,0,2,0,0
9603,2,1,0,2,0,0
9604,2,1,0,2,0,0
9605,2,1,0,2,0,0
9606,2,1,0,2,0,0
9607,2,1,0,2,0,0
9608,2,1,0,2,0,0
9609,2,1,0,2,0,0
9610,2,1,0,2,0,0
9611,2,1,0,2,0,0
9612,2,1,0,2,0,0
9613,2,1,0,2,0,0
9614,2,1,0,2,0,0
9615,2,1,0,2,0,0
9616,2,1,0,2,0,0
9617,2,1,0,2,0,0
9618,2,1,0,2,0,0
9619,2,1,0,2,0,0
9620,2,1,0,2,0,0
9621,2,1,0,2,0,0
9622,2,1,0,2,0,0
9623,2,1,0,2,0,0
9624,2,1,0,2,0,0
9625,2,1,0,2,0,0
9626,2,1,0,2,0,0
9627,2,1,0,2,0,0
9628,2,1,0,2,0,0
9629,2,1,0,2,0,0
9630,2,1,0,2,0,0
9631,2,1,0,2,0,0
9632,2,1,0,2,0,0
9633,2,1,0,2,0,0
9634,2,1,0,2,0,0
9635,2,1,0,2,0,0
9636,2,1,0,2,0,0
9637,2,1,0,2,0,0
9638,2,1,0,2,0,0
9639,2,1,0,2,0,0
9640,2,1,0,2,0,0
9641,2,1,0,2,0,0
9642,2,1,0,2,0,0
9643,2,1,0,2,0,0
9644,2,1,0,2,0,0
9645,2,1,0,2,0,0
9646,2,1,0,2,0,0
9647,2,1,0,2,0,0
9648,2,1,0,2,0,0
9649,2,1,0,2,0,0
9650,2,1,0,2,0,0
9651,2,1,0,2,0,0
9652,2,1,0,2,0,0
9653,2,1,0,2,0,0
9654,2,1,0,2,0,0
9655,2,1,0,2,0,0
9656,2,1,0,2,0,0
9657,2,1,0,2,0,0
9658,2,1,0,2,0,0
9659,2,1,0,2,0,0
9660,2,1,0,2,0,0
9661,2,1,0,2,0,0
9662,2,1,0,2,0,0
9663,2,1,0,2,0,0
9664,2,1,0,2,0,0
9665,2,1,0,2,0,0
9666,2,1,0,2,0,0
9667,2,1,0,2,0,0
9668,2,1,0,2,0,0
9669,2,1,0,2,0,0
9670,2,1,0,2,0,0
9671,2,1,0,2,0,0
9672,2,1,0,2,0,0
9673,2,1,0,2,0,0
9674,2,1,0,2,0,0
9675,2,1,0,2,0,0
9676,2,1,0,2,0,0
9677,2,1,0,2,0,0
9678,2,1,0,2,0,0
9679,2,1,0,2,0,0
9680,2,1,0,2,0,0
9681,2,1,0,2,0,0
9682,2,1,0,2,0,0
9683,2,1,0,2,0,0
9684,2,1,0,2,0,0
9685,2,1,0,2,0,0
9686,2,1,0,2,0,0
9687,2,1,0,2,0,0
9688,2,1,0,2,0,0
9689,2,1,0,2,0,0
9690,2,1,0,2,0,0
9691,2,1,0,2,0,0
9692,2,1,0,2,0,0
9693,2,1,0,2,0,0
9694,2,1,0,2,0,0
9695,2,1,0,2,0,0
9696,2,1,0,2,0,0
9697,2,1,0,2,0,0
9698,2,1,0,2,0,0
9699,2,1,0,2,0,0
9700,2,1,0,2,0,0
9701,2,1,0,2,0,0
9702,2,1,0,2,0,0
9703,2,1,0,2,0,0
9704,2,1,0,2,0,0
9705,2,1,0,2,0,0
9706,2,1,0,2,0,0
9707,2,1,0,2,0,0
9708,2,1,0,2,0,0
9709,2,1,0,2,0,0
9710,2,1,0,2,0,0
9711,2,1,0,2,0,0
9712,2,1,0,2,0,0
9713,2,1,0,2,0,0
9714,2,1,0,2,0,0
9715,2,1,0,2,0,0
9716,2,1,0,2,0,0
9717,2,1,0,2,0,0
9718,2,1,0,2,0,0
9719,2,1,0,2,0,0
9720,2,1,0,2,0,0
9721,2,1,0,2,0,0
9722,2,1,0,2,0,0
9723,2,1,0,2,0,0
9724,2,1,0,2,0,0
9725,2,1,0,2,0,0
9726,2,1,0,2,0,0
9727,2,1,0,2,0,0
9728,2,1,0,2,0,0
9729,2,1,0,2,0,0
9730,2,1,0,2,0,0
9731,2,1,0,2,0,0
9732,2,1,0,2,0,0
9733,2,1,0,2,0,0
9734,2,1,0,2,0,0
9735,2,1,0,2,0,0
9736,2,1,0,2,0,0
9737,2,1,0,2,0,0
9738,2,1,0,2,0,0
9739,2,1,0,2,0,0
9740,2,1,0,2,0,0
9741,2,1,0,2,0,0
9742,2,1,0,2,0,0
9743,2,1,0,2,0,0
9744,2,1,0,2,0,0
9745,2,1,0,2,0,0
9746,2,1,0,2,0,0
9747,2,1,0,2,0,0
9748,2,1,0,2,0,0
9749,2,1,0,2,0,0
9750,2,1,0,2,0,0
9751,2,1,0,2,0,0
9752,2,1,0,2,0,0
9753,2,1,0,2,0,0
9754,2,1,0,2,0,0
9755,2,1,0,2,0,0
9756,2,1,0,2,0,0
9757,2,1,0,2,0,0
9758,2,1,0,2,0,0
9759,2,1,0,2,0,0
9760,2,1,0,2,0,0
9761,2,1,0,2,0,0
9762,2,1,0,2,0,0
9763,2,1,0,2,0,0
9764,2,1,0,2,0,0
9765,2,1,0,2,0,0
9766,2,1,0,2,0,0
9767,2,1,0,2,0,0
9768,2,1,0,2,0,0
9769,2,1,0,2,0,0
9770,2,1,0,2,0,0
9771,2,1,0,2,0,0
9772,2,1,0,2,0,0
9773,2,1,0,2,0,0
9774,2,1,0,2,0,0
9775,2,1,0,2,0,0
9776,2,1,0,2,0,0
9777,2,1,0,2,0,0
9778,2,1,0,2,0,0
9779,2,1,0,2,0,0
9780,2,1,0,2,0,0
9781,2,1,0,2,0,0
9782,2,1,0,2,0,0
9783,2,1,0,2,0,0
9784,2,1,0,2,0,0
9785,2,1,0,2,0,0
9786,2,1,0,2,0,0
9787,2,1,0,2,0,0
9788,2,1,0,2,0,0
9789,2,1,0,2,0,0
9790,2,1,0,2,0,0
9791,2,1,0,2,0,0
9792,2,1,0,2,0,0
9793,2,1,0,2,0,0
9794,2,1,0,2,0,0
9795,2,1,0,2,0,0
9796,2,1,0,2,0,0
9797,2,1,0,2,0,0
9798,2,1,0,2,0,0
9799,2,1,0,2,0,0
9800,2,1,0,2,0,0
9801,2,1,0,2,0,0
9802,2,1,0,2,0,0
9803,2,1,0,2,0,0
9804,2,1,0,2,0,0
9805,2,1,0,2,0,0
9806,2,1,0,2,0,0
9807,2,1,0,2,0,0
9808,2,1,0,2,0,0
9809,2,1,0,2,0,0
9810,2,1,0,2,0,0
9811,2,1,0,2,0,0
9812,2,1,0,2,0,0
9813,2,1,0,2,0,0
9814,2,1,0,2,0,0
9815,2,1,0,2,0,0
9816,2,1,0,2,0,0
9817,2,1,0,2,0,0
9818,2,1,0,2,0,0
9819,2,1,0,2,0,0
9820,2,1,0,2,0,0
9821,2,1,0,2,0,0
9822,2,1,0,2,0,0
9823,2,1,0,2,0,0
9824,2,1,0,2,0,0
9825,2,1,0,2,0,0
9826,2,1,0,2,0,0
9827,2,1,0,2,0,0
9828,2,1,0,2,0,0
9829,2,1,0,2,0,0
9830,2,1,0,2,0,0
9831,2,1,0,2,0,0
9832,2,1,0,2,0,0
9833,2,1,0,2,0,0
9834,2,1,0,2,0,0
9835,2,1,0,2,0,0
9836,2,1,0,2,0,0
9837,2,1,0,2,0,0
9838,2,1,0,2,0,0
9839,2,1,0,2,0,0
9840,2,1,0,2,0,0
9841,2,1,0,2,0,0
9842,2,1,0,2,0,0
9843,2,1,0,2,0,0
9844,2,1,0,2,0,0
9845,2,1,0,2,0,0
9846,2,1,0,2,0,0
9847,2,1,0,2,0,0
9848,2,1,0,2,0,0
9849,2,1,0,2,0,0
9850,2,1,0,2,0,0
9851,2,1,0,2,0,0
9852,2,1,0,2,0,0
9853,2,1,0,2,0,0
9854,2,1,0,2,0,0
9855,2,1,0,2,0,0
9856,2,1,0,2,0,0
9857,2,1,0,2,0,0
9858,2,1,0,2,0,0
9859,2,1,0,2,0,0
9860,2,1,0,2,0,0
9861,2,1,0,2,0,0
9862,2,1,0,2,0,0
9863,2,1,0,2,0,0
9864,2,1,0,2,0,0
9865,2,1,0,2,0,0
9866,2,1,0,2,0,0
9867,2,1,0,2,0,0
9868,2,1,0,2,0,0
9869,2,1,0,2,0,0
9870,2,1,0,2,0,0
9871,2,1,0,2,0,0
9872,2,1,0,2,0,0
9873,2,1,0,2,0,0
9874,2,1,0,2,0,0
9875,2,1,0,2,0,0
9876,2,1,0,2,0,0
9877,2,1,0,2,0,0
9878,2,1,0,2,0,0
9879,2,1,0,2,0,0
9880,2,1,0,2,0,0
9881,2,1,0,2,0,0
9882,2,1,0,2,0,0
9883,2,1,0,2,0,0
9884,2,1,0,2,0,0
9885,2,1,0,2,0,0
9886,2,1,0,2,0,0
9887,2,1,0,2,0,0
9888,2,1,0,2,0,0
9889,2,1,0,2,0,0
9890,2,1,0,2,0,0
9891,2,1,0,2,0,0
9892,2,1,0,2,0,0
9893,2,1,0,2,0,0
9894,2,1,0,2,0,0
9895,2,1,0,2,0,0
9896,2,1,0,2,0,0
9897,2,1,0,2,0,0
9898,2,1,0,2,0,0
9899,2,1,0,2,0,0
9900,2,1,0,2,0,0
9901,2,1,0,2,0,0
9902,2,1,0,2,0,0
9903,2,1,0,2,0,0
9904,2,1,0,2,0,0
9905,2,1,0,2,0,0
9906,2,1,0,2,0,0
9907,2,1,0,2,0,0
9908,2,1,0,2,0,0
9909,2,1,0,2,0,0
9910,2,1,0,2,0,0
9911,2,1,0,2,0,0
9912,2,1,0,2,0,0
9913,2,1,0,2,0,0
9914,2,1,0,2,0,0
9915,2,1,0,2,0,0
9916,2,1,0,2,0,0
9917,2,1,0,2,0,0
9918,2,1,0,2,0,0
9919,2,1,0,2,0,0
9920,2,1,0,2,0,0
9921,2,1,0,2,0,0
9922,2,1,0,2,0,0
9923,2,1,0,2,0,0
9924,2,1,0,2,0,0
9925,2,1,0,2,0,0
9926,2,1,0,2,0,0
9927,2,1,0,2,0,0
9928,2,1,0,2,0,0
9929,2,1,0,2,0,0
9930,2,1,0,2,0,0
9931,2,1,0,2,0,0
9932,2,1,0,2,0,0
9933,2,1,0,2,0,0
9934,2,1,0,2,0,0
9935,2,1,0,2,0,0
9936,2,1,0,2,0,0
9937,2,1,0,2,0,0
9938,2,1,0,2,0,0
9939,2,1,0,2,0,0
9940,2,1,0,2,0,0
9941,2,1,0,2,0,0
9942,2,1,0,2,0,0
9943,2,1,0,2,0,0
9944,2,1,0,2,0,0
9945,2,1,0,2,0,0
9946,2,1,0,2,0,0
9947,2,1,0,2,0,0
9948,2,1,0,2,0,0
9949,2,1,0,2,0,0
9950,2,1,0,2,0,0
9951,2,1,0,2,0,0
9952,2,1,0,2,0,0
9953,2,1,0,2,0,0
9954,2,1,0,2,0,0
9955,2,1,0,2,0,0
9956,2,1,0,2,0,0
9957,2,1,0,2,0,0
9958,2,1,0,2,0,0
9959,2,1,0,2,0,0
9960,2,1,0,2,0,0
9961,2,1,0,2,0,0
9962,2,1,0,2,0,0
9963,2,1,0,2,0,0
9964,2,1,0,2,0,0
9965,2,1,0,2,0,0
9966,2,1,0,2,0,0
9967,2,1,0,2,0,0
9968,2,1,0,2,0,0
9969,2,1,0,2,0,0
9970,2,1,0,2,0,0
9971,2,1,0,2,0,0
9972,2,1,0,2,0,0
9973,2,1,0,2,0,0
9974,2,1,0,2,0,0
9975,2,1,0,2,0,0
9976,2,1,0,2,0,0
9977,2,1,0,2,0,0
9978,2,1,0,2,0,0
9979,2,1,0,2,0,0
9980,2,1,0,2,0,0
9981,2,1,0,2,0,0
9982,2,1,0,2,0,0
9983,2,1,0,2,0,0
9984,2,1,0,2,0,0
9985,2,1,0,2,0,0
9986,2,1,0,2,0,0
9987,2,1,0,2,0,0
9988,2,1,0,2,0,0
9989,2,1,0,2,0,0
9990,2,1,0,2,0,0
9991,2,1,0,2,0,0
9992,2,1,0,2,0,0
9993,2,1,0,2,0,0
9994,2,1,0,2,0,0
9995,2,1,0,2,0,0
9996,2,1,0,2,0,0
9997,2,1,0,2,0,0
9998,2,1,0,2,0,0
9999,2,1,0,2,0,0
10000,2,1,0,2,0,0
10001,2,1,0,2,0,0
10002,2,1,0,2,0,0
10003,2,1,0,2,0,0
10004,2,1,0,2,0,0
10005,2,1,0,2,0,0
10006,2,1,0,2,0,0
10007,2,1,0,2,0,0
10008,2,1,0,2,0,0
10009,2,1,0,2,0,0
10010,2,1,0,2,0,0
10011,2,1,0,2,0,0
10012,2,1,0,2,0,0
10013,2,1,0,2,0,0
10014,2,1,0,2,0,0
10015,2,1,0,2,0,0
10016,2,1,0,2,0,0
10017,2,1,0,2,0,0
10018,2,1,0,2,0,0
10019,2,1,0,2,0,0
10020,2,1,0,2,0,0
10021,2,1,0,2,0,0
10022,2,1,0,2,0,0
10023,2,1,0,2,0,0
10024,2,1,0,2,0,0
10025,2,1,0,2,0,0
10026,2,1,0,2,0,0
10027,2,1,0,2,0,0
10028,2,1,0,2,0,0
10029,2,1,0,2,0,0
10030,2,1,0,2,0,0
10031,2,1,0,2,0,0
10032,2,1,0,2,0,0
10033,2,1,0,2,0,0
10034,2,1,0,2,0,0
10035,2,1,0,2,0,0
10036,2,1,0,2,0,0
10037,2,1,0,2,0,0
10038,2,1,0,2,0,0
10039,2,1,0,2,0,0
10040,2,1,0,2,0,0
10041,2,1,0,2,0,0
10042,2,1,0,2,0,0
10043,2,1,0,2,0,0
10044,2,1,0,2,0,0
10045,2,1,0,2,0,0
10046,2,1,0,2,0,0
10047,2,1,0,2,0,0
10048,2,1,0,2,0,0
10049,2,1,0,2,0,0
10050,2,1,0,2,0,0
10051,2,1,0,2,0,0
10052,2,1,0,2,0,0
10053,2,1,0,2,0,0
10054,2,1,0,2,0,0
10055,2,1,0,2,0,0
10056,2,1,0,2,0,0
10057,2,1,0,2,0,0
10058,2,1,0,2,0,0
10059,2,1,0,2,0,0
10060,2,1,0,2,0,0
10061,2,1,0,2,0,0
10062,2,1,0,2,0,0
10063,2,1,0,2,0,0
10064,2,1,0,2,0,0
10065,2,1,0,2,0,0
10066,2,1,0,2,0,0
10067,2,1,0,2,0,0
10068,2,1,0,2,0,0
10069,2,1,0,2,0,0
10070,2,1,0,2,0,0
10071,2,1,0,2,0,0
10072,2,1,0,2,0,0
10073,2,1,0,2,0,0
10074,2,1,0,2,0,0
10075,2,1,0,2,0,0
10076,2,1,0,2,0,0
10077,2,1,0,2,0,0
10078,2,1,0,2,0,0
10079,2,1,0,2,0,0
10080,2,1,0,2,0,0
10081,2,1,0,2,0,0
10082,2,1,0,2,0,0
10083,2,1,0,2,0,0
10084,2,1,0,2,0,0
10085,2,1,0,2,0,0
10086,2,1,0,2,0,0
10087,2,1,0,2,0,0
10088,2,1,0,2,0,0
10089,2,1,0,2,0,0
10090,2,1,0,2,0,0
10091,2,1,0,2,0,0
10092,2,1,0,2,0,0
10093,2,1,0,2,0,0
10094,2,1,0,2,0,0
10095,2,1,0,2,0,0
10096,2,1,0,2,0,0
10097,2,1,0,2,0,0
10098,2,1,0,2,0,0
10099,2,1,0,2,0,0
10100,2,1,0,2,0,0
10101,2,1,0,2,0,0
10102,2,1,0,2,0,0
10103,2,1,0,2,0,0
10104,2,1,0,2,0,0
10105,2,1,0,2,0,0
10106,2,1,0,2,0,0
10107,2,1,0,2,0,0
10108,2,1,0,2,0,0
10109,2,1,0,2,0,0
10110,2,1,0,2,0,0
10111,2,1,0,2,0,0
10112,2,1,0,2,0,0
10113,2,1,0,2,0,0
10114,2,1,0,2,0,0
10115,2,1,0,2,0,0
10116,2,1,0,2,0,0
10117,2,1,0,2,0,0
10118,2,1,0,2,0,0
10119,2,1,0,2,0,0
10120,2,1,0,2,0,0
10121,2,1,0,2,0,0
10122,2,1,0,2,0,0
10123,2,1,0,2,0,0
10124,2,1,0,2,0,0
10125,2,1,0,2,0,0
10126,2,1,0,2,0,0
10127,2,1,0,2,0,0
10128,2,1,0,2,0,0
10129,2,1,0,2,0,0
10130,2,1,0,2,0,0
10131,2,1,0,2,0,0
10132,2,1,0,2,0,0
10133,2,1,0,2,0,0
10134,2,1,0,2,0,0
10135,2,1,0,2,0,0
10136,2,1,0,2,0,0
10137,2,1,0,2,0,0
10138,2,1,0,2,0,0
10139,2,1,0,2,0,0
10140,2,1,0,2,0,0
10141,2,1,0,2,0,0
10142,2,1,0,2,0,0
10143,2,1,0,2,0,0
10144,2,1,0,2,0,0
10145,2,1,0,2,0,0
10146,2,1,0,2,0,0
10147,2,1,0,2,0,0
10148,2,1,0,2,0,0
10149,2,1,0,2,0,0
10150,2,1,0,2,0,0
10151,2,1,0,2,0,0
10152,2,1,0,2,0,0
10153,2,1,0,2,0,0
10154,2,1,0,2,0,0
10155,2,1,0,2,0,0
10156,2,1,0,2,0,0
10157,2,1,0,2,0,0
10158,2,1,0,2,0,0
10159,2,1,0,2,0,0
10160,2,1,0,2,0,0
10161,2,1,0,2,0,0
10162,2,1,0,2,0,0
10163,2,1,0,2,0,0
10164,2,1,0,2,0,0
10165,2,1,0,2,0,0
10166,2,1,0,2,0,0
10167,2,1,0,2,0,0
10168,2,1,0,2,0,0
10169,2,1,0,2,0,0
10170,2,1,0,2,0,0
10171,2,1,0,2,0,0
10172,2,1,0,2,0,0
10173,2,1,0,2,0,0
10174,2,1,0,2,0,0
10175,2,1,0,2,0,0
10176,2,1,0,2,0,0
10177,2,1,0,2,0,0
10178,2,1,0,2,0,0
10179,2,1,0,2,0,0
10180,2,1,0,2,0,0
10181,2,1,0,2,0,0
10182,2,1,0,2,0,0
10183,2,1,0,2,0,0
10184,2,1,0,2,0,0
10185,2,1,0,2,0,0
10186,2,1,0,2,0,0
10187,2,1,0,2,0,0
10188,2,1,0,2,0,0
10189,2,1,0,2,0,0
10190,2,1,0,2,0,0
10191,2,1,0,2,0,0
10192,2,1,0,2,0,0
10193,2,1,0,2,0,0
10194,2,1,0,2,0,0
10195,2,1,0,2,0,0
10196,2,1,0,2,0,0
10197,2,1,0,2,0,0
10198,2,1,0,2,0,0
10199,2,1,0,2,0,0
10200,2,1,0,2,0,0
10201,2,1,0,2,0,0
10202,2,1,0,2,0,0
10203,2,1,0,2,0,0
10204,2,1,0,2,0,0
10205,2,1,0,2,0,0
10206,2,1,0,2,0,0
10207,2,1,0,2,0,0
10208,2,1,0,2,0,0
10209,2,1,0,2,0,0
10210,2,1,0,2,0,0
10211,2,1,0,2,0,0
10212,2,1,0,2,0,0
10213,2,1,0,2,0,0
10214,2,1,0,2,0,0
10215,2,1,0,2,0,0
10216,2,1,0,2,0,0
10217,2,1,0,2,0,0
10218,2,1,0,2,0,0
10219,2,1,0,2,0,0
10220,2,1,0,2,0,0
10221,2,1,0,2,0,0
10222,2,1,0,2,0,0
10223,2,1,0,2,0,0
10224,2,1,0,2,0,0
10225,2,1,0,2,0,0
10226,2,1,0,2,0,0
10227,2,1,0,2,0,0
10228,2,1,0,2,0,0
10229,2,1,0,2,0,0
10230,2,1,0,2,0,0
10231,2,1,0,2,0,0
10232,2,1,0,2,0,0
10233,2,1,0,2,0,0
10234,2,1,0,2,0,0
10235,2,1,0,2,0,0
10236,2,1,0,2,0,0
10237,2,1,0,2,0,0
10238,2,1,0,2,0,0
10239,2,1,0,2,0,0
10240,2,1,0,2,0,0
10241,2,1,0,2,0,0
10242,2,1,0,2,0,0
10243,2,1,0,2,0,0
10244,2,1,0,2,0,0
10245,2,1,0,2,0,0
10246,2,1,0,2,0,0
10247,2,1,0,2,0,0
10248,2,1,0,2,0,0
10249,2,1,0,2,0,0
10250,2,1,0,2,0,0
10251,2,1,0,2,0,0
10252,2,1,0,2,0,0
10253,2,1,0,2,0,0
10254,2,1,0,2,0,0
10255,2,1,0,2,0,0
10256,2,1,0,2,0,0
10257,2,1,0,2,0,0
10258,2,1,0,2,0,0
10259,2,1,0,2,0,0
10260,2,1,0,2,0,0
10261,2,1,0,2,0,0
10262,2,1,0,2,0,0
10263,2,1,0,2,0,0
10264,2,1,0,2,0,0
10265,2,1,0,2,0,0
10266,2,1,0,2,0,0
10267,2,1,0,2,0,0
10268,2,1,0,2,0,0
10269,2,1,0,2,0,0
10270,2,1,0,2,0,0
10271,2,1,0,2,0,0
10272,2,1,0,2,0,0
10273,2,1,0,2,0,0
10274,2,1,0,2,0,0
10275,2,1,0,2,0,0
10276,2,1,0,2,0,0
10277,2,1,0,2,0,0
10278,2,1,0,2,0,0
10279,2,1,0,2,0,0
10280,2,1,0,2,0,0
10281,2,1,0,2,0,0
10282,2,1,0,2,0,0
10283,2,1,0,2,0,0
10284,2,1,0,2,0,0
10285,2,1,0,2,0,0
10286,2,1,0,2,0,0
10287,2,1,0,2,0,0
10288,2,1,0,2,0,0
10289,2,1,0,2,0,0
10290,2,1,0,2,0,0
10291,2,1,0,2,0,0
10292,2,1,0,2,0,0
10293,2,1,0,2,0,0
10294,2,1,0,2,0,0
10295,2,1,0,2,0,0
10296,2,1,0,2,0,0
10297,2,1,0,2,0,0
10298,2,1,0,2,0,0
10299,2,1,0,2,0,0
10300,2,1,0,2,0,0
10301,2,1,0,2,0,0
10302,2,1,0,2,0,0
10303,2,1,0,2,0,0
10304,2,1,0,2,0,0
10305,2,1,0,2,0,0
10306,2,1,0,2,0,0
10307,2,1,0,2,0,0
10308,2,1,0,2,0,0
10309,2,1,0,2,0,0
10310,2,1,0,2,0,0
10311,2,1,0,2,0,0
10312,2,1,0,2,0,0
10313,2,1,0,2,0,0
10314,2,1,0,2,0,0
10315,2,1,0,2,0,0
10316,2,1,0,2,0,0
10317,2,1,0,2,0,0
10318,2,1,0,2,0,0
10319,2,1,0,2,0,0
10320,2,1,0,2,0,0
10321,2,1,0,2,0,0
10322,2,1,0,2,0,0
10323,2,1,0,2,0,0
10324,2,1,0,2,0,0
10325,2,1,0,2,0,0
10326,2,1,0,2,0,0
10327,2,1,0,2,0,0
10328,2,1,0,2,0,0
10329,2,1,0,2,0,0
10330,2,1,0,2,0,0
10331,2,1,0,2,0,0
10332,2,1,0,2,0,0
10333,2,1,0,2,0,0
10334,2,1,0,2,0,0
10335,2,1,0,2,0,0
10336,2,1,0,2,0,0
10337,2,1,0,2,0,0
10338,2,1,0,2,0,0
10339,2,1,0,2,0,0
10340,2,1,0,2,0,0
10341,2,1,0,2,0,0
10342,2,1,0,2,0,0
10343,2,1,0,2,0,0
10344,2,1,0,2,0,0
10345,2,1,0,2,0,0
10346,2,1,0,2,0,0
10347,2,1,0,2,0,0
10348,2,1,0,2,0,0
10349,2,1,0,2,0,0
10350,2,1,0,2,0,0
10351,2,1,0,2,0,0
10352,2,1,0,2,0,0
10353,2,1,0,2,0,0
10354,2,1,0,2,0,0
10355,2,1,0,2,0,0
10356,2,1,0,2,0,0
10357,2,1,0,2,0,0
10358,2,1,0,2,0,0
10359,2,1,0,2,0,0
10360,2,1,0,2,0,0
10361,2,1,0,2,0,0
10362,2,1,0,2,0,0
10363,2,1,0,2,0,0
10364,2,1,0,2,0,0
10365,2,1,0,2,0,0
10366,2,1,0,2,0,0
10367,2,1,0,2,0,0
10368,2,1,0,2,0,0
10369,2,1,0,2,0,0
10370,2,1,0,2,0,0
10371,2,1,0,2,0,0
10372,2,1,0,2,0,0
10373,2,1,0,2,0,0
10374,2,1,0,2,0,0
10375,2,1,0,2,0,0
10376,2,1,0,2,0,0
10377,2,1,0,2,0,0
10378,2,1,0,2,0,0
10379,2,1,0,2,0,0
10380,2,1,0,2,0,0
10381,2,1,0,2,0,0
10382,2,1,0,2,0,0
10383,2,1,0,2,0,0
10384,2,1,0,2,0,0
10385,2,1,0,2,0,0
10386,2,1,0,2,0,0
10387,2,1,0,2,0,0
10388,2,1,0,2,0,0
10389,2,1,0,2,0,0
10390,2,1,0,2,0,0
10391,2,1,0,2,0,0
10392,2,1,0,2,0,0
10393,2,1,0,2,0,0
10394,2,1,0,2,0,0
10395,2,1,0,2,0,0
10396,2,1,0,2,0,0
10397,2,1,0,2,0,0
10398,2,1,0,2,0,0
10399,2,1,0,2,0,0
10400,2,1,0,2,0,0
10401,2,1,0,2,0,0
10402,2,1,0,2,0,0
10403,2,1,0,2,0,0
10404,2,1,0,2,0,0
10405,2,1,0,2,0,0
10406,2,1,0,2,0,0
10407,2,1,0,2,0,0
10408,2,1,0,2,0,0
10409,2,1,0,2,0,0
10410,2,1,0,2,0,0
10411,2,1,0,2,0,0
10412,2,1,0,2,0,0
10413,2,1,0,2,0,0
10414,2,1,0,2,0,0
10415,2,1,0,2,0,0
10416,2,1,0,2,0,0
10417,2,1,0,2,0,0
10418,2,1,0,2,0,0
10419,2,1,0,2,0,0
10420,2,1,0,2,0,0
10421,2,1,0,2,0,0
10422,2,1,0,2,0,0
10423,2,1,0,2,0,0
10424,2,1,0,2,0,0
10425,2,1,0,2,0,0
10426,2,1,0,2,0,0
10427,2,1,0,2,0,0
10428,2,1,0,2,0,0
10429,2,1,0,2,0,0
10430,2,1,0,2,0,0
10431,2,1,0,2,0,0
10432,2,1,0,2,0,0
10433,2,1,0,2,0,0
10434,2,1,0,2,0,0
10435,2,1,0,2,0,0
10436,2,1,0,2,0,0
10437,2,1,0,2,0,0
10438,2,1,0,2,0,0
10439,2,1,0,2,0,0
10440,2,1,0,2,0,0
10441,2,1,0,2,0,0
10442,2,1,0,2,0,0
10443,2,1,0,2,0,0
10444,2,1,0,2,0,0
10445,2,1,0,2,0,0
10446,2,1,0,2,0,0
10447,2,1,0,2,0,0
10448,2,1,0,2,0,0
10449,2,1,0,2,0,0
10450,2,1,0,2,0,0
10451,2,1,0,2,0,0
10452,2,1,0,2,0,0
10453,2,1,0,2,0,0
10454,2,1,0,2,0,0
10455,2,1,0,2,0,0
10456,2,1,0,2,0,0
10457,2,1,0,2,0,0
10458,2,1,0,2,0,0
10459,2,1,0,2,0,0
10460,2,1,0,2,0,0
10461,2,1,0,2,0,0
10462,2,1,0,2,0,0
10463,2,1,0,2,0,0
10464,2,1,0,2,0,0
10465,2,1,0,2,0,0
10466,2,1,0,2,0,0
10467,2,1,0,2,0,0
10468,2,1,0,2,0,0
10469,2,1,0,2,0,0
10470,2,1,0,2,0,0
10471,2,1,0,2,0,0
10472,2,1,0,2,0,0
10473,2,1,0,2,0,0
10474,2,1,0,2,0,0
10475,2,1,0,2,0,0
10476,2,1,0,2,0,0
10477,2,1,0,2,0,0
10478,2,1,0,2,0,0
10479,2,1,0,2,0,0
10480,2,1,0,2,0,0
10481,2,1,0,2,0,0
10482,2,1,0,2,0,0
10483,2,1,0,2,0,0
10484,2,1,0,2,0,0
10485,2,1,0,2,0,0
10486,2,1,0,2,0,0
10487,2,1,0,2,0,0
10488,2,1,0,2,0,0
10489,2,1,0,2,0,0
10490,2,1,0,2,0,0
10491,2,1,0,2,0,0
10492,2,1,0,2,0,0
10493,2,1,0,2,0,0
10494,2,1,0,2,0,0
10495,2,1,0,2,0,0
10496,2,1,0,2,0,0
10497,2,1,0,2,0,0
10498,2,1,0,2,0,0
10499,2,1,0,2,0,0
10500,2,1,0,2,0,0
10501,2,1,0,2,0,0
10502,2,1,0,2,0,0
10503,2,1,0,2,0,0
10504,2,1,0,2,0,0
10505,2,1,0,2,0,0
10506,2,1,0,2,0,0
10507,2,1,0,2,0,0
10508,2,1,0,2,0,0
10509,2,1,0,2,0,0
10510,2,1,0,2,0,0
10511,2,1,0,2,0,0
10512,2,1,0,2,0,0
10513,2,1,0,2,0,0
10514,2,1,0,2,0,0
10515,2,1,0,2,0,0
10516,2,1,0,2,0,0
10517,2,1,0,2,0,0
10518,2,1,0,2,0,0
10519,2,1,0,2,0,0
10520,2,1,0,2,0,0
10521,2,1,0,2,0,0
10522,2,1,0,2,0,0
10523,2,1,0,2,0,0
10524,2,1,0,2,0,0
10525,2,1,0,2,0,0
10526,2,1,0,2,0,0
10527,2,1,0,2,0,0
10528,2,1,0,2,0,0
10529,2,1,0,2,0,0
10530,2,1,0,2,0,0
10531,2,1,0,2,0,0
10532,2,1,0,2,0,0
10533,2,1,0,2,0,0
10534,2,1,0,2,0,0
10535,2,1,0,2,0,0
10536,2,1,0,2,0,0
10537,2,1,0,2,0,0
10538,2,1,0,2,0,0
10539,2,1,0,2,0,0
10540,2,1,0,2,0,0
10541,2,1,0,2,0,0
10542,2,1,0,2,0,0
10543,2,1,0,2,0,0
10544,2,1,0,2,0,0
10545,2,1,0,2,0,0
10546,2,1,0,2,0,0
10547,2,1,0,2,0,0
10548,2,1,0,2,0,0
10549,2,1,0,2,0,0
10550,2,1,0,2,0,0
10551,2,1,0,2,0,0
10552,2,1,0,2,0,0
10553,2,1,0,2,0,0
10554,2,1,0,2,0,0
10555,2,1,0,2,0,0
10556,2,1,0,2,0,0
10557,2,1,0,2,0,0
10558,2,1,0,2,0,0
10559,2,1,0,2,0,0
10560,2,1,0,2,0,0
10561,2,1,0,2,0,0
10562,2,1,0,2,0,0
10563,2,1,0,2,0,0
10564,2,1,0,2,0,0
10565,2,1,0,2,0,0
10566,2,1,0,2,0,0
10567,2,1,0,2,0,0
10568,2,1,0,2,0,0
10569,2,1,0,2,0,0
10570,2,1,0,2,0,0
10571,2,1,0,2,0,0
10572,2,1,0,2,0,0
10573,2,1,0,2,0,0
10574,2,1,0,2,0,0
10575,2,1,0,2,0,0
10576,2,1,0,2,0,0
10577,2,1,0,2,0,0
10578,2,1,0,2,0,0
10579,2,1,0,2,0,0
10580,2,1,0,2,0,0
10581,2,1,0,2,0,0
10582,2,1,0,2,0,0
10583,2,1,0,2,0,0
10584,2,1,0,2,0,0
10585,2,1,0,2,0,0
10586,2,1,0,2,0,0
10587,2,1,0,2,0,0
10588,2,1,0,2,0,0
10589,2,1,0,2,0,0
10590,2,1,0,2,0,0
10591,2,1,0,2,0,0
10592,2,1,0,2,0,0
10593,2,1,0,2,0,0
10594,2,1,0,2,0,0
10595,2,1,0,2,0,0
10596,2,1,0,2,0,0
10597,2,1,0,2,0,0
10598,2,1,0,2,0,0
10599,2,1,0,2,0,0
10600,2,1,0,2,0,0
10601,2,1,0,2,0,0
10602,2,1,0,2,0,0
10603,2,1,0,2,0,0
10604,2,1,0,2,0,0
10605,2,1,0,2,0,0
10606,2,1,0,2,0,0
10607,2,1,0,2,0,0
10608,2,1,0,2,0,0
10609,2,1,0,2,0,0
10610,2,1,0,2,0,0
10611,2,1,0,2,0,0
10612,2,1,0,2,0,0
10613,2,1,0,2,0,0
10614,2,1,0,2,0,0
10615,2,1,0,2,0,0
10616,2,1,0,2,0,0
10617,2,1,0,2,0,0
10618,2,1,0,2,0,0
10619,2,1,0,2,0,0
10620,2,1,0,2,0,0
10621,2,1,0,2,0,0
10622,2,1,0,2,0,0
10623,2,1,0,2,0,0
10624,2,1,0,2,0,0
10625,2,1,0,2,0,0
10626,2,1,0,2,0,0
10627,2,1,0,2,0,0
10628,2,1,0,2,0,0
10629,2,1,0,2,0,0
10630,2,1,0,2,0,0
10631,2,1,0,2,0,0
10632,2,1,0,2,0,0
10633,2,1,0,2,0,0
10634,2,1,0,2,0,0
10635,2,1,0,2,0,0
10636,2,1,0,2,0,0
10637,2,1,0,2,0,0
10638,2,1,0,2,0,0
10639,2,1,0,2,0,0
10640,2,1,0,2,0,0
10641,2,1,0,2,0,0
10642,2,1,0,2,0,0
10643,2,1,0,2,0,0
10644,2,1,0,2,0,0
10645,2,1,0,2,0,0
10646,2,1,0,2,0,0
10647,2,1,0,2,0,0
10648,2,1,0,2,0,0
10649,2,1,0,2,0,0
10650,2,1,0,2,0,0
10651,2,1,0,2,0,0
10652,2,1,0,2,0,0
10653,2,1,0,2,0,0
10654,2,1,0,2,0,0
10655,2,1,0,2,0,0
10656,2,1,0,2,0,0
10657,2,1,0,2,0,0
10658,2,1,0,2,0,0
10659,2,1,0,2,0,0
10660,2,1,0,2,0,0
10661,2,1,0,2,0,0
10662,2,1,0,2,0,0
10663,2,1,0,2,0,0
10664,2,1,0,2,0,0
10665,2,1,0,2,0,0
10666,2,1,0,2,0,0
10667,2,1,0,2,0,0
10668,2,1,0,2,0,0
10669,2,1,0,2,0,0
10670,2,1,0,2,0,0
10671,2,1,0,2,0,0
10672,2,1,0,2,0,0
10673,2,1,0,2,0,0
10674,2,1,0,2,0,0
10675,2,1,0,2,0,0
10676,2,1,0,2,0,0
10677,2,1,0,2,0,0
10678,2,1,0,2,0,0
10679,2,1,0,2,0,0
10680,2,1,0,2,0,0
10681,2,1,0,2,0,0
10682,2,1,0,2,0,0
10683,2,1,0,2,0,0
10684,2,1,0,2,0,0
10685,2,1,0,2,0,0
10686,2,1,0,2,0,0
10687,2,1,0,2,0,0
10688,2,1,0,2,0,0
10689,2,1,0,2,0,0
10690,2,1,0,2,0,0
10691,2,1,0,2,0,0
10692,2,1,0,2,0,0
10693,2,1,0,2,0,0
10694,2,1,0,2,0,0
10695,2,1,0,2,0,0
10696,2,1,0,2,0,0
10697,2,1,0,2,0,0
10698,2,1,0,2,0,0
10699,2,1,0,2,0,0
10700,2,1,0,2,0,0
10701,2,1,0,2,0,0
10702,2,1,0,2,0,0
10703,2,1,0,2,0,0
10704,2,1,0,2,0,0
10705,2,1,0,2,0,0
10706,2,1,0,2,0,0
10707,2,1,0,2,0,0
10708,2,1,0,2,0,0
10709,2,1,0,2,0,0
10710,2,1,0,2,0,0
10711,2,1,0,2,0,0
10712,2,1,0,2,0,0
10713,2,1,0,2,0,0
10714,2,1,0,2,0,0
10715,2,1,0,2,0,0
10716,2,1,0,2,0,0
10717,2,1,0,2,0,0
10718,2,1,0,2,0,0
10719,2,1,0,2,0,0
10720,2,1,0,2,0,0
10721,2,1,0,2,0,0
10722,2,1,0,2,0,0
10723,2,1,0,2,0,0
10724,2,1,0,2,0,0
10725,2,1,0,2,0,0
10726,2,1,0,2,0,0
10727,2,1,0,2,0,0
10728,2,1,0,2,0,0
10729,2,1,0,2,0,0
10730,2,1,0,2,0,0
10731,2,1,0,2,0,0
10732,2,1,0,2,0,0
10733,2,1,0,2,0,0
10734,2,1,0,2,0,0
10735,2,1,0,2,0,0
10736,2,1,0,2,0,0
10737,2,1,0,2,0,0
10738,2,1,0,2,0,0
10739,2,1,0,2,0,0
10740,2,1,0,2,0,0
10741,2,1,0,2,0,0
10742,2,1,0,2,0,0
10743,2,1,0,2,0,0
10744,2,1,0,2,0,0
10745,2,1,0,2,0,0
10746,2,1,0,2,0,0
10747,2,1,0,2,0,0
10748,2,1,0,2,0,0
10749,2,1,0,2,0,0
10750,2,1,0,2,0,0
10751,2,1,0,2,0,0
10752,2,1,0,2,0,0
10753,2,1,0,2,0,0
10754,2,1,0,2,0,0
10755,2,1,0,2,0,0
10756,2,1,0,2,0,0
10757,2,1,0,2,0,0
10758,2,1,0,2,0,0
10759,2,1,0,2,0,0
10760,2,1,0,2,0,0
10761,2,1,0,2,0,0
10762,2,1,0,2,0,0
10763,2,1,0,2,0,0
10764,2,1,0,2,0,0
10765,2,1,0,2,0,0
10766,2,1,0,2,0,0
10767,2,1,0,2,0,0
10768,2,1,0,2,0,0
10769,2,1,0,2,0,0
10770,2,1,0,2,0,0
10771,2,1,0,2,0,0
10772,2,1,0,2,0,0
10773,2,1,0,2,0,0
10774,2,1,0,2,0,0
10775,2,1,0,2,0,0
10776,2,1,0,2,0,0
10777,2,1,0,2,0,0
10778,2,1,0,2,0,0
10779,2,1,0,2,0,0
10780,2,1,0,2,0,0
10781,2,1,0,2,0,0
10782,2,1,0,2,0,0
10783,2,1,0,2,0,0
10784,2,1,0,2,0,0
10785,2,1,0,2,0,0
10786,2,1,0,2,0,0
10787,2,1,0,2,0,0
10788,2,1,0,2,0,0
10789,2,1,0,2,0,0
10790,2,1,0,2,0,0
10791,2,1,0,2,0,0
10792,2,1,0,2,0,0
10793,2,1,0,2,0,0
10794,2,1,0,2,0,0
10795,2,1,0,2,0,0
10796,2,1,0,2,0,0
10797,2,1,0,2,0,0
10798,2,1,0,2,0,0
10799,2,1,0,2,0,0
10800,2,1,0,2,0,0
10801,2,1,0,2,0,0
10802,2,1,0,2,0,0
10803,2,1,0,2,0,0
10804,2,1,0,2,0,0
10805,2,1,0,2,0,0
10806,2,1,0,2,0,0
10807,2,1,0,2,0,0
10808,2,1,0,2,0,0
10809,2,1,0,2,0,0
10810,2,1,0,2,0,0
10811,2,1,0,2,0,0
10812,2,1,0,2,0,0
10813,2,1,0,2,0,0
10814,2,1,0,2,0,0
10815,2,1,0,2,0,0
10816,2,1,0,2,0,0
10817,2,1,0,2,0,0
10818,2,1,0,2,0,0
10819,2,1,0,2,0,0
10820,2,1,0,2,0,0
10821,2,1,0,2,0,0
10822,2,1,0,2,0,0
10823,2,1,0,2,0,0
10824,2,1,0,2,0,0
10825,2,1,0,2,0,0
10826,2,1,0,2,0,0
10827,2,1,0,2,0,0
10828,2,1,0,2,0,0
10829,2,1,0,2,0,0
10830,2,1,0,2,0,0
10831,2,1,0,2,0,0
10832,2,1,0,2,0,0
10833,2,1,0,2,0,0
10834,2,1,0,2,0,0
10835,2,1,0,2,0,0
10836,2,1,0,2,0,0
10837,2,1,0,2,0,0
10838,2,1,0,2,0,0
10839,2,1,0,2,0,0
10840,2,1,0,2,0,0
10841,2,1,0,2,0,0
10842,2,1,0,2,0,0
10843,2,1,0,2,0,0
10844,2,1,0,2,0,0
10845,2,1,0,2,0,0
10846,2,1,0,2,0,0
10847,2,1,0,2,0,0
10848,2,1,0,2,0,0
10849,2,1,0,2,0,0
10850,2,1,0,2,0,0
10851,2,1,0,2,0,0
10852,2,1,0,2,0,0
10853,2,1,0,2,0,0
10854,2,1,0,2,0,0
10855,2,1,0,2,0,0
10856,2,1,0,2,0,0
10857,2,1,0,2,0,0
10858,2,1,0,2,0,0
10859,2,1,0,2,0,0
10860,2,1,0,2,0,0
10861,2,1,0,2,0,0
10862,2,1,0,2,0,0
10863,2,1,0,2,0,0
10864,2,1,0,2,0,0
10865,2,1,0,2,0,0
10866,2,1,0,2,0,0
10867,2,1,0,2,0,0
10868,2,1,0,2,0,0
10869,2,1,0,2,0,0
10870,2,1,0,2,0,0
10871,2,1,0,2,0,0
10872,2,1,0,2,0,0
10873,2,1,0,2,0,0
10874,2,1,0,2,0,0
10875,2,1,0,2,0,0
10876,2,1,0,2,0,0
10877,2,1,0,2,0,0
10878,2,1,0,2,0,0
10879,2,1,0,2,0,0
10880,2,1,0,2,0,0
10881,2,1,0,2,0,0
10882,2,1,0,2,0,0
10883,2,1,0,2,0,0
10884,2,1,0,2,0,0
10885,2,1,0,2,0,0
10886,2,1,0,2,0,0
10887,2,1,0,2,0,0
10888,2,1,0,2,0,0
10889,2,1,0,2,0,0
10890,2,1,0,2,0,0
10891,2,1,0,2,0,0
10892,2,1,0,2,0,0
10893,2,1,0,2,0,0
10894,2,1,0,2,0,0
10895,2,1,0,2,0,0
10896,2,1,0,2,0,0
10897,2,1,0,2,0,0
10898,2,1,0,2,0,0
10899,2,1,0,2,0,0
10900,2,1,0,2,0,0
10901,2,1,0,2,0,0
10902,2,1,0,2,0,0
10903,2,1,0,2,0,0
10904,2,1,0,2,0,0
10905,2,1,0,2,0,0
10906,2,1,0,2,0,0
10907,2,1,0,2,0,0
10908,2,1,0,2,0,0
10909,2,1,0,2,0,0
10910,2,1,0,2,0,0
10911,2,1,0,2,0,0
10912,2,1,0,2,0,0
10913,2,1,0,2,0,0
10914,2,1,0,2,0,0
10915,2,1,0,2,0,0
10916,2,1,0,2,0,0
10917,2,1,0,2,0,0
10918,2,1,0,2,0,0
10919,2,1,0,2,0,0
10920,2,1,0,2,0,0
10921,2,1,0,2,0,0
10922,2,1,0,2,0,0
10923,2,1,0,2,0,0
10924,2,1,0,2,0,0
10925,2,1,0,2,0,0
10926,2,1,0,2,0,0
10927,2,1,0,2,0,0
10928,2,1,0,2,0,0
10929,2,1,0,2,0,0
10930,2,1,0,2,0,0
10931,2,1,0,2,0,0
10932,2,1,0,2,0,0
10933,2,1,0,2,0,0
10934,2,1,0,2,0,0
10935,2,1,0,2,0,0
10936,2,1,0,2,0,0
10937,2,1,0,2,0,0
10938,2,1,0,2,0,0
10939,2,1,0,2,0,0
10940,2,1,0,2,0,0
10941,2,1,0,2,0,0
10942,2,1,0,2,0,0
10943,2,1,0,2,0,0
10944,2,1,0,2,0,0
10945,2,1,0,2,0,0
10946,2,1,0,2,0,0
10947,2,1,0,2,0,0
10948,2,1,0,2,0,0
10949,2,1,0,2,0,0
10950,2,1,0,2,0,0
10951,2,1,0,2,0,0
10952,2,1,0,2,0,0
10953,2,1,0,2,0,0
10954,2,1,0,2,0,0
10955,2,1,0,2,0,0
10956,2,1,0,2,0,0
10957,2,1,0,2,0,0
10958,2,1,0,2,0,0
10959,2,1,0,2,0,0
10960,2,1,0,2,0,0
10961,2,1,0,2,0,0
10962,2,1,0,2,0,0
10963,2,1,0,2,0,0
10964,2,1,0,2,0,0
10965,2,1,0,2,0,0
10966,2,1,0,2,0,0
10967,2,1,0,2,0,0
10968,2,1,0,2,0,0
10969,2,1,0,2,0,0
10970,2,1,0,2,0,0
10971,2,1,0,2,0,0
10972,2,1,0,2,0,0
10973,2,1,0,2,0,0
10974,2,1,0,2,0,0
10975,2,1,0,2,0,0
10976,2,1,0,2,0,0
10977,2,1,0,2,0,0
10978,2,1,0,2,0,0
10979,2,1,0,2,0,0
10980,2,1,0,2,0,0
10981,2,1,0,2,0,0
10982,2,1,0,2,0,0
10983,2,1,0,2,0,0
10984,2,1,0,2,0,0
10985,2,1,0,2,0,0
10986,2,1,0,2,0,0
10987,2,1,0,2,0,0
10988,2,1,0,2,0,0
10989,2,1,0,2,0,0
10990,2,1,0,2,0,0
10991,2,1,0,2,0,0
10992,2,1,0,2,0,0
10993,2,1,0,2,0,0
10994,2,1,0,2,0,0
10995,2,1,0,2,0,0
10996,2,1,0,2,0,0
10997,2,1,0,2,0,0
10998,2,1,0,2,0,0
10999,2,1,0,2,0,0
11000,2,1,0,2,0,0
11001,2,1,0,2,0,0
11002,2,1,0,2,0,0
11003,2,1,0,2,0,0
11004,2,1,0,2,0,0
11005,2,1,0,2,0,0
11006,2,1,0,2,0,0
11007,2,1,0,2,0,0
11008,2,1,0,2,0,0
11009,2,1,0,2,0,0
11010,2,1,0,2,0,0
11011,2,1,0,2,0,0
11012,2,1,0,2,0,0
11013,2,1,0,2,0,0
11014,2,1,0,2,0,0
11015,2,1,0,2,0,0
11016,2,1,0,2,0,0
11017,2,1,0,2,0,0
11018,2,1,0,2,0,0
11019,2,1,0,2,0,0
11020,2,1,0,2,0,0
11021,2,1,0,2,0,0
11022,2,1,0,2,0,0
11023,2,1,0,2,0,0
11024,2,1,0,2,0,0
11025,2,1,0,2,0,0
11026,2,1,0,2,0,0
11027,2,1,0,2,0,0
11028,2,1,0,2,0,0
11029,2,1,0,2,0,0
11030,2,1,0,2,0,0
11031,2,1,0,2,0,0
11032,2,1,0,2,0,0
11033,2,1,0,2,0,0
11034,2,1,0,2,0,0
11035,2,1,0,2,0,0
11036,2,1,0,2,0,0
11037,2,1,0,2,0,0
11038,2,1,0,2,0,0
11039,2,1,0,2,0,0
11040,2,1,0,2,0,0
11041,2,1,0,2,0,0
11042,2,1,0,2,0,0
11043,2,1,0,2,0,0
11044,2,1,0,2,0,0
11045,2,1,0,2,0,0
11046,2,1,0,2,0,0
11047,2,1,0,2,0,0
11048,2,1,0,2,0,0
11049,2,1,0,2,0,0
11050,2,1,0,2,0,0
11051,2,1,0,2,0,0
11052,2,1,0,2,0,0
11053,2,1,0,2,0,0
11054,2,1,0,2,0,0
11055,2,1,0,2,0,0
11056,2,1,0,2,0,0
11057,2,1,0,2,0,0
11058,2,1,0,2,0,0
11059,2,1,0,2,0,0
11060,2,1,0,2,0,0
11061,2,1,0,2,0,0
11062,2,1,0,2,0,0
11063,2,1,0,2,0,0
11064,2,1,0,2,0,0
11065,2,1,0,2,0,0
11066,2,1,0,2,0,0
11067,2,1,0,2,0,0
11068,2,1,0,2,0,0
11069,2,1,0,2,0,0
11070,2,1,0,2,0,0
11071,2,1,0,2,0,0
11072,2,1,0,2,0,0
11073,2,1,0,2,0,0
11074,2,1,0,2,0,0
11075,2,1,0,2,0,0
11076,2,1,0,2,0,0
11077,2,1,0,2,0,0
11078,2,1,0,2,0,0
11079,2,1,0,2,0,0
11080,2,1,0,2,0,0
11081,2,1,0,2,0,0
11082,2,1,0,2,0,0
11083,2,1,0,2,0,0
11084,2,1,0,2,0,0
11085,2,1,0,2,0,0
11086,2,1,0,2,0,0
11087,2,1,0,2,0,0
11088,2,1,0,2,0,0
11089,2,1,0,2,0,0
11090,2,1,0,2,0,0
11091,2,1,0,2,0,0
11092,2,1,0,2,0,0
11093,2,1,0,2,0,0
11094,2,1,0,2,0,0
11095,2,1,0,2,0,0
11096,2,1,0,2,0,0
11097,2,1,0,2,0,0
11098,2,1,0,2,0,0
11099,2,1,0,2,0,0
11100,2,1,0,2,0,0
11101,2,1,0,2,0,0
11102,2,1,0,2,0,0
11103,2,1,0,2,0,0
11104,2,1,0,2,0,0
11105,2,1,0,2,0,0
11106,2,1,0,2,0,0
11107,2,1,0,2,0,0
11108,2,1,0,2,0,0
11109,2,1,0,2,0,0
11110,2,1,0,2,0,0
11111,2,1,0,2,0,0
11112,2,1,0,2,0,0
11113,2,1,0,2,0,0
11114,2,1,0,2,0,0
11115,2,1,0,2,0,0
11116,2,1,0,2,0,0
11117,2,1,0,2,0,0
11118,2,1,0,2,0,0
11119,2,1,0,2,0,0
11120,2,1,0,2,0,0
11121,2,1,0,2,0,0
11122,2,1,0,2,0,0
11123,2,1,0,2,0,0
11124,2,1,0,2,0,0
11125,2,1,0,2,0,0
11126,2,1,0,2,0,0
11127,2,1,0,2,0,0
11128,2,1,0,2,0,0
11129,2,1,0,2,0,0
11130,2,1,0,2,0,0
11131,2,1,0,2,0,0
11132,2,1,0,2,0,0
11133,2,1,0,2,0,0
11134,2,1,0,2,0,0
11135,2,1,0,2,0,0
11136,2,1,0,2,0,0
11137,2,1,0,2,0,0
11138,2,1,0,2,0,0
11139,2,1,0,2,0,0
11140,2,1,0,2,0,0
11141,2,1,0,2,0,0
11142,2,1,0,2,0,0
11143,2,1,0,2,0,0
11144,2,1,0,2,0,0
11145,2,1,0,2,0,0
11146,2,1,0,2,0,0
11147,2,1,0,2,0,0
11148,2,1,0,2,0,0
11149,2,1,0,2,0,0
11150,2,1,0,2,0,0
11151,2,1,0,2,0,0
11152,2,1,0,2,0,0
11153,2,1,0,2,0,0
11154,2,1,0,2,0,0
11155,2,1,0,2,0,0
11156,2,1,0,2,0,0
11157,2,1,0,2,0,0
11158,2,1,0,2,0,0
11159,2,1,0,2,0,0
11160,2,1,0,2,0,0
11161,2,1,0,2,0,0
11162,2,1,0,2,0,0
11163,2,1,0,2,0,0
11164,2,1,0,2,0,0
11165,2,1,0,2,0,0
11166,2,1,0,2,0,0
11167,2,1,0,2,0,0
11168,2,1,0,2,0,0
11169,2,1,0,2,0,0
11170,2,1,0,2,0,0
11171,2,1,0,2,0,0
11172,2,1,0,2,0,0
11173,2,1,0,2,0,0
11174,2,1,0,2,0,0
11175,2,1,0,2,0,0
11176,2,1,0,2,0,0
11177,2,1,0,2,0,0
11178,2,1,0,2,0,0
11179,2,1,0,2,0,0
11180,2,1,0,2,0,0
11181,2,1,0,2,0,0
11182,2,1,0,2,0,0
11183,2,1,0,2,0,0
11184,2,1,0,2,0,0
11185,2,1,0,2,0,0
11186,2,1,0,2,0,0
11187,2,1,0,2,0,0
11188,2,1,0,2,0,0
11189,2,1,0,2,0,0
11190,2,1,0,2,0,0
11191,2,1,0,2,0,0
11192,2,1,0,2,0,0
11193,2,1,0,2,0,0
11194,2,1,0,2,0,0
11195,2,1,0,2,0,0
11196,2,1,0,2,0,0
11197,2,1,0,2,0,0
11198,2,1,0,2,0,0
11199,2,1,0,2,0,0
11200,2,1,0,2,0,0
11201,2,1,0,2,0,0
11202,2,1,0,2,0,0
11203,2,1,0,2,0,0
11204,2,1,0,2,0,0
11205,2,1,0,2,0,0
11206,2,1,0,2,0,0
11207,2,1,0,2,0,0
11208,2,1,0,2,0,0
11209,2,1,0,2,0,0
11210,2,1,0,2,0,0
11211,2,1,0,2,0,0
11212,2,1,0,2,0,0
11213,2,1,0,2,0,0
11214,2,1,0,2,0,0
11215,2,1,0,2,0,0
11216,2,1,0,2,0,0
11217,2,1,0,2,0,0
11218,2,1,0,2,0,0
11219,2,1,0,2,0,0
11220,2,1,0,2,0,0
11221,2,1,0,2,0,0
11222,2,1,0,2,0,0
11223,2,1,0,2,0,0
11224,2,1,0,2,0,0
11225,2,1,0,2,0,0
11226,2,1,0,2,0,0
11227,2,1,0,2,0,0
11228,2,1,0,2,0,0
11229,2,1,0,2,0,0
11230,2,1,0,2,0,0
11231,2,1,0,2,0,0
11232,2,1,0,2,0,0
11233,2,1,0,2,0,0
11234,2,1,0,2,0,0
11235,2,1,0,2,0,0
11236,2,1,0,2,0,0
11237,2,1,0,2,0,0
11238,2,1,0,2,0,0
11239,2,1,0,2,0,0
11240,2,1,0,2,0,0
11241,2,1,0,2,0,0
11242,2,1,0,2,0,0
11243,2,1,0,2,0,0
11244,2,1,0,2,0,0
11245,2,1,0,2,0,0
11246,2,1,0,2,0,0
11247,2,1,0,2,0,0
11248,2,1,0,2,0,0
11249,2,1,0,2,0,0
11250,2,1,0,2,0,0
11251,2,1,0,2,0,0
11252,2,1,0,2,0,0
11253,2,1,0,2,0,0
11254,2,1,0,2,0,0
11255,2,1,0,2,0,0
11256,2,1,0,2,0,0
11257,2,1,0,2,0,0
11258,2,1,0,2,0,0
11259,2,1,0,2,0,0
11260,2,1,0,2,0,0
11261,2,1,0,2,0,0
11262,2,1,0,2,0,0
11263,2,1,0,2,0,0
11264,2,1,0,2,0,0
11265,2,1,0,2,0,0
11266,2,1,0,2,0,0
11267,2,1,0,2,0,0
11268,2,1,0,2,0,0
11269,2,1,0,2,0,0
11270,2,1,0,2,0,0
11271,2,1,0,2,0,0
11272,2,1,0,2,0,0
11273,2,1,0,2,0,0
11274,2,1,0,2,0,0
11275,2,1,0,2,0,0
11276,2,1,0,2,0,0
11277,2,1,0,2,0,0
11278,2,1,0,2,0,0
11279,2,1,0,2,0,0
11280,2,1,0,2,0,0
11281,2,1,0,2,0,0
11282,2,1,0,2,0,0
11283,2,1,0,2,0,0
11284,2,1,0,2,0,0
11285,2,1,0,2,0,0
11286,2,1,0,2,0,0
11287,2,1,0,2,0,0
11288,2,1,0,2,0,0
11289,2,1,0,2,0,0
11290,2,1,0,2,0,0
11291,2,1,0,2,0,0
11292,2,1,0,2,0,0
11293,2,1,0,2,0,0
11294,2,1,0,2,0,0
11295,2,1,0,2,0,0
11296,2,1,0,2,0,0
11297,2,1,0,2,0,0
11298,2,1,0,2,0,0
11299,2,1,0,2,0,0
11300,2,1,0,2,0,0
11301,2,1,0,2,0,0
11302,2,1,0,2,0,0
11303,2,1,0,2,0,0
11304,2,1,0,2,0,0
11305,2,1,0,2,0,0
11306,2,1,0,2,0,0
11307,2,1,0,2,0,0
11308,2,1,0,2,0,0
11309,2,1,0,2,0,0
11310,2,1,0,2,0,0
11311,2,1,0,2,0,0
11312,2,1,0,2,0,0
11313,2,1,0,2,0,0
11314,2,1,0,2,0,0
11315,2,1,0,2,0,0
11316,2,1,0,2,0,0
11317,2,1,0,2,0,0
11318,2,1,0,2,0,0
11319,2,1,0,2,0,0
11320,2,1,0,2,0,0
11321,2,1,0,2,0,0
11322,2,1,0,2,0,0
11323,2,1,0,2,0,0
11324,2,1,0,2,0,0
11325,2,1,0,2,0,0
11326,2,1,0,2,0,0
11327,2,1,0,2,0,0
11328,2,1,0,2,0,0
11329,2,1,0,2,0,0
11330,2,1,0,2,0,0
11331,2,1,0,2,0,0
11332,2,1,0,2,0,0
11333,2,1,0,2,0,0
11334,2,1,0,2,0,0
11335,2,1,0,2,0,0
11336,2,1,0,2,0,0
11337,2,1,0,2,0,0
11338,2,1,0,2,0,0
11339,2,1,0,2,0,0
11340,2,1,0,2,0,0
11341,2,1,0,2,0,0
11342,2,1,0,2,0,0
11343,2,1,0,2,0,0
11344,2,1,0,2,0,0
11345,2,1,0,2,0,0
11346,2,1,0,2,0,0
11347,2,1,0,2,0,0
11348,2,1,0,2,0,0
11349,2,1,0,2,0,0
11350,2,1,0,2,0,0
11351,2,1,0,2,0,0
11352,2,1,0,2,0,0
11353,2,1,0,2,0,0
11354,2,1,0,2,0,0
11355,2,1,0,2,0,0
11356,2,1,0,2,0,0
11357,2,1,0,2,0,0
11358,2,1,0,2,0,0
11359,2,1,0,2,0,0
11360,2,1,0,2,0,0
11361,2,1,0,2,0,0
11362,2,1,0,2,0,0
11363,2,1,0,2,0,0
11364,2,1,0,2,0,0
11365,2,1,0,2,0,0
11366,2,1,0,2,0,0
11367,2,1,0,2,0,0
11368,2,1,0,2,0,0
11369,2,1,0,2,0,0
11370,2,1,0,2,0,0
11371,2,1,0,2,0,0
11372,2,1,0,2,0,0
11373,2,1,0,2,0,0
11374,2,1,0,2,0,0
11375,2,1,0,2,0,0
11376,2,1,0,2,0,0
11377,2,1,0,2,0,0
11378,2,1,0,2,0,0
11379,2,1,0,2,0,0
11380,2,1,0,2,0,0
11381,2,1,0,2,0,0
11382,2,1,0,2,0,0
11383,2,1,0,2,0,0
11384,2,1,0,2,0,0
11385,2,1,0,2,0,0
11386,2,1,0,2,0,0
11387,2,1,0,2,0,0
11388,2,1,0,2,0,0
11389,2,1,0,2,0,0
11390,2,1,0,2,0,0
11391,2,1,0,2,0,0
11392,2,1,0,2,0,0
11393,2,1,0,2,0,0
11394,2,1,0,2,0,0
11395,2,1,0,2,0,0
11396,2,1,0,2,0,0
11397,2,1,0,2,0,0
11398,2,1,0,2,0,0
11399,2,1,0,2,0,0
11400,2,1,0,2,0,0
11401,2,1,0,2,0,0
11402,2,1,0,2,0,0
11403,2,1,0,2,0,0
11404,2,1,0,2,0,0
11405,2,1,0,2,0,0
11406,2,1,0,2,0,0
11407,2,1,0,2,0,0
11408,2,1,0,2,0,0
11409,2,1,0,2,0,0
11410,2,1,0,2,0,0
11411,2,1,0,2,0,0
11412,2,1,0,2,0,0
11413,2,1,0,2,0,0
11414,2,1,0,2,0,0
11415,2,1,0,2,0,0
11416,2,1,0,2,0,0
11417,2,1,0,2,0,0
11418,2,1,0,2,0,0
11419,2,1,0,2,0,0
11420,2,1,0,2,0,0
11421,2,1,0,2,0,0
11422,2,1,0,2,0,0
11423,2,1,0,2,0,0
11424,2,1,0,2,0,0
11425,2,1,0,2,0,0
11426,2,1,0,2,0,0
11427,2,1,0,2,0,0
11428,2,1,0,2,0,0
11429,2,1,0,2,0,0
11430,2,1,0,2,0,0
11431,2,1,0,2,0,0
11432,2,1,0,2,0,0
11433,2,1,0,2,0,0
11434,2,1,0,2,0,0
11435,2,1,0,2,0,0
11436,2,1,0,2,0,0
11437,2,1,0,2,0,0
11438,2,1,0,2,0,0
11439,2,1,0,2,0,0
11440,2,1,0,2,0,0
11441,2,1,0,2,0,0
11442,2,1,0,2,0,0
11443,2,1,0,2,0,0
11444,2,1,0,2,0,0
11445,2,1,0,2,0,0
11446,2,1,0,2,0,0
11447,2,1,0,2,0,0
11448,2,1,0,2,0,0
11449,2,1,0,2,0,0
11450,2,1,0,2,0,0
11451,2,1,0,2,0,0
11452,2,1,0,2,0,0
11453,2,1,0,2,0,0
11454,2,1,0,2,0,0
11455,2,1,0,2,0,0
11456,2,1,0,2,0,0
11457,2,1,0,2,0,0
11458,2,1,0,2,0,0
11459,2,1,0,2,0,0
11460,2,1,0,2,0,0
11461,2,1,0,2,0,0
11462,2,1,0,2,0,0
11463,2,1,0,2,0,0
11464,2,1,0,2,0,0
11465,2,1,0,2,0,0
11466,2,1,0,2,0,0
11467,2,1,0,2,0,0
11468,2,1,0,2,0,0
11469,2,1,0,2,0,0
11470,2,1,0,2,0,0
11471,2,1,0,2,0,0
11472,2,1,0,2,0,0
11473,2,1,0,2,0,0
11474,2,1,0,2,0,0
11475,2,1,0,2,0,0
11476,2,1,0,2,0,0
11477,2,1,0,2,0,0
11478,2,1,0,2,0,0
11479,2,1,0,2,0,0
11480,2,1,0,2,0,0
11481,2,1,0,2,0,0
11482,2,1,0,2,0,0
11483,2,1,0,2,0,0
11484,2,1,0,2,0,0
11485,2,1,0,2,0,0
11486,2,1,0,2,0,0
11487,2,1,0,2,0,0
11488,2,1,0,2,0,0
11489,2,1,0,2,0,0
11490,2,1,0,2,0,0
11491,2,1,0,2,0,0
11492,2,1,0,2,0,0
11493,2,1,0,2,0,0
11494,2,1,0,2,0,0
11495,2,1,0,2,0,0
11496,2,1,0,2,0,0
11497,2,1,0,2,0,0
11498,2,1,0,2,0,0
11499,2,1,0,2,0,0
11500,2,1,0,2,0,0
11501,2,1,0,2,0,0
11502,2,1,0,2,0,0
11503,2,1,0,2,0,0
11504,2,1,0,2,0,0
11505,2,1,0,2,0,0
11506,2,1,0,2,0,0
11507,2,1,0,2,0,0
11508,2,1,0,2,0,0
11509,2,1,0,2,0,0
11510,2,1,0,2,0,0
11511,2,1,0,2,0,0
11512,2,1,0,2,0,0
11513,2,1,0,2,0,0
11514,2,1,0,2,0,0
11515,2,1,0,2,0,0
11516,2,1,0,2,0,0
11517,2,1,0,2,0,0
11518,2,1,0,2,0,0
11519,2,1,0,2,0,0
11520,2,1,0,2,0,0
11521,2,1,0,2,0,0
11522,2,1,0,2,0,0
11523,2,1,0,2,0,0
11524,2,1,0,2,0,0
11525,2,1,0,2,0,0
11526,2,1,0,2,0,0
11527,2,1,0,2,0,0
11528,2,1,0,2,0,0
11529,2,1,0,2,0,0
11530,2,1,0,2,0,0
11531,2,1,0,2,0,0
11532,2,1,0,2,0,0
11533,2,1,0,2,0,0
11534,2,1,0,2,0,0
11535,2,1,0,2,0,0
11536,2,1,0,2,0,0
11537,2,1,0,2,0,0
11538,2,1,0,2,0,0
11539,2,1,0,2,0,0
11540,2,1,0,2,0,0
11541,2,1,0,2,0,0
11542,2,1,0,2,0,0
11543,2,1,0,2,0,0
11544,2,1,0,2,0,0
11545,2,1,0,2,0,0
11546,2,1,0,2,0,0
11547,2,1,0,2,0,0
11548,2,1,0,2,0,0
11549,2,1,0,2,0,0
11550,2,1,0,2,0,0
11551,2,1,0,2,0,0
11552,2,1,0,2,0,0
11553,2,1,0,2,0,0
11554,2,1,0,2,0,0
11555,2,1,0,2,0,0
11556,2,1,0,2,0,0
11557,2,1,0,2,0,0
11558,2,1,0,2,0,0
11559,2,1,0,2,0,0
11560,2,1,0,2,0,0
11561,2,1,0,2,0,0
11562,2,1,0,2,0,0
11563,2,1,0,2,0,0
11564,2,1,0,2,0,0
11565,2,1,0,2,0,0
11566,2,1,0,2,0,0
11567,2,1,0,2,0,0
11568,2,1,0,2,0,0
11569,2,1,0,2,0,0
11570,2,1,0,2,0,0
11571,2,1,0,2,0,0
11572,2,1,0,2,0,0
11573,2,1,0,2,0,0
11574,2,1,0,2,0,0
11575,2,1,0,2,0,0
11576,2,1,0,2,0,0
11577,2,1,0,2,0,0
11578,2,1,0,2,0,0
11579,2,1,0,2,0,0
11580,2,1,0,2,0,0
11581,2,1,0,2,0,0
11582,2,1,0,2,0,0
11583,2,1,0,2,0,0
11584,2,1,0,2,0,0
11585,2,1,0,2,0,0
11586,2,1,0,2,0,0
11587,2,1,0,2,0,0
11588,2,1,0,2,0,0
11589,2,1,0,2,0,0
11590,2,1,0,2,0,0
11591,2,1,0,2,0,0
11592,2,1,0,2,0,0
11593,2,1,0,2,0,0
11594,2,1,0,2,0,0
11595,2,1,0,2,0,0
11596,2,1,0,2,0,0
11597,2,1,0,2,0,0
11598,2,1,0,2,0,0
11599,2,1,0,2,0,0
11600,2,1,0,2,0,0
11601,2,1,0,2,0,0
11602,2,1,0,2,0,0
11603,2,1,0,2,0,0
11604,2,1,0,2,0,0
11605,2,1,0,2,0,0
11606,2,1,0,2,0,0
11607,2,1,0,2,0,0
11608,2,1,0,2,0,0
11609,2,1,0,2,0,0
11610,2,1,0,2,0,0
11611,2,1,0,2,0,0
11612,2,1,0,2,0,0
11613,2,1,0,2,0,0
11614,2,1,0,2,0,0
11615,2,1,0,2,0,0
11616,2,1,0,2,0,0
11617,2,1,0,2,0,0
11618,2,1,0,2,0,0
11619,2,1,0,2,0,0
11620,2,1,0,2,0,0
11621,2,1,0,2,0,0
11622,2,1,0,2,0,0
11623,2,1,0,2,0,0
11624,2,1,0,2,0,0
11625,2,1,0,2,0,0
11626,2,1,0,2,0,0
11627,2,1,0,2,0,0
11628,2,1,0,2,0,0
11629,2,1,0,2,0,0
11630,2,1,0,2,0,0
11631,2,1,0,2,0,0
11632,2,1,0,2,0,0
11633,2,1,0,2,0,0
11634,2,1,0,2,0,0
11635,2,1,0,2,0,0
11636,2,1,0,2,0,0
11637,2,1,0,2,0,0
11638,2,1,0,2,0,0
11639,2,1,0,2,0,0
11640,2,1,0,2,0,0
11641,2,1,0,2,0,0
11642,2,1,0,2,0,0
11643,2,1,0,2,0,0
11644,2,1,0,2,0,0
11645,2,1,0,2,0,0
11646,2,1,0,2,0,0
11647,2,1,0,2,0,0
11648,2,1,0,2,0,0
11649,2,1,0,2,0,0
11650,2,1,0,2,0,0
11651,2,1,0,2,0,0
11652,2,1,0,2,0,0
11653,2,1,0,2,0,0
11654,2,1,0,2,0,0
11655,2,1,0,2,0,0
11656,2,1,0,2,0,0
11657,2,1,0,2,0,0
11658,2,1,0,2,0,0
11659,2,1,0,2,0,0
11660,2,1,0,2,0,0
11661,2,1,0,2,0,0
11662,2,1,0,2,0,0
11663,2,1,0,2,0,0
11664,2,1,0,2,0,0
11665,2,1,0,2,0,0
11666,2,1,0,2,0,0
11667,2,1,0,2,0,0
11668,2,1,0,2,0,0
11669,2,1,0,2,0,0
11670,2,1,0,2,0,0
11671,2,1,0,2,0,0
11672,2,1,0,2,0,0
11673,2,1,0,2,0,0
11674,2,1,0,2,0,0
11675,2,1,0,2,0,0
11676,2,1,0,2,0,0
11677,2,1,0,2,0,0
11678,2,1,0,2,0,0
11679,2,1,0,2,0,0
11680,2,1,0,2,0,0
11681,2,1,0,2,0,0
11682,2,1,0,2,0,0
11683,2,1,0,2,0,0
11684,2,1,0,2,0,0
11685,2,1,0,2,0,0
11686,2,1,0,2,0,0
11687,2,1,0,2,0,0
11688,2,1,0,2,0,0
11689,2,1,0,2,0,0
11690,2,1,0,2,0,0
11691,2,1,0,2,0,0
11692,2,1,0,2,0,0
11693,2,1,0,2,0,0
11694,2,1,0,2,0,0
11695,2,1,0,2,0,0
11696,2,1,0,2,0,0
11697,2,1,0,2,0,0
11698,2,1,0,2,0,0
11699,2,1,0,2,0,0
11700,2,1,0,2,0,0
11701,2,1,0,2,0,0
11702,2,1,0,2,0,0
11703,2,1,0,2,0,0
11704,2,1,0,2,0,0
11705,2,1,0,2,0,0
11706,2,1,0,2,0,0
11707,2,1,0,2,0,0
11708,2,1,0,2,0,0
11709,2,1,0,2,0,0
11710,2,1,0,2,0,0
11711,2,1,0,2,0,0
11712,2,1,0,2,0,0
11713,2,1,0,2,0,0
11714,2,1,0,2,0,0
11715,2,1,0,2,0,0
11716,2,1,0,2,0,0
11717,2,1,0,2,0,0
11718,2,1,0,2,0,0
11719,2,1,0,2,0,0
11720,2,1,0,2,0,0
11721,2,1,0,2,0,0
11722,2,1,0,2,0,0
11723,2,1,0,2,0,0
11724,2,1,0,2,0,0
11725,2,1,0,2,0,0
11726,2,1,0,2,0,0
11727,2,1,0,2,0,0
11728,2,1,0,2,0,0
11729,2,1,0,2,0,0
11730,2,1,0,2,0,0
11731,2,1,0,2,0,0
11732,2,1,0,2,0,0
11733,2,1,0,2,0,0
11734,2,1,0,2,0,0
11735,2,1,0,2,0,0
11736,2,1,0,2,0,0
11737,2,1,0,2,0,0
11738,2,1,0,2,0,0
11739,2,1,0,2,0,0
11740,2,1,0,2,0,0
11741,2,1,0,2,0,0
11742,2,1,0,2,0,0
11743,2,1,0,2,0,0
11744,2,1,0,2,0,0
11745,2,1,0,2,0,0
11746,2,1,0,2,0,0
11747,2,1,0,2,0,0
11748,2,1,0,2,0,0
11749,2,1,0,2,0,0
11750,2,1,0,2,0,0
11751,2,1,0,2,0,0
11752,2,1,0,2,0,0
11753,2,1,0,2,0,0
11754,2,1,0,2,0,0
11755,2,1,0,2,0,0
11756,2,1,0,2,0,0
11757,2,1,0,2,0,0
11758,2,1,0,2,0,0
11759,2,1,0,2,0,0
11760,2,1,0,2,0,0
11761,2,1,0,2,0,0
11762,2,1,0,2,0,0
11763,2,1,0,2,0,0
11764,2,1,0,2,0,0
11765,2,1,0,2,0,0
11766,2,1,0,2,0,0
11767,2,1,0,2,0,0
11768,2,1,0,2,0,0
11769,2,1,0,2,0,0
11770,2,1,0,2,0,0
11771,2,1,0,2,0,0
11772,2,1,0,2,0,0
11773,2,1,0,2,0,0
11774,2,1,0,2,0,0
11775,2,1,0,2,0,0
11776,2,1,0,2,0,0
11777,2,1,0,2,0,0
11778,2,1,0,2,0,0
11779,2,1,0,2,0,0
11780,2,1,0,2,0,0
11781,2,1,0,2,0,0
11782,2,1,0,2,0,0
11783,2,1,0,2,0,0
11784,2,1,0,2,0,0
11785,2,1,0,2,0,0
11786,2,1,0,2,0,0
11787,2,1,0,2,0,0
11788,2,1,0,2,0,0
11789,2,1,0,2,0,0
11790,2,1,0,2,0,0
11791,2,1,0,2,0,0
11792,2,1,0,2,0,0
11793,2,1,0,2,0,0
11794,2,1,0,2,0,0
11795,2,1,0,2,0,0
11796,2,1,0,2,0,0
11797,2,1,0,2,0,0
11798,2,1,0,2,0,0
11799,2,1,0,2,0,0
11800,2,1,0,2,0,0
11801,2,1,0,2,0,0
11802,2,1,0,2,0,0
11803,2,1,0,2,0,0
11804,2,1,0,2,0,0
11805,2,1,0,2,0,0
11806,2,1,0,2,0,0
11807,2,1,0,2,0,0
11808,2,1,0,2,0,0
11809,2,1,0,2,0,0
11810,2,1,0,2,0,0
11811,2,1,0,2,0,0
11812,2,1,0,2,0,0
11813,2,1,0,2,0,0
11814,2,1,0,2,0,0
11815,2,1,0,2,0,0
11816,2,1,0,2,0,0
11817,2,1,0,2,0,0
11818,2,1,0,2,0,0
11819,2,1,0,2,0,0
11820,2,1,0,2,0,0
11821,2,1,0,2,0,0
11822,2,1,0,2,0,0
11823,2,1,0,2,0,0
11824,2,1,0,2,0,0
11825,2,1,0,2,0,0
11826,2,1,0,2,0,0
11827,2,1,0,2,0,0
11828,2,1,0,2,0,0
11829,2,1,0,2,0,0
11830,2,1,0,2,0,0
11831,2,1,0,2,0,0
11832,2,1,0,2,0,0
11833,2,1,0,2,0,0
11834,2,1,0,2,0,0
11835,2,1,0,2,0,0
11836,2,1,0,2,0,0
11837,2,1,0,2,0,0
11838,2,1,0,2,0,0
11839,2,1,0,2,0,0
11840,2,1,0,2,0,0
11841,2,1,0,2,0,0
11842,2,1,0,2,0,0
11843,2,1,0,2,0,0
11844,2,1,0,2,0,0
11845,2,1,0,2,0,0
11846,2,1,0,2,0,0
11847,2,1,0,2,0,0
11848,2,1,0,2,0,0
11849,2,1,0,2,0,0
11850,2,1,0,2,0,0
11851,2,1,0,2,0,0
11852,2,1,0,2,0,0
11853,2,1,0,2,0,0
11854,2,1,0,2,0,0
11855,2,1,0,2,0,0
11856,2,1,0,2,0,0
11857,2,1,0,2,0,0
11858,2,1,0,2,0,0
11859,2,1,0,2,0,0
11860,2,1,0,2,0,0
11861,2,1,0,2,0,0
11862,2,1,0,2,0,0
11863,2,1,0,2,0,0
11864,2,1,0,2,0,0
11865,2,1,0,2,0,0
11866,2,1,0,2,0,0
11867,2,1,0,2,0,0
11868,2,1,0,2,0,0
11869,2,1,0,2,0,0
11870,2,1,0,2,0,0
11871,2,1,0,2,0,0
11872,2,1,0,2,0,0
11873,2,1,0,2,0,0
11874,2,1,0,2,0,0
11875,2,1,0,2,0,0
11876,2,1,0,2,0,0
11877,2,1,0,2,0,0
11878,2,1,0,2,0,0
11879,2,1,0,2,0,0
11880,2,1,0,2,0,0
11881,2,1,0,2,0,0
11882,2,1,0,2,0,0
11883,2,1,0,2,0,0
11884,2,1,0,2,0,0
11885,2,1,0,2,0,0
11886,2,1,0,2,0,0
11887,2,1,0,2,0,0
11888,2,1,0,2,0,0
11889,2,1,0,2,0,0
11890,2,1,0,2,0,0
11891,2,1,0,2,0,0
11892,2,1,0,2,0,0
11893,2,1,0,2,0,0
11894,2,1,0,2,0,0
11895,2,1,0,2,0,0
11896,2,1,0,2,0,0
11897,2,1,0,2,0,0
11898,2,1,0,2,0,0
11899,2,1,0,2,0,0
11900,2,1,0,2,0,0
11901,2,1,0,2,0,0
11902,2,1,0,2,0,0
11903,2,1,0,2,0,0
11904,2,1,0,2,0,0
11905,2,1,0,2,0,0
11906,2,1,0,2,0,0
11907,2,1,0,2,0,0
11908,2,1,0,2,0,0
11909,2,1,0,2,0,0
11910,2,1,0,2,0,0
11911,2,1,0,2,0,0
11912,2,1,0,2,0,0
11913,2,1,0,2,0,0
11914,2,1,0,2,0,0
11915,2,1,0,2,0,0
11916,2,1,0,2,0,0
11917,2,1,0,2,0,0
11918,2,1,0,2,0,0
11919,2,1,0,2,0,0
11920,2,1,0,2,0,0
11921,2,1,0,2,0,0
11922,2,1,0,2,0,0
11923,2,1,0,2,0,0
11924,2,1,0,2,0,0
11925,2,1,0,2,0,0
11926,2,1,0,2,0,0
11927,2,1,0,2,0,0
11928,2,1,0,2,0,0
11929,2,1,0,2,0,0
11930,2,1,0,2,0,0
11931,2,1,0,2,0,0
11932,2,1,0,2,0,0
11933,2,1,0,2,0,0
11934,2,1,0,2,0,0
11935,2,1,0,2,0,0
11936,2,1,0,2,0,0
11937,2,1,0,2,0,0
11938,2,1,0,2,0,0
11939,2,1,0,2,0,0
11940,2,1,0,2,0,0
11941,2,1,0,2,0,0
11942,2,1,0,2,0,0
11943,2,1,0,2,0,0
11944,2,1,0,2,0,0
11945,2,1,0,2,0,0
11946,2,1,0,2,0,0
11947,2,1,0,2,0,0
11948,2,1,0,2,0,0
11949,2,1,0,2,0,0
11950,2,1,0,2,0,0
11951,2,1,0,2,0,0
11952,2,1,0,2,0,0
11953,2,1,0,2,0,0
11954,2,1,0,2,0,0
11955,2,1,0,2,0,0
11956,2,1,0,2,0,0
11957,2,1,0,2,0,0
11958,2,1,0,2,0,0
11959,2,1,0,2,0,0
11960,2,1,0,2,0,0
11961,2,1,0,2,0,0
11962,2,1,0,2,0,0
11963,2,1,0,2,0,0
11964,2,1,0,2,0,0
11965,2,1,0,2,0,0
11966,2,1,0,2,0,0
11967,2,1,0,2,0,0
11968,2,1,0,2,0,0
11969,2,1,0,2,0,0
11970,2,1,0,2,0,0
11971,2,1,0,2,0,0
11972,2,1,0,2,0,0
11973,2,1,0,2,0,0
11974,2,1,0,2,0,0
11975,2,1,0,2,0,0
11976,2,1,0,2,0,0
11977,2,1,0,2,0,0
11978,2,1,0,2,0,0
11979,2,1,0,2,0,0
11980,2,1,0,2,0,0
11981,2,1,0,2,0,0
11982,2,1,0,2,0,0
11983,2,1,0,2,0,0
11984,2,1,0,2,0,0
11985,2,1,0,2,0,0
11986,2,1,0,2,0,0
11987,2,1,0,2,0,0
11988,2,1,0,2,0,0
11989,2,1,0,2,0,0
11990,2,1,0,2,0,0
11991,2,1,0,2,0,0
11992,2,1,0,2,0,0
11993,2,1,0,2,0,0
11994,2,1,0,2,0,0
11995,2,1,0,2,0,0
11996,2,1,0,2,0,0
11997,2,1,0,2,0,0
11998,2,1,0,2,0,0
11999,2,1,0,2,0,0
12000,2,1,0,2,0,0
12001,2,1,0,2,0,0
12002,2,1,0,2,0,0
12003,2,1,0,2,0,0
12004,2,1,0,2,0,0
12005,2,1,0,2,0,0
12006,2,1,0,2,0,0
12007,2,1,0,2,0,0
12008,2,1,0,2,0,0
12009,2,1,0,2,0,0
12010,2,1,0,2,0,0
12011,2,1,0,2,0,0
12012,2,1,0,2,0,0
12013,2,1,0,2,0,0
12014,2,1,0,2,0,0
12015,2,1,0,2,0,0
12016,2,1,0,2,0,0
12017,2,1,0,2,0,0
12018,2,1,0,2,0,0
12019,2,1,0,2,0,0
12020,2,1,0,2,0,0
12021,2,1,0,2,0,0
12022,2,1,0,2,0,0
12023,2,1,0,2,0,0
12024,2,1,0,2,0,0
12025,2,1,0,2,0,0
12026,2,1,0,2,0,0
12027,2,1,0,2,0,0
12028,2,1,0,2,0,0
12029,2,1,0,2,0,0
12030,2,1,0,2,0,0
12031,2,1,0,2,0,0
12032,2,1,0,2,0,0
12033,2,1,0,2,0,0
12034,2,1,0,2,0,0
12035,2,1,0,2,0,0
12036,2,1,0,2,0,0
12037,2,1,0,2,0,0
12038,2,1,0,2,0,0
12039,2,1,0,2,0,0
12040,2,1,0,2,0,0
12041,2,1,0,2,0,0
12042,2,1,0,2,0,0
12043,2,1,0,2,0,0
12044,2,1,0,2,0,0
12045,2,1,0,2,0,0
12046,2,1,0,2,0,0
12047,2,1,0,2,0,0
12048,2,1,0,2,0,0
12049,2,1,0,2,0,0
12050,2,1,0,2,0,0
12051,2,1,0,2,0,0
12052,2,1,0,2,0,0
12053,2,1,0,2,0,0
12054,2,1,0,2,0,0
12055,2,1,0,2,0,0
12056,2,1,0,2,0,0
12057,2,1,0,2,0,0
12058,2,1,0,2,0,0
12059,2,1,0,2,0,0
12060,2,1,0,2,0,0
12061,2,1,0,2,0,0
12062,2,1,0,2,0,0
12063,2,1,0,2,0,0
12064,2,1,0,2,0,0
12065,2,1,0,2,0,0
12066,2,1,0,2,0,0
12067,2,1,0,2,0,0
12068,2,1,0,2,0,0
12069,2,1,0,2,0,0
12070,2,1,0,2,0,0
12071,2,1,0,2,0,0
12072,2,1,0,2,0,0
12073,2,1,0,2,0,0
12074,2,1,0,2,0,0
12075,2,1,0,2,0,0
12076,2,1,0,2,0,0
12077,2,1,0,2,0,0
12078,2,1,0,2,0,0
12079,2,1,0,2,0,0
12080,2,1,0,2,0,0
12081,2,1,0,2,0,0
12082,2,1,0,2,0,0
12083,2,1,0,2,0,0
12084,2,1,0,2,0,0
12085,2,1,0,2,0,0
12086,2,1,0,2,0,0
12087,2,1,0,2,0,0
12088,2,1,0,2,0,0
12089,2,1,0,2,0,0
12090,2,1,0,2,0,0
12091,2,1,0,2,0,0
12092,2,1,0,2,0,0
12093,2,1,0,2,0,0
12094,2,1,0,2,0,0
12095,2,1,0,2,0,0
12096,2,1,0,2,0,0
12097,2,1,0,2,0,0
12098,2,1,0,2,0,0
12099,2,1,0,2,0,0
12100,2,1,0,2,0,0
12101,2,1,0,2,0,0
12102,2,1,0,2,0,0
12103,2,1,0,2,0,0
12104,2,1,0,2,0,0
12105,2,1,0,2,0,0
12106,2,1,0,2,0,0
12107,2,1,0,2,0,0
12108,2,1,0,2,0,0
12109,2,1,0,2,0,0
12110,2,1,0,2,0,0
12111,2,1,0,2,0,0
12112,2,1,0,2,0,0
12113,2,1,0,2,0,0
12114,2,1,0,2,0,0
12115,2,1,0,2,0,0
12116,2,1,0,2,0,0
12117,2,1,0,2,0,0
12118,2,1,0,2,0,0
12119,2,1,0,2,0,0
12120,2,1,0,2,0,0
12121,2,1,0,2,0,0
12122,2,1,0,2,0,0
12123,2,1,0,2,0,0
12124,2,1,0,2,0,0
12125,2,1,0,2,0,0
12126,2,1,0,2,0,0
12127,2,1,0,2,0,0
12128,2,1,0,2,0,0
12129,2,1,0,2,0,0
12130,2,1,0,2,0,0
12131,2,1,0,2,0,0
12132,2,1,0,2,0,0
12133,2,1,0,2,0,0
12134,2,1,0,2,0,0
12135,2,1,0,2,0,0
12136,2,1,0,2,0,0
12137,2,1,0,2,0,0
12138,2,1,0,2,0,0
12139,2,1,0,2,0,0
12140,2,1,0,2,0,0
12141,2,1,0,2,0,0
12142,2,1,0,2,0,0
12143,2,1,0,2,0,0
12144,2,1,0,2,0,0
12145,2,1,0,2,0,0
12146,2,1,0,2,0,0
12147,2,1,0,2,0,0
12148,2,1,0,2,0,0
12149,2,1,0,2,0,0
12150,2,1,0,2,0,0
12151,2,1,0,2,0,0
12152,2,1,0,2,0,0
12153,2,1,0,2,0,0
12154,2,1,0,2,0,0
12155,2,1,0,2,0,0
12156,2,1,0,2,0,0
12157,2,1,0,2,0,0
12158,2,1,0,2,0,0
12159,2,1,0,2,0,0
12160,2,1,0,2,0,0
12161,2,1,0,2,0,0
12162,2,1,0,2,0,0
12163,2,1,0,2,0,0
12164,2,1,0,2,0,0
12165,2,1,0,2,0,0
12166,2,1,0,2,0,0
12167,2,1,0,2,0,0
12168,2,1,0,2,0,0
12169,2,1,0,2,0,0
12170,2,1,0,2,0,0
12171,2,1,0,2,0,0
12172,2,1,0,2,0,0
12173,2,1,0,2,0,0
12174,2,1,0,2,0,0
12175,2,1,0,2,0,0
12176,2,1,0,2,0,0
12177,2,1,0,2,0,0
12178,2,1,0,2,0,0
12179,2,1,0,2,0,0
12180,2,1,0,2,0,0
12181,2,1,0,2,0,0
12182,2,1,0,2,0,0
12183,2,1,0,2,0,0
12184,2,1,0,2,0,0
12185,2,1,0,2,0,0
12186,2,1,0,2,0,0
12187,2,1,0,2,0,0
12188,2,1,0,2,0,0
12189,2,1,0,2,0,0
12190,2,1,0,2,0,0
12191,2,1,0,2,0,0
12192,2,1,0,2,0,0
12193,2,1,0,2,0,0
12194,2,1,0,2,0,0
12195,2,1,0,2,0,0
12196,2,1,0,2,0,0
12197,2,1,0,2,0,0
12198,2,1,0,2,0,0
12199,2,1,0,2,0,0
12200,2,1,0,2,0,0
12201,2,1,0,2,0,0
12202,2,1,0,2,0,0
12203,2,1,0,2,0,0
12204,2,1,0,2,0,0
12205,2,1,0,2,0,0
12206,2,1,0,2,0,0
12207,2,1,0,2,0,0
12208,2,1,0,2,0,0
12209,2,1,0,2,0,0
12210,2,1,0,2,0,0
12211,2,1,0,2,0,0
12212,2,1,0,2,0,0
12213,2,1,0,2,0,0
12214,2,1,0,2,0,0
12215,2,1,0,2,0,0
12216,2,1,0,2,0,0
12217,2,1,0,2,0,0
12218,2,1,0,2,0,0
12219,2,1,0,2,0,0
12220,2,1,0,2,0,0
12221,2,1,0,2,0,0
12222,2,1,0,2,0,0
12223,2,1,0,2,0,0
12224,2,1,0,2,0,0
12225,2,1,0,2,0,0
12226,2,1,0,2,0,0
12227,2,1,0,2,0,0
12228,2,1,0,2,0,0
12229,2,1,0,2,0,0
12230,2,1,0,2,0,0
12231,2,1,0,2,0,0
12232,2,1,0,2,0,0
12233,2,1,0,2,0,0
12234,2,1,0,2,0,0
12235,2,1,0,2,0,0
12236,2,1,0,2,0,0
12237,2,1,0,2,0,0
12238,2,1,0,2,0,0
12239,2,1,0,2,0,0
12240,2,1,0,2,0,0
12241,2,1,0,2,0,0
12242,2,1,0,2,0,0
12243,2,1,0,2,0,0
12244,2,1,0,2,0,0
12245,2,1,0,2,0,0
12246,2,1,0,2,0,0
12247,2,1,0,2,0,0
12248,2,1,0,2,0,0
12249,2,1,0,2,0,0
12250,2,1,0,2,0,0
12251,2,1,0,2,0,0
12252,2,1,0,2,0,0
12253,2,1,0,2,0,0
12254,2,1,0,2,0,0
12255,2,1,0,2,0,0
12256,2,1,0,2,0,0
12257,2,1,0,2,0,0
12258,2,1,0,2,0,0
12259,2,1,0,2,0,0
12260,2,1,0,2,0,0
12261,2,1,0,2,0,0
12262,2,1,0,2,0,0
12263,2,1,0,2,0,0
12264,2,1,0,2,0,0
12265,2,1,0,2,0,0
12266,2,1,0,2,0,0
12267,2,1,0,2,0,0
12268,2,1,0,2,0,0
12269,2,1,0,2,0,0
12270,2,1,0,2,0,0
12271,2,1,0,2,0,0
12272,2,1,0,2,0,0
12273,2,1,0,2,0,0
12274,2,1,0,2,0,0
12275,2,1,0,2,0,0
12276,2,1,0,2,0,0
12277,2,1,0,2,0,0
12278,2,1,0,2,0,0
12279,2,1,0,2,0,0
12280,2,1,0,2,0,0
12281,2,1,0,2,0,0
12282,2,1,0,2,0,0
12283,2,1,0,2,0,0
12284,2,1,0,2,0,0
12285,2,1,0,2,0,0
12286,2,1,0,2,0,0
12287,2,1,0,2,0,0
12288,2,1,0,2,0,0
12289,2,1,0,2,0,0
12290,2,1,0,2,0,0
12291,2,1,0,2,0,0
12292,2,1,0,2,0,0
12293,2,1,0,2,0,0
12294,2,1,0,2,0,0
12295,2,1,0,2,0,0
12296,2,1,0,2,0,0
12297,2,1,0,2,0,0
12298,2,1,0,2,0,0
12299,2,1,0,2,0,0
12300,2,1,0,2,0,0
12301,2,1,0,2,0,0
12302,2,1,0,2,0,0
12303,2,1,0,2,0,0
12304,2,1,0,2,0,0
12305,2,1,0,2,0,0
12306,2,1,0,2,0,0
12307,2,1,0,2,0,0
12308,2,1,0,2,0,0
12309,2,1,0,2,0,0
12310,2,1,0,2,0,0
12311,2,1,0,2,0,0
12312,2,1,0,2,0,0
12313,2,1,0,2,0,0
12314,2,1,0,2,0,0
12315,2,1,0,2,0,0
12316,2,1,0,2,0,0
12317,2,1,0,2,0,0
12318,2,1,0,2,0,0
12319,2,1,0,2,0,0
12320,2,1,0,2,0,0
12321,2,1,0,2,0,0
12322,2,1,0,2,0,0
12323,2,1,0,2,0,0
12324,2,1,0,2,0,0
12325,2,1,0,2,0,0
12326,2,1,0,2,0,0
12327,2,1,0,2,0,0
12328,2,1,0,2,0,0
12329,2,1,0,2,0,0
12330,2,1,0,2,0,0
12331,2,1,0,2,0,0
12332,2,1,0,2,0,0
12333,2,1,0,2,0,0
12334,2,1,0,2,0,0
12335,2,1,0,2,0,0
12336,2,1,0,2,0,0
12337,2,1,0,2,0,0
12338,2,1,0,2,0,0
12339,2,1,0,2,0,0
12340,2,1,0,2,0,0
12341,2,1,0,2,0,0
12342,2,1,0,2,0,0
12343,2,1,0,2,0,0
12344,2,1,0,2,0,0
12345,2,1,0,2,0,0
12346,2,1,0,2,0,0
12347,2,1,0,2,0,0
12348,2,1,0,2,0,0
12349,2,1,0,2,0,0
12350,2,1,0,2,0,0
12351,2,1,0,2,0,0
12352,2,1,0,2,0,0
12353,2,1,0,2,0,0
12354,2,1,0,2,0,0
12355,2,1,0,2,0,0
12356,2,1,0,2,0,0
12357,2,1,0,2,0,0
12358,2,1,0,2,0,0
12359,2,1,0,2,0,0
12360,2,1,0,2,0,0
12361,2,1,0,2,0,0
12362,2,1,0,2,0,0
12363,2,1,0,2,0,0
12364,2,1,0,2,0,0
12365,2,1,0,2,0,0
12366,2,1,0,2,0,0
12367,2,1,0,2,0,0
12368,2,1,0,2,0,0
12369,2,1,0,2,0,0
12370,2,1,0,2,0,0
12371,2,1,0,2,0,0
12372,2,1,0,2,0,0
12373,2,1,0,2,0,0
12374,2,1,0,2,0,0
12375,2,1,0,2,0,0
12376,2,1,0,2,0,0
12377,2,1,0,2,0,0
12378,2,1,0,2,0,0
12379,2,1,0,2,0,0
12380,2,1,0,2,0,0
12381,2,1,0,2,0,0
12382,2,1,0,2,0,0
12383,2,1,0,2,0,0
12384,2,1,0,2,0,0
12385,2,1,0,2,0,0
12386,2,1,0,2,0,0
12387,2,1,0,2,0,0
12388,2,1,0,2,0,0
12389,2,1,0,2,0,0
12390,2,1,0,2,0,0
12391,2,1,0,2,0,0
12392,2,1,0,2,0,0
12393,2,1,0,2,0,0
12394,2,1,0,2,0,0
12395,2,1,0,2,0,0
12396,2,1,0,2,0,0
12397,2,1,0,2,0,0
12398,2,1,0,2,0,0
12399,2,1,0,2,0,0
12400,2,1,0,2,0,0
12401,2,1,0,2,0,0
12402,2,1,0,2,0,0
12403,2,1,0,2,0,0
12404,2,1,0,2,0,0
12405,2,1,0,2,0,0
12406,2,1,0,2,0,0
12407,2,1,0,2,0,0
12408,2,1,0,2,0,0
12409,2,1,0,2,0,0
12410,2,1,0,2,0,0
12411,2,1,0,2,0,0
12412,2,1,0,2,0,0
12413,2,1,0,2,0,0
12414,2,1,0,2,0,0
12415,2,1,0,2,0,0
12416,2,1,0,2,0,0
12417,2,1,0,2,0,0
12418,2,1,0,2,0,0
12419,2,1,0,2,0,0
12420,2,1,0,2,0,0
12421,2,1,0,2,0,0
12422,2,1,0,2,0,0
12423,2,1,0,2,0,0
12424,2,1,0,2,0,0
12425,2,1,0,2,0,0
12426,2,1,0,2,0,0
12427,2,1,0,2,0,0
12428,2,1,0,2,0,0
12429,2,1,0,2,0,0
12430,2,1,0,2,0,0
12431,2,1,0,2,0,0
12432,2,1,0,2,0,0
12433,2,1,0,2,0,0
12434,2,1,0,2,0,0
12435,2,1,0,2,0,0
12436,2,1,0,2,0,0
12437,2,1,0,2,0,0
12438,2,1,0,2,0,0
12439,2,1,0,2,0,0
12440,2,1,0,2,0,0
12441,2,1,0,2,0,0
12442,2,1,0,2,0,0
12443,2,1,0,2,0,0
12444,2,1,0,2,0,0
12445,2,1,0,2,0,0
12446,2,1,0,2,0,0
12447,2,1,0,2,0,0
12448,2,1,0,2,0,0
12449,2,1,0,2,0,0
12450,2,1,0,2,0,0
12451,2,1,0,2,0,0
12452,2,1,0,2,0,0
12453,2,1,0,2,0,0
12454,2,1,0,2,0,0
12455,2,1,0,2,0,0
12456,2,1,0,2,0,0
12457,2,1,0,2,0,0
12458,2,1,0,2,0,0
12459,2,1,0,2,0,0
12460,2,1,0,2,0,0
12461,2,1,0,2,0,0
12462,2,1,0,2,0,0
12463,2,1,0,2,0,0
12464,2,1,0,2,0,0
12465,2,1,0,2,0,0
12466,2,1,0,2,0,0
12467,2,1,0,2,0,0
12468,2,1,0,2,0,0
12469,2,1,0,2,0,0
12470,2,1,0,2,0,0
12471,2,1,0,2,0,0
12472,2,1,0,2,0,0
12473,2,1,0,2,0,0
12474,2,1,0,2,0,0
12475,2,1,0,2,0,0
12476,2,1,0,2,0,0
12477,2,1,0,2,0,0
12478,2,1,0,2,0,0
12479,2,1,0,2,0,0
12480,2,1,0,2,0,0
12481,2,1,0,2,0,0
12482,2,1,0,2,0,0
12483,2,1,0,2,0,0
12484,2,1,0,2,0,0
12485,2,1,0,2,0,0
12486,2,1,0,2,0,0
12487,2,1,0,2,0,0
12488,2,1,0,2,0,0
12489,2,1,0,2,0,0
12490,2,1,0,2,0,0
12491,2,1,0,2,0,0
12492,2,1,0,2,0,0
12493,2,1,0,2,0,0
12494,2,1,0,2,0,0
12495,2,1,0,2,0,0
12496,2,1,0,2,0,0
12497,2,1,0,2,0,0
12498,2,1,0,2,0,0
12499,2,1,0,2,0,0
12500,2,1,0,2,0,0
12501,2,1,0,2,0,0
12502,2,1,0,2,0,0
12503,2,1,0,2,0,0
12504,2,1,0,2,0,0
12505,2,1,0,2,0,0
12506,2,1,0,2,0,0
12507,2,1,0,2,0,0
12508,2,1,0,2,0,0
12509,2,1,0,2,0,0
12510,2,1,0,2,0,0
12511,2,1,0,2,0,0
12512,2,1,0,2,0,0
12513,2,1,0,2,0,0
12514,2,1,0,2,0,0
12515,2,1,0,2,0,0
12516,2,1,0,2,0,0
12517,2,1,0,2,0,0
12518,2,1,0,2,0,0
12519,2,1,0,2,0,0
12520,2,1,0,2,0,0
12521,2,1,0,2,0,0
12522,2,1,0,2,0,0
12523,2,1,0,2,0,0
12524,2,1,0,2,0,0
12525,2,1,0,2,0,0
12526,2,1,0,2,0,0
12527,2,1,0,2,0,0
12528,2,1,0,2,0,0
12529,2,1,0,2,0,0
12530,2,1,0,2,0,0
12531,2,1,0,2,0,0
12532,2,1,0,2,0,0
12533,2,1,0,2,0,0
12534,2,1,0,2,0,0
12535,2,1,0,2,0,0
12536,2,1,0,2,0,0
12537,2,1,0,2,0,0
12538,2,1,0,2,0,0
12539,2,1,0,2,0,0
12540,2,1,0,2,0,0
12541,2,1,0,2,0,0
12542,2,1,0,2,0,0
12543,2,1,0,2,0,0
12544,2,1,0,2,0,0
12545,2,1,0,2,0,0
12546,2,1,0,2,0,0
12547,2,1,0,2,0,0
12548,2,1,0,2,0,0
12549,2,1,0,2,0,0
12550,2,1,0,2,0,0
12551,2,1,0,2,0,0
12552,2,1,0,2,0,0
12553,2,1,0,2,0,0
12554,2,1,0,2,0,0
12555,2,1,0,2,0,0
12556,2,1,0,2,0,0
12557,2,1,0,2,0,0
12558,2,1,0,2,0,0
12559,2,1,0,2,0,0
12560,2,1,0,2,0,0
12561,2,1,0,2,0,0
12562,2,1,0,2,0,0
12563,2,1,0,2,0,0
12564,2,1,0,2,0,0
12565,2,1,0,2,0,0
12566,2,1,0,2,0,0
12567,2,1,0,2,0,0
12568,2,1,0,2,0,0
12569,2,1,0,2,0,0
12570,2,1,0,2,0,0
12571,2,1,0,2,0,0
12572,2,1,0,2,0,0
12573,2,1,0,2,0,0
12574,2,1,0,2,0,0
12575,2,1,0,2,0,0
12576,2,1,0,2,0,0
12577,2,1,0,2,0,0
12578,2,1,0,2,0,0
12579,2,1,0,2,0,0
12580,2,1,0,2,0,0
12581,2,1,0,2,0,0
12582,2,1,0,2,0,0
12583,2,1,0,2,0,0
12584,2,1,0,2,0,0
12585,2,1,0,2,0,0
12586,2,1,0,2,0,0
12587,2,1,0,2,0,0
12588,2,1,0,2,0,0
12589,2,1,0,2,0,0
12590,2,1,0,2,0,0
12591,2,1,0,2,0,0
12592,2,1,0,2,0,0
12593,2,1,0,2,0,0
12594,2,1,0,2,0,0
12595,2,1,0,2,0,0
12596,2,1,0,2,0,0
12597,2,1,0,2,0,0
12598,2,1,0,2,0,0
12599,2,1,0,2,0,0
12600,2,1,0,2,0,0
12601,2,1,0,2,0,0
12602,2,1,0,2,0,0
12603,2,1,0,2,0,0
12604,2,1,0,2,0,0
12605,2,1,0,2,0,0
12606,2,1,0,2,0,0
12607,2,1,0,2,0,0
12608,2,1,0,2,0,0
12609,2,1,0,2,0,0
12610,2,1,0,2,0,0
12611,2,1,0,2,0,0
12612,2,1,0,2,0,0
12613,2,1,0,2,0,0
12614,2,1,0,2,0,0
12615,2,1,0,2,0,0
12616,2,1,0,2,0,0
12617,2,1,0,2,0,0
12618,2,1,0,2,0,0
12619,2,1,0,2,0,0
12620,2,1,0,2,0,0
12621,2,1,0,2,0,0
12622,2,1,0,2,0,0
12623,2,1,0,2,0,0
12624,2,1,0,2,0,0
12625,2,1,0,2,0,0
12626,2,1,0,2,0,0
12627,2,1,0,2,0,0
12628,2,1,0,2,0,0
12629,2,1,0,2,0,0
12630,2,1,0,2,0,0
12631,2,1,0,2,0,0
12632,2,1,0,2,0,0
12633,2,1,0,2,0,0
12634,2,1,0,2,0,0
12635,2,1,0,2,0,0
12636,2,1,0,2,0,0
12637,2,1,0,2,0,0
12638,2,1,0,2,0,0
12639,2,1,0,2,0,0
12640,2,1,0,2,0,0
12641,2,1,0,2,0,0
12642,2,1,0,2,0,0
12643,2,1,0,2,0,0
12644,2,1,0,2,0,0
12645,2,1,0,2,0,0
12646,2,1,0,2,0,0
12647,2,1,0,2,0,0
12648,2,1,0,2,0,0
12649,2,1,0,2,0,0
12650,2,1,0,2,0,0
12651,2,1,0,2,0,0
12652,2,1,0,2,0,0
12653,2,1,0,2,0,0
12654,2,1,0,2,0,0
12655,2,1,0,2,0,0
12656,2,1,0,2,0,0
12657,2,1,0,2,0,0
12658,2,1,0,2,0,0
12659,2,1,0,2,0,0
12660,2,1,0,2,0,0
12661,2,1,0,2,0,0
12662,2,1,0,2,0,0
12663,2,1,0,2,0,0
12664,2,1,0,2,0,0
12665,2,1,0,2,0,0
12666,2,1,0,2,0,0
12667,2,1,0,2,0,0
12668,2,1,0,2,0,0
12669,2,1,0,2,0,0
12670,2,1,0,2,0,0
12671,2,1,0,2,0,0
12672,2,1,0,2,0,0
12673,2,1,0,2,0,0
12674,2,1,0,2,0,0
12675,2,1,0,2,0,0
12676,2,1,0,2,0,0
12677,2,1,0,2,0,0
12678,2,1,0,2,0,0
12679,2,1,0,2,0,0
12680,2,1,0,2,0,0
12681,2,1,0,2,0,0
12682,2,1,0,2,0,0
12683,2,1,0,2,0,0
12684,2,1,0,2,0,0
12685,2,1,0,2,0,0
12686,2,1,0,2,0,0
12687,2,1,0,2,0,0
12688,2,1,0,2,0,0
12689,2,1,0,2,0,0
12690,2,1,0,2,0,0
12691,2,1,0,2,0,0
12692,2,1,0,2,0,0
12693,2,1,0,2,0,0
12694,2,1,0,2,0,0
12695,2,1,0,2,0,0
12696,2,1,0,2,0,0
12697,2,1,0,2,0,0
12698,2,1,0,2,0,0
12699,2,1,0,2,0,0
12700,2,1,0,2,0,0
12701,2,1,0,2,0,0
12702,2,1,0,2,0,0
12703,2,1,0,2,0,0
12704,2,1,0,2,0,0
12705,2,1,0,2,0,0
12706,2,1,0,2,0,0
12707,2,1,0,2,0,0
12708,2,1,0,2,0,0
12709,2,1,0,2,0,0
12710,2,1,0,2,0,0
12711,2,1,0,2,0,0
12712,2,1,0,2,0,0
12713,2,1,0,2,0,0
12714,2,1,0,2,0,0
12715,2,1,0,2,0,0
12716,2,1,0,2,0,0
12717,2,1,0,2,0,0
12718,2,1,0,2,0,0
12719,2,1,0,2,0,0
12720,2,1,0,2,0,0
12721,2,1,0,2,0,0
12722,2,1,0,2,0,0
12723,2,1,0,2,0,0
12724,2,1,0,2,0,0
12725,2,1,0,2,0,0
12726,2,1,0,2,0,0
12727,2,1,0,2,0,0
12728,2,1,0,2,0,0
12729,2,1,0,2,0,0
12730,2,1,0,2,0,0
12731,2,1,0,2,0,0
12732,2,1,0,2,0,0
12733,2,1,0,2,0,0
12734,2,1,0,2,0,0
12735,2,1,0,2,0,0
12736,2,1,0,2,0,0
12737,2,1,0,2,0,0
12738,2,1,0,2,0,0
12739,2,1,0,2,0,0
12740,2,1,0,2,0,0
12741,2,1,0,2,0,0
12742,2,1,0,2,0,0
12743,2,1,0,2,0,0
12744,2,1,0,2,0,0
12745,2,1,0,2,0,0
12746,2,1,0,2,0,0
12747,2,1,0,2,0,0
12748,2,1,0,2,0,0
12749,2,1,0,2,0,0
12750,2,1,0,2,0,0
12751,2,1,0,2,0,0
12752,2,1,0,2,0,0
12753,2,1,0,2,0,0
12754,2,1,0,2,0,0
12755,2,1,0,2,0,0
12756,2,1,0,2,0,0
12757,2,1,0,2,0,0
12758,2,1,0,2,0,0
12759,2,1,0,2,0,0
12760,2,1,0,2,0,0
12761,2,1,0,2,0,0
12762,2,1,0,2,0,0
12763,2,1,0,2,0,0
12764,2,1,0,2,0,0
12765,2,1,0,2,0,0
12766,2,1,0,2,0,0
12767,2,1,0,2,0,0
12768,2,1,0,2,0,0
12769,2,1,0,2,0,0
12770,2,1,0,2,0,0
12771,2,1,0,2,0,0
12772,2,1,0,2,0,0
12773,2,1,0,2,0,0
12774,2,1,0,2,0,0
12775,2,1,0,2,0,0
12776,2,1,0,2,0,0
12777,2,1,0,2,0,0
12778,2,1,0,2,0,0
12779,2,1,0,2,0,0
12780,2,1,0,2,0,0
12781,2,1,0,2,0,0
12782,2,1,0,2,0,0
12783,2,1,0,2,0,0
12784,2,1,0,2,0,0
12785,2,1,0,2,0,0
12786,2,1,0,2,0,0
12787,2,1,0,2,0,0
12788,2,1,0,2,0,0
12789,2,1,0,2,0,0
12790,2,1,0,2,0,0
12791,2,1,0,2,0,0
12792,2,1,0,2,0,0
12793,2,1,0,2,0,0
12794,2,1,0,2,0,0
12795,2,1,0,2,0,0
12796,2,1,0,2,0,0
12797,2,1,0,2,0,0
12798,2,1,0,2,0,0
12799,2,1,0,2,0,0
12800,2,1,0,2,0,0
12801,2,1,0,2,0,0
12802,2,1,0,2,0,0
12803,2,1,0,2,0,0
12804,2,1,0,2,0,0
12805,2,1,0,2,0,0
12806,2,1,0,2,0,0
12807,2,1,0,2,0,0
12808,2,1,0,2,0,0
12809,2,1,0,2,0,0
12810,2,1,0,2,0,0
12811,2,1,0,2,0,0
12812,2,1,0,2,0,0
12813,2,1,0,2,0,0
12814,2,1,0,2,0,0
12815,2,1,0,2,0,0
12816,2,1,0,2,0,0
12817,2,1,0,2,0,0
12818,2,1,0,2,0,0
12819,2,1,0,2,0,0
12820,2,1,0,2,0,0
12821,2,1,0,2,0,0
12822,2,1,0,2,0,0
12823,2,1,0,2,0,0
12824,2,1,0,2,0,0
12825,2,1,0,2,0,0
12826,2,1,0,2,0,0
12827,2,1,0,2,0,0
12828,2,1,0,2,0,0
12829,2,1,0,2,0,0
12830,2,1,0,2,0,0
12831,2,1,0,2,0,0
12832,2,1,0,2,0,0
12833,2,1,0,2,0,0
12834,2,1,0,2,0,0
12835,2,1,0,2,0,0
12836,2,1,0,2,0,0
12837,2,1,0,2,0,0
12838,2,1,0,2,0,0
12839,2,1,0,2,0,0
12840,2,1,0,2,0,0
12841,2,1,0,2,0,0
12842,2,1,0,2,0,0
12843,2,1,0,2,0,0
12844,2,1,0,2,0,0
12845,2,1,0,2,0,0
12846,2,1,0,2,0,0
12847,2,1,0,2,0,0
12848,2,1,0,2,0,0
12849,2,1,0,2,0,0
12850,2,1,0,2,0,0
12851,2,1,0,2,0,0
12852,2,1,0,2,0,0
12853,2,1,0,2,0,0
12854,2,1,0,2,0,0
12855,2,1,0,2,0,0
12856,2,1,0,2,0,0
12857,2,1,0,2,0,0
12858,2,1,0,2,0,0
12859,2,1,0,2,0,0
12860,2,1,0,2,0,0
12861,2,1,0,2,0,0
12862,2,1,0,2,0,0
12863,2,1,0,2,0,0
12864,2,1,0,2,0,0
12865,2,1,0,2,0,0
12866,2,1,0,2,0,0
12867,2,1,0,2,0,0
12868,2,1,0,2,0,0
12869,2,1,0,2,0,0
12870,2,1,0,2,0,0
12871,2,1,0,2,0,0
12872,2,1,0,2,0,0
12873,2,1,0,2,0,0
12874,2,1,0,2,0,0
12875,2,1,0,2,0,0
12876,2,1,0,2,0,0
12877,2,1,0,2,0,0
12878,2,1,0,2,0,0
12879,2,1,0,2,0,0
12880,2,1,0,2,0,0
12881,2,1,0,2,0,0
12882,2,1,0,2,0,0
12883,2,1,0,2,0,0
12884,2,1,0,2,0,0
12885,2,1,0,2,0,0
12886,2,1,0,2,0,0
12887,2,1,0,2,0,0
12888,2,1,0,2,0,0
12889,2,1,0,2,0,0
12890,2,1,0,2,0,0
12891,2,1,0,2,0,0
12892,2,1,0,2,0,0
12893,2,1,0,2,0,0
12894,2,1,0,2,0,0
12895,2,1,0,2,0,0
12896,2,1,0,2,0,0
12897,2,1,0,2,0,0
12898,2,1,0,2,0,0
12899,2,1,0,2,0,0
12900,2,1,0,2,0,0
12901,2,1,0,2,0,0
12902,2,1,0,2,0,0
12903,2,1,0,2,0,0
12904,2,1,0,2,0,0
12905,2,1,0,2,0,0
12906,2,1,0,2,0,0
12907,2,1,0,2,0,0
12908,2,1,0,2,0,0
12909,2,1,0,2,0,0
12910,2,1,0,2,0,0
12911,2,1,0,2,0,0
12912,2,1,0,2,0,0
12913,2,1,0,2,0,0
12914,2,1,0,2,0,0
12915,2,1,0,2,0,0
12916,2,1,0,2,0,0
12917,2,1,0,2,0,0
12918,2,1,0,2,0,0
12919,2,1,0,2,0,0
12920,2,1,0,2,0,0
12921,2,1,0,2,0,0
12922,2,1,0,2,0,0
12923,2,1,0,2,0,0
12924,2,1,0,2,0,0
12925,2,1,0,2,0,0
12926,2,1,0,2,0,0
12927,2,1,0,2,0,0
12928,2,1,0,2,0,0
12929,2,1,0,2,0,0
12930,2,1,0,2,0,0
12931,2,1,0,2,0,0
12932,2,1,0,2,0,0
12933,2,1,0,2,0,0
12934,2,1,0,2,0,0
12935,2,1,0,2,0,0
12936,2,1,0,2,0,0
12937,2,1,0,2,0,0
12938,2,1,0,2,0,0
12939,2,1,0,2,0,0
12940,2,1,0,2,0,0
12941,2,1,0,2,0,0
12942,2,1,0,2,0,0
12943,2,1,0,2,0,0
12944,2,1,0,2,0,0
12945,2,1,0,2,0,0
12946,2,1,0,2,0,0
12947,2,1,0,2,0,0
12948,2,1,0,2,0,0
12949,2,1,0,2,0,0
12950,2,1,0,2,0,0
12951,2,1,0,2,0,0
12952,2,1,0,2,0,0
12953,2,1,0,2,0,0
12954,2,1,0,2,0,0
12955,2,1,0,2,0,0
12956,2,1,0,2,0,0
12957,2,1,0,2,0,0
12958,2,1,0,2,0,0
12959,2,1,0,2,0,0
12960,2,1,0,2,0,0
12961,2,1,0,2,0,0
12962,2,1,0,2,0,0
12963,2,1,0,2,0,0
12964,2,1,0,2,0,0
12965,2,1,0,2,0,0
12966,2,1,0,2,0,0
12967,2,1,0,2,0,0
12968,2,1,0,2,0,0
12969,2,1,0,2,0,0
12970,2,1,0,2,0,0
12971,2,1,0,2,0,0
12972,2,1,0,2,0,0
12973,2,1,0,2,0,0
12974,2,1,0,2,0,0
12975,2,1,0,2,0,0
12976,2,1,0,2,0,0
12977,2,1,0,2,0,0
12978,2,1,0,2,0,0
12979,2,1,0,2,0,0
12980,2,1,0,2,0,0
12981,2,1,0,2,0,0
12982,2,1,0,2,0,0
12983,2,1,0,2,0,0
12984,2,1,0,2,0,0
12985,2,1,0,2,0,0
12986,2,1,0,2,0,0
12987,2,1,0,2,0,0
12988,2,1,0,2,0,0
12989,2,1,0,2,0,0
12990,2,1,0,2,0,0
12991,2,1,0,2,0,0
12992,2,1,0,2,0,0
12993,2,1,0,2,0,0
12994,2,1,0,2,0,0
12995,2,1,0,2,0,0
12996,2,1,0,2,0,0
12997,2,1,0,2,0,0
12998,2,1,0,2,0,0
12999,2,1,0,2,0,0
13000,2,1,0,2,0,0
13001,2,1,0,2,0,0
13002,2,1,0,2,0,0
13003,2,1,0,2,0,0
13004,2,1,0,2,0,0
13005,2,1,0,2,0,0
13006,2,1,0,2,0,0
13007,2,1,0,2,0,0
13008,2,1,0,2,0,0
13009,2,1,0,2,0,0
13010,2,1,0,2,0,0
13011,2,1,0,2,0,0
13012,2,1,0,2,0,0
13013,2,1,0,2,0,0
13014,2,1,0,2,0,0
13015,2,1,0,2,0,0
13016,2,1,0,2,0,0
13017,2,1,0,2,0,0
13018,2,1,0,2,0,0
13019,2,1,0,2,0,0
13020,2,1,0,2,0,0
13021,2,1,0,2,0,0
13022,2,1,0,2,0,0
13023,2,1,0,2,0,0
13024,2,1,0,2,0,0
13025,2,1,0,2,0,0
13026,2,1,0,2,0,0
13027,2,1,0,2,0,0
13028,2,1,0,2,0,0
13029,2,1,0,2,0,0
13030,2,1,0,2,0,0
13031,2,1,0,2,0,0
13032,2,1,0,2,0,0
13033,2,1,0,2,0,0
13034,2,1,0,2,0,0
13035,2,1,0,2,0,0
13036,2,1,0,2,0,0
13037,2,1,0,2,0,0
13038,2,1,0,2,0,0
13039,2,1,0,2,0,0
13040,2,1,0,2,0,0
13041,2,1,0,2,0,0
13042,2,1,0,2,0,0
13043,2,1,0,2,0,0
13044,2,1,0,2,0,0
13045,2,1,0,2,0,0
13046,2,1,0,2,0,0
13047,2,1,0,2,0,0
13048,2,1,0,2,0,0
13049,2,1,0,2,0,0
13050,2,1,0,2,0,0
13051,2,1,0,2,0,0
13052,2,1,0,2,0,0
13053,2,1,0,2,0,0
13054,2,1,0,2,0,0
13055,2,1,0,2,0,0
13056,2,1,0,2,0,0
13057,2,1,0,2,0,0
13058,2,1,0,2,0,0
13059,2,1,0,2,0,0
13060,2,1,0,2,0,0
13061,2,1,0,2,0,0
13062,2,1,0,2,0,0
13063,2,1,0,2,0,0
13064,2,1,0,2,0,0
13065,2,1,0,2,0,0
13066,2,1,0,2,0,0
13067,2,1,0,2,0,0
13068,2,1,0,2,0,0
13069,2,1,0,2,0,0
13070,2,1,0,2,0,0
13071,2,1,0,2,0,0
13072,2,1,0,2,0,0
13073,2,1,0,2,0,0
13074,2,1,0,2,0,0
13075,2,1,0,2,0,0
13076,2,1,0,2,0,0
13077,2,1,0,2,0,0
13078,2,1,0,2,0,0
13079,2,1,0,2,0,0
13080,2,1,0,2,0,0
13081,2,1,0,2,0,0
13082,2,1,0,2,0,0
13083,2,1,0,2,0,0
13084,2,1,0,2,0,0
13085,2,1,0,2,0,0
13086,2,1,0,2,0,0
13087,2,1,0,2,0,0
13088,2,1,0,2,0,0
13089,2,1,0,2,0,0
13090,2,1,0,2,0,0
13091,2,1,0,2,0,0
13092,2,1,0,2,0,0
13093,2,1,0,2,0,0
13094,2,1,0,2,0,0
13095,2,1,0,2,0,0
13096,2,1,0,2,0,0
13097,2,1,0,2,0,0
13098,2,1,0,2,0,0
13099,2,1,0,2,0,0
13100,2,1,0,2,0,0
13101,2,1,0,2,0,0
13102,2,1,0,2,0,0
13103,2,1,0,2,0,0
13104,2,1,0,2,0,0
13105,2,1,0,2,0,0
13106,2,1,0,2,0,0
13107,2,1,0,2,0,0
13108,2,1,0,2,0,0
13109,2,1,0,2,0,0
13110,2,1,0,2,0,0
13111,2,1,0,2,0,0
13112,2,1,0,2,0,0
13113,2,1,0,2,0,0
13114,2,1,0,2,0,0
13115,2,1,0,2,0,0
13116,2,1,0,2,0,0
13117,2,1,0,2,0,0
13118,2,1,0,2,0,0
13119,2,1,0,2,0,0
13120,2,1,0,2,0,0
13121,2,1,0,2,0,0
13122,2,1,0,2,0,0
13123,2,1,0,2,0,0
13124,2,1,0,2,0,0
13125,2,1,0,2,0,0
13126,2,1,0,2,0,0
13127,2,1,0,2,0,0
13128,2,1,0,2,0,0
13129,2,1,0,2,0,0
13130,2,1,0,2,0,0
13131,2,1,0,2,0,0
13132,2,1,0,2,0,0
13133,2,1,0,2,0,0
13134,2,1,0,2,0,0
13135,2,1,0,2,0,0
13136,2,1,0,2,0,0
13137,2,1,0,2,0,0
13138,2,1,0,2,0,0
13139,2,1,0,2,0,0
13140,2,1,0,2,0,0
13141,2,1,0,2,0,0
13142,2,1,0,2,0,0
13143,2,1,0,2,0,0
13144,2,1,0,2,0,0
13145,2,1,0,2,0,0
13146,2,1,0,2,0,0
13147,2,1,0,2,0,0
13148,2,1,0,2,0,0
13149,2,1,0,2,0,0
13150,2,1,0,2,0,0
13151,2,1,0,2,0,0
13152,2,1,0,2,0,0
13153,2,1,0,2,0,0
13154,2,1,0,2,0,0
13155,2,1,0,2,0,0
13156,2,1,0,2,0,0
13157,2,1,0,2,0,0
13158,2,1,0,2,0,0
13159,2,1,0,2,0,0
13160,2,1,0,2,0,0
13161,2,1,0,2,0,0
13162,2,1,0,2,0,0
13163,2,1,0,2,0,0
13164,2,1,0,2,0,0
13165,2,1,0,2,0,0
13166,2,1,0,2,0,0
13167,2,1,0,2,0,0
13168,2,1,0,2,0,0
13169,2,1,0,2,0,0
13170,2,1,0,2,0,0
13171,2,1,0,2,0,0
13172,2,1,0,2,0,0
13173,2,1,0,2,0,0
13174,2,1,0,2,0,0
13175,2,1,0,2,0,0
13176,2,1,0,2,0,0
13177,2,1,0,2,0,0
13178,2,1,0,2,0,0
13179,2,1,0,2,0,0
13180,2,1,0,2,0,0
13181,2,1,0,2,0,0
13182,2,1,0,2,0,0
13183,2,1,0,2,0,0
13184,2,1,0,2,0,0
13185,2,1,0,2,0,0
13186,2,1,0,2,0,0
13187,2,1,0,2,0,0
13188,2,1,0,2,0,0
13189,2,1,0,2,0,0
13190,2,1,0,2,0,0
13191,2,1,0,2,0,0
13192,2,1,0,2,0,0
13193,2,1,0,2,0,0
13194,2,1,0,2,0,0
13195,2,1,0,2,0,0
13196,2,1,0,2,0,0
13197,2,1,0,2,0,0
13198,2,1,0,2,0,0
13199,2,1,0,2,0,0
13200,2,1,0,2,0,0
13201,2,1,0,2,0,0
13202,2,1,0,2,0,0
13203,2,1,0,2,0,0
13204,2,1,0,2,0,0
13205,2,1,0,2,0,0
13206,2,1,0,2,0,0
13207,2,1,0,2,0,0
13208,2,1,0,2,0,0
13209,2,1,0,2,0,0
13210,2,1,0,2,0,0
13211,2,1,0,2,0,0
13212,2,1,0,2,0,0
13213,2,1,0,2,0,0
13214,2,1,0,2,0,0
13215,2,1,0,2,0,0
13216,2,1,0,2,0,0
13217,2,1,0,2,0,0
13218,2,1,0,2,0,0
13219,2,1,0,2,0,0
13220,2,1,0,2,0,0
13221,2,1,0,2,0,0
13222,2,1,0,2,0,0
13223,2,1,0,2,0,0
13224,2,1,0,2,0,0
13225,2,1,0,2,0,0
13226,2,1,0,2,0,0
13227,2,1,0,2,0,0
13228,2,1,0,2,0,0
13229,2,1,0,2,0,0
13230,2,1,0,2,0,0
13231,2,1,0,2,0,0
13232,2,1,0,2,0,0
13233,2,1,0,2,0,0
13234,2,1,0,2,0,0
13235,2,1,0,2,0,0
13236,2,1,0,2,0,0
13237,2,1,0,2,0,0
13238,2,1,0,2,0,0
13239,2,1,0,2,0,0
13240,2,1,0,2,0,0
13241,2,1,0,2,0,0
13242,2,1,0,2,0,0
13243,2,1,0,2,0,0
13244,2,1,0,2,0,0
13245,2,1,0,2,0,0
13246,2,1,0,2,0,0
13247,2,1,0,2,0,0
13248,2,1,0,2,0,0
13249,2,1,0,2,0,0
13250,2,1,0,2,0,0
13251,2,1,0,2,0,0
13252,2,1,0,2,0,0
13253,2,1,0,2,0,0
13254,2,1,0,2,0,0
13255,2,1,0,2,0,0
13256,2,1,0,2,0,0
13257,2,1,0,2,0,0
13258,2,1,0,2,0,0
13259,2,1,0,2,0,0
13260,2,1,0,2,0,0
13261,2,1,0,2,0,0
13262,2,1,0,2,0,0
13263,2,1,0,2,0,0
13264,2,1,0,2,0,0
13265,2,1,0,2,0,0
13266,2,1,0,2,0,0
13267,2,1,0,2,0,0
13268,2,1,0,2,0,0
13269,2,1,0,2,0,0
13270,2,1,0,2,0,0
13271,2,1,0,2,0,0
13272,2,1,0,2,0,0
13273,2,1,0,2,0,0
13274,2,1,0,2,0,0
13275,2,1,0,2,0,0
13276,2,1,0,2,0,0
13277,2,1,0,2,0,0
13278,2,1,0,2,0,0
13279,2,1,0,2,0,0
13280,2,1,0,2,0,0
13281,2,1,0,2,0,0
13282,2,1,0,2,0,0
13283,2,1,0,2,0,0
13284,2,1,0,2,0,0
13285,2,1,0,2,0,0
13286,2,1,0,2,0,0
13287,2,1,0,2,0,0
13288,2,1,0,2,0,0
13289,2,1,0,2,0,0
13290,2,1,0,2,0,0
13291,2,1,0,2,0,0
13292,2,1,0,2,0,0
13293,2,1,0,2,0,0
13294,2,1,0,2,0,0
13295,2,1,0,2,0,0
13296,2,1,0,2,0,0
13297,2,1,0,2,0,0
13298,2,1,0,2,0,0
13299,2,1,0,2,0,0
13300,2,1,0,2,0,0
13301,2,1,0,2,0,0
13302,2,1,0,2,0,0
13303,2,1,0,2,0,0
13304,2,1,0,2,0,0
13305,2,1,0,2,0,0
13306,2,1,0,2,0,0
13307,2,1,0,2,0,0
13308,2,1,0,2,0,0
13309,2,1,0,2,0,0
13310,2,1,0,2,0,0
13311,2,1,0,2,0,0
13312,2,1,0,2,0,0
13313,2,1,0,2,0,0
13314,2,1,0,2,0,0
13315,2,1,0,2,0,0
13316,2,1,0,2,0,0
13317,2,1,0,2,0,0
13318,2,1,0,2,0,0
13319,2,1,0,2,0,0
13320,2,1,0,2,0,0
13321,2,1,0,2,0,0
13322,2,1,0,2,0,0
13323,2,1,0,2,0,0
13324,2,1,0,2,0,0
13325,2,1,0,2,0,0
13326,2,1,0,2,0,0
13327,2,1,0,2,0,0
13328,2,1,0,2,0,0
13329,2,1,0,2,0,0
13330,2,1,0,2,0,0
13331,2,1,0,2,0,0
13332,2,1,0,2,0,0
13333,2,1,0,2,0,0
13334,2,1,0,2,0,0
13335,2,1,0,2,0,0
13336,2,1,0,2,0,0
13337,2,1,0,2,0,0
13338,2,1,0,2,0,0
13339,2,1,0,2,0,0
13340,2,1,0,2,0,0
13341,2,1,0,2,0,0
13342,2,1,0,2,0,0
13343,2,1,0,2,0,0
13344,2,1,0,2,0,0
13345,2,1,0,2,0,0
13346,2,1,0,2,0,0
13347,2,1,0,2,0,0
13348,2,1,0,2,0,0
13349,2,1,0,2,0,0
13350,2,1,0,2,0,0
13351,2,1,0,2,0,0
13352,2,1,0,2,0,0
13353,2,1,0,2,0,0
13354,2,1,0,2,0,0
13355,2,1,0,2,0,0
13356,2,1,0,2,0,0
13357,2,1,0,2,0,0
13358,2,1,0,2,0,0
13359,2,1,0,2,0,0
13360,2,1,0,2,0,0
13361,2,1,0,2,0,0
13362,2,1,0,2,0,0
13363,2,1,0,2,0,0
13364,2,1,0,2,0,0
13365,2,1,0,2,0,0
13366,2,1,0,2,0,0
13367,2,1,0,2,0,0
13368,2,1,0,2,0,0
13369,2,1,0,2,0,0
13370,2,1,0,2,0,0
13371,2,1,0,2,0,0
13372,2,1,0,2,0,0
13373,2,1,0,2,0,0
13374,2,1,0,2,0,0
13375,2,1,0,2,0,0
13376,2,1,0,2,0,0
13377,2,1,0,2,0,0
13378,2,1,0,2,0,0
13379,2,1,0,2,0,0
13380,2,1,0,2,0,0
13381,2,1,0,2,0,0
13382,2,1,0,2,0,0
13383,2,1,0,2,0,0
13384,2,1,0,2,0,0
13385,2,1,0,2,0,0
13386,2,1,0,2,0,0
13387,2,1,0,2,0,0
13388,2,1,0,2,0,0
13389,2,1,0,2,0,0
13390,2,1,0,2,0,0
13391,2,1,0,2,0,0
13392,2,1,0,2,0,0
13393,2,1,0,2,0,0
13394,2,1,0,2,0,0
13395,2,1,0,2,0,0
13396,2,1,0,2,0,0
13397,2,1,0,2,0,0
13398,2,1,0,2,0,0
13399,2,1,0,2,0,0
13400,2,1,0,2,0,0
13401,2,1,0,2,0,0
13402,2,1,0,2,0,0
13403,2,1,0,2,0,0
13404,2,1,0,2,0,0
13405,2,1,0,2,0,0
13406,2,1,0,2,0,0
13407,2,1,0,2,0,0
13408,2,1,0,2,0,0
13409,2,1,0,2,0,0
13410,2,1,0,2,0,0
13411,2,1,0,2,0,0
13412,2,1,0,2,0,0
13413,2,1,0,2,0,0
13414,2,1,0,2,0,0
13415,2,1,0,2,0,0
13416,2,1,0,2,0,0
13417,2,1,0,2,0,0
13418,2,1,0,2,0,0
13419,2,1,0,2,0,0
13420,2,1,0,2,0,0
13421,2,1,0,2,0,0
13422,2,1,0,2,0,0
13423,2,1,0,2,0,0
13424,2,1,0,2,0,0
13425,2,1,0,2,0,0
13426,2,1,0,2,0,0
13427,2,1,0,2,0,0
13428,2,1,0,2,0,0
13429,2,1,0,2,0,0
13430,2,1,0,2,0,0
13431,2,1,0,2,0,0
13432,2,1,0,2,0,0
13433,2,1,0,2,0,0
13434,2,1,0,2,0,0
13435,2,1,0,2,0,0
13436,2,1,0,2,0,0
13437,2,1,0,2,0,0
13438,2,1,0,2,0,0
13439,2,1,0,2,0,0
13440,2,1,0,2,0,0
13441,2,1,0,2,0,0
13442,2,1,0,2,0,0
13443,2,1,0,2,0,0
13444,2,1,0,2,0,0
13445,2,1,0,2,0,0
13446,2,1,0,2,0,0
13447,2,1,0,2,0,0
13448,2,1,0,2,0,0
13449,2,1,0,2,0,0
13450,2,1,0,2,0,0
13451,2,1,0,2,0,0
13452,2,1,0,2,0,0
13453,2,1,0,2,0,0
13454,2,1,0,2,0,0
13455,2,1,0,2,0,0
13456,2,1,0,2,0,0
13457,2,1,0,2,0,0
13458,2,1,0,2,0,0
13459,2,1,0,2,0,0
13460,2,1,0,2,0,0
13461,2,1,0,2,0,0
13462,2,1,0,2,0,0
13463,2,1,0,2,0,0
13464,2,1,0,2,0,0
13465,2,1,0,2,0,0
13466,2,1,0,2,0,0
13467,2,1,0,2,0,0
13468,2,1,0,2,0,0
13469,2,1,0,2,0,0
13470,2,1,0,2,0,0
13471,2,1,0,2,0,0
13472,2,1,0,2,0,0
13473,2,1,0,2,0,0
13474,2,1,0,2,0,0
13475,2,1,0,2,0,0
13476,2,1,0,2,0,0
13477,2,1,0,2,0,0
13478,2,1,0,2,0,0
13479,2,1,0,2,0,0
13480,2,1,0,2,0,0
13481,2,1,0,2,0,0
13482,2,1,0,2,0,0
13483,2,1,0,2,0,0
13484,2,1,0,2,0,0
13485,2,1,0,2,0,0
13486,2,1,0,2,0,0
13487,2,1,0,2,0,0
13488,2,1,0,2,0,0
13489,2,1,0,2,0,0
13490,2,1,0,2,0,0
13491,2,1,0,2,0,0
13492,2,1,0,2,0,0
13493,2,1,0,2,0,0
13494,2,1,0,2,0,0
13495,2,1,0,2,0,0
13496,2,1,0,2,0,0
13497,2,1,0,2,0,0
13498,2,1,0,2,0,0
13499,2,1,0,2,0,0
13500,2,1,0,2,0,0
13501,2,1,0,2,0,0
13502,2,1,0,2,0,0
13503,2,1,0,2,0,0
13504,2,1,0,2,0,0
13505,2,1,0,2,0,0
13506,2,1,0,2,0,0
13507,2,1,0,2,0,0
13508,2,1,0,2,0,0
13509,2,1,0,2,0,0
13510,2,1,0,2,0,0
13511,2,1,0,2,0,0
13512,2,1,0,2,0,0
13513,2,1,0,2,0,0
13514,2,1,0,2,0,0
13515,2,1,0,2,0,0
13516,2,1,0,2,0,0
13517,2,1,0,2,0,0
13518,2,1,0,2,0,0
13519,2,1,0,2,0,0
13520,2,1,0,2,0,0
13521,2,1,0,2,0,0
13522,2,1,0,2,0,0
13523,2,1,0,2,0,0
13524,2,1,0,2,0,0
13525,2,1,0,2,0,0
13526,2,1,0,2,0,0
13527,2,1,0,2,0,0
13528,2,1,0,2,0,0
13529,2,1,0,2,0,0
13530,2,1,0,2,0,0
13531,2,1,0,2,0,0
13532,2,1,0,2,0,0
13533,2,1,0,2,0,0
13534,2,1,0,2,0,0
13535,2,1,0,2,0,0
13536,2,1,0,2,0,0
13537,2,1,0,2,0,0
13538,2,1,0,2,0,0
13539,2,1,0,2,0,0
13540,2,1,0,2,0,0
13541,2,1,0,2,0,0
13542,2,1,0,2,0,0
13543,2,1,0,2,0,0
13544,2,1,0,2,0,0
13545,2,1,0,2,0,0
13546,2,1,0,2,0,0
13547,2,1,0,2,0,0
13548,2,1,0,2,0,0
13549,2,1,0,2,0,0
13550,2,1,0,2,0,0
13551,2,1,0,2,0,0
13552,2,1,0,2,0,0
13553,2,1,0,2,0,0
13554,2,1,0,2,0,0
13555,2,1,0,2,0,0
13556,2,1,0,2,0,0
13557,2,1,0,2,0,0
13558,2,1,0,2,0,0
13559,2,1,0,2,0,0
13560,2,1,0,2,0,0
13561,2,1,0,2,0,0
13562,2,1,0,2,0,0
13563,2,1,0,2,0,0
13564,2,1,0,2,0,0
13565,2,1,0,2,0,0
13566,2,1,0,2,0,0
13567,2,1,0,2,0,0
13568,2,1,0,2,0,0
13569,2,1,0,2,0,0
13570,2,1,0,2,0,0
13571,2,1,0,2,0,0
13572,2,1,0,2,0,0
13573,2,1,0,2,0,0
13574,2,1,0,2,0,0
13575,2,1,0,2,0,0
13576,2,1,0,2,0,0
13577,2,1,0,2,0,0
13578,2,1,0,2,0,0
13579,2,1,0,2,0,0
13580,2,1,0,2,0,0
13581,2,1,0,2,0,0
13582,2,1,0,2,0,0
13583,2,1,0,2,0,0
13584,2,1,0,2,0,0
13585,2,1,0,2,0,0
13586,2,1,0,2,0,0
13587,2,1,0,2,0,0
13588,2,1,0,2,0,0
13589,2,1,0,2,0,0
13590,2,1,0,2,0,0
13591,2,1,0,2,0,0
13592,2,1,0,2,0,0
13593,2,1,0,2,0,0
13594,2,1,0,2,0,0
13595,2,1,0,2,0,0
13596,2,1,0,2,0,0
13597,2,1,0,2,0,0
13598,2,1,0,2,0,0
13599,2,1,0,2,0,0
13600,2,1,0,2,0,0
13601,2,1,0,2,0,0
13602,2,1,0,2,0,0
13603,2,1,0,2,0,0
13604,2,1,0,2,0,0
13605,2,1,0,2,0,0
13606,2,1,0,2,0,0
13607,2,1,0,2,0,0
13608,2,1,0,2,0,0
13609,2,1,0,2,0,0
13610,2,1,0,2,0,0
13611,2,1,0,2,0,0
13612,2,1,0,2,0,0
13613,2,1,0,2,0,0
13614,2,1,0,2,0,0
13615,2,1,0,2,0,0
13616,2,1,0,2,0,0
13617,2,1,0,2,0,0
13618,2,1,0,2,0,0
13619,2,1,0,2,0,0
13620,2,1,0,2,0,0
13621,2,1,0,2,0,0
13622,2,1,0,2,0,0
13623,2,1,0,2,0,0
13624,2,1,0,2,0,0
13625,2,1,0,2,0,0
13626,2,1,0,2,0,0
13627,2,1,0,2,0,0
13628,2,1,0,2,0,0
13629,2,1,0,2,0,0
13630,2,1,0,2,0,0
13631,2,1,0,2,0,0
13632,2,1,0,2,0,0
13633,2,1,0,2,0,0
13634,2,1,0,2,0,0
13635,2,1,0,2,0,0
13636,2,1,0,2,0,0
13637,2,1,0,2,0,0
13638,2,1,0,2,0,0
13639,2,1,0,2,0,0
13640,2,1,0,2,0,0
13641,2,1,0,2,0,0
13642,2,1,0,2,0,0
13643,2,1,0,2,0,0
13644,2,1,0,2,0,0
13645,2,1,0,2,0,0
13646,2,1,0,2,0,0
13647,2,1,0,2,0,0
13648,2,1,0,2,0,0
13649,2,1,0,2,0,0
13650,2,1,0,2,0,0
13651,2,1,0,2,0,0
13652,2,1,0,2,0,0
13653,2,1,0,2,0,0
13654,2,1,0,2,0,0
13655,2,1,0,2,0,0
13656,2,1,0,2,0,0
13657,2,1,0,2,0,0
13658,2,1,0,2,0,0
13659,2,1,0,2,0,0
13660,2,1,0,2,0,0
13661,2,1,0,2,0,0
13662,2,1,0,2,0,0
13663,2,1,0,2,0,0
13664,2,1,0,2,0,0
13665,2,1,0,2,0,0
13666,2,1,0,2,0,0
13667,2,1,0,2,0,0
13668,2,1,0,2,0,0
13669,2,1,0,2,0,0
13670,2,1,0,2,0,0
13671,2,1,0,2,0,0
13672,2,1,0,2,0,0
13673,2,1,0,2,0,0
13674,2,1,0,2,0,0
13675,2,1,0,2,0,0
13676,2,1,0,2,0,0
13677,2,1,0,2,0,0
13678,2,1,0,2,0,0
13679,2,1,0,2,0,0
13680,2,1,0,2,0,0
13681,2,1,0,2,0,0
13682,2,1,0,2,0,0
13683,2,1,0,2,0,0
13684,2,1,0,2,0,0
13685,2,1,0,2,0,0
13686,2,1,0,2,0,0
13687,2,1,0,2,0,0
13688,2,1,0,2,0,0
13689,2,1,0,2,0,0
13690,2,1,0,2,0,0
13691,2,1,0,2,0,0
13692,2,1,0,2,0,0
13693,2,1,0,2,0,0
13694,2,1,0,2,0,0
13695,2,1,0,2,0,0
13696,2,1,0,2,0,0
13697,2,1,0,2,0,0
13698,2,1,0,2,0,0
13699,2,1,0,2,0,0
13700,2,1,0,2,0,0
13701,2,1,0,2,0,0
13702,2,1,0,2,0,0
13703,2,1,0,2,0,0
13704,2,1,0,2,0,0
13705,2,1,0,2,0,0
13706,2,1,0,2,0,0
13707,2,1,0,2,0,0
13708,2,1,0,2,0,0
13709,2,1,0,2,0,0
13710,2,1,0,2,0,0
13711,2,1,0,2,0,0
13712,2,1,0,2,0,0
13713,2,1,0,2,0,0
13714,2,1,0,2,0,0
13715,2,1,0,2,0,0
13716,2,1,0,2,0,0
13717,2,1,0,2,0,0
13718,2,1,0,2,0,0
13719,2,1,0,2,0,0
13720,2,1,0,2,0,0
13721,2,1,0,2,0,0
13722,2,1,0,2,0,0
13723,2,1,0,2,0,0
13724,2,1,0,2,0,0
13725,2,1,0,2,0,0
13726,2,1,0,2,0,0
13727,2,1,0,2,0,0
13728,2,1,0,2,0,0
13729,2,1,0,2,0,0
13730,2,1,0,2,0,0
13731,2,1,0,2,0,0
13732,2,1,0,2,0,0
13733,2,1,0,2,0,0
13734,2,1,0,2,0,0
13735,2,1,0,2,0,0
13736,2,1,0,2,0,0
13737,2,1,0,2,0,0
13738,2,1,0,2,0,0
13739,2,1,0,2,0,0
13740,2,1,0,2,0,0
13741,2,1,0,2,0,0
13742,2,1,0,2,0,0
13743,2,1,0,2,0,0
13744,2,1,0,2,0,0
13745,2,1,0,2,0,0
13746,2,1,0,2,0,0
13747,2,1,0,2,0,0
13748,2,1,0,2,0,0
13749,2,1,0,2,0,0
13750,2,1,0,2,0,0
13751,2,1,0,2,0,0
13752,2,1,0,2,0,0
13753,2,1,0,2,0,0
13754,2,1,0,2,0,0
13755,2,1,0,2,0,0
13756,2,1,0,2,0,0
13757,2,1,0,2,0,0
13758,2,1,0,2,0,0
13759,2,1,0,2,0,0
13760,2,1,0,2,0,0
13761,2,1,0,2,0,0
13762,2,1,0,2,0,0
13763,2,1,0,2,0,0
13764,2,1,0,2,0,0
13765,2,1,0,2,0,0
13766,2,1,0,2,0,0
13767,2,1,0,2,0,0
13768,2,1,0,2,0,0
13769,2,1,0,2,0,0
13770,2,1,0,2,0,0
13771,2,1,0,2,0,0
13772,2,1,0,2,0,0
13773,2,1,0,2,0,0
13774,2,1,0,2,0,0
13775,2,1,0,2,0,0
13776,2,1,0,2,0,0
13777,2,1,0,2,0,0
13778,2,1,0,2,0,0
13779,2,1,0,2,0,0
13780,2,1,0,2,0,0
13781,2,1,0,2,0,0
13782,2,1,0,2,0,0
13783,2,1,0,2,0,0
13784,2,1,0,2,0,0
13785,2,1,0,2,0,0
13786,2,1,0,2,0,0
13787,2,1,0,2,0,0
13788,2,1,0,2,0,0
13789,2,1,0,2,0,0
13790,2,1,0,2,0,0
13791,2,1,0,2,0,0
13792,2,1,0,2,0,0
13793,2,1,0,2,0,0
13794,2,1,0,2,0,0
13795,2,1,0,2,0,0
13796,2,1,0,2,0,0
13797,2,1,0,2,0,0
13798,2,1,0,2,0,0
13799,2,1,0,2,0,0
13800,2,1,0,2,0,0
13801,2,1,0,2,0,0
13802,2,1,0,2,0,0
13803,2,1,0,2,0,0
13804,2,1,0,2,0,0
13805,2,1,0,2,0,0
13806,2,1,0,2,0,0
13807,2,1,0,2,0,0
13808,2,1,0,2,0,0
13809,2,1,0,2,0,0
13810,2,1,0,2,0,0
13811,2,1,0,2,0,0
13812,2,1,0,2,0,0
13813,2,1,0,2,0,0
13814,2,1,0,2,0,0
13815,2,1,0,2,0,0
13816,2,1,0,2,0,0
13817,2,1,0,2,0,0
13818,2,1,0,2,0,0
13819,2,1,0,2,0,0
13820,2,1,0,2,0,0
13821,2,1,0,2,0,0
13822,2,1,0,2,0,0
13823,2,1,0,2,0,0
13824,2,1,0,2,0,0
13825,2,1,0,2,0,0
13826,2,1,0,2,0,0
13827,2,1,0,2,0,0
13828,2,1,0,2,0,0
13829,2,1,0,2,0,0
13830,2,1,0,2,0,0
13831,2,1,0,2,0,0
13832,2,1,0,2,0,0
13833,2,1,0,2,0,0
13834,2,1,0,2,0,0
13835,2,1,0,2,0,0
13836,2,1,0,2,0,0
13837,2,1,0,2,0,0
13838,2,1,0,2,0,0
13839,2,1,0,2,0,0
13840,2,1,0,2,0,0
13841,2,1,0,2,0,0
13842,2,1,0,2,0,0
13843,2,1,0,2,0,0
13844,2,1,0,2,0,0
13845,2,1,0,2,0,0
13846,2,1,0,2,0,0
13847,2,1,0,2,0,0
13848,2,1,0,2,0,0
13849,2,1,0,2,0,0
13850,2,1,0,2,0,0
13851,2,1,0,2,0,0
13852,2,1,0,2,0,0
13853,2,1,0,2,0,0
13854,2,1,0,2,0,0
13855,2,1,0,2,0,0
13856,2,1,0,2,0,0
13857,2,1,0,2,0,0
13858,2,1,0,2,0,0
13859,2,1,0,2,0,0
13860,2,1,0,2,0,0
13861,2,1,0,2,0,0
13862,2,1,0,2,0,0
13863,2,1,0,2,0,0
13864,2,1,0,2,0,0
13865,2,1,0,2,0,0
13866,2,1,0,2,0,0
13867,2,1,0,2,0,0
13868,2,1,0,2,0,0
13869,2,1,0,2,0,0
13870,2,1,0,2,0,0
13871,2,1,0,2,0,0
13872,2,1,0,2,0,0
13873,2,1,0,2,0,0
13874,2,1,0,2,0,0
13875,2,1,0,2,0,0
13876,2,1,0,2,0,0
13877,2,1,0,2,0,0
13878,2,1,0,2,0,0
13879,2,1,0,2,0,0
13880,2,1,0,2,0,0
13881,2,1,0,2,0,0
13882,2,1,0,2,0,0
13883,2,1,0,2,0,0
13884,2,1,0,2,0,0
13885,2,1,0,2,0,0
13886,2,1,0,2,0,0
13887,2,1,0,2,0,0
13888,2,1,0,2,0,0
13889,2,1,0,2,0,0
13890,2,1,0,2,0,0
13891,2,1,0,2,0,0
13892,2,1,0,2,0,0
13893,2,1,0,2,0,0
13894,2,1,0,2,0,0
13895,2,1,0,2,0,0
13896,2,1,0,2,0,0
13897,2,1,0,2,0,0
13898,2,1,0,2,0,0
13899,2,1,0,2,0,0
13900,2,1,0,2,0,0
13901,2,1,0,2,0,0
13902,2,1,0,2,0,0
13903,2,1,0,2,0,0
13904,2,1,0,2,0,0
13905,2,1,0,2,0,0
13906,2,1,0,2,0,0
13907,2,1,0,2,0,0
13908,2,1,0,2,0,0
13909,2,1,0,2,0,0
13910,2,1,0,2,0,0
13911,2,1,0,2,0,0
13912,2,1,0,2,0,0
13913,2,1,0,2,0,0
13914,2,1,0,2,0,0
13915,2,1,0,2,0,0
13916,2,1,0,2,0,0
13917,2,1,0,2,0,0
13918,2,1,0,2,0,0
13919,2,1,0,2,0,0
13920,2,1,0,2,0,0
13921,2,1,0,2,0,0
13922,2,1,0,2,0,0
13923,2,1,0,2,0,0
13924,2,1,0,2,0,0
13925,2,1,0,2,0,0
13926,2,1,0,2,0,0
13927,2,1,0,2,0,0
13928,2,1,0,2,0,0
13929,2,1,0,2,0,0
13930,2,1,0,2,0,0
13931,2,1,0,2,0,0
13932,2,1,0,2,0,0
13933,2,1,0,2,0,0
13934,2,1,0,2,0,0
13935,2,1,0,2,0,0
13936,2,1,0,2,0,0
13937,2,1,0,2,0,0
13938,2,1,0,2,0,0
13939,2,1,0,2,0,0
13940,2,1,0,2,0,0
13941,2,1,0,2,0,0
13942,2,1,0,2,0,0
13943,2,1,0,2,0,0
13944,2,1,0,2,0,0
13945,2,1,0,2,0,0
13946,2,1,0,2,0,0
13947,2,1,0,2,0,0
13948,2,1,0,2,0,0
13949,2,1,0,2,0,0
13950,2,1,0,2,0,0
13951,2,1,0,2,0,0
13952,2,1,0,2,0,0
13953,2,1,0,2,0,0
13954,2,1,0,2,0,0
13955,2,1,0,2,0,0
13956,2,1,0,2,0,0
13957,2,1,0,2,0,0
13958,2,1,0,2,0,0
13959,2,1,0,2,0,0
13960,2,1,0,2,0,0
13961,2,1,0,2,0,0
13962,2,1,0,2,0,0
13963,2,1,0,2,0,0
13964,2,1,0,2,0,0
13965,2,1,0,2,0,0
13966,2,1,0,2,0,0
13967,2,1,0,2,0,0
13968,2,1,0,2,0,0
13969,2,1,0,2,0,0
13970,2,1,0,2,0,0
13971,2,1,0,2,0,0
13972,2,1,0,2,0,0
13973,2,1,0,2,0,0
13974,2,1,0,2,0,0
13975,2,1,0,2,0,0
13976,2,1,0,2,0,0
13977,2,1,0,2,0,0
13978,2,1,0,2,0,0
13979,2,1,0,2,0,0
13980,2,1,0,2,0,0
13981,2,1,0,2,0,0
13982,2,1,0,2,0,0
13983,2,1,0,2,0,0
13984,2,1,0,2,0,0
13985,2,1,0,2,0,0
13986,2,1,0,2,0,0
13987,2,1,0,2,0,0
13988,2,1,0,2,0,0
13989,2,1,0,2,0,0
13990,2,1,0,2,0,0
13991,2,1,0,2,0,0
13992,2,1,0,2,0,0
13993,2,1,0,2,0,0
13994,2,1,0,2,0,0
13995,2,1,0,2,0,0
13996,2,1,0,2,0,0
13997,2,1,0,2,0,0
13998,2,1,0,2,0,0
13999,2,1,0,2,0,0
14000,2,1,0,2,0,0
14001,2,1,0,2,0,0
14002,2,1,0,2,0,0
14003,2,1,0,2,0,0
14004,2,1,0,2,0,0
14005,2,1,0,2,0,0
14006,2,1,0,2,0,0
14007,2,1,0,2,0,0
14008,2,1,0,2,0,0
14009,2,1,0,2,0,0
14010,2,1,0,2,0,0
14011,2,1,0,2,0,0
14012,2,1,0,2,0,0
14013,2,1,0,2,0,0
14014,2,1,0,2,0,0
14015,2,1,0,2,0,0
14016,2,1,0,2,0,0
14017,2,1,0,2,0,0
14018,2,1,0,2,0,0
14019,2,1,0,2,0,0
14020,2,1,0,2,0,0
14021,2,1,0,2,0,0
14022,2,1,0,2,0,0
14023,2,1,0,2,0,0
14024,2,1,0,2,0,0
14025,2,1,0,2,0,0
14026,2,1,0,2,0,0
14027,2,1,0,2,0,0
14028,2,1,0,2,0,0
14029,2,1,0,2,0,0
14030,2,1,0,2,0,0
14031,2,1,0,2,0,0
14032,2,1,0,2,0,0
14033,2,1,0,2,0,0
14034,2,1,0,2,0,0
14035,2,1,0,2,0,0
14036,2,1,0,2,0,0
14037,2,1,0,2,0,0
14038,2,1,0,2,0,0
14039,2,1,0,2,0,0
14040,2,1,0,2,0,0
14041,2,1,0,2,0,0
14042,2,1,0,2,0,0
14043,2,1,0,2,0,0
14044,2,1,0,2,0,0
14045,2,1,0,2,0,0
14046,2,1,0,2,0,0
14047,2,1,0,2,0,0
14048,2,1,0,2,0,0
14049,2,1,0,2,0,0
14050,2,1,0,2,0,0
14051,2,1,0,2,0,0
14052,2,1,0,2,0,0
14053,2,1,0,2,0,0
14054,2,1,0,2,0,0
14055,2,1,0,2,0,0
14056,2,1,0,2,0,0
14057,2,1,0,2,0,0
14058,2,1,0,2,0,0
14059,2,1,0,2,0,0
14060,2,1,0,2,0,0
14061,2,1,0,2,0,0
14062,2,1,0,2,0,0
14063,2,1,0,2,0,0
14064,2,1,0,2,0,0
14065,2,1,0,2,0,0
14066,2,1,0,2,0,0
14067,2,1,0,2,0,0
14068,2,1,0,2,0,0
14069,2,1,0,2,0,0
14070,2,1,0,2,0,0
14071,2,1,0,2,0,0
14072,2,1,0,2,0,0
14073,2,1,0,2,0,0
14074,2,1,0,2,0,0
14075,2,1,0,2,0,0
14076,2,1,0,2,0,0
14077,2,1,0,2,0,0
14078,2,1,0,2,0,0
14079,2,1,0,2,0,0
14080,2,1,0,2,0,0
14081,2,1,0,2,0,0
14082,2,1,0,2,0,0
14083,2,1,0,2,0,0
14084,2,1,0,2,0,0
14085,2,1,0,2,0,0
14086,2,1,0,2,0,0
14087,2,1,0,2,0,0
14088,2,1,0,2,0,0
14089,2,1,0,2,0,0
14090,2,1,0,2,0,0
14091,2,1,0,2,0,0
14092,2,1,0,2,0,0
14093,2,1,0,2,0,0
14094,2,1,0,2,0,0
14095,2,1,0,2,0,0
14096,2,1,0,2,0,0
14097,2,1,0,2,0,0
14098,2,1,0,2,0,0
14099,2,1,0,2,0,0
14100,2,1,0,2,0,0
14101,2,1,0,2,0,0
14102,2,1,0,2,0,0
14103,2,1,0,2,0,0
14104,2,1,0,2,0,0
14105,2,1,0,2,0,0
14106,2,1,0,2,0,0
14107,2,1,0,2,0,0
14108,2,1,0,2,0,0
14109,2,1,0,2,0,0
14110,2,1,0,2,0,0
14111,2,1,0,2,0,0
14112,2,1,0,2,0,0
14113,2,1,0,2,0,0
14114,2,1,0,2,0,0
14115,2,1,0,2,0,0
14116,2,1,0,2,0,0
14117,2,1,0,2,0,0
14118,2,1,0,2,0,0
14119,2,1,0,2,0,0
14120,2,1,0,2,0,0
14121,2,1,0,2,0,0
14122,2,1,0,2,0,0
14123,2,1,0,2,0,0
14124,2,1,0,2,0,0
14125,2,1,0,2,0,0
14126,2,1,0,2,0,0
14127,2,1,0,2,0,0
14128,2,1,0,2,0,0
14129,2,1,0,2,0,0
14130,2,1,0,2,0,0
14131,2,1,0,2,0,0
14132,2,1,0,2,0,0
14133,2,1,0,2,0,0
14134,2,1,0,2,0,0
14135,2,1,0,2,0,0
14136,2,1,0,2,0,0
14137,2,1,0,2,0,0
14138,2,1,0,2,0,0
14139,2,1,0,2,0,0
14140,2,1,0,2,0,0
14141,2,1,0,2,0,0
14142,2,1,0,2,0,0
14143,2,1,0,2,0,0
14144,2,1,0,2,0,0
14145,2,1,0,2,0,0
14146,2,1,0,2,0,0
14147,2,1,0,2,0,0
14148,2,1,0,2,0,0
14149,2,1,0,2,0,0
14150,2,1,0,2,0,0
14151,2,1,0,2,0,0
14152,2,1,0,2,0,0
14153,2,1,0,2,0,0
14154,2,1,0,2,0,0
14155,2,1,0,2,0,0
14156,2,1,0,2,0,0
14157,2,1,0,2,0,0
14158,2,1,0,2,0,0
14159,2,1,0,2,0,0
14160,2,1,0,2,0,0
14161,2,1,0,2,0,0
14162,2,1,0,2,0,0
14163,2,1,0,2,0,0
14164,2,1,0,2,0,0
14165,2,1,0,2,0,0
14166,2,1,0,2,0,0
14167,2,1,0,2,0,0
14168,2,1,0,2,0,0
14169,2,1,0,2,0,0
14170,2,1,0,2,0,0
14171,2,1,0,2,0,0
14172,2,1,0,2,0,0
14173,2,1,0,2,0,0
14174,2,1,0,2,0,0
14175,2,1,0,2,0,0
14176,2,1,0,2,0,0
14177,2,1,0,2,0,0
14178,2,1,0,2,0,0
14179,2,1,0,2,0,0
14180,2,1,0,2,0,0
14181,2,1,0,2,0,0
14182,2,1,0,2,0,0
14183,2,1,0,2,0,0
14184,2,1,0,2,0,0
14185,2,1,0,2,0,0
14186,2,1,0,2,0,0
14187,2,1,0,2,0,0
14188,2,1,0,2,0,0
14189,2,1,0,2,0,0
14190,2,1,0,2,0,0
14191,2,1,0,2,0,0
14192,2,1,0,2,0,0
14193,2,1,0,2,0,0
14194,2,1,0,2,0,0
14195,2,1,0,2,0,0
14196,2,1,0,2,0,0
14197,2,1,0,2,0,0
14198,2,1,0,2,0,0
14199,2,1,0,2,0,0
14200,2,1,0,2,0,0
14201,2,1,0,2,0,0
14202,2,1,0,2,0,0
14203,2,1,0,2,0,0
14204,2,1,0,2,0,0
14205,2,1,0,2,0,0
14206,2,1,0,2,0,0
14207,2,1,0,2,0,0
14208,2,1,0,2,0,0
14209,2,1,0,2,0,0
14210,2,1,0,2,0,0
14211,2,1,0,2,0,0
14212,2,1,0,2,0,0
14213,2,1,0,2,0,0
14214,2,1,0,2,0,0
14215,2,1,0,2,0,0
14216,2,1,0,2,0,0
14217,2,1,0,2,0,0
14218,2,1,0,2,0,0
14219,2,1,0,2,0,0
14220,2,1,0,2,0,0
14221,2,1,0,2,0,0
14222,2,1,0,2,0,0
14223,2,1,0,2,0,0
14224,2,1,0,2,0,0
14225,2,1,0,2,0,0
14226,2,1,0,2,0,0
14227,2,1,0,2,0,0
14228,2,1,0,2,0,0
14229,2,1,0,2,0,0
14230,2,1,0,2,0,0
14231,2,1,0,2,0,0
14232,2,1,0,2,0,0
14233,2,1,0,2,0,0
14234,2,1,0,2,0,0
14235,2,1,0,2,0,0
14236,2,1,0,2,0,0
14237,2,1,0,2,0,0
14238,2,1,0,2,0,0
14239,2,1,0,2,0,0
14240,2,1,0,2,0,0
14241,2,1,0,2,0,0
14242,2,1,0,2,0,0
14243,2,1,0,2,0,0
14244,2,1,0,2,0,0
14245,2,1,0,2,0,0
14246,2,1,0,2,0,0
14247,2,1,0,2,0,0
14248,2,1,0,2,0,0
14249,2,1,0,2,0,0
14250,2,1,0,2,0,0
14251,2,1,0,2,0,0
14252,2,1,0,2,0,0
14253,2,1,0,2,0,0
14254,2,1,0,2,0,0
14255,2,1,0,2,0,0
14256,2,1,0,2,0,0
14257,2,1,0,2,0,0
14258,2,1,0,2,0,0
14259,2,1,0,2,0,0
14260,2,1,0,2,0,0
14261,2,1,0,2,0,0
14262,2,1,0,2,0,0
14263,2,1,0,2,0,0
14264,2,1,0,2,0,0
14265,2,1,0,2,0,0
14266,2,1,0,2,0,0
14267,2,1,0,2,0,0
14268,2,1,0,2,0,0
14269,2,1,0,2,0,0
14270,2,1,0,2,0,0
14271,2,1,0,2,0,0
14272,2,1,0,2,0,0
14273,2,1,0,2,0,0
14274,2,1,0,2,0,0
14275,2,1,0,2,0,0
14276,2,1,0,2,0,0
14277,2,1,0,2,0,0
14278,2,1,0,2,0,0
14279,2,1,0,2,0,0
14280,2,1,0,2,0,0
14281,2,1,0,2,0,0
14282,2,1,0,2,0,0
14283,2,1,0,2,0,0
14284,2,1,0,2,0,0
14285,2,1,0,2,0,0
14286,2,1,0,2,0,0
14287,2,1,0,2,0,0
14288,2,1,0,2,0,0
14289,2,1,0,2,0,0
14290,2,1,0,2,0,0
14291,2,1,0,2,0,0
14292,2,1,0,2,0,0
14293,2,1,0,2,0,0
14294,2,1,0,2,0,0
14295,2,1,0,2,0,0
14296,2,1,0,2,0,0
14297,2,1,0,2,0,0
14298,2,1,0,2,0,0
14299,2,1,0,2,0,0
14300,2,1,0,2,0,0
14301,2,1,0,2,0,0
14302,2,1,0,2,0,0
14303,2,1,0,2,0,0
14304,2,1,0,2,0,0
14305,2,1,0,2,0,0
14306,2,1,0,2,0,0
14307,2,1,0,2,0,0
14308,2,1,0,2,0,0
14309,2,1,0,2,0,0
14310,2,1,0,2,0,0
14311,2,1,0,2,0,0
14312,2,1,0,2,0,0
14313,2,1,0,2,0,0
14314,2,1,0,2,0,0
14315,2,1,0,2,0,0
14316,2,1,0,2,0,0
14317,2,1,0,2,0,0
14318,2,1,0,2,0,0
14319,2,1,0,2,0,0
14320,2,1,0,2,0,0
14321,2,1,0,2,0,0
14322,2,1,0,2,0,0
14323,2,1,0,2,0,0
14324,2,1,0,2,0,0
14325,2,1,0,2,0,0
14326,2,1,0,2,0,0
14327,2,1,0,2,0,0
14328,2,1,0,2,0,0
14329,2,1,0,2,0,0
14330,2,1,0,2,0,0
14331,2,1,0,2,0,0
14332,2,1,0,2,0,0
14333,2,1,0,2,0,0
14334,2,1,0,2,0,0
14335,2,1,0,2,0,0
14336,2,1,0,2,0,0
14337,2,1,0,2,0,0
14338,2,1,0,2,0,0
14339,2,1,0,2,0,0
14340,2,1,0,2,0,0
14341,2,1,0,2,0,0
14342,2,1,0,2,0,0
14343,2,1,0,2,0,0
14344,2,1,0,2,0,0
14345,2,1,0,2,0,0
14346,2,1,0,2,0,0
14347,2,1,0,2,0,0
14348,2,1,0,2,0,0
14349,2,1,0,2,0,0
14350,2,1,0,2,0,0
14351,2,1,0,2,0,0
14352,2,1,0,2,0,0
14353,2,1,0,2,0,0
14354,2,1,0,2,0,0
14355,2,1,0,2,0,0
14356,2,1,0,2,0,0
14357,2,1,0,2,0,0
14358,2,1,0,2,0,0
14359,2,1,0,2,0,0
14360,2,1,0,2,0,0
14361,2,1,0,2,0,0
14362,2,1,0,2,0,0
14363,2,1,0,2,0,0
14364,2,1,0,2,0,0
14365,2,1,0,2,0,0
14366,2,1,0,2,0,0
14367,2,1,0,2,0,0
14368,2,1,0,2,0,0
14369,2,1,0,2,0,0
14370,2,1,0,2,0,0
14371,2,1,0,2,0,0
14372,2,1,0,2,0,0
14373,2,1,0,2,0,0
14374,2,1,0,2,0,0
14375,2,1,0,2,0,0
14376,2,1,0,2,0,0
14377,2,1,0,2,0,0
14378,2,1,0,2,0,0
14379,2,1,0,2,0,0
14380,2,1,0,2,0,0
14381,2,1,0,2,0,0
14382,2,1,0,2,0,0
14383,2,1,0,2,0,0
14384,2,1,0,2,0,0
14385,2,1,0,2,0,0
14386,2,1,0,2,0,0
14387,2,1,0,2,0,0
14388,2,1,0,2,0,0
14389,2,1,0,2,0,0
14390,2,1,0,2,0,0
14391,2,1,0,2,0,0
14392,2,1,0,2,0,0
14393,2,1,0,2,0,0
14394,2,1,0,2,0,0
14395,2,1,0,2,0,0
14396,2,1,0,2,0,0
14397,2,1,0,2,0,0
14398,2,1,0,2,0,0
14399,2,1,0,2,0,0
14400,2,1,0,2,0,0
14401,2,1,0,2,0,0
14402,2,1,0,2,0,0
14403,2,1,0,2,0,0
14404,2,1,0,2,0,0
14405,2,1,0,2,0,0
14406,2,1,0,2,0,0
14407,2,1,0,2,0,0
14408,2,1,0,2,0,0
14409,2,1,0,2,0,0
14410,2,1,0,2,0,0
14411,2,1,0,2,0,0
14412,2,1,0,2,0,0
14413,2,1,0,2,0,0
14414,2,1,0,2,0,0
14415,2,1,0,2,0,0
14416,2,1,0,2,0,0
14417,2,1,0,2,0,0
14418,2,1,0,2,0,0
14419,2,1,0,2,0,0
14420,2,1,0,2,0,0
14421,2,1,0,2,0,0
14422,2,1,0,2,0,0
14423,2,1,0,2,0,0
14424,2,1,0,2,0,0
14425,2,1,0,2,0,0
14426,2,1,0,2,0,0
14427,2,1,0,2,0,0
14428,2,1,0,2,0,0
14429,2,1,0,2,0,0
14430,2,1,0,2,0,0
14431,2,1,0,2,0,0
14432,2,1,0,2,0,0
14433,2,1,0,2,0,0
14434,2,1,0,2,0,0
14435,2,1,0,2,0,0
14436,2,1,0,2,0,0
14437,2,1,0,2,0,0
14438,2,1,0,2,0,0
14439,2,1,0,2,0,0
14440,2,1,0,2,0,0
14441,2,1,0,2,0,0
14442,2,1,0,2,0,0
14443,2,1,0,2,0,0
14444,2,1,0,2,0,0
14445,2,1,0,2,0,0
14446,2,1,0,2,0,0
14447,2,1,0,2,0,0
14448,2,1,0,2,0,0
14449,2,1,0,2,0,0
14450,2,1,0,2,0,0
14451,2,1,0,2,0,0
14452,2,1,0,2,0,0
14453,2,1,0,2,0,0
14454,2,1,0,2,0,0
14455,2,1,0,2,0,0
14456,2,1,0,2,0,0
14457,2,1,0,2,0,0
14458,2,1,0,2,0,0
14459,2,1,0,2,0,0
14460,2,1,0,2,0,0
14461,2,1,0,2,0,0
14462,2,1,0,2,0,0
14463,2,1,0,2,0,0
14464,2,1,0,2,0,0
14465,2,1,0,2,0,0
14466,2,1,0,2,0,0
14467,2,1,0,2,0,0
14468,2,1,0,2,0,0
14469,2,1,0,2,0,0
14470,2,1,0,2,0,0
14471,2,1,0,2,0,0
14472,2,1,0,2,0,0
14473,2,1,0,2,0,0
14474,2,1,0,2,0,0
14475,2,1,0,2,0,0
14476,2,1,0,2,0,0
14477,2,1,0,2,0,0
14478,2,1,0,2,0,0
14479,2,1,0,2,0,0
14480,2,1,0,2,0,0
14481,2,1,0,2,0,0
14482,2,1,0,2,0,0
14483,2,1,0,2,0,0
14484,2,1,0,2,0,0
14485,2,1,0,2,0,0
14486,2,1,0,2,0,0
14487,2,1,0,2,0,0
14488,2,1,0,2,0,0
14489,2,1,0,2,0,0
14490,2,1,0,2,0,0
14491,2,1,0,2,0,0
14492,2,1,0,2,0,0
14493,2,1,0,2,0,0
14494,2,1,0,2,0,0
14495,2,1,0,2,0,0
14496,2,1,0,2,0,0
14497,2,1,0,2,0,0
14498,2,1,0,2,0,0
14499,2,1,0,2,0,0
14500,2,1,0,2,0,0
14501,2,1,0,2,0,0
14502,2,1,0,2,0,0
14503,2,1,0,2,0,0
14504,2,1,0,2,0,0
14505,2,1,0,2,0,0
14506,2,1,0,2,0,0
14507,2,1,0,2,0,0
14508,2,1,0,2,0,0
14509,2,1,0,2,0,0
14510,2,1,0,2,0,0
14511,2,1,0,2,0,0
14512,2,1,0,2,0,0
14513,2,1,0,2,0,0
14514,2,1,0,2,0,0
14515,2,1,0,2,0,0
14516,2,1,0,2,0,0
14517,2,1,0,2,0,0
14518,2,1,0,2,0,0
14519,2,1,0,2,0,0
14520,2,1,0,2,0,0
14521,2,1,0,2,0,0
14522,2,1,0,2,0,0
14523,2,1,0,2,0,0
14524,2,1,0,2,0,0
14525,2,1,0,2,0,0
14526,2,1,0,2,0,0
14527,2,1,0,2,0,0
14528,2,1,0,2,0,0
14529,2,1,0,2,0,0
14530,2,1,0,2,0,0
14531,2,1,0,2,0,0
14532,2,1,0,2,0,0
14533,2,1,0,2,0,0
14534,2,1,0,2,0,0
14535,2,1,0,2,0,0
14536,2,1,0,2,0,0
14537,2,1,0,2,0,0
14538,2,1,0,2,0,0
14539,2,1,0,2,0,0
14540,2,1,0,2,0,0
14541,2,1,0,2,0,0
14542,2,1,0,2,0,0
14543,2,1,0,2,0,0
14544,2,1,0,2,0,0
14545,2,1,0,2,0,0
14546,2,1,0,2,0,0
14547,2,1,0,2,0,0
14548,2,1,0,2,0,0
14549,2,1,0,2,0,0
14550,2,1,0,2,0,0
14551,2,1,0,2,0,0
14552,2,1,0,2,0,0
14553,2,1,0,2,0,0
14554,2,1,0,2,0,0
14555,2,1,0,2,0,0
14556,2,1,0,2,0,0
14557,2,1,0,2,0,0
14558,2,1,0,2,0,0
14559,2,1,0,2,0,0
14560,2,1,0,2,0,0
14561,2,1,0,2,0,0
14562,2,1,0,2,0,0
14563,2,1,0,2,0,0
14564,2,1,0,2,0,0
14565,2,1,0,2,0,0
14566,2,1,0,2,0,0
14567,2,1,0,2,0,0
14568,2,1,0,2,0,0
14569,2,1,0,2,0,0
14570,2,1,0,2,0,0
14571,2,1,0,2,0,0
14572,2,1,0,2,0,0
14573,2,1,0,2,0,0
14574,2,1,0,2,0,0
14575,2,1,0,2,0,0
14576,2,1,0,2,0,0
14577,2,1,0,2,0,0
14578,2,1,0,2,0,0
14579,2,1,0,2,0,0
14580,2,1,0,2,0,0
14581,2,1,0,2,0,0
14582,2,1,0,2,0,0
14583,2,1,0,2,0,0
14584,2,1,0,2,0,0
14585,2,1,0,2,0,0
14586,2,1,0,2,0,0
14587,2,1,0,2,0,0
14588,2,1,0,2,0,0
14589,2,1,0,2,0,0
14590,2,1,0,2,0,0
14591,2,1,0,2,0,0
14592,2,1,0,2,0,0
14593,2,1,0,2,0,0
14594,2,1,0,2,0,0
14595,2,1,0,2,0,0
14596,2,1,0,2,0,0
14597,2,1,0,2,0,0
14598,2,1,0,2,0,0
14599,2,1,0,2,0,0
14600,2,1,0,2,0,0
14601,2,1,0,2,0,0
14602,2,1,0,2,0,0
14603,2,1,0,2,0,0
14604,2,1,0,2,0,0
14605,2,1,0,2,0,0
14606,2,1,0,2,0,0
14607,2,1,0,2,0,0
14608,2,1,0,2,0,0
14609,2,1,0,2,0,0
14610,2,1,0,2,0,0
14611,2,1,0,2,0,0
14612,2,1,0,2,0,0
14613,2,1,0,2,0,0
14614,2,1,0,2,0,0
14615,2,1,0,2,0,0
14616,2,1,0,2,0,0
14617,2,1,0,2,0,0
14618,2,1,0,2,0,0
14619,2,1,0,2,0,0
14620,2,1,0,2,0,0
14621,2,1,0,2,0,0
14622,2,1,0,2,0,0
14623,2,1,0,2,0,0
14624,2,1,0,2,0,0
14625,2,1,0,2,0,0
14626,2,1,0,2,0,0
14627,2,1,0,2,0,0
14628,2,1,0,2,0,0
14629,2,1,0,2,0,0
14630,2,1,0,2,0,0
14631,2,1,0,2,0,0
14632,2,1,0,2,0,0
14633,2,1,0,2,0,0
14634,2,1,0,2,0,0
14635,2,1,0,2,0,0
14636,2,1,0,2,0,0
14637,2,1,0,2,0,0
14638,2,1,0,2,0,0
14639,2,1,0,2,0,0
14640,2,1,0,2,0,0
14641,2,1,0,2,0,0
14642,2,1,0,2,0,0
14643,2,1,0,2,0,0
14644,2,1,0,2,0,0
14645,2,1,0,2,0,0
14646,2,1,0,2,0,0
14647,2,1,0,2,0,0
14648,2,1,0,2,0,0
14649,2,1,0,2,0,0
14650,2,1,0,2,0,0
14651,2,1,0,2,0,0
14652,2,1,0,2,0,0
14653,2,1,0,2,0,0
14654,2,1,0,2,0,0
14655,2,1,0,2,0,0
14656,2,1,0,2,0,0
14657,2,1,0,2,0,0
14658,2,1,0,2,0,0
14659,2,1,0,2,0,0
14660,2,1,0,2,0,0
14661,2,1,0,2,0,0
14662,2,1,0,2,0,0
14663,2,1,0,2,0,0
14664,2,1,0,2,0,0
14665,2,1,0,2,0,0
14666,2,1,0,2,0,0
14667,2,1,0,2,0,0
14668,2,1,0,2,0,0
14669,2,1,0,2,0,0
14670,2,1,0,2,0,0
14671,2,1,0,2,0,0
14672,2,1,0,2,0,0
14673,2,1,0,2,0,0
14674,2,1,0,2,0,0
14675,2,1,0,2,0,0
14676,2,1,0,2,0,0
14677,2,1,0,2,0,0
14678,2,1,0,2,0,0
14679,2,1,0,2,0,0
14680,2,1,0,2,0,0
14681,2,1,0,2,0,0
14682,2,1,0,2,0,0
14683,2,1,0,2,0,0
14684,2,1,0,2,0,0
14685,2,1,0,2,0,0
14686,2,1,0,2,0,0
14687,2,1,0,2,0,0
14688,2,1,0,2,0,0
14689,2,1,0,2,0,0
14690,2,1,0,2,0,0
14691,2,1,0,2,0,0
14692,2,1,0,2,0,0
14693,2,1,0,2,0,0
14694,2,1,0,2,0,0
14695,2,1,0,2,0,0
14696,2,1,0,2,0,0
14697,2,1,0,2,0,0
14698,2,1,0,2,0,0
14699,2,1,0,2,0,0
14700,2,1,0,2,0,0
14701,2,1,0,2,0,0
14702,2,1,0,2,0,0
14703,2,1,0,2,0,0
14704,2,1,0,2,0,0
14705,2,1,0,2,0,0
14706,2,1,0,2,0,0
14707,2,1,0,2,0,0
14708,2,1,0,2,0,0
14709,2,1,0,2,0,0
14710,2,1,0,2,0,0
14711,2,1,0,2,0,0
14712,2,1,0,2,0,0
14713,2,1,0,2,0,0
14714,2,1,0,2,0,0
14715,2,1,0,2,0,0
14716,2,1,0,2,0,0
14717,2,1,0,2,0,0
14718,2,1,0,2,0,0
14719,2,1,0,2,0,0
14720,2,1,0,2,0,0
14721,2,1,0,2,0,0
14722,2,1,0,2,0,0
14723,2,1,0,2,0,0
14724,2,1,0,2,0,0
14725,2,1,0,2,0,0
14726,2,1,0,2,0,0
14727,2,1,0,2,0,0
14728,2,1,0,2,0,0
14729,2,1,0,2,0,0
14730,2,1,0,2,0,0
14731,2,1,0,2,0,0
14732,2,1,0,2,0,0
14733,2,1,0,2,0,0
14734,2,1,0,2,0,0
14735,2,1,0,2,0,0
14736,2,1,0,2,0,0
14737,2,1,0,2,0,0
14738,2,1,0,2,0,0
14739,2,1,0,2,0,0
14740,2,1,0,2,0,0
14741,2,1,0,2,0,0
14742,2,1,0,2,0,0
14743,2,1,0,2,0,0
14744,2,1,0,2,0,0
14745,2,1,0,2,0,0
14746,2,1,0,2,0,0
14747,2,1,0,2,0,0
14748,2,1,0,2,0,0
14749,2,1,0,2,0,0
14750,2,1,0,2,0,0
14751,2,1,0,2,0,0
14752,2,1,0,2,0,0
14753,2,1,0,2,0,0
14754,2,1,0,2,0,0
14755,2,1,0,2,0,0
14756,2,1,0,2,0,0
14757,2,1,0,2,0,0
14758,2,1,0,2,0,0
14759,2,1,0,2,0,0
14760,2,1,0,2,0,0
14761,2,1,0,2,0,0
14762,2,1,0,2,0,0
14763,2,1,0,2,0,0
14764,2,1,0,2,0,0
14765,2,1,0,2,0,0
14766,2,1,0,2,0,0
14767,2,1,0,2,0,0
14768,2,1,0,2,0,0
14769,2,1,0,2,0,0
14770,2,1,0,2,0,0
14771,2,1,0,2,0,0
14772,2,1,0,2,0,0
14773,2,1,0,2,0,0
14774,2,1,0,2,0,0
14775,2,1,0,2,0,0
14776,2,1,0,2,0,0
14777,2,1,0,2,0,0
14778,2,1,0,2,0,0
14779,2,1,0,2,0,0
14780,2,1,0,2,0,0
14781,2,1,0,2,0,0
14782,2,1,0,2,0,0
14783,2,1,0,2,0,0
14784,2,1,0,2,0,0
14785,2,1,0,2,0,0
14786,2,1,0,2,0,0
14787,2,1,0,2,0,0
14788,2,1,0,2,0,0
14789,2,1,0,2,0,0
14790,2,1,0,2,0,0
14791,2,1,0,2,0,0
14792,2,1,0,2,0,0
14793,2,1,0,2,0,0
14794,2,1,0,2,0,0
14795,2,1,0,2,0,0
14796,2,1,0,2,0,0
14797,2,1,0,2,0,0
14798,2,1,0,2,0,0
14799,2,1,0,2,0,0
14800,2,1,0,2,0,0
14801,2,1,0,2,0,0
14802,2,1,0,2,0,0
14803,2,1,0,2,0,0
14804,2,1,0,2,0,0
14805,2,1,0,2,0,0
14806,2,1,0,2,0,0
14807,2,1,0,2,0,0
14808,2,1,0,2,0,0
14809,2,1,0,2,0,0
14810,2,1,0,2,0,0
14811,2,1,0,2,0,0
14812,2,1,0,2,0,0
14813,2,1,0,2,0,0
14814,2,1,0,2,0,0
14815,2,1,0,2,0,0
14816,2,1,0,2,0,0
14817,2,1,0,2,0,0
14818,2,1,0,2,0,0
14819,2,1,0,2,0,0
14820,2,1,0,2,0,0
14821,2,1,0,2,0,0
14822,2,1,0,2,0,0
14823,2,1,0,2,0,0
14824,2,1,0,2,0,0
14825,2,1,0,2,0,0
14826,2,1,0,2,0,0
14827,2,1,0,2,0,0
14828,2,1,0,2,0,0
14829,2,1,0,2,0,0
14830,2,1,0,2,0,0
14831,2,1,0,2,0,0
14832,2,1,0,2,0,0
14833,2,1,0,2,0,0
14834,2,1,0,2,0,0
14835,2,1,0,2,0,0
14836,2,1,0,2,0,0
14837,2,1,0,2,0,0
14838,2,1,0,2,0,0
14839,2,1,0,2,0,0
14840,2,1,0,2,0,0
14841,2,1,0,2,0,0
14842,2,1,0,2,0,0
14843,2,1,0,2,0,0
14844,2,1,0,2,0,0
14845,2,1,0,2,0,0
14846,2,1,0,2,0,0
14847,2,1,0,2,0,0
14848,2,1,0,2,0,0
14849,2,1,0,2,0,0
14850,2,1,0,2,0,0
14851,2,1,0,2,0,0
14852,2,1,0,2,0,0
14853,2,1,0,2,0,0
14854,2,1,0,2,0,0
14855,2,1,0,2,0,0
14856,2,1,0,2,0,0
14857,2,1,0,2,0,0
14858,2,1,0,2,0,0
14859,2,1,0,2,0,0
14860,2,1,0,2,0,0
14861,2,1,0,2,0,0
14862,2,1,0,2,0,0
14863,2,1,0,2,0,0
14864,2,1,0,2,0,0
14865,2,1,0,2,0,0
14866,2,1,0,2,0,0
14867,2,1,0,2,0,0
14868,2,1,0,2,0,0
14869,2,1,0,2,0,0
14870,2,1,0,2,0,0
14871,2,1,0,2,0,0
14872,2,1,0,2,0,0
14873,2,1,0,2,0,0
14874,2,1,0,2,0,0
14875,2,1,0,2,0,0
14876,2,1,0,2,0,0
14877,2,1,0,2,0,0
14878,2,1,0,2,0,0
14879,2,1,0,2,0,0
14880,2,1,0,2,0,0
14881,2,1,0,2,0,0
14882,2,1,0,2,0,0
14883,2,1,0,2,0,0
14884,2,1,0,2,0,0
14885,2,1,0,2,0,0
14886,2,1,0,2,0,0
14887,2,1,0,2,0,0
14888,2,1,0,2,0,0
14889,2,1,0,2,0,0
14890,2,1,0,2,0,0
14891,2,1,0,2,0,0
14892,2,1,0,2,0,0
14893,2,1,0,2,0,0
14894,2,1,0,2,0,0
14895,2,1,0,2,0,0
14896,2,1,0,2,0,0
14897,2,1,0,2,0,0
14898,2,1,0,2,0,0
14899,2,1,0,2,0,0
14900,2,1,0,2,0,0
14901,2,1,0,2,0,0
14902,2,1,0,2,0,0
14903,2,1,0,2,0,0
14904,2,1,0,2,0,0
14905,2,1,0,2,0,0
14906,2,1,0,2,0,0
14907,2,1,0,2,0,0
14908,2,1,0,2,0,0
14909,2,1,0,2,0,0
14910,2,1,0,2,0,0
14911,2,1,0,2,0,0
14912,2,1,0,2,0,0
14913,2,1,0,2,0,0
14914,2,1,0,2,0,0
14915,2,1,0,2,0,0
14916,2,1,0,2,0,0
14917,2,1,0,2,0,0
14918,2,1,0,2,0,0
14919,2,1,0,2,0,0
14920,2,1,0,2,0,0
14921,2,1,0,2,0,0
14922,2,1,0,2,0,0
14923,2,1,0,2,0,0
14924,2,1,0,2,0,0
14925,2,1,0,2,0,0
14926,2,1,0,2,0,0
14927,2,1,0,2,0,0
14928,2,1,0,2,0,0
14929,2,1,0,2,0,0
14930,2,1,0,2,0,0
14931,2,1,0,2,0,0
14932,2,1,0,2,0,0
14933,2,1,0,2,0,0
14934,2,1,0,2,0,0
14935,2,1,0,2,0,0
14936,2,1,0,2,0,0
14937,2,1,0,2,0,0
14938,2,1,0,2,0,0
14939,2,1,0,2,0,0
14940,2,1,0,2,0,0
14941,2,1,0,2,0,0
14942,2,1,0,2,0,0
14943,2,1,0,2,0,0
14944,2,1,0,2,0,0
14945,2,1,0,2,0,0
14946,2,1,0,2,0,0
14947,2,1,0,2,0,0
14948,2,1,0,2,0,0
14949,2,1,0,2,0,0
14950,2,1,0,2,0,0
14951,2,1,0,2,0,0
14952,2,1,0,2,0,0
14953,2,1,0,2,0,0
14954,2,1,0,2,0,0
14955,2,1,0,2,0,0
14956,2,1,0,2,0,0
14957,2,1,0,2,0,0
14958,2,1,0,2,0,0
14959,2,1,0,2,0,0
14960,2,1,0,2,0,0
14961,2,1,0,2,0,0
14962,2,1,0,2,0,0
14963,2,1,0,2,0,0
14964,2,1,0,2,0,0
14965,2,1,0,2,0,0
14966,2,1,0,2,0,0
14967,2,1,0,2,0,0
14968,2,1,0,2,0,0
14969,2,1,0,2,0,0
14970,2,1,0,2,0,0
14971,2,1,0,2,0,0
14972,2,1,0,2,0,0
14973,2,1,0,2,0,0
14974,2,1,0,2,0,0
14975,2,1,0,2,0,0
14976,2,1,0,2,0,0
14977,2,1,0,2,0,0
14978,2,1,0,2,0,0
14979,2,1,0,2,0,0
14980,2,1,0,2,0,0
14981,2,1,0,2,0,0
14982,2,1,0,2,0,0
14983,2,1,0,2,0,0
14984,2,1,0,2,0,0
14985,2,1,0,2,0,0
14986,2,1,0,2,0,0
14987,2,1,0,2,0,0
14988,2,1,0,2,0,0
14989,2,1,0,2,0,0
14990,2,1,0,2,0,0
14991,2,1,0,2,0,0
14992,2,1,0,2,0,0
14993,2,1,0,2,0,0
14994,2,1,0,2,0,0
14995,2,1,0,2,0,0
14996,2,1,0,2,0,0
14997,2,1,0,2,0,0
14998,2,1,0,2,0,0
14999,2,1,0,2,0,0
15000,2,1,0,2,0,0
15001,2,1,0,2,0,0
15002,2,1,0,2,0,0
15003,2,1,0,2,0,0
15004,2,1,0,2,0,0
15005,2,1,0,2,0,0
15006,2,1,0,2,0,0
15007,2,1,0,2,0,0
15008,2,1,0,2,0,0
15009,2,1,0,2,0,0
15010,2,1,0,2,0,0
15011,2,1,0,2,0,0
15012,2,1,0,2,0,0
15013,2,1,0,2,0,0
15014,2,1,0,2,0,0
15015,2,1,0,2,0,0
15016,2,1,0,2,0,0
15017,2,1,0,2,0,0
15018,2,1,0,2,0,0
15019,2,1,0,2,0,0
15020,2,1,0,2,0,0
15021,2,1,0,2,0,0
15022,2,1,0,2,0,0
15023,2,1,0,2,0,0
15024,2,1,0,2,0,0
15025,2,1,0,2,0,0
15026,2,1,0,2,0,0
15027,2,1,0,2,0,0
15028,2,1,0,2,0,0
15029,2,1,0,2,0,0
15030,2,1,0,2,0,0
15031,2,1,0,2,0,0
15032,2,1,0,2,0,0
15033,2,1,0,2,0,0
15034,2,1,0,2,0,0
15035,2,1,0,2,0,0
15036,2,1,0,2,0,0
15037,2,1,0,2,0,0
15038,2,1,0,2,0,0
15039,2,1,0,2,0,0
15040,2,1,0,2,0,0
15041,2,1,0,2,0,0
15042,2,1,0,2,0,0
15043,2,1,0,2,0,0
15044,2,1,0,2,0,0
15045,2,1,0,2,0,0
15046,2,1,0,2,0,0
15047,2,1,0,2,0,0
15048,2,1,0,2,0,0
15049,2,1,0,2,0,0
15050,2,1,0,2,0,0
15051,2,1,0,2,0,0
15052,2,1,0,2,0,0
15053,2,1,0,2,0,0
15054,2,1,0,2,0,0
15055,2,1,0,2,0,0
15056,2,1,0,2,0,0
15057,2,1,0,2,0,0
15058,2,1,0,2,0,0
15059,2,1,0,2,0,0
15060,2,1,0,2,0,0
15061,2,1,0,2,0,0
15062,2,1,0,2,0,0
15063,2,1,0,2,0,0
15064,2,1,0,2,0,0
15065,2,1,0,2,0,0
15066,2,1,0,2,0,0
15067,2,1,0,2,0,0
15068,2,1,0,2,0,0
15069,2,1,0,2,0,0
15070,2,1,0,2,0,0
15071,2,1,0,2,0,0
15072,2,1,0,2,0,0
15073,2,1,0,2,0,0
15074,2,1,0,2,0,0
15075,2,1,0,2,0,0
15076,2,1,0,2,0,0
15077,2,1,0,2,0,0
15078,2,1,0,2,0,0
15079,2,1,0,2,0,0
15080,2,1,0,2,0,0
15081,2,1,0,2,0,0
15082,2,1,0,2,0,0
15083,2,1,0,2,0,0
15084,2,1,0,2,0,0
15085,2,1,0,2,0,0
15086,2,1,0,2,0,0
15087,2,1,0,2,0,0
15088,2,1,0,2,0,0
15089,2,1,0,2,0,0
15090,2,1,0,2,0,0
15091,2,1,0,2,0,0
15092,2,1,0,2,0,0
15093,2,1,0,2,0,0
15094,2,1,0,2,0,0
15095,2,1,0,2,0,0
15096,2,1,0,2,0,0
15097,2,1,0,2,0,0
15098,2,1,0,2,0,0
15099,2,1,0,2,0,0
15100,2,1,0,2,0,0
15101,2,1,0,2,0,0
15102,2,1,0,2,0,0
15103,2,1,0,2,0,0
15104,2,1,0,2,0,0
15105,2,1,0,2,0,0
15106,2,1,0,2,0,0
15107,2,1,0,2,0,0
15108,2,1,0,2,0,0
15109,2,1,0,2,0,0
15110,2,1,0,2,0,0
15111,2,1,0,2,0,0
15112,2,1,0,2,0,0
15113,2,1,0,2,0,0
15114,2,1,0,2,0,0
15115,2,1,0,2,0,0
15116,2,1,0,2,0,0
15117,2,1,0,2,0,0
15118,2,1,0,2,0,0
15119,2,1,0,2,0,0
15120,2,1,0,2,0,0
15121,2,1,0,2,0,0
15122,2,1,0,2,0,0
15123,2,1,0,2,0,0
15124,2,1,0,2,0,0
15125,2,1,0,2,0,0
15126,2,1,0,2,0,0
15127,2,1,0,2,0,0
15128,2,1,0,2,0,0
15129,2,1,0,2,0,0
15130,2,1,0,2,0,0
15131,2,1,0,2,0,0
15132,2,1,0,2,0,0
15133,2,1,0,2,0,0
15134,2,1,0,2,0,0
15135,2,1,0,2,0,0
15136,2,1,0,2,0,0
15137,2,1,0,2,0,0
15138,2,1,0,2,0,0
15139,2,1,0,2,0,0
15140,2,1,0,2,0,0
15141,2,1,0,2,0,0
15142,2,1,0,2,0,0
15143,2,1,0,2,0,0
15144,2,1,0,2,0,0
15145,2,1,0,2,0,0
15146,2,1,0,2,0,0
15147,2,1,0,2,0,0
15148,2,1,0,2,0,0
15149,2,1,0,2,0,0
15150,2,1,0,2,0,0
15151,2,1,0,2,0,0
15152,2,1,0,2,0,0
15153,2,1,0,2,0,0
15154,2,1,0,2,0,0
15155,2,1,0,2,0,0
15156,2,1,0,2,0,0
15157,2,1,0,2,0,0
15158,2,1,0,2,0,0
15159,2,1,0,2,0,0
15160,2,1,0,2,0,0
15161,2,1,0,2,0,0
15162,2,1,0,2,0,0
15163,2,1,0,2,0,0
15164,2,1,0,2,0,0
15165,2,1,0,2,0,0
15166,2,1,0,2,0,0
15167,2,1,0,2,0,0
15168,2,1,0,2,0,0
15169,2,1,0,2,0,0
15170,2,1,0,2,0,0
15171,2,1,0,2,0,0
15172,2,1,0,2,0,0
15173,2,1,0,2,0,0
15174,2,1,0,2,0,0
15175,2,1,0,2,0,0
15176,2,1,0,2,0,0
15177,2,1,0,2,0,0
15178,2,1,0,2,0,0
15179,2,1,0,2,0,0
15180,2,1,0,2,0,0
15181,2,1,0,2,0,0
15182,2,1,0,2,0,0
15183,2,1,0,2,0,0
15184,2,1,0,2,0,0
15185,2,1,0,2,0,0
15186,2,1,0,2,0,0
15187,2,1,0,2,0,0
15188,2,1,0,2,0,0
15189,2,1,0,2,0,0
15190,2,1,0,2,0,0
15191,2,1,0,2,0,0
15192,2,1,0,2,0,0
15193,2,1,0,2,0,0
15194,2,1,0,2,0,0
15195,2,1,0,2,0,0
15196,2,1,0,2,0,0
15197,2,1,0,2,0,0
15198,2,1,0,2,0,0
15199,2,1,0,2,0,0
15200,2,1,0,2,0,0
15201,2,1,0,2,0,0
15202,2,1,0,2,0,0
15203,2,1,0,2,0,0
15204,2,1,0,2,0,0
15205,2,1,0,2,0,0
15206,2,1,0,2,0,0
15207,2,1,0,2,0,0
15208,2,1,0,2,0,0
15209,2,1,0,2,0,0
15210,2,1,0,2,0,0
15211,2,1,0,2,0,0
15212,2,1,0,2,0,0
15213,2,1,0,2,0,0
15214,2,1,0,2,0,0
15215,2,1,0,2,0,0
15216,2,1,0,2,0,0
15217,2,1,0,2,0,0
15218,2,1,0,2,0,0
15219,2,1,0,2,0,0
15220,2,1,0,2,0,0
15221,2,1,0,2,0,0
15222,2,1,0,2,0,0
15223,2,1,0,2,0,0
15224,2,1,0,2,0,0
15225,2,1,0,2,0,0
15226,2,1,0,2,0,0
15227,2,1,0,2,0,0
15228,2,1,0,2,0,0
15229,2,1,0,2,0,0
15230,2,1,0,2,0,0
15231,2,1,0,2,0,0
15232,2,1,0,2,0,0
15233,2,1,0,2,0,0
15234,2,1,0,2,0,0
15235,2,1,0,2,0,0
15236,2,1,0,2,0,0
15237,2,1,0,2,0,0
15238,2,1,0,2,0,0
15239,2,1,0,2,0,0
15240,2,1,0,2,0,0
15241,2,1,0,2,0,0
15242,2,1,0,2,0,0
15243,2,1,0,2,0,0
15244,2,1,0,2,0,0
15245,2,1,0,2,0,0
15246,2,1,0,2,0,0
15247,2,1,0,2,0,0
15248,2,1,0,2,0,0
15249,2,1,0,2,0,0
15250,2,1,0,2,0,0
15251,2,1,0,2,0,0
15252,2,1,0,2,0,0
15253,2,1,0,2,0,0
15254,2,1,0,2,0,0
15255,2,1,0,2,0,0
15256,2,1,0,2,0,0
15257,2,1,0,2,0,0
15258,2,1,0,2,0,0
15259,2,1,0,2,0,0
15260,2,1,0,2,0,0
15261,2,1,0,2,0,0
15262,2,1,0,2,0,0
15263,2,1,0,2,0,0
15264,2,1,0,2,0,0
15265,2,1,0,2,0,0
15266,2,1,0,2,0,0
15267,2,1,0,2,0,0
15268,2,1,0,2,0,0
15269,2,1,0,2,0,0
15270,2,1,0,2,0,0
15271,2,1,0,2,0,0
15272,2,1,0,2,0,0
15273,2,1,0,2,0,0
15274,2,1,0,2,0,0
15275,2,1,0,2,0,0
15276,2,1,0,2,0,0
15277,2,1,0,2,0,0
15278,2,1,0,2,0,0
15279,2,1,0,2,0,0
15280,2,1,0,2,0,0
15281,2,1,0,2,0,0
15282,2,1,0,2,0,0
15283,2,1,0,2,0,0
15284,2,1,0,2,0,0
15285,2,1,0,2,0,0
15286,2,1,0,2,0,0
15287,2,1,0,2,0,0
15288,2,1,0,2,0,0
15289,2,1,0,2,0,0
15290,2,1,0,2,0,0
15291,2,1,0,2,0,0
15292,2,1,0,2,0,0
15293,2,1,0,2,0,0
15294,2,1,0,2,0,0
15295,2,1,0,2,0,0
15296,2,1,0,2,0,0
15297,2,1,0,2,0,0
15298,2,1,0,2,0,0
15299,2,1,0,2,0,0
15300,2,1,0,2,0,0
15301,2,1,0,2,0,0
15302,2,1,0,2,0,0
15303,2,1,0,2,0,0
15304,2,1,0,2,0,0
15305,2,1,0,2,0,0
15306,2,1,0,2,0,0
15307,2,1,0,2,0,0
15308,2,1,0,2,0,0
15309,2,1,0,2,0,0
15310,2,1,0,2,0,0
15311,2,1,0,2,0,0
15312,2,1,0,2,0,0
15313,2,1,0,2,0,0
15314,2,1,0,2,0,0
15315,2,1,0,2,0,0
15316,2,1,0,2,0,0
15317,2,1,0,2,0,0
15318,2,1,0,2,0,0
15319,2,1,0,2,0,0
15320,2,1,0,2,0,0
15321,2,1,0,2,0,0
15322,2,1,0,2,0,0
15323,2,1,0,2,0,0
15324,2,1,0,2,0,0
15325,2,1,0,2,0,0
15326,2,1,0,2,0,0
15327,2,1,0,2,0,0
15328,2,1,0,2,0,0
15329,2,1,0,2,0,0
15330,2,1,0,2,0,0
15331,2,1,0,2,0,0
15332,2,1,0,2,0,0
15333,2,1,0,2,0,0
15334,2,1,0,2,0,0
15335,2,1,0,2,0,0
15336,2,1,0,2,0,0
15337,2,1,0,2,0,0
15338,2,1,0,2,0,0
15339,2,1,0,2,0,0
15340,2,1,0,2,0,0
15341,2,1,0,2,0,0
15342,2,1,0,2,0,0
15343,2,1,0,2,0,0
15344,2,1,0,2,0,0
15345,2,1,0,2,0,0
15346,2,1,0,2,0,0
15347,2,1,0,2,0,0
15348,2,1,0,2,0,0
15349,2,1,0,2,0,0
15350,2,1,0,2,0,0
15351,2,1,0,2,0,0
15352,2,1,0,2,0,0
15353,2,1,0,2,0,0
15354,2,1,0,2,0,0
15355,2,1,0,2,0,0
15356,2,1,0,2,0,0
15357,2,1,0,2,0,0
15358,2,1,0,2,0,0
15359,2,1,0,2,0,0
15360,2,1,0,2,0,0
15361,2,1,0,2,0,0
15362,2,1,0,2,0,0
15363,2,1,0,2,0,0
15364,2,1,0,2,0,0
15365,2,1,0,2,0,0
15366,2,1,0,2,0,0
15367,2,1,0,2,0,0
15368,2,1,0,2,0,0
15369,2,1,0,2,0,0
15370,2,1,0,2,0,0
15371,2,1,0,2,0,0
15372,2,1,0,2,0,0
15373,2,1,0,2,0,0
15374,2,1,0,2,0,0
15375,2,1,0,2,0,0
15376,2,1,0,2,0,0
15377,2,1,0,2,0,0
15378,2,1,0,2,0,0
15379,2,1,0,2,0,0
15380,2,1,0,2,0,0
15381,2,1,0,2,0,0
15382,2,1,0,2,0,0
15383,2,1,0,2,0,0
15384,2,1,0,2,0,0
15385,2,1,0,2,0,0
15386,2,1,0,2,0,0
15387,2,1,0,2,0,0
15388,2,1,0,2,0,0
15389,2,1,0,2,0,0
15390,2,1,0,2,0,0
15391,2,1,0,2,0,0
15392,2,1,0,2,0,0
15393,2,1,0,2,0,0
15394,2,1,0,2,0,0
15395,2,1,0,2,0,0
15396,2,1,0,2,0,0
15397,2,1,0,2,0,0
15398,2,1,0,2,0,0
15399,2,1,0,2,0,0
15400,2,1,0,2,0,0
15401,2,1,0,2,0,0
15402,2,1,0,2,0,0
15403,2,1,0,2,0,0
15404,2,1,0,2,0,0
15405,2,1,0,2,0,0
15406,2,1,0,2,0,0
15407,2,1,0,2,0,0
15408,2,1,0,2,0,0
15409,2,1,0,2,0,0
15410,2,1,0,2,0,0
15411,2,1,0,2,0,0
15412,2,1,0,2,0,0
15413,2,1,0,2,0,0
15414,2,1,0,2,0,0
15415,2,1,0,2,0,0
15416,2,1,0,2,0,0
15417,2,1,0,2,0,0
15418,2,1,0,2,0,0
15419,2,1,0,2,0,0
15420,2,1,0,2,0,0
15421,2,1,0,2,0,0
15422,2,1,0,2,0,0
15423,2,1,0,2,0,0
15424,2,1,0,2,0,0
15425,2,1,0,2,0,0
15426,2,1,0,2,0,0
15427,2,1,0,2,0,0
15428,2,1,0,2,0,0
15429,2,1,0,2,0,0
15430,2,1,0,2,0,0
15431,2,1,0,2,0,0
15432,2,1,0,2,0,0
15433,2,1,0,2,0,0
15434,2,1,0,2,0,0
15435,2,1,0,2,0,0
15436,2,1,0,2,0,0
15437,2,1,0,2,0,0
15438,2,1,0,2,0,0
15439,2,1,0,2,0,0
15440,2,1,0,2,0,0
15441,2,1,0,2,0,0
15442,2,1,0,2,0,0
15443,2,1,0,2,0,0
15444,2,1,0,2,0,0
15445,2,1,0,2,0,0
15446,2,1,0,2,0,0
15447,2,1,0,2,0,0
15448,2,1,0,2,0,0
15449,2,1,0,2,0,0
15450,2,1,0,2,0,0
15451,2,1,0,2,0,0
15452,2,1,0,2,0,0
15453,2,1,0,2,0,0
15454,2,1,0,2,0,0
15455,2,1,0,2,0,0
15456,2,1,0,2,0,0
15457,2,1,0,2,0,0
15458,2,1,0,2,0,0
15459,2,1,0,2,0,0
15460,2,1,0,2,0,0
15461,2,1,0,2,0,0
15462,2,1,0,2,0,0
15463,2,1,0,2,0,0
15464,2,1,0,2,0,0
15465,2,1,0,2,0,0
15466,2,1,0,2,0,0
15467,2,1,0,2,0,0
15468,2,1,0,2,0,0
15469,2,1,0,2,0,0
15470,2,1,0,2,0,0
15471,2,1,0,2,0,0
15472,2,1,0,2,0,0
15473,2,1,0,2,0,0
15474,2,1,0,2,0,0
15475,2,1,0,2,0,0
15476,2,1,0,2,0,0
15477,2,1,0,2,0,0
15478,2,1,0,2,0,0
15479,2,1,0,2,0,0
15480,2,1,0,2,0,0
15481,2,1,0,2,0,0
15482,2,1,0,2,0,0
15483,2,1,0,2,0,0
15484,2,1,0,2,0,0
15485,2,1,0,2,0,0
15486,2,1,0,2,0,0
15487,2,1,0,2,0,0
15488,2,1,0,2,0,0
15489,2,1,0,2,0,0
15490,2,1,0,2,0,0
15491,2,1,0,2,0,0
15492,2,1,0,2,0,0
15493,2,1,0,2,0,0
15494,2,1,0,2,0,0
15495,2,1,0,2,0,0
15496,2,1,0,2,0,0
15497,2,1,0,2,0,0
15498,2,1,0,2,0,0
15499,2,1,0,2,0,0
15500,2,1,0,2,0,0
15501,2,1,0,2,0,0
15502,2,1,0,2,0,0
15503,2,1,0,2,0,0
15504,2,1,0,2,0,0
15505,2,1,0,2,0,0
15506,2,1,0,2,0,0
15507,2,1,0,2,0,0
15508,2,1,0,2,0,0
15509,2,1,0,2,0,0
15510,2,1,0,2,0,0
15511,2,1,0,2,0,0
15512,2,1,0,2,0,0
15513,2,1,0,2,0,0
15514,2,1,0,2,0,0
15515,2,1,0,2,0,0
15516,2,1,0,2,0,0
15517,2,1,0,2,0,0
15518,2,1,0,2,0,0
15519,2,1,0,2,0,0
15520,2,1,0,2,0,0
15521,2,1,0,2,0,0
15522,2,1,0,2,0,0
15523,2,1,0,2,0,0
15524,2,1,0,2,0,0
15525,2,1,0,2,0,0
15526,2,1,0,2,0,0
15527,2,1,0,2,0,0
15528,2,1,0,2,0,0
15529,2,1,0,2,0,0
15530,2,1,0,2,0,0
15531,2,1,0,2,0,0
15532,2,1,0,2,0,0
15533,2,1,0,2,0,0
15534,2,1,0,2,0,0
15535,2,1,0,2,0,0
15536,2,1,0,2,0,0
15537,2,1,0,2,0,0
15538,2,1,0,2,0,0
15539,2,1,0,2,0,0
15540,2,1,0,2,0,0
15541,2,1,0,2,0,0
15542,2,1,0,2,0,0
15543,2,1,0,2,0,0
15544,2,1,0,2,0,0
15545,2,1,0,2,0,0
15546,2,1,0,2,0,0
15547,2,1,0,2,0,0
15548,2,1,0,2,0,0
15549,2,1,0,2,0,0
15550,2,1,0,2,0,0
15551,2,1,0,2,0,0
15552,2,1,0,2,0,0
15553,2,1,0,2,0,0
15554,2,1,0,2,0,0
15555,2,1,0,2,0,0
15556,2,1,0,2,0,0
15557,2,1,0,2,0,0
15558,2,1,0,2,0,0
15559,2,1,0,2,0,0
15560,2,1,0,2,0,0
15561,2,1,0,2,0,0
15562,2,1,0,2,0,0
15563,2,1,0,2,0,0
15564,2,1,0,2,0,0
15565,2,1,0,2,0,0
15566,2,1,0,2,0,0
15567,2,1,0,2,0,0
15568,2,1,0,2,0,0
15569,2,1,0,2,0,0
15570,2,1,0,2,0,0
15571,2,1,0,2,0,0
15572,2,1,0,2,0,0
15573,2,1,0,2,0,0
15574,2,1,0,2,0,0
15575,2,1,0,2,0,0
15576,2,1,0,2,0,0
15577,2,1,0,2,0,0
15578,2,1,0,2,0,0
15579,2,1,0,2,0,0
15580,2,1,0,2,0,0
15581,2,1,0,2,0,0
15582,2,1,0,2,0,0
15583,2,1,0,2,0,0
15584,2,1,0,2,0,0
15585,2,1,0,2,0,0
15586,2,1,0,2,0,0
15587,2,1,0,2,0,0
15588,2,1,0,2,0,0
15589,2,1,0,2,0,0
15590,2,1,0,2,0,0
15591,2,1,0,2,0,0
15592,2,1,0,2,0,0
15593,2,1,0,2,0,0
15594,2,1,0,2,0,0
15595,2,1,0,2,0,0
15596,2,1,0,2,0,0
15597,2,1,0,2,0,0
15598,2,1,0,2,0,0
15599,2,1,0,2,0,0
15600,2,1,0,2,0,0
15601,2,1,0,2,0,0
15602,2,1,0,2,0,0
15603,2,1,0,2,0,0
15604,2,1,0,2,0,0
15605,2,1,0,2,0,0
15606,2,1,0,2,0,0
15607,2,1,0,2,0,0
15608,2,1,0,2,0,0
15609,2,1,0,2,0,0
15610,2,1,0,2,0,0
15611,2,1,0,2,0,0
15612,2,1,0,2,0,0
15613,2,1,0,2,0,0
15614,2,1,0,2,0,0
15615,2,1,0,2,0,0
15616,2,1,0,2,0,0
15617,2,1,0,2,0,0
15618,2,1,0,2,0,0
15619,2,1,0,2,0,0
15620,2,1,0,2,0,0
15621,2,1,0,2,0,0
15622,2,1,0,2,0,0
15623,2,1,0,2,0,0
15624,2,1,0,2,0,0
15625,2,1,0,2,0,0
15626,2,1,0,2,0,0
15627,2,1,0,2,0,0
15628,2,1,0,2,0,0
15629,2,1,0,2,0,0
15630,2,1,0,2,0,0
15631,2,1,0,2,0,0
15632,2,1,0,2,0,0
15633,2,1,0,2,0,0
15634,2,1,0,2,0,0
15635,2,1,0,2,0,0
15636,2,1,0,2,0,0
15637,2,1,0,2,0,0
15638,2,1,0,2,0,0
15639,2,1,0,2,0,0
15640,2,1,0,2,0,0
15641,2,1,0,2,0,0
15642,2,1,0,2,0,0
15643,2,1,0,2,0,0
15644,2,1,0,2,0,0
15645,2,1,0,2,0,0
15646,2,1,0,2,0,0
15647,2,1,0,2,0,0
15648,2,1,0,2,0,0
15649,2,1,0,2,0,0
15650,2,1,0,2,0,0
15651,2,1,0,2,0,0
15652,2,1,0,2,0,0
15653,2,1,0,2,0,0
15654,2,1,0,2,0,0
15655,2,1,0,2,0,0
15656,2,1,0,2,0,0
15657,2,1,0,2,0,0
15658,2,1,0,2,0,0
15659,2,1,0,2,0,0
15660,2,1,0,2,0,0
15661,2,1,0,2,0,0
15662,2,1,0,2,0,0
15663,2,1,0,2,0,0
15664,2,1,0,2,0,0
15665,2,1,0,2,0,0
15666,2,1,0,2,0,0
15667,2,1,0,2,0,0
15668,2,1,0,2,0,0
15669,2,1,0,2,0,0
15670,2,1,0,2,0,0
15671,2,1,0,2,0,0
15672,2,1,0,2,0,0
15673,2,1,0,2,0,0
15674,2,1,0,2,0,0
15675,2,1,0,2,0,0
15676,2,1,0,2,0,0
15677,2,1,0,2,0,0
15678,2,1,0,2,0,0
15679,2,1,0,2,0,0
15680,2,1,0,2,0,0
15681,2,1,0,2,0,0
15682,2,1,0,2,0,0
15683,2,1,0,2,0,0
15684,2,1,0,2,0,0
15685,2,1,0,2,0,0
15686,2,1,0,2,0,0
15687,2,1,0,2,0,0
15688,2,1,0,2,0,0
15689,2,1,0,2,0,0
15690,2,1,0,2,0,0
15691,2,1,0,2,0,0
15692,2,1,0,2,0,0
15693,2,1,0,2,0,0
15694,2,1,0,2,0,0
15695,2,1,0,2,0,0
15696,2,1,0,2,0,0
15697,2,1,0,2,0,0
15698,2,1,0,2,0,0
15699,2,1,0,2,0,0
15700,2,1,0,2,0,0
15701,2,1,0,2,0,0
15702,2,1,0,2,0,0
15703,2,1,0,2,0,0
15704,2,1,0,2,0,0
15705,2,1,0,2,0,0
15706,2,1,0,2,0,0
15707,2,1,0,2,0,0
15708,2,1,0,2,0,0
15709,2,1,0,2,0,0
15710,2,1,0,2,0,0
15711,2,1,0,2,0,0
15712,2,1,0,2,0,0
15713,2,1,0,2,0,0
15714,2,1,0,2,0,0
15715,2,1,0,2,0,0
15716,2,1,0,2,0,0
15717,2,1,0,2,0,0
15718,2,1,0,2,0,0
15719,2,1,0,2,0,0
15720,2,1,0,2,0,0
15721,2,1,0,2,0,0
15722,2,1,0,2,0,0
15723,2,1,0,2,0,0
15724,2,1,0,2,0,0
15725,2,1,0,2,0,0
15726,2,1,0,2,0,0
15727,2,1,0,2,0,0
15728,2,1,0,2,0,0
15729,2,1,0,2,0,0
15730,2,1,0,2,0,0
15731,2,1,0,2,0,0
15732,2,1,0,2,0,0
15733,2,1,0,2,0,0
15734,2,1,0,2,0,0
15735,2,1,0,2,0,0
15736,2,1,0,2,0,0
15737,2,1,0,2,0,0
15738,2,1,0,2,0,0
15739,2,1,0,2,0,0
15740,2,1,0,2,0,0
15741,2,1,0,2,0,0
15742,2,1,0,2,0,0
15743,2,1,0,2,0,0
15744,2,1,0,2,0,0
15745,2,1,0,2,0,0
15746,2,1,0,2,0,0
15747,2,1,0,2,0,0
15748,2,1,0,2,0,0
15749,2,1,0,2,0,0
15750,2,1,0,2,0,0
15751,2,1,0,2,0,0
15752,2,1,0,2,0,0
15753,2,1,0,2,0,0
15754,2,1,0,2,0,0
15755,2,1,0,2,0,0
15756,2,1,0,2,0,0
15757,2,1,0,2,0,0
15758,2,1,0,2,0,0
15759,2,1,0,2,0,0
15760,2,1,0,2,0,0
15761,2,1,0,2,0,0
15762,2,1,0,2,0,0
15763,2,1,0,2,0,0
15764,2,1,0,2,0,0
15765,2,1,0,2,0,0
15766,2,1,0,2,0,0
15767,2,1,0,2,0,0
15768,2,1,0,2,0,0
15769,2,1,0,2,0,0
15770,2,1,0,2,0,0
15771,2,1,0,2,0,0
15772,2,1,0,2,0,0
15773,2,1,0,2,0,0
15774,2,1,0,2,0,0
15775,2,1,0,2,0,0
15776,2,1,0,2,0,0
15777,2,1,0,2,0,0
15778,2,1,0,2,0,0
15779,2,1,0,2,0,0
15780,2,1,0,2,0,0
15781,2,1,0,2,0,0
15782,2,1,0,2,0,0
15783,2,1,0,2,0,0
15784,2,1,0,2,0,0
15785,2,1,0,2,0,0
15786,2,1,0,2,0,0
15787,2,1,0,2,0,0
15788,2,1,0,2,0,0
15789,2,1,0,2,0,0
15790,2,1,0,2,0,0
15791,2,1,0,2,0,0
15792,2,1,0,2,0,0
15793,2,1,0,2,0,0
15794,2,1,0,2,0,0
15795,2,1,0,2,0,0
15796,2,1,0,2,0,0
15797,2,1,0,2,0,0
15798,2,1,0,2,0,0
15799,2,1,0,2,0,0
15800,2,1,0,2,0,0
15801,2,1,0,2,0,0
15802,2,1,0,2,0,0
15803,2,1,0,2,0,0
15804,2,1,0,2,0,0
15805,2,1,0,2,0,0
15806,2,1,0,2,0,0
15807,2,1,0,2,0,0
15808,2,1,0,2,0,0
15809,2,1,0,2,0,0
15810,2,1,0,2,0,0
15811,2,1,0,2,0,0
15812,2,1,0,2,0,0
15813,2,1,0,2,0,0
15814,2,1,0,2,0,0
15815,2,1,0,2,0,0
15816,2,1,0,2,0,0
15817,2,1,0,2,0,0
15818,2,1,0,2,0,0
15819,2,1,0,2,0,0
15820,2,1,0,2,0,0
15821,2,1,0,2,0,0
15822,2,1,0,2,0,0
15823,2,1,0,2,0,0
15824,2,1,0,2,0,0
15825,2,1,0,2,0,0
15826,2,1,0,2,0,0
15827,2,1,0,2,0,0
15828,2,1,0,2,0,0
15829,2,1,0,2,0,0
15830,2,1,0,2,0,0
15831,2,1,0,2,0,0
15832,2,1,0,2,0,0
15833,2,1,0,2,0,0
15834,2,1,0,2,0,0
15835,2,1,0,2,0,0
15836,2,1,0,2,0,0
15837,2,1,0,2,0,0
15838,2,1,0,2,0,0
15839,2,1,0,2,0,0
15840,2,1,0,2,0,0
15841,2,1,0,2,0,0
15842,2,1,0,2,0,0
15843,2,1,0,2,0,0
15844,2,1,0,2,0,0
15845,2,1,0,2,0,0
15846,2,1,0,2,0,0
15847,2,1,0,2,0,0
15848,2,1,0,2,0,0
15849,2,1,0,2,0,0
15850,2,1,0,2,0,0
15851,2,1,0,2,0,0
15852,2,1,0,2,0,0
15853,2,1,0,2,0,0
15854,2,1,0,2,0,0
15855,2,1,0,2,0,0
15856,2,1,0,2,0,0
15857,2,1,0,2,0,0
15858,2,1,0,2,0,0
15859,2,1,0,2,0,0
15860,2,1,0,2,0,0
15861,2,1,0,2,0,0
15862,2,1,0,2,0,0
15863,2,1,0,2,0,0
15864,2,1,0,2,0,0
15865,2,1,0,2,0,0
15866,2,1,0,2,0,0
15867,2,1,0,2,0,0
15868,2,1,0,2,0,0
15869,2,1,0,2,0,0
15870,2,1,0,2,0,0
15871,2,1,0,2,0,0
15872,2,1,0,2,0,0
15873,2,1,0,2,0,0
15874,2,1,0,2,0,0
15875,2,1,0,2,0,0
15876,2,1,0,2,0,0
15877,2,1,0,2,0,0
15878,2,1,0,2,0,0
15879,2,1,0,2,0,0
15880,2,1,0,2,0,0
15881,2,1,0,2,0,0
15882,2,1,0,2,0,0
15883,2,1,0,2,0,0
15884,2,1,0,2,0,0
15885,2,1,0,2,0,0
15886,2,1,0,2,0,0
15887,2,1,0,2,0,0
15888,2,1,0,2,0,0
15889,2,1,0,2,0,0
15890,2,1,0,2,0,0
15891,2,1,0,2,0,0
15892,2,1,0,2,0,0
15893,2,1,0,2,0,0
15894,2,1,0,2,0,0
15895,2,1,0,2,0,0
15896,2,1,0,2,0,0
15897,2,1,0,2,0,0
15898,2,1,0,2,0,0
15899,2,1,0,2,0,0
15900,2,1,0,2,0,0
15901,2,1,0,2,0,0
15902,2,1,0,2,0,0
15903,2,1,0,2,0,0
15904,2,1,0,2,0,0
15905,2,1,0,2,0,0
15906,2,1,0,2,0,0
15907,2,1,0,2,0,0
15908,2,1,0,2,0,0
15909,2,1,0,2,0,0
15910,2,1,0,2,0,0
15911,2,1,0,2,0,0
15912,2,1,0,2,0,0
15913,2,1,0,2,0,0
15914,2,1,0,2,0,0
15915,2,1,0,2,0,0
15916,2,1,0,2,0,0
15917,2,1,0,2,0,0
15918,2,1,0,2,0,0
15919,2,1,0,2,0,0
15920,2,1,0,2,0,0
15921,2,1,0,2,0,0
15922,2,1,0,2,0,0
15923,2,1,0,2,0,0
15924,2,1,0,2,0,0
15925,2,1,0,2,0,0
15926,2,1,0,2,0,0
15927,2,1,0,2,0,0
15928,2,1,0,2,0,0
15929,2,1,0,2,0,0
15930,2,1,0,2,0,0
15931,2,1,0,2,0,0
15932,2,1,0,2,0,0
15933,2,1,0,2,0,0
15934,2,1,0,2,0,0
15935,2,1,0,2,0,0
15936,2,1,0,2,0,0
15937,2,1,0,2,0,0
15938,2,1,0,2,0,0
15939,2,1,0,2,0,0
15940,2,1,0,2,0,0
15941,2,1,0,2,0,0
15942,2,1,0,2,0,0
15943,2,1,0,2,0,0
15944,2,1,0,2,0,0
15945,2,1,0,2,0,0
15946,2,1,0,2,0,0
15947,2,1,0,2,0,0
15948,2,1,0,2,0,0
15949,2,1,0,2,0,0
15950,2,1,0,2,0,0
15951,2,1,0,2,0,0
15952,2,1,0,2,0,0
15953,2,1,0,2,0,0
15954,2,1,0,2,0,0
15955,2,1,0,2,0,0
15956,2,1,0,2,0,0
15957,2,1,0,2,0,0
15958,2,1,0,2,0,0
15959,2,1,0,2,0,0
15960,2,1,0,2,0,0
15961,2,1,0,2,0,0
15962,2,1,0,2,0,0
15963,2,1,0,2,0,0
15964,2,1,0,2,0,0
15965,2,1,0,2,0,0
15966,2,1,0,2,0,0
15967,2,1,0,2,0,0
15968,2,1,0,2,0,0
15969,2,1,0,2,0,0
15970,2,1,0,2,0,0
15971,2,1,0,2,0,0
15972,2,1,0,2,0,0
15973,2,1,0,2,0,0
15974,2,1,0,2,0,0
15975,2,1,0,2,0,0
15976,2,1,0,2,0,0
15977,2,1,0,2,0,0
15978,2,1,0,2,0,0
15979,2,1,0,2,0,0
15980,2,1,0,2,0,0
15981,2,1,0,2,0,0
15982,2,1,0,2,0,0
15983,2,1,0,2,0,0
15984,2,1,0,2,0,0
15985,2,1,0,2,0,0
15986,2,1,0,2,0,0
15987,2,1,0,2,0,0
15988,2,1,0,2,0,0
15989,2,1,0,2,0,0
15990,2,1,0,2,0,0
15991,2,1,0,2,0,0
15992,2,1,0,2,0,0
15993,2,1,0,2,0,0
15994,2,1,0,2,0,0
15995,2,1,0,2,0,0
15996,2,1,0,2,0,0
15997,2,1,0,2,0,0
15998,2,1,0,2,0,0
15999,2,1,0,2,0,0
16000,2,1,0,2,0,0
